Tanggal_Observasi,Rainfall,Tahun,Bulan,Tanggal,Dasarian_Ke_Bulan,Dasarian_Tahunan,R1,R3,R5,R7,R10
1995-01-01,2.0,1995,1,1,1,1,2.0,2.0,2.0,2.0,2.0
1995-01-02,0.0,1995,1,2,1,1,0.0,2.0,2.0,2.0,2.0
1995-01-03,0.0,1995,1,3,1,1,0.0,2.0,2.0,2.0,2.0
1995-01-04,0.0,1995,1,4,1,1,0.0,0.0,2.0,2.0,2.0
1995-01-05,3.0,1995,1,5,1,1,3.0,3.0,5.0,5.0,5.0
1995-01-06,0.0,1995,1,6,1,1,0.0,3.0,3.0,5.0,5.0
1995-01-07,14.0,1995,1,7,1,1,14.0,17.0,17.0,19.0,19.0
1995-01-08,0.0,1995,1,8,1,1,0.0,14.0,17.0,17.0,19.0
1995-01-09,0.0,1995,1,9,1,1,0.0,14.0,17.0,17.0,19.0
1995-01-10,15.0,1995,1,10,1,1,15.0,15.0,29.0,32.0,34.0
1995-01-11,0.0,1995,1,11,2,2,0.0,15.0,29.0,32.0,32.0
1995-01-12,25.0,1995,1,12,2,2,25.0,40.0,40.0,54.0,57.0
1995-01-13,0.0,1995,1,13,2,2,0.0,25.0,40.0,54.0,57.0
1995-01-14,69.0,1995,1,14,2,2,69.0,94.0,109.0,109.0,126.0
1995-01-15,18.0,1995,1,15,2,2,18.0,87.0,112.0,127.0,141.0
1995-01-16,0.0,1995,1,16,2,2,0.0,87.0,112.0,127.0,141.0
1995-01-17,4.0,1995,1,17,2,2,4.0,22.0,91.0,116.0,131.0
1995-01-18,84.0,1995,1,18,2,2,84.0,88.0,175.0,200.0,215.0
1995-01-19,0.0,1995,1,19,2,2,0.0,88.0,106.0,175.0,215.0
1995-01-20,40.0,1995,1,20,2,2,40.0,124.0,128.0,215.0,240.0
1995-01-21,37.0,1995,1,21,3,3,37.0,77.0,165.0,183.0,277.0
1995-01-22,2.0,1995,1,22,3,3,2.0,79.0,163.0,167.0,254.0
1995-01-23,3.0,1995,1,23,3,3,3.0,42.0,82.0,170.0,257.0
1995-01-24,37.0,1995,1,24,3,3,37.0,42.0,119.0,203.0,225.0
1995-01-25,4.0,1995,1,25,3,3,4.0,44.0,83.0,123.0,211.0
1995-01-26,10.0,1995,1,26,3,3,10.0,51.0,56.0,133.0,221.0
1995-01-27,2.0,1995,1,27,3,3,2.0,16.0,56.0,95.0,219.0
1995-01-28,2.0,1995,1,28,3,3,2.0,14.0,55.0,60.0,137.0
1995-01-29,16.0,1995,1,29,3,3,16.0,20.0,34.0,74.0,153.0
1995-01-30,0.0,1995,1,30,3,3,0.0,18.0,30.0,71.0,113.0
1995-01-31,6.0,1995,1,31,3,3,6.0,22.0,26.0,40.0,82.0
1995-02-01,15.0,1995,2,1,1,4,15.0,21.0,39.0,51.0,95.0
1995-02-02,9.0,1995,2,2,1,4,9.0,30.0,46.0,50.0,101.0
1995-02-03,29.0,1995,2,3,1,4,29.0,53.0,59.0,77.0,93.0
1995-02-04,0.0,1995,2,4,1,4,0.0,38.0,59.0,75.0,89.0
1995-02-05,8.0,1995,2,5,1,4,8.0,37.0,61.0,67.0,87.0
1995-02-06,0.0,1995,2,6,1,4,0.0,8.0,46.0,67.0,85.0
1995-02-07,0.0,1995,2,7,1,4,0.0,8.0,37.0,61.0,83.0
1995-02-08,13.0,1995,2,8,1,4,13.0,13.0,21.0,59.0,80.0
1995-02-09,27.0,1995,2,9,1,4,27.0,40.0,48.0,77.0,107.0
1995-02-10,20.0,1995,2,10,1,4,20.0,60.0,60.0,68.0,121.0
1995-02-11,49.0,1995,2,11,2,5,49.0,96.0,109.0,117.0,155.0
1995-02-12,32.0,1995,2,12,2,5,32.0,101.0,141.0,141.0,178.0
1995-02-13,6.0,1995,2,13,2,5,6.0,87.0,134.0,147.0,155.0
1995-02-14,0.0,1995,2,14,2,5,0.0,38.0,107.0,147.0,155.0
1995-02-15,0.0,1995,2,15,2,5,0.0,6.0,87.0,134.0,147.0
1995-02-16,0.0,1995,2,16,2,5,0.0,0.0,38.0,107.0,147.0
1995-02-17,0.0,1995,2,17,2,5,0.0,0.0,6.0,87.0,147.0
1995-02-18,49.0,1995,2,18,2,5,49.0,49.0,49.0,87.0,183.0
1995-02-19,0.0,1995,2,19,2,5,0.0,49.0,49.0,55.0,156.0
1995-02-20,0.0,1995,2,20,2,5,0.0,49.0,49.0,49.0,136.0
1995-02-21,0.0,1995,2,21,3,6,0.0,0.0,49.0,49.0,87.0
1995-02-22,0.0,1995,2,22,3,6,0.0,0.0,49.0,49.0,55.0
1995-02-23,7.0,1995,2,23,3,6,7.0,7.0,7.0,56.0,56.0
1995-02-24,0.0,1995,2,24,3,6,0.0,7.0,7.0,56.0,56.0
1995-02-25,2.0,1995,2,25,3,6,2.0,9.0,9.0,9.0,58.0
1995-02-26,0.0,1995,2,26,3,6,0.0,2.0,9.0,9.0,58.0
1995-02-27,0.0,1995,2,27,3,6,0.0,2.0,9.0,9.0,58.0
1995-02-28,0.0,1995,2,28,3,6,0.0,0.0,2.0,9.0,9.0
1995-03-01,3.0,1995,3,1,1,7,3.0,3.0,5.0,12.0,12.0
1995-03-02,59.0,1995,3,2,1,7,59.0,62.0,62.0,64.0,71.0
1995-03-03,7.0,1995,3,3,1,7,7.0,69.0,69.0,71.0,78.0
1995-03-04,3.0,1995,3,4,1,7,3.0,69.0,72.0,72.0,81.0
1995-03-05,10.0,1995,3,5,1,7,10.0,20.0,82.0,82.0,84.0
1995-03-06,31.0,1995,3,6,1,7,31.0,44.0,110.0,113.0,115.0
1995-03-07,7.0,1995,3,7,1,7,7.0,48.0,58.0,120.0,120.0
1995-03-08,0.0,1995,3,8,1,7,0.0,38.0,51.0,117.0,120.0
1995-03-09,0.0,1995,3,9,1,7,0.0,7.0,48.0,58.0,120.0
1995-03-10,1.0,1995,3,10,1,7,1.0,1.0,39.0,52.0,121.0
1995-03-11,1.0,1995,3,11,2,8,1.0,2.0,9.0,50.0,119.0
1995-03-12,0.0,1995,3,12,2,8,0.0,2.0,2.0,40.0,60.0
1995-03-13,0.0,1995,3,13,2,8,0.0,1.0,2.0,9.0,53.0
1995-03-14,36.0,1995,3,14,2,8,36.0,36.0,38.0,38.0,86.0
1995-03-15,0.0,1995,3,15,2,8,0.0,36.0,37.0,38.0,76.0
1995-03-16,0.0,1995,3,16,2,8,0.0,36.0,36.0,38.0,45.0
1995-03-17,17.0,1995,3,17,2,8,17.0,17.0,53.0,54.0,55.0
1995-03-18,0.0,1995,3,18,2,8,0.0,17.0,53.0,53.0,55.0
1995-03-19,0.0,1995,3,19,2,8,0.0,17.0,17.0,53.0,55.0
1995-03-20,0.0,1995,3,20,2,8,0.0,0.0,17.0,53.0,54.0
1995-03-21,1.0,1995,3,21,3,9,1.0,1.0,18.0,18.0,54.0
1995-03-22,2.0,1995,3,22,3,9,2.0,3.0,3.0,20.0,56.0
1995-03-23,31.0,1995,3,23,3,9,31.0,34.0,34.0,51.0,87.0
1995-03-24,4.0,1995,3,24,3,9,4.0,37.0,38.0,38.0,55.0
1995-03-25,0.0,1995,3,25,3,9,0.0,35.0,38.0,38.0,55.0
1995-03-26,1.0,1995,3,26,3,9,1.0,5.0,38.0,39.0,56.0
1995-03-27,2.0,1995,3,27,3,9,2.0,3.0,38.0,41.0,41.0
1995-03-28,0.0,1995,3,28,3,9,0.0,3.0,7.0,40.0,41.0
1995-03-29,48.0,1995,3,29,3,9,48.0,50.0,51.0,86.0,89.0
1995-03-30,0.0,1995,3,30,3,9,0.0,48.0,51.0,55.0,89.0
1995-03-31,0.0,1995,3,31,3,9,0.0,48.0,50.0,51.0,88.0
1995-04-01,6.0,1995,4,1,1,10,6.0,6.0,54.0,57.0,92.0
1995-04-02,8.0,1995,4,2,1,10,8.0,14.0,62.0,64.0,69.0
1995-04-03,0.0,1995,4,3,1,10,0.0,14.0,14.0,62.0,65.0
1995-04-04,0.0,1995,4,4,1,10,0.0,8.0,14.0,62.0,65.0
1995-04-05,67.0,1995,4,5,1,10,67.0,67.0,81.0,81.0,131.0
1995-04-06,9.0,1995,4,6,1,10,9.0,76.0,84.0,90.0,138.0
1995-04-07,16.0,1995,4,7,1,10,16.0,92.0,92.0,106.0,154.0
1995-04-08,3.0,1995,4,8,1,10,3.0,28.0,95.0,103.0,109.0
1995-04-09,1.0,1995,4,9,1,10,1.0,20.0,96.0,96.0,110.0
1995-04-10,0.0,1995,4,10,1,10,0.0,4.0,29.0,96.0,110.0
1995-04-11,0.0,1995,4,11,2,11,0.0,1.0,20.0,96.0,104.0
1995-04-12,0.0,1995,4,12,2,11,0.0,0.0,4.0,29.0,96.0
1995-04-13,0.0,1995,4,13,2,11,0.0,0.0,1.0,20.0,96.0
1995-04-14,0.0,1995,4,14,2,11,0.0,0.0,0.0,4.0,96.0
1995-04-15,0.0,1995,4,15,2,11,0.0,0.0,0.0,1.0,29.0
1995-04-16,0.0,1995,4,16,2,11,0.0,0.0,0.0,0.0,20.0
1995-04-17,6.0,1995,4,17,2,11,6.0,6.0,6.0,6.0,10.0
1995-04-18,19.0,1995,4,18,2,11,19.0,25.0,25.0,25.0,26.0
1995-04-19,0.0,1995,4,19,2,11,0.0,25.0,25.0,25.0,25.0
1995-04-20,6.0,1995,4,20,2,11,6.0,25.0,31.0,31.0,31.0
1995-04-21,0.0,1995,4,21,3,12,0.0,6.0,31.0,31.0,31.0
1995-04-22,7.0,1995,4,22,3,12,7.0,13.0,32.0,38.0,38.0
1995-04-23,0.0,1995,4,23,3,12,0.0,7.0,13.0,38.0,38.0
1995-04-24,59.0,1995,4,24,3,12,59.0,66.0,72.0,91.0,97.0
1995-04-25,0.0,1995,4,25,3,12,0.0,59.0,66.0,72.0,97.0
1995-04-26,0.0,1995,4,26,3,12,0.0,59.0,66.0,72.0,97.0
1995-04-27,0.0,1995,4,27,3,12,0.0,0.0,59.0,66.0,91.0
1995-04-28,4.0,1995,4,28,3,12,4.0,4.0,63.0,70.0,76.0
1995-04-29,0.0,1995,4,29,3,12,0.0,4.0,4.0,63.0,76.0
1995-04-30,10.0,1995,4,30,3,12,10.0,14.0,14.0,73.0,80.0
1995-05-01,0.0,1995,5,1,1,13,0.0,10.0,14.0,14.0,80.0
1995-05-02,2.0,1995,5,2,1,13,2.0,12.0,16.0,16.0,75.0
1995-05-03,43.0,1995,5,3,1,13,43.0,45.0,55.0,59.0,118.0
1995-05-04,0.0,1995,5,4,1,13,0.0,45.0,55.0,59.0,59.0
1995-05-05,0.0,1995,5,5,1,13,0.0,43.0,45.0,55.0,59.0
1995-05-06,5.0,1995,5,6,1,13,5.0,5.0,50.0,60.0,64.0
1995-05-07,0.0,1995,5,7,1,13,0.0,5.0,48.0,50.0,64.0
1995-05-08,0.0,1995,5,8,1,13,0.0,5.0,5.0,50.0,60.0
1995-05-09,8.0,1995,5,9,1,13,8.0,8.0,13.0,56.0,68.0
1995-05-10,0.0,1995,5,10,1,13,0.0,8.0,13.0,13.0,58.0
1995-05-11,0.0,1995,5,11,2,14,0.0,8.0,8.0,13.0,58.0
1995-05-12,0.0,1995,5,12,2,14,0.0,0.0,8.0,13.0,56.0
1995-05-13,0.0,1995,5,13,2,14,0.0,0.0,8.0,8.0,13.0
1995-05-14,0.0,1995,5,14,2,14,0.0,0.0,0.0,8.0,13.0
1995-05-15,5.0,1995,5,15,2,14,5.0,5.0,5.0,13.0,18.0
1995-05-16,0.0,1995,5,16,2,14,0.0,5.0,5.0,5.0,13.0
1995-05-17,0.0,1995,5,17,2,14,0.0,5.0,5.0,5.0,13.0
1995-05-18,0.0,1995,5,18,2,14,0.0,0.0,5.0,5.0,13.0
1995-05-19,5.0,1995,5,19,2,14,5.0,5.0,10.0,10.0,10.0
1995-05-20,0.0,1995,5,20,2,14,0.0,5.0,5.0,10.0,10.0
1995-05-21,34.0,1995,5,21,3,15,34.0,39.0,39.0,44.0,44.0
1995-05-22,0.0,1995,5,22,3,15,0.0,34.0,39.0,39.0,44.0
1995-05-23,0.0,1995,5,23,3,15,0.0,34.0,39.0,39.0,44.0
1995-05-24,0.0,1995,5,24,3,15,0.0,0.0,34.0,39.0,44.0
1995-05-25,0.0,1995,5,25,3,15,0.0,0.0,34.0,39.0,39.0
1995-05-26,0.0,1995,5,26,3,15,0.0,0.0,0.0,34.0,39.0
1995-05-27,0.0,1995,5,27,3,15,0.0,0.0,0.0,34.0,39.0
1995-05-28,0.0,1995,5,28,3,15,0.0,0.0,0.0,0.0,39.0
1995-05-29,0.0,1995,5,29,3,15,0.0,0.0,0.0,0.0,34.0
1995-05-30,0.0,1995,5,30,3,15,0.0,0.0,0.0,0.0,34.0
1995-05-31,0.0,1995,5,31,3,15,0.0,0.0,0.0,0.0,0.0
1995-06-01,4.0,1995,6,1,1,16,4.0,4.0,4.0,4.0,4.0
1995-06-02,0.0,1995,6,2,1,16,0.0,4.0,4.0,4.0,4.0
1995-06-03,0.0,1995,6,3,1,16,0.0,4.0,4.0,4.0,4.0
1995-06-04,0.0,1995,6,4,1,16,0.0,0.0,4.0,4.0,4.0
1995-06-05,0.0,1995,6,5,1,16,0.0,0.0,4.0,4.0,4.0
1995-06-06,0.0,1995,6,6,1,16,0.0,0.0,0.0,4.0,4.0
1995-06-07,0.0,1995,6,7,1,16,0.0,0.0,0.0,4.0,4.0
1995-06-08,0.0,1995,6,8,1,16,0.0,0.0,0.0,0.0,4.0
1995-06-09,25.0,1995,6,9,1,16,25.0,25.0,25.0,25.0,29.0
1995-06-10,0.0,1995,6,10,1,16,0.0,25.0,25.0,25.0,29.0
1995-06-11,0.0,1995,6,11,2,17,0.0,25.0,25.0,25.0,25.0
1995-06-12,0.0,1995,6,12,2,17,0.0,0.0,25.0,25.0,25.0
1995-06-13,0.0,1995,6,13,2,17,0.0,0.0,25.0,25.0,25.0
1995-06-14,0.0,1995,6,14,2,17,0.0,0.0,0.0,25.0,25.0
1995-06-15,0.0,1995,6,15,2,17,0.0,0.0,0.0,25.0,25.0
1995-06-16,0.0,1995,6,16,2,17,0.0,0.0,0.0,0.0,25.0
1995-06-17,0.0,1995,6,17,2,17,0.0,0.0,0.0,0.0,25.0
1995-06-18,1.0,1995,6,18,2,17,1.0,1.0,1.0,1.0,26.0
1995-06-19,37.0,1995,6,19,2,17,37.0,38.0,38.0,38.0,38.0
1995-06-20,2.0,1995,6,20,2,17,2.0,40.0,40.0,40.0,40.0
1995-06-21,0.0,1995,6,21,3,18,0.0,39.0,40.0,40.0,40.0
1995-06-22,0.0,1995,6,22,3,18,0.0,2.0,40.0,40.0,40.0
1995-06-23,0.0,1995,6,23,3,18,0.0,0.0,39.0,40.0,40.0
1995-06-24,0.0,1995,6,24,3,18,0.0,0.0,2.0,40.0,40.0
1995-06-25,3.0,1995,6,25,3,18,3.0,3.0,3.0,42.0,43.0
1995-06-26,0.0,1995,6,26,3,18,0.0,3.0,3.0,5.0,43.0
1995-06-27,0.0,1995,6,27,3,18,0.0,3.0,3.0,3.0,43.0
1995-06-28,20.0,1995,6,28,3,18,20.0,20.0,23.0,23.0,62.0
1995-06-29,0.0,1995,6,29,3,18,0.0,20.0,23.0,23.0,25.0
1995-06-30,0.0,1995,6,30,3,18,0.0,20.0,20.0,23.0,23.0
1995-07-01,0.0,1995,7,1,1,19,0.0,0.0,20.0,23.0,23.0
1995-07-02,0.0,1995,7,2,1,19,0.0,0.0,20.0,20.0,23.0
1995-07-03,7.0,1995,7,3,1,19,7.0,7.0,7.0,27.0,30.0
1995-07-04,0.0,1995,7,4,1,19,0.0,7.0,7.0,27.0,30.0
1995-07-05,37.0,1995,7,5,1,19,37.0,44.0,44.0,44.0,64.0
1995-07-06,20.0,1995,7,6,1,19,20.0,57.0,64.0,64.0,84.0
1995-07-07,0.0,1995,7,7,1,19,0.0,57.0,64.0,64.0,84.0
1995-07-08,6.0,1995,7,8,1,19,6.0,26.0,63.0,70.0,70.0
1995-07-09,0.0,1995,7,9,1,19,0.0,6.0,63.0,70.0,70.0
1995-07-10,0.0,1995,7,10,1,19,0.0,6.0,26.0,63.0,70.0
1995-07-11,0.0,1995,7,11,2,20,0.0,0.0,6.0,63.0,70.0
1995-07-12,0.0,1995,7,12,2,20,0.0,0.0,6.0,26.0,70.0
1995-07-13,3.0,1995,7,13,2,20,3.0,3.0,3.0,9.0,66.0
1995-07-14,1.0,1995,7,14,2,20,1.0,4.0,4.0,10.0,67.0
1995-07-15,15.0,1995,7,15,2,20,15.0,19.0,19.0,19.0,45.0
1995-07-16,2.0,1995,7,16,2,20,2.0,18.0,21.0,21.0,27.0
1995-07-17,0.0,1995,7,17,2,20,0.0,17.0,21.0,21.0,27.0
1995-07-18,0.0,1995,7,18,2,20,0.0,2.0,18.0,21.0,21.0
1995-07-19,0.0,1995,7,19,2,20,0.0,0.0,17.0,21.0,21.0
1995-07-20,19.0,1995,7,20,2,20,19.0,19.0,21.0,37.0,40.0
1995-07-21,39.0,1995,7,21,3,21,39.0,58.0,58.0,75.0,79.0
1995-07-22,2.0,1995,7,22,3,21,2.0,60.0,60.0,62.0,81.0
1995-07-23,0.0,1995,7,23,3,21,0.0,41.0,60.0,60.0,78.0
1995-07-24,0.0,1995,7,24,3,21,0.0,2.0,60.0,60.0,77.0
1995-07-25,1.0,1995,7,25,3,21,1.0,1.0,42.0,61.0,63.0
1995-07-26,0.0,1995,7,26,3,21,0.0,1.0,3.0,61.0,61.0
1995-07-27,0.0,1995,7,27,3,21,0.0,1.0,1.0,42.0,61.0
1995-07-28,14.0,1995,7,28,3,21,14.0,14.0,15.0,17.0,75.0
1995-07-29,0.0,1995,7,29,3,21,0.0,14.0,15.0,15.0,75.0
1995-07-30,0.0,1995,7,30,3,21,0.0,14.0,14.0,15.0,56.0
1995-07-31,0.0,1995,7,31,3,21,0.0,0.0,14.0,15.0,17.0
1995-08-01,0.0,1995,8,1,1,22,0.0,0.0,14.0,14.0,15.0
1995-08-02,0.0,1995,8,2,1,22,0.0,0.0,0.0,14.0,15.0
1995-08-03,0.0,1995,8,3,1,22,0.0,0.0,0.0,14.0,15.0
1995-08-04,0.0,1995,8,4,1,22,0.0,0.0,0.0,0.0,14.0
1995-08-05,0.0,1995,8,5,1,22,0.0,0.0,0.0,0.0,14.0
1995-08-06,0.0,1995,8,6,1,22,0.0,0.0,0.0,0.0,14.0
1995-08-07,0.0,1995,8,7,1,22,0.0,0.0,0.0,0.0,0.0
1995-08-08,0.0,1995,8,8,1,22,0.0,0.0,0.0,0.0,0.0
1995-08-09,21.0,1995,8,9,1,22,21.0,21.0,21.0,21.0,21.0
1995-08-10,0.0,1995,8,10,1,22,0.0,21.0,21.0,21.0,21.0
1995-08-11,0.0,1995,8,11,2,23,0.0,21.0,21.0,21.0,21.0
1995-08-12,0.0,1995,8,12,2,23,0.0,0.0,21.0,21.0,21.0
1995-08-13,0.0,1995,8,13,2,23,0.0,0.0,21.0,21.0,21.0
1995-08-14,0.0,1995,8,14,2,23,0.0,0.0,0.0,21.0,21.0
1995-08-15,0.0,1995,8,15,2,23,0.0,0.0,0.0,21.0,21.0
1995-08-16,0.0,1995,8,16,2,23,0.0,0.0,0.0,0.0,21.0
1995-08-17,0.0,1995,8,17,2,23,0.0,0.0,0.0,0.0,21.0
1995-08-18,0.0,1995,8,18,2,23,0.0,0.0,0.0,0.0,21.0
1995-08-19,0.0,1995,8,19,2,23,0.0,0.0,0.0,0.0,0.0
1995-08-20,0.0,1995,8,20,2,23,0.0,0.0,0.0,0.0,0.0
1995-08-21,0.0,1995,8,21,3,24,0.0,0.0,0.0,0.0,0.0
1995-08-22,0.0,1995,8,22,3,24,0.0,0.0,0.0,0.0,0.0
1995-08-23,0.0,1995,8,23,3,24,0.0,0.0,0.0,0.0,0.0
1995-08-24,0.0,1995,8,24,3,24,0.0,0.0,0.0,0.0,0.0
1995-08-25,0.0,1995,8,25,3,24,0.0,0.0,0.0,0.0,0.0
1995-08-26,0.0,1995,8,26,3,24,0.0,0.0,0.0,0.0,0.0
1995-08-27,0.0,1995,8,27,3,24,0.0,0.0,0.0,0.0,0.0
1995-08-28,0.0,1995,8,28,3,24,0.0,0.0,0.0,0.0,0.0
1995-08-29,0.0,1995,8,29,3,24,0.0,0.0,0.0,0.0,0.0
1995-08-30,0.0,1995,8,30,3,24,0.0,0.0,0.0,0.0,0.0
1995-08-31,1.0,1995,8,31,3,24,1.0,1.0,1.0,1.0,1.0
1995-09-01,0.0,1995,9,1,1,25,0.0,1.0,1.0,1.0,1.0
1995-09-02,0.0,1995,9,2,1,25,0.0,1.0,1.0,1.0,1.0
1995-09-03,0.0,1995,9,3,1,25,0.0,0.0,1.0,1.0,1.0
1995-09-04,7.0,1995,9,4,1,25,7.0,7.0,8.0,8.0,8.0
1995-09-05,2.0,1995,9,5,1,25,2.0,9.0,9.0,10.0,10.0
1995-09-06,0.0,1995,9,6,1,25,0.0,9.0,9.0,10.0,10.0
1995-09-07,0.0,1995,9,7,1,25,0.0,2.0,9.0,9.0,10.0
1995-09-08,0.0,1995,9,8,1,25,0.0,0.0,9.0,9.0,10.0
1995-09-09,1.0,1995,9,9,1,25,1.0,1.0,3.0,10.0,11.0
1995-09-10,0.0,1995,9,10,1,25,0.0,1.0,1.0,10.0,10.0
1995-09-11,0.0,1995,9,11,2,26,0.0,1.0,1.0,3.0,10.0
1995-09-12,0.0,1995,9,12,2,26,0.0,0.0,1.0,1.0,10.0
1995-09-13,0.0,1995,9,13,2,26,0.0,0.0,1.0,1.0,10.0
1995-09-14,0.0,1995,9,14,2,26,0.0,0.0,0.0,1.0,3.0
1995-09-15,0.0,1995,9,15,2,26,0.0,0.0,0.0,1.0,1.0
1995-09-16,0.0,1995,9,16,2,26,0.0,0.0,0.0,0.0,1.0
1995-09-17,0.0,1995,9,17,2,26,0.0,0.0,0.0,0.0,1.0
1995-09-18,0.0,1995,9,18,2,26,0.0,0.0,0.0,0.0,1.0
1995-09-19,0.0,1995,9,19,2,26,0.0,0.0,0.0,0.0,0.0
1995-09-20,0.0,1995,9,20,2,26,0.0,0.0,0.0,0.0,0.0
1995-09-21,0.0,1995,9,21,3,27,0.0,0.0,0.0,0.0,0.0
1995-09-22,0.0,1995,9,22,3,27,0.0,0.0,0.0,0.0,0.0
1995-09-23,0.0,1995,9,23,3,27,0.0,0.0,0.0,0.0,0.0
1995-09-24,0.0,1995,9,24,3,27,0.0,0.0,0.0,0.0,0.0
1995-09-25,27.0,1995,9,25,3,27,27.0,27.0,27.0,27.0,27.0
1995-09-26,0.0,1995,9,26,3,27,0.0,27.0,27.0,27.0,27.0
1995-09-27,0.0,1995,9,27,3,27,0.0,27.0,27.0,27.0,27.0
1995-09-28,0.0,1995,9,28,3,27,0.0,0.0,27.0,27.0,27.0
1995-09-29,12.0,1995,9,29,3,27,12.0,12.0,39.0,39.0,39.0
1995-09-30,10.0,1995,9,30,3,27,10.0,22.0,22.0,49.0,49.0
1995-10-01,0.0,1995,10,1,1,28,0.0,22.0,22.0,49.0,49.0
1995-10-02,0.0,1995,10,2,1,28,0.0,10.0,22.0,22.0,49.0
1995-10-03,0.0,1995,10,3,1,28,0.0,0.0,22.0,22.0,49.0
1995-10-04,0.0,1995,10,4,1,28,0.0,0.0,10.0,22.0,49.0
1995-10-05,10.0,1995,10,5,1,28,10.0,10.0,10.0,32.0,32.0
1995-10-06,0.0,1995,10,6,1,28,0.0,10.0,10.0,20.0,32.0
1995-10-07,0.0,1995,10,7,1,28,0.0,10.0,10.0,10.0,32.0
1995-10-08,3.0,1995,10,8,1,28,3.0,3.0,13.0,13.0,35.0
1995-10-09,0.0,1995,10,9,1,28,0.0,3.0,13.0,13.0,23.0
1995-10-10,9.0,1995,10,10,1,28,9.0,12.0,12.0,22.0,22.0
1995-10-11,4.0,1995,10,11,2,29,4.0,13.0,16.0,26.0,26.0
1995-10-12,0.0,1995,10,12,2,29,0.0,13.0,16.0,16.0,26.0
1995-10-13,0.0,1995,10,13,2,29,0.0,4.0,13.0,16.0,26.0
1995-10-14,0.0,1995,10,14,2,29,0.0,0.0,13.0,16.0,26.0
1995-10-15,2.0,1995,10,15,2,29,2.0,2.0,6.0,15.0,18.0
1995-10-16,0.0,1995,10,16,2,29,0.0,2.0,2.0,15.0,18.0
1995-10-17,5.0,1995,10,17,2,29,5.0,7.0,7.0,11.0,23.0
1995-10-18,4.0,1995,10,18,2,29,4.0,9.0,11.0,11.0,24.0
1995-10-19,17.0,1995,10,19,2,29,17.0,26.0,28.0,28.0,41.0
1995-10-20,0.0,1995,10,20,2,29,0.0,21.0,26.0,28.0,32.0
1995-10-21,0.0,1995,10,21,3,30,0.0,17.0,26.0,28.0,28.0
1995-10-22,0.0,1995,10,22,3,30,0.0,0.0,21.0,26.0,28.0
1995-10-23,0.0,1995,10,23,3,30,0.0,0.0,17.0,26.0,28.0
1995-10-24,0.0,1995,10,24,3,30,0.0,0.0,0.0,21.0,28.0
1995-10-25,0.0,1995,10,25,3,30,0.0,0.0,0.0,17.0,26.0
1995-10-26,17.0,1995,10,26,3,30,17.0,17.0,17.0,17.0,43.0
1995-10-27,0.0,1995,10,27,3,30,0.0,17.0,17.0,17.0,38.0
1995-10-28,2.0,1995,10,28,3,30,2.0,19.0,19.0,19.0,36.0
1995-10-29,17.0,1995,10,29,3,30,17.0,19.0,36.0,36.0,36.0
1995-10-30,0.0,1995,10,30,3,30,0.0,19.0,36.0,36.0,36.0
1995-10-31,0.0,1995,10,31,3,30,0.0,17.0,19.0,36.0,36.0
1995-11-01,5.0,1995,11,1,1,31,5.0,5.0,24.0,41.0,41.0
1995-11-02,0.0,1995,11,2,1,31,0.0,5.0,22.0,24.0,41.0
1995-11-03,0.0,1995,11,3,1,31,0.0,5.0,5.0,24.0,41.0
1995-11-04,0.0,1995,11,4,1,31,0.0,0.0,5.0,22.0,41.0
1995-11-05,2.0,1995,11,5,1,31,2.0,2.0,7.0,7.0,26.0
1995-11-06,0.0,1995,11,6,1,31,0.0,2.0,2.0,7.0,26.0
1995-11-07,0.0,1995,11,7,1,31,0.0,2.0,2.0,7.0,24.0
1995-11-08,26.0,1995,11,8,1,31,26.0,26.0,28.0,28.0,33.0
1995-11-09,1.0,1995,11,9,1,31,1.0,27.0,29.0,29.0,34.0
1995-11-10,0.0,1995,11,10,1,31,0.0,27.0,27.0,29.0,34.0
1995-11-11,0.0,1995,11,11,2,32,0.0,1.0,27.0,29.0,29.0
1995-11-12,2.0,1995,11,12,2,32,2.0,2.0,29.0,29.0,31.0
1995-11-13,2.0,1995,11,13,2,32,2.0,4.0,5.0,31.0,33.0
1995-11-14,5.0,1995,11,14,2,32,5.0,9.0,9.0,36.0,38.0
1995-11-15,0.0,1995,11,15,2,32,0.0,7.0,9.0,10.0,36.0
1995-11-16,2.0,1995,11,16,2,32,2.0,7.0,11.0,11.0,38.0
1995-11-17,2.0,1995,11,17,2,32,2.0,4.0,11.0,13.0,40.0
1995-11-18,0.0,1995,11,18,2,32,0.0,4.0,9.0,13.0,14.0
1995-11-19,0.0,1995,11,19,2,32,0.0,2.0,4.0,11.0,13.0
1995-11-20,0.0,1995,11,20,2,32,0.0,0.0,4.0,9.0,13.0
1995-11-21,1.0,1995,11,21,3,33,1.0,1.0,3.0,5.0,14.0
1995-11-22,9.0,1995,11,22,3,33,9.0,10.0,10.0,14.0,21.0
1995-11-23,0.0,1995,11,23,3,33,0.0,10.0,10.0,12.0,19.0
1995-11-24,0.0,1995,11,24,3,33,0.0,9.0,10.0,10.0,14.0
1995-11-25,80.0,1995,11,25,3,33,80.0,80.0,90.0,90.0,94.0
1995-11-26,2.0,1995,11,26,3,33,2.0,82.0,91.0,92.0,94.0
1995-11-27,22.0,1995,11,27,3,33,22.0,104.0,104.0,114.0,114.0
1995-11-28,29.0,1995,11,28,3,33,29.0,53.0,133.0,142.0,143.0
1995-11-29,24.0,1995,11,29,3,33,24.0,75.0,157.0,157.0,167.0
1995-11-30,34.0,1995,11,30,3,33,34.0,87.0,111.0,191.0,201.0
1995-12-01,0.0,1995,12,1,1,34,0.0,58.0,109.0,191.0,200.0
1995-12-02,3.0,1995,12,2,1,34,3.0,37.0,90.0,114.0,194.0
1995-12-03,2.0,1995,12,3,1,34,2.0,5.0,63.0,114.0,196.0
1995-12-04,7.0,1995,12,4,1,34,7.0,12.0,46.0,99.0,203.0
1995-12-05,7.0,1995,12,5,1,34,7.0,16.0,19.0,77.0,130.0
1995-12-06,3.0,1995,12,6,1,34,3.0,17.0,22.0,56.0,131.0
1995-12-07,2.0,1995,12,7,1,34,2.0,12.0,21.0,24.0,111.0
1995-12-08,31.0,1995,12,8,1,34,31.0,36.0,50.0,55.0,113.0
1995-12-09,25.0,1995,12,9,1,34,25.0,58.0,68.0,77.0,114.0
1995-12-10,3.0,1995,12,10,1,34,3.0,59.0,64.0,78.0,83.0
1995-12-11,7.0,1995,12,11,2,35,7.0,35.0,68.0,78.0,90.0
1995-12-12,5.0,1995,12,12,2,35,5.0,15.0,71.0,76.0,92.0
1995-12-13,46.0,1995,12,13,2,35,46.0,58.0,86.0,119.0,136.0
1995-12-14,29.0,1995,12,14,2,35,29.0,80.0,90.0,146.0,158.0
1995-12-15,4.0,1995,12,15,2,35,4.0,79.0,91.0,119.0,155.0
1995-12-16,2.0,1995,12,16,2,35,2.0,35.0,86.0,96.0,154.0
1995-12-17,0.0,1995,12,17,2,35,0.0,6.0,81.0,93.0,152.0
1995-12-18,0.0,1995,12,18,2,35,0.0,2.0,35.0,86.0,121.0
1995-12-19,0.0,1995,12,19,2,35,0.0,0.0,6.0,81.0,96.0
1995-12-20,2.0,1995,12,20,2,35,2.0,2.0,4.0,37.0,95.0
1995-12-21,13.0,1995,12,21,3,36,13.0,15.0,15.0,21.0,101.0
1995-12-22,4.0,1995,12,22,3,36,4.0,19.0,19.0,21.0,100.0
1995-12-23,5.0,1995,12,23,3,36,5.0,22.0,24.0,24.0,59.0
1995-12-24,0.0,1995,12,24,3,36,0.0,9.0,24.0,24.0,30.0
1995-12-25,4.0,1995,12,25,3,36,4.0,9.0,26.0,28.0,30.0
1995-12-26,0.0,1995,12,26,3,36,0.0,4.0,13.0,28.0,28.0
1995-12-27,0.0,1995,12,27,3,36,0.0,4.0,9.0,26.0,28.0
1995-12-28,1.0,1995,12,28,3,36,1.0,1.0,5.0,14.0,29.0
1995-12-29,0.0,1995,12,29,3,36,0.0,1.0,5.0,10.0,29.0
1995-12-30,0.0,1995,12,30,3,36,0.0,1.0,1.0,5.0,27.0
1995-12-31,0.0,1995,12,31,3,36,0.0,0.0,1.0,5.0,14.0
1996-01-01,2.0,1996,1,1,1,1,2.0,2.0,3.0,3.0,12.0
1996-01-02,0.0,1996,1,2,1,1,0.0,2.0,2.0,3.0,7.0
1996-01-03,0.0,1996,1,3,1,1,0.0,2.0,2.0,3.0,7.0
1996-01-04,19.0,1996,1,4,1,1,19.0,19.0,21.0,21.0,22.0
1996-01-05,0.0,1996,1,5,1,1,0.0,19.0,21.0,21.0,22.0
1996-01-06,14.0,1996,1,6,1,1,14.0,33.0,33.0,35.0,36.0
1996-01-07,12.0,1996,1,7,1,1,12.0,26.0,45.0,47.0,47.0
1996-01-08,60.0,1996,1,8,1,1,60.0,86.0,105.0,105.0,107.0
1996-01-09,0.0,1996,1,9,1,1,0.0,72.0,86.0,105.0,107.0
1996-01-10,0.0,1996,1,10,1,1,0.0,60.0,86.0,105.0,107.0
1996-01-11,0.0,1996,1,11,2,2,0.0,0.0,72.0,86.0,105.0
1996-01-12,1.0,1996,1,12,2,2,1.0,1.0,61.0,87.0,106.0
1996-01-13,0.0,1996,1,13,2,2,0.0,1.0,1.0,73.0,106.0
1996-01-14,1.0,1996,1,14,2,2,1.0,2.0,2.0,62.0,88.0
1996-01-15,4.0,1996,1,15,2,2,4.0,5.0,6.0,6.0,92.0
1996-01-16,2.0,1996,1,16,2,2,2.0,7.0,8.0,8.0,80.0
1996-01-17,1.0,1996,1,17,2,2,1.0,7.0,8.0,9.0,69.0
1996-01-18,1.0,1996,1,18,2,2,1.0,4.0,9.0,10.0,10.0
1996-01-19,0.0,1996,1,19,2,2,0.0,2.0,8.0,9.0,10.0
1996-01-20,28.0,1996,1,20,2,2,28.0,29.0,32.0,37.0,38.0
1996-01-21,9.0,1996,1,21,3,3,9.0,37.0,39.0,45.0,47.0
1996-01-22,18.0,1996,1,22,3,3,18.0,55.0,56.0,59.0,64.0
1996-01-23,0.0,1996,1,23,3,3,0.0,27.0,55.0,57.0,64.0
1996-01-24,8.0,1996,1,24,3,3,8.0,26.0,63.0,64.0,71.0
1996-01-25,9.0,1996,1,25,3,3,9.0,17.0,44.0,72.0,76.0
1996-01-26,0.0,1996,1,26,3,3,0.0,17.0,35.0,72.0,74.0
1996-01-27,0.0,1996,1,27,3,3,0.0,9.0,17.0,44.0,73.0
1996-01-28,12.0,1996,1,28,3,3,12.0,12.0,29.0,47.0,84.0
1996-01-29,6.0,1996,1,29,3,3,6.0,18.0,27.0,35.0,90.0
1996-01-30,2.0,1996,1,30,3,3,2.0,20.0,20.0,37.0,64.0
1996-01-31,47.0,1996,1,31,3,3,47.0,55.0,67.0,76.0,102.0
1996-02-01,38.0,1996,2,1,1,4,38.0,87.0,105.0,105.0,122.0
1996-02-02,4.0,1996,2,2,1,4,4.0,89.0,97.0,109.0,126.0
1996-02-03,2.0,1996,2,3,1,4,2.0,44.0,93.0,111.0,120.0
1996-02-04,6.0,1996,2,4,1,4,6.0,12.0,97.0,105.0,117.0
1996-02-05,0.0,1996,2,5,1,4,0.0,8.0,50.0,99.0,117.0
1996-02-06,0.0,1996,2,6,1,4,0.0,6.0,12.0,97.0,117.0
1996-02-07,3.0,1996,2,7,1,4,3.0,3.0,11.0,53.0,108.0
1996-02-08,38.0,1996,2,8,1,4,38.0,41.0,47.0,53.0,140.0
1996-02-09,0.0,1996,2,9,1,4,0.0,41.0,41.0,49.0,138.0
1996-02-10,41.0,1996,2,10,1,4,41.0,79.0,82.0,88.0,132.0
1996-02-11,3.0,1996,2,11,2,5,3.0,44.0,85.0,85.0,97.0
1996-02-12,0.0,1996,2,12,2,5,0.0,44.0,82.0,85.0,93.0
1996-02-13,19.0,1996,2,13,2,5,19.0,22.0,63.0,104.0,110.0
1996-02-14,1.0,1996,2,14,2,5,1.0,20.0,64.0,102.0,105.0
1996-02-15,0.0,1996,2,15,2,5,0.0,20.0,23.0,64.0,105.0
1996-02-16,10.0,1996,2,16,2,5,10.0,11.0,30.0,74.0,115.0
1996-02-17,12.0,1996,2,17,2,5,12.0,22.0,42.0,45.0,124.0
1996-02-18,9.0,1996,2,18,2,5,9.0,31.0,32.0,51.0,95.0
1996-02-19,0.0,1996,2,19,2,5,0.0,21.0,31.0,51.0,95.0
1996-02-20,0.0,1996,2,20,2,5,0.0,9.0,31.0,32.0,54.0
1996-02-21,78.0,1996,2,21,3,6,78.0,78.0,99.0,109.0,129.0
1996-02-22,21.0,1996,2,22,3,6,21.0,99.0,108.0,130.0,150.0
1996-02-23,0.0,1996,2,23,3,6,0.0,99.0,99.0,120.0,131.0
1996-02-24,56.0,1996,2,24,3,6,56.0,77.0,155.0,164.0,186.0
1996-02-25,2.0,1996,2,25,3,6,2.0,58.0,157.0,157.0,188.0
1996-02-26,4.0,1996,2,26,3,6,4.0,62.0,83.0,161.0,182.0
1996-02-27,6.0,1996,2,27,3,6,6.0,12.0,68.0,167.0,176.0
1996-02-28,1.0,1996,2,28,3,6,1.0,11.0,69.0,90.0,168.0
1996-02-29,21.0,1996,2,29,3,6,21.0,28.0,34.0,90.0,189.0
1996-03-01,4.0,1996,3,1,1,7,4.0,26.0,36.0,94.0,193.0
1996-03-02,4.0,1996,3,2,1,7,4.0,29.0,36.0,42.0,119.0
1996-03-03,28.0,1996,3,3,1,7,28.0,36.0,58.0,68.0,126.0
1996-03-04,12.0,1996,3,4,1,7,12.0,44.0,69.0,76.0,138.0
1996-03-05,3.0,1996,3,5,1,7,3.0,43.0,51.0,73.0,85.0
1996-03-06,7.0,1996,3,6,1,7,7.0,22.0,54.0,79.0,90.0
1996-03-07,0.0,1996,3,7,1,7,0.0,10.0,50.0,58.0,86.0
1996-03-08,9.0,1996,3,8,1,7,9.0,16.0,31.0,63.0,89.0
1996-03-09,0.0,1996,3,9,1,7,0.0,9.0,19.0,59.0,88.0
1996-03-10,24.0,1996,3,10,1,7,24.0,33.0,40.0,55.0,91.0
1996-03-11,5.0,1996,3,11,2,8,5.0,29.0,38.0,48.0,92.0
1996-03-12,2.0,1996,3,12,2,8,2.0,31.0,40.0,47.0,90.0
1996-03-13,29.0,1996,3,13,2,8,29.0,36.0,60.0,69.0,91.0
1996-03-14,0.0,1996,3,14,2,8,0.0,31.0,60.0,69.0,79.0
1996-03-15,0.0,1996,3,15,2,8,0.0,29.0,36.0,60.0,76.0
1996-03-16,0.0,1996,3,16,2,8,0.0,0.0,31.0,60.0,69.0
1996-03-17,3.0,1996,3,17,2,8,3.0,3.0,32.0,39.0,72.0
1996-03-18,0.0,1996,3,18,2,8,0.0,3.0,3.0,34.0,63.0
1996-03-19,0.0,1996,3,19,2,8,0.0,3.0,3.0,32.0,63.0
1996-03-20,2.0,1996,3,20,2,8,2.0,2.0,5.0,5.0,41.0
1996-03-21,0.0,1996,3,21,3,9,0.0,2.0,5.0,5.0,36.0
1996-03-22,0.0,1996,3,22,3,9,0.0,2.0,2.0,5.0,34.0
1996-03-23,8.0,1996,3,23,3,9,8.0,8.0,10.0,13.0,13.0
1996-03-24,0.0,1996,3,24,3,9,0.0,8.0,10.0,10.0,13.0
1996-03-25,5.0,1996,3,25,3,9,5.0,13.0,13.0,15.0,18.0
1996-03-26,11.0,1996,3,26,3,9,11.0,16.0,24.0,26.0,29.0
1996-03-27,17.0,1996,3,27,3,9,17.0,33.0,41.0,41.0,43.0
1996-03-28,22.0,1996,3,28,3,9,22.0,50.0,55.0,63.0,65.0
1996-03-29,0.0,1996,3,29,3,9,0.0,39.0,55.0,63.0,65.0
1996-03-30,1.0,1996,3,30,3,9,1.0,23.0,51.0,56.0,64.0
1996-03-31,1.0,1996,3,31,3,9,1.0,2.0,41.0,57.0,65.0
1996-04-01,0.0,1996,4,1,1,10,0.0,2.0,24.0,52.0,65.0
1996-04-02,2.0,1996,4,2,1,10,2.0,3.0,4.0,43.0,59.0
1996-04-03,7.0,1996,4,3,1,10,7.0,9.0,11.0,33.0,66.0
1996-04-04,0.0,1996,4,4,1,10,0.0,9.0,10.0,11.0,61.0
1996-04-05,0.0,1996,4,5,1,10,0.0,7.0,9.0,11.0,50.0
1996-04-06,0.0,1996,4,6,1,10,0.0,0.0,9.0,10.0,33.0
1996-04-07,1.0,1996,4,7,1,10,1.0,1.0,8.0,10.0,12.0
1996-04-08,0.0,1996,4,8,1,10,0.0,1.0,1.0,10.0,12.0
1996-04-09,0.0,1996,4,9,1,10,0.0,1.0,1.0,8.0,11.0
1996-04-10,0.0,1996,4,10,1,10,0.0,0.0,1.0,1.0,10.0
1996-04-11,0.0,1996,4,11,2,11,0.0,0.0,1.0,1.0,10.0
1996-04-12,1.0,1996,4,12,2,11,1.0,1.0,1.0,2.0,9.0
1996-04-13,0.0,1996,4,13,2,11,0.0,1.0,1.0,2.0,2.0
1996-04-14,0.0,1996,4,14,2,11,0.0,1.0,1.0,1.0,2.0
1996-04-15,11.0,1996,4,15,2,11,11.0,11.0,12.0,12.0,13.0
1996-04-16,0.0,1996,4,16,2,11,0.0,11.0,12.0,12.0,13.0
1996-04-17,7.0,1996,4,17,2,11,7.0,18.0,18.0,19.0,19.0
1996-04-18,7.0,1996,4,18,2,11,7.0,14.0,25.0,26.0,26.0
1996-04-19,0.0,1996,4,19,2,11,0.0,14.0,25.0,25.0,26.0
1996-04-20,9.0,1996,4,20,2,11,9.0,16.0,23.0,34.0,35.0
1996-04-21,15.0,1996,4,21,3,12,15.0,24.0,38.0,49.0,50.0
1996-04-22,2.0,1996,4,22,3,12,2.0,26.0,33.0,40.0,51.0
1996-04-23,12.0,1996,4,23,3,12,12.0,29.0,38.0,52.0,63.0
1996-04-24,26.0,1996,4,24,3,12,26.0,40.0,64.0,71.0,89.0
1996-04-25,0.0,1996,4,25,3,12,0.0,38.0,55.0,64.0,78.0
1996-04-26,0.0,1996,4,26,3,12,0.0,26.0,40.0,64.0,78.0
1996-04-27,161.0,1996,4,27,3,12,161.0,161.0,199.0,216.0,232.0
1996-04-28,0.0,1996,4,28,3,12,0.0,161.0,187.0,201.0,225.0
1996-04-29,0.0,1996,4,29,3,12,0.0,161.0,161.0,199.0,225.0
1996-04-30,0.0,1996,4,30,3,12,0.0,0.0,161.0,187.0,216.0
1996-05-01,0.0,1996,5,1,1,13,0.0,0.0,161.0,161.0,201.0
1996-05-02,0.0,1996,5,2,1,13,0.0,0.0,0.0,161.0,199.0
1996-05-03,0.0,1996,5,3,1,13,0.0,0.0,0.0,161.0,187.0
1996-05-04,0.0,1996,5,4,1,13,0.0,0.0,0.0,0.0,161.0
1996-05-05,16.0,1996,5,5,1,13,16.0,16.0,16.0,16.0,177.0
1996-05-06,0.0,1996,5,6,1,13,0.0,16.0,16.0,16.0,177.0
1996-05-07,0.0,1996,5,7,1,13,0.0,16.0,16.0,16.0,16.0
1996-05-08,0.0,1996,5,8,1,13,0.0,0.0,16.0,16.0,16.0
1996-05-09,0.0,1996,5,9,1,13,0.0,0.0,16.0,16.0,16.0
1996-05-10,0.0,1996,5,10,1,13,0.0,0.0,0.0,16.0,16.0
1996-05-11,0.0,1996,5,11,2,14,0.0,0.0,0.0,16.0,16.0
1996-05-12,0.0,1996,5,12,2,14,0.0,0.0,0.0,0.0,16.0
1996-05-13,0.0,1996,5,13,2,14,0.0,0.0,0.0,0.0,16.0
1996-05-14,0.0,1996,5,14,2,14,0.0,0.0,0.0,0.0,16.0
1996-05-15,0.0,1996,5,15,2,14,0.0,0.0,0.0,0.0,0.0
1996-05-16,0.0,1996,5,16,2,14,0.0,0.0,0.0,0.0,0.0
1996-05-17,0.0,1996,5,17,2,14,0.0,0.0,0.0,0.0,0.0
1996-05-18,0.0,1996,5,18,2,14,0.0,0.0,0.0,0.0,0.0
1996-05-19,0.0,1996,5,19,2,14,0.0,0.0,0.0,0.0,0.0
1996-05-20,8.0,1996,5,20,2,14,8.0,8.0,8.0,8.0,8.0
1996-05-21,5.0,1996,5,21,3,15,5.0,13.0,13.0,13.0,13.0
1996-05-22,4.0,1996,5,22,3,15,4.0,17.0,17.0,17.0,17.0
1996-05-23,149.0,1996,5,23,3,15,149.0,158.0,166.0,166.0,166.0
1996-05-24,0.0,1996,5,24,3,15,0.0,153.0,166.0,166.0,166.0
1996-05-25,0.0,1996,5,25,3,15,0.0,149.0,158.0,166.0,166.0
1996-05-26,0.0,1996,5,26,3,15,0.0,0.0,153.0,166.0,166.0
1996-05-27,3.0,1996,5,27,3,15,3.0,3.0,152.0,161.0,169.0
1996-05-28,1.0,1996,5,28,3,15,1.0,4.0,4.0,157.0,170.0
1996-05-29,25.0,1996,5,29,3,15,25.0,29.0,29.0,178.0,195.0
1996-05-30,1.0,1996,5,30,3,15,1.0,27.0,30.0,30.0,188.0
1996-05-31,0.0,1996,5,31,3,15,0.0,26.0,30.0,30.0,183.0
1996-06-01,0.0,1996,6,1,1,16,0.0,1.0,27.0,30.0,179.0
1996-06-02,0.0,1996,6,2,1,16,0.0,0.0,26.0,30.0,30.0
1996-06-03,2.0,1996,6,3,1,16,2.0,2.0,3.0,29.0,32.0
1996-06-04,0.0,1996,6,4,1,16,0.0,2.0,2.0,28.0,32.0
1996-06-05,0.0,1996,6,5,1,16,0.0,2.0,2.0,3.0,32.0
1996-06-06,1.0,1996,6,6,1,16,1.0,1.0,3.0,3.0,30.0
1996-06-07,0.0,1996,6,7,1,16,0.0,1.0,3.0,3.0,29.0
1996-06-08,0.0,1996,6,8,1,16,0.0,1.0,1.0,3.0,4.0
1996-06-09,0.0,1996,6,9,1,16,0.0,0.0,1.0,3.0,3.0
1996-06-10,7.0,1996,6,10,1,16,7.0,7.0,8.0,8.0,10.0
1996-06-11,54.0,1996,6,11,2,17,54.0,61.0,61.0,62.0,64.0
1996-06-12,1.0,1996,6,12,2,17,1.0,62.0,62.0,63.0,65.0
1996-06-13,0.0,1996,6,13,2,17,0.0,55.0,62.0,62.0,63.0
1996-06-14,2.0,1996,6,14,2,17,2.0,3.0,64.0,64.0,65.0
1996-06-15,10.0,1996,6,15,2,17,10.0,12.0,67.0,74.0,75.0
1996-06-16,0.0,1996,6,16,2,17,0.0,12.0,13.0,74.0,74.0
1996-06-17,0.0,1996,6,17,2,17,0.0,10.0,12.0,67.0,74.0
1996-06-18,0.0,1996,6,18,2,17,0.0,0.0,12.0,13.0,74.0
1996-06-19,0.0,1996,6,19,2,17,0.0,0.0,10.0,12.0,74.0
1996-06-20,0.0,1996,6,20,2,17,0.0,0.0,0.0,12.0,67.0
1996-06-21,0.0,1996,6,21,3,18,0.0,0.0,0.0,10.0,13.0
1996-06-22,0.0,1996,6,22,3,18,0.0,0.0,0.0,0.0,12.0
1996-06-23,0.0,1996,6,23,3,18,0.0,0.0,0.0,0.0,12.0
1996-06-24,0.0,1996,6,24,3,18,0.0,0.0,0.0,0.0,10.0
1996-06-25,3.0,1996,6,25,3,18,3.0,3.0,3.0,3.0,3.0
1996-06-26,1.0,1996,6,26,3,18,1.0,4.0,4.0,4.0,4.0
1996-06-27,1.0,1996,6,27,3,18,1.0,5.0,5.0,5.0,5.0
1996-06-28,0.0,1996,6,28,3,18,0.0,2.0,5.0,5.0,5.0
1996-06-29,0.0,1996,6,29,3,18,0.0,1.0,5.0,5.0,5.0
1996-06-30,11.0,1996,6,30,3,18,11.0,11.0,13.0,16.0,16.0
1996-07-01,0.0,1996,7,1,1,19,0.0,11.0,12.0,16.0,16.0
1996-07-02,0.0,1996,7,2,1,19,0.0,11.0,11.0,13.0,16.0
1996-07-03,0.0,1996,7,3,1,19,0.0,0.0,11.0,12.0,16.0
1996-07-04,0.0,1996,7,4,1,19,0.0,0.0,11.0,11.0,16.0
1996-07-05,0.0,1996,7,5,1,19,0.0,0.0,0.0,11.0,13.0
1996-07-06,0.0,1996,7,6,1,19,0.0,0.0,0.0,11.0,12.0
1996-07-07,0.0,1996,7,7,1,19,0.0,0.0,0.0,0.0,11.0
1996-07-08,0.0,1996,7,8,1,19,0.0,0.0,0.0,0.0,11.0
1996-07-09,0.0,1996,7,9,1,19,0.0,0.0,0.0,0.0,11.0
1996-07-10,0.0,1996,7,10,1,19,0.0,0.0,0.0,0.0,0.0
1996-07-11,0.0,1996,7,11,2,20,0.0,0.0,0.0,0.0,0.0
1996-07-12,0.0,1996,7,12,2,20,0.0,0.0,0.0,0.0,0.0
1996-07-13,0.0,1996,7,13,2,20,0.0,0.0,0.0,0.0,0.0
1996-07-14,0.0,1996,7,14,2,20,0.0,0.0,0.0,0.0,0.0
1996-07-15,0.0,1996,7,15,2,20,0.0,0.0,0.0,0.0,0.0
1996-07-16,0.0,1996,7,16,2,20,0.0,0.0,0.0,0.0,0.0
1996-07-17,0.0,1996,7,17,2,20,0.0,0.0,0.0,0.0,0.0
1996-07-18,0.0,1996,7,18,2,20,0.0,0.0,0.0,0.0,0.0
1996-07-19,0.0,1996,7,19,2,20,0.0,0.0,0.0,0.0,0.0
1996-07-20,0.0,1996,7,20,2,20,0.0,0.0,0.0,0.0,0.0
1996-07-21,0.0,1996,7,21,3,21,0.0,0.0,0.0,0.0,0.0
1996-07-22,0.0,1996,7,22,3,21,0.0,0.0,0.0,0.0,0.0
1996-07-23,0.0,1996,7,23,3,21,0.0,0.0,0.0,0.0,0.0
1996-07-24,0.0,1996,7,24,3,21,0.0,0.0,0.0,0.0,0.0
1996-07-25,0.0,1996,7,25,3,21,0.0,0.0,0.0,0.0,0.0
1996-07-26,0.0,1996,7,26,3,21,0.0,0.0,0.0,0.0,0.0
1996-07-27,0.0,1996,7,27,3,21,0.0,0.0,0.0,0.0,0.0
1996-07-28,0.0,1996,7,28,3,21,0.0,0.0,0.0,0.0,0.0
1996-07-29,0.0,1996,7,29,3,21,0.0,0.0,0.0,0.0,0.0
1996-07-30,0.0,1996,7,30,3,21,0.0,0.0,0.0,0.0,0.0
1996-07-31,0.0,1996,7,31,3,21,0.0,0.0,0.0,0.0,0.0
1996-08-01,0.0,1996,8,1,1,22,0.0,0.0,0.0,0.0,0.0
1996-08-02,0.0,1996,8,2,1,22,0.0,0.0,0.0,0.0,0.0
1996-08-03,0.0,1996,8,3,1,22,0.0,0.0,0.0,0.0,0.0
1996-08-04,0.0,1996,8,4,1,22,0.0,0.0,0.0,0.0,0.0
1996-08-05,0.0,1996,8,5,1,22,0.0,0.0,0.0,0.0,0.0
1996-08-06,0.0,1996,8,6,1,22,0.0,0.0,0.0,0.0,0.0
1996-08-07,0.0,1996,8,7,1,22,0.0,0.0,0.0,0.0,0.0
1996-08-08,0.0,1996,8,8,1,22,0.0,0.0,0.0,0.0,0.0
1996-08-09,29.0,1996,8,9,1,22,29.0,29.0,29.0,29.0,29.0
1996-08-10,48.0,1996,8,10,1,22,48.0,77.0,77.0,77.0,77.0
1996-08-11,19.0,1996,8,11,2,23,19.0,96.0,96.0,96.0,96.0
1996-08-12,0.0,1996,8,12,2,23,0.0,67.0,96.0,96.0,96.0
1996-08-13,0.0,1996,8,13,2,23,0.0,19.0,96.0,96.0,96.0
1996-08-14,0.0,1996,8,14,2,23,0.0,0.0,67.0,96.0,96.0
1996-08-15,5.0,1996,8,15,2,23,5.0,5.0,24.0,101.0,101.0
1996-08-16,17.0,1996,8,16,2,23,17.0,22.0,22.0,89.0,118.0
1996-08-17,3.0,1996,8,17,2,23,3.0,25.0,25.0,44.0,121.0
1996-08-18,0.0,1996,8,18,2,23,0.0,20.0,25.0,25.0,121.0
1996-08-19,0.0,1996,8,19,2,23,0.0,3.0,25.0,25.0,92.0
1996-08-20,0.0,1996,8,20,2,23,0.0,0.0,20.0,25.0,44.0
1996-08-21,0.0,1996,8,21,3,24,0.0,0.0,3.0,25.0,25.0
1996-08-22,0.0,1996,8,22,3,24,0.0,0.0,0.0,20.0,25.0
1996-08-23,0.0,1996,8,23,3,24,0.0,0.0,0.0,3.0,25.0
1996-08-24,0.0,1996,8,24,3,24,0.0,0.0,0.0,0.0,25.0
1996-08-25,0.0,1996,8,25,3,24,0.0,0.0,0.0,0.0,20.0
1996-08-26,6.0,1996,8,26,3,24,6.0,6.0,6.0,6.0,9.0
1996-08-27,6.0,1996,8,27,3,24,6.0,12.0,12.0,12.0,12.0
1996-08-28,0.0,1996,8,28,3,24,0.0,12.0,12.0,12.0,12.0
1996-08-29,0.0,1996,8,29,3,24,0.0,6.0,12.0,12.0,12.0
1996-08-30,0.0,1996,8,30,3,24,0.0,0.0,12.0,12.0,12.0
1996-08-31,0.0,1996,8,31,3,24,0.0,0.0,6.0,12.0,12.0
1996-09-01,0.0,1996,9,1,1,25,0.0,0.0,0.0,12.0,12.0
1996-09-02,50.0,1996,9,2,1,25,50.0,50.0,50.0,56.0,62.0
1996-09-03,0.0,1996,9,3,1,25,0.0,50.0,50.0,50.0,62.0
1996-09-04,0.0,1996,9,4,1,25,0.0,50.0,50.0,50.0,62.0
1996-09-05,0.0,1996,9,5,1,25,0.0,0.0,50.0,50.0,56.0
1996-09-06,0.0,1996,9,6,1,25,0.0,0.0,50.0,50.0,50.0
1996-09-07,0.0,1996,9,7,1,25,0.0,0.0,0.0,50.0,50.0
1996-09-08,0.0,1996,9,8,1,25,0.0,0.0,0.0,50.0,50.0
1996-09-09,0.0,1996,9,9,1,25,0.0,0.0,0.0,0.0,50.0
1996-09-10,23.0,1996,9,10,1,25,23.0,23.0,23.0,23.0,73.0
1996-09-11,0.0,1996,9,11,2,26,0.0,23.0,23.0,23.0,73.0
1996-09-12,0.0,1996,9,12,2,26,0.0,23.0,23.0,23.0,23.0
1996-09-13,0.0,1996,9,13,2,26,0.0,0.0,23.0,23.0,23.0
1996-09-14,0.0,1996,9,14,2,26,0.0,0.0,23.0,23.0,23.0
1996-09-15,0.0,1996,9,15,2,26,0.0,0.0,0.0,23.0,23.0
1996-09-16,0.0,1996,9,16,2,26,0.0,0.0,0.0,23.0,23.0
1996-09-17,0.0,1996,9,17,2,26,0.0,0.0,0.0,0.0,23.0
1996-09-18,0.0,1996,9,18,2,26,0.0,0.0,0.0,0.0,23.0
1996-09-19,0.0,1996,9,19,2,26,0.0,0.0,0.0,0.0,23.0
1996-09-20,0.0,1996,9,20,2,26,0.0,0.0,0.0,0.0,0.0
1996-09-21,0.0,1996,9,21,3,27,0.0,0.0,0.0,0.0,0.0
1996-09-22,0.0,1996,9,22,3,27,0.0,0.0,0.0,0.0,0.0
1996-09-23,0.0,1996,9,23,3,27,0.0,0.0,0.0,0.0,0.0
1996-09-24,0.0,1996,9,24,3,27,0.0,0.0,0.0,0.0,0.0
1996-09-25,0.0,1996,9,25,3,27,0.0,0.0,0.0,0.0,0.0
1996-09-26,0.0,1996,9,26,3,27,0.0,0.0,0.0,0.0,0.0
1996-09-27,0.0,1996,9,27,3,27,0.0,0.0,0.0,0.0,0.0
1996-09-28,0.0,1996,9,28,3,27,0.0,0.0,0.0,0.0,0.0
1996-09-29,0.0,1996,9,29,3,27,0.0,0.0,0.0,0.0,0.0
1996-09-30,5.0,1996,9,30,3,27,5.0,5.0,5.0,5.0,5.0
1996-10-01,0.0,1996,10,1,1,28,0.0,5.0,5.0,5.0,5.0
1996-10-02,3.0,1996,10,2,1,28,3.0,8.0,8.0,8.0,8.0
1996-10-03,1.0,1996,10,3,1,28,1.0,4.0,9.0,9.0,9.0
1996-10-04,0.0,1996,10,4,1,28,0.0,4.0,9.0,9.0,9.0
1996-10-05,7.0,1996,10,5,1,28,7.0,8.0,11.0,16.0,16.0
1996-10-06,32.0,1996,10,6,1,28,32.0,39.0,43.0,48.0,48.0
1996-10-07,32.0,1996,10,7,1,28,32.0,71.0,72.0,75.0,80.0
1996-10-08,0.0,1996,10,8,1,28,0.0,64.0,71.0,75.0,80.0
1996-10-09,0.0,1996,10,9,1,28,0.0,32.0,71.0,72.0,80.0
1996-10-10,3.0,1996,10,10,1,28,3.0,3.0,67.0,74.0,78.0
1996-10-11,0.0,1996,10,11,2,29,0.0,3.0,35.0,74.0,78.0
1996-10-12,0.0,1996,10,12,2,29,0.0,3.0,3.0,67.0,75.0
1996-10-13,1.0,1996,10,13,2,29,1.0,1.0,4.0,36.0,75.0
1996-10-14,3.0,1996,10,14,2,29,3.0,4.0,7.0,7.0,78.0
1996-10-15,0.0,1996,10,15,2,29,0.0,4.0,4.0,7.0,71.0
1996-10-16,9.0,1996,10,16,2,29,9.0,12.0,13.0,16.0,48.0
1996-10-17,7.0,1996,10,17,2,29,7.0,16.0,20.0,20.0,23.0
1996-10-18,0.0,1996,10,18,2,29,0.0,16.0,19.0,20.0,23.0
1996-10-19,0.0,1996,10,19,2,29,0.0,7.0,16.0,20.0,23.0
1996-10-20,0.0,1996,10,20,2,29,0.0,0.0,16.0,19.0,20.0
1996-10-21,0.0,1996,10,21,3,30,0.0,0.0,7.0,16.0,20.0
1996-10-22,0.0,1996,10,22,3,30,0.0,0.0,0.0,16.0,20.0
1996-10-23,0.0,1996,10,23,3,30,0.0,0.0,0.0,7.0,19.0
1996-10-24,17.0,1996,10,24,3,30,17.0,17.0,17.0,17.0,33.0
1996-10-25,0.0,1996,10,25,3,30,0.0,17.0,17.0,17.0,33.0
1996-10-26,58.0,1996,10,26,3,30,58.0,75.0,75.0,75.0,82.0
1996-10-27,59.0,1996,10,27,3,30,59.0,117.0,134.0,134.0,134.0
1996-10-28,1.0,1996,10,28,3,30,1.0,118.0,135.0,135.0,135.0
1996-10-29,0.0,1996,10,29,3,30,0.0,60.0,118.0,135.0,135.0
1996-10-30,0.0,1996,10,30,3,30,0.0,1.0,118.0,135.0,135.0
1996-10-31,0.0,1996,10,31,3,30,0.0,0.0,60.0,118.0,135.0
1996-11-01,5.0,1996,11,1,1,31,5.0,5.0,6.0,123.0,140.0
1996-11-02,0.0,1996,11,2,1,31,0.0,5.0,5.0,65.0,140.0
1996-11-03,0.0,1996,11,3,1,31,0.0,5.0,5.0,6.0,123.0
1996-11-04,1.0,1996,11,4,1,31,1.0,1.0,6.0,6.0,124.0
1996-11-05,6.0,1996,11,5,1,31,6.0,7.0,12.0,12.0,72.0
1996-11-06,78.0,1996,11,6,1,31,78.0,85.0,85.0,90.0,91.0
1996-11-07,63.0,1996,11,7,1,31,63.0,147.0,148.0,153.0,153.0
1996-11-08,1.0,1996,11,8,1,31,1.0,142.0,149.0,149.0,154.0
1996-11-09,11.0,1996,11,9,1,31,11.0,75.0,159.0,160.0,165.0
1996-11-10,0.0,1996,11,10,1,31,0.0,12.0,153.0,160.0,165.0
1996-11-11,0.0,1996,11,11,2,32,0.0,11.0,75.0,159.0,160.0
1996-11-12,0.0,1996,11,12,2,32,0.0,0.0,12.0,153.0,160.0
1996-11-13,0.0,1996,11,13,2,32,0.0,0.0,11.0,75.0,160.0
1996-11-14,0.0,1996,11,14,2,32,0.0,0.0,0.0,12.0,159.0
1996-11-15,3.0,1996,11,15,2,32,3.0,3.0,3.0,14.0,156.0
1996-11-16,0.0,1996,11,16,2,32,0.0,3.0,3.0,3.0,78.0
1996-11-17,6.0,1996,11,17,2,32,6.0,9.0,9.0,9.0,21.0
1996-11-18,0.0,1996,11,18,2,32,0.0,6.0,9.0,9.0,20.0
1996-11-19,0.0,1996,11,19,2,32,0.0,6.0,9.0,9.0,9.0
1996-11-20,0.0,1996,11,20,2,32,0.0,0.0,6.0,9.0,9.0
1996-11-21,2.0,1996,11,21,3,33,2.0,2.0,8.0,11.0,11.0
1996-11-22,0.0,1996,11,22,3,33,0.0,2.0,2.0,8.0,11.0
1996-11-23,1.0,1996,11,23,3,33,1.0,3.0,3.0,9.0,12.0
1996-11-24,0.0,1996,11,24,3,33,0.0,1.0,3.0,3.0,12.0
1996-11-25,0.0,1996,11,25,3,33,0.0,1.0,3.0,3.0,9.0
1996-11-26,1.0,1996,11,26,3,33,1.0,1.0,2.0,4.0,10.0
1996-11-27,37.0,1996,11,27,3,33,37.0,38.0,39.0,41.0,41.0
1996-11-28,0.0,1996,11,28,3,33,0.0,38.0,38.0,39.0,41.0
1996-11-29,2.0,1996,11,29,3,33,2.0,39.0,40.0,41.0,43.0
1996-11-30,13.0,1996,11,30,3,33,13.0,15.0,53.0,53.0,56.0
1996-12-01,0.0,1996,12,1,1,34,0.0,15.0,52.0,53.0,54.0
1996-12-02,40.0,1996,12,2,1,34,40.0,53.0,55.0,93.0,94.0
1996-12-03,0.0,1996,12,3,1,34,0.0,40.0,55.0,92.0,93.0
1996-12-04,0.0,1996,12,4,1,34,0.0,40.0,53.0,55.0,93.0
1996-12-05,0.0,1996,12,5,1,34,0.0,0.0,40.0,55.0,93.0
1996-12-06,7.0,1996,12,6,1,34,7.0,7.0,47.0,60.0,99.0
1996-12-07,0.0,1996,12,7,1,34,0.0,7.0,7.0,47.0,62.0
1996-12-08,0.0,1996,12,8,1,34,0.0,7.0,7.0,47.0,62.0
1996-12-09,7.0,1996,12,9,1,34,7.0,7.0,14.0,14.0,67.0
1996-12-10,1.0,1996,12,10,1,34,1.0,8.0,15.0,15.0,55.0
1996-12-11,6.0,1996,12,11,2,35,6.0,14.0,14.0,21.0,61.0
1996-12-12,37.0,1996,12,12,2,35,37.0,44.0,51.0,58.0,58.0
1996-12-13,33.0,1996,12,13,2,35,33.0,76.0,84.0,84.0,91.0
1996-12-14,17.0,1996,12,14,2,35,17.0,87.0,94.0,101.0,108.0
1996-12-15,1.0,1996,12,15,2,35,1.0,51.0,94.0,102.0,109.0
1996-12-16,4.0,1996,12,16,2,35,4.0,22.0,92.0,99.0,106.0
1996-12-17,8.0,1996,12,17,2,35,8.0,13.0,63.0,106.0,114.0
1996-12-18,13.0,1996,12,18,2,35,13.0,25.0,43.0,113.0,127.0
1996-12-19,15.0,1996,12,19,2,35,15.0,36.0,41.0,91.0,135.0
1996-12-20,14.0,1996,12,20,2,35,14.0,42.0,54.0,72.0,148.0
1996-12-21,2.0,1996,12,21,3,36,2.0,31.0,52.0,57.0,144.0
1996-12-22,1.0,1996,12,22,3,36,1.0,17.0,45.0,57.0,108.0
1996-12-23,12.0,1996,12,23,3,36,12.0,15.0,44.0,65.0,87.0
1996-12-24,4.0,1996,12,24,3,36,4.0,17.0,33.0,61.0,74.0
1996-12-25,13.0,1996,12,25,3,36,13.0,29.0,32.0,61.0,86.0
1996-12-26,12.0,1996,12,26,3,36,12.0,29.0,42.0,58.0,94.0
1996-12-27,28.0,1996,12,27,3,36,28.0,53.0,69.0,72.0,114.0
1996-12-28,0.0,1996,12,28,3,36,0.0,40.0,57.0,70.0,101.0
1996-12-29,0.0,1996,12,29,3,36,0.0,28.0,53.0,69.0,86.0
1996-12-30,1.0,1996,12,30,3,36,1.0,1.0,41.0,58.0,73.0
1996-12-31,9.0,1996,12,31,3,36,9.0,10.0,38.0,63.0,80.0
1997-01-01,0.0,1997,1,1,1,1,0.0,10.0,10.0,50.0,79.0
1997-01-02,0.0,1997,1,2,1,1,0.0,9.0,10.0,38.0,67.0
1997-01-03,7.0,1997,1,3,1,1,7.0,7.0,17.0,17.0,70.0
1997-01-04,17.0,1997,1,4,1,1,17.0,24.0,33.0,34.0,74.0
1997-01-05,39.0,1997,1,5,1,1,39.0,63.0,63.0,73.0,101.0
1997-01-06,1.0,1997,1,6,1,1,1.0,57.0,64.0,73.0,74.0
1997-01-07,13.0,1997,1,7,1,1,13.0,53.0,77.0,77.0,87.0
1997-01-08,13.0,1997,1,8,1,1,13.0,27.0,83.0,90.0,100.0
1997-01-09,6.0,1997,1,9,1,1,6.0,32.0,72.0,96.0,105.0
1997-01-10,1.0,1997,1,10,1,1,1.0,20.0,34.0,90.0,97.0
1997-01-11,2.0,1997,1,11,2,2,2.0,9.0,35.0,75.0,99.0
1997-01-12,0.0,1997,1,12,2,2,0.0,3.0,22.0,36.0,99.0
1997-01-13,15.0,1997,1,13,2,2,15.0,17.0,24.0,50.0,107.0
1997-01-14,17.0,1997,1,14,2,2,17.0,32.0,35.0,54.0,107.0
1997-01-15,19.0,1997,1,15,2,2,19.0,51.0,53.0,60.0,87.0
1997-01-16,19.0,1997,1,16,2,2,19.0,55.0,70.0,73.0,105.0
1997-01-17,0.0,1997,1,17,2,2,0.0,38.0,70.0,72.0,92.0
1997-01-18,2.0,1997,1,18,2,2,2.0,21.0,57.0,72.0,81.0
1997-01-19,0.0,1997,1,19,2,2,0.0,2.0,40.0,72.0,75.0
1997-01-20,19.0,1997,1,20,2,2,19.0,21.0,40.0,76.0,93.0
1997-01-21,8.0,1997,1,21,3,3,8.0,27.0,29.0,67.0,99.0
1997-01-22,13.0,1997,1,22,3,3,13.0,40.0,42.0,61.0,112.0
1997-01-23,9.0,1997,1,23,3,3,9.0,30.0,49.0,51.0,106.0
1997-01-24,0.0,1997,1,24,3,3,0.0,22.0,49.0,51.0,89.0
1997-01-25,7.0,1997,1,25,3,3,7.0,16.0,37.0,56.0,77.0
1997-01-26,55.0,1997,1,26,3,3,55.0,62.0,84.0,111.0,113.0
1997-01-27,0.0,1997,1,27,3,3,0.0,62.0,71.0,92.0,113.0
1997-01-28,10.0,1997,1,28,3,3,10.0,65.0,72.0,94.0,121.0
1997-01-29,0.0,1997,1,29,3,3,0.0,10.0,72.0,81.0,121.0
1997-01-30,0.0,1997,1,30,3,3,0.0,10.0,65.0,72.0,102.0
1997-01-31,3.0,1997,1,31,3,3,3.0,3.0,13.0,75.0,97.0
1997-02-01,0.0,1997,2,1,1,4,0.0,3.0,13.0,68.0,84.0
1997-02-02,0.0,1997,2,2,1,4,0.0,3.0,3.0,13.0,75.0
1997-02-03,1.0,1997,2,3,1,4,1.0,1.0,4.0,14.0,76.0
1997-02-04,0.0,1997,2,4,1,4,0.0,1.0,4.0,4.0,69.0
1997-02-05,0.0,1997,2,5,1,4,0.0,1.0,1.0,4.0,14.0
1997-02-06,0.0,1997,2,6,1,4,0.0,0.0,1.0,4.0,14.0
1997-02-07,28.0,1997,2,7,1,4,28.0,28.0,29.0,29.0,32.0
1997-02-08,0.0,1997,2,8,1,4,0.0,28.0,28.0,29.0,32.0
1997-02-09,30.0,1997,2,9,1,4,30.0,58.0,58.0,59.0,62.0
1997-02-10,0.0,1997,2,10,1,4,0.0,30.0,58.0,58.0,59.0
1997-02-11,6.0,1997,2,11,2,5,6.0,36.0,64.0,64.0,65.0
1997-02-12,0.0,1997,2,12,2,5,0.0,6.0,36.0,64.0,65.0
1997-02-13,1.0,1997,2,13,2,5,1.0,7.0,37.0,65.0,65.0
1997-02-14,0.0,1997,2,14,2,5,0.0,1.0,7.0,37.0,65.0
1997-02-15,0.0,1997,2,15,2,5,0.0,1.0,7.0,37.0,65.0
1997-02-16,0.0,1997,2,16,2,5,0.0,0.0,1.0,7.0,65.0
1997-02-17,13.0,1997,2,17,2,5,13.0,13.0,14.0,20.0,50.0
1997-02-18,22.0,1997,2,18,2,5,22.0,35.0,35.0,36.0,72.0
1997-02-19,6.0,1997,2,19,2,5,6.0,41.0,41.0,42.0,48.0
1997-02-20,0.0,1997,2,20,2,5,0.0,28.0,41.0,41.0,48.0
1997-02-21,8.0,1997,2,21,3,6,8.0,14.0,49.0,49.0,50.0
1997-02-22,3.0,1997,2,22,3,6,3.0,11.0,39.0,52.0,53.0
1997-02-23,0.0,1997,2,23,3,6,0.0,11.0,17.0,52.0,52.0
1997-02-24,10.0,1997,2,24,3,6,10.0,13.0,21.0,49.0,62.0
1997-02-25,3.0,1997,2,25,3,6,3.0,13.0,24.0,30.0,65.0
1997-02-26,2.0,1997,2,26,3,6,2.0,15.0,18.0,26.0,67.0
1997-02-27,3.0,1997,2,27,3,6,3.0,8.0,18.0,29.0,57.0
1997-02-28,35.0,1997,2,28,3,6,35.0,40.0,53.0,56.0,70.0
1997-03-01,0.0,1997,3,1,1,7,0.0,38.0,43.0,53.0,64.0
1997-03-02,12.0,1997,3,2,1,7,12.0,47.0,52.0,65.0,76.0
1997-03-03,16.0,1997,3,3,1,7,16.0,28.0,66.0,71.0,84.0
1997-03-04,4.0,1997,3,4,1,7,4.0,32.0,67.0,72.0,85.0
1997-03-05,14.0,1997,3,5,1,7,14.0,34.0,46.0,84.0,99.0
1997-03-06,0.0,1997,3,6,1,7,0.0,18.0,46.0,81.0,89.0
1997-03-07,0.0,1997,3,7,1,7,0.0,14.0,34.0,46.0,86.0
1997-03-08,0.0,1997,3,8,1,7,0.0,0.0,18.0,46.0,84.0
1997-03-09,0.0,1997,3,9,1,7,0.0,0.0,14.0,34.0,81.0
1997-03-10,0.0,1997,3,10,1,7,0.0,0.0,0.0,18.0,46.0
1997-03-11,2.0,1997,3,11,2,8,2.0,2.0,2.0,16.0,48.0
1997-03-12,2.0,1997,3,12,2,8,2.0,4.0,4.0,4.0,38.0
1997-03-13,0.0,1997,3,13,2,8,0.0,4.0,4.0,4.0,22.0
1997-03-14,0.0,1997,3,14,2,8,0.0,2.0,4.0,4.0,18.0
1997-03-15,9.0,1997,3,15,2,8,9.0,9.0,13.0,13.0,13.0
1997-03-16,1.0,1997,3,16,2,8,1.0,10.0,12.0,14.0,14.0
1997-03-17,1.0,1997,3,17,2,8,1.0,11.0,11.0,15.0,15.0
1997-03-18,0.0,1997,3,18,2,8,0.0,2.0,11.0,13.0,15.0
1997-03-19,31.0,1997,3,19,2,8,31.0,32.0,42.0,42.0,46.0
1997-03-20,0.0,1997,3,20,2,8,0.0,31.0,33.0,42.0,46.0
1997-03-21,0.0,1997,3,21,3,9,0.0,31.0,32.0,42.0,44.0
1997-03-22,0.0,1997,3,22,3,9,0.0,0.0,31.0,33.0,42.0
1997-03-23,0.0,1997,3,23,3,9,0.0,0.0,31.0,32.0,42.0
1997-03-24,0.0,1997,3,24,3,9,0.0,0.0,0.0,31.0,42.0
1997-03-25,0.0,1997,3,25,3,9,0.0,0.0,0.0,31.0,33.0
1997-03-26,16.0,1997,3,26,3,9,16.0,16.0,16.0,16.0,48.0
1997-03-27,0.0,1997,3,27,3,9,0.0,16.0,16.0,16.0,47.0
1997-03-28,8.0,1997,3,28,3,9,8.0,24.0,24.0,24.0,55.0
1997-03-29,5.0,1997,3,29,3,9,5.0,13.0,29.0,29.0,29.0
1997-03-30,0.0,1997,3,30,3,9,0.0,13.0,29.0,29.0,29.0
1997-03-31,26.0,1997,3,31,3,9,26.0,31.0,39.0,55.0,55.0
1997-04-01,2.0,1997,4,1,1,10,2.0,28.0,41.0,57.0,57.0
1997-04-02,33.0,1997,4,2,1,10,33.0,61.0,66.0,74.0,90.0
1997-04-03,2.0,1997,4,3,1,10,2.0,37.0,63.0,76.0,92.0
1997-04-04,3.0,1997,4,4,1,10,3.0,38.0,66.0,71.0,95.0
1997-04-05,2.0,1997,4,5,1,10,2.0,7.0,42.0,68.0,81.0
1997-04-06,0.0,1997,4,6,1,10,0.0,5.0,40.0,68.0,81.0
1997-04-07,2.0,1997,4,7,1,10,2.0,4.0,9.0,44.0,75.0
1997-04-08,3.0,1997,4,8,1,10,3.0,5.0,10.0,45.0,73.0
1997-04-09,0.0,1997,4,9,1,10,0.0,5.0,7.0,12.0,73.0
1997-04-10,1.0,1997,4,10,1,10,1.0,4.0,6.0,11.0,48.0
1997-04-11,0.0,1997,4,11,2,11,0.0,1.0,6.0,8.0,46.0
1997-04-12,7.0,1997,4,12,2,11,7.0,8.0,11.0,13.0,20.0
1997-04-13,88.0,1997,4,13,2,11,88.0,95.0,96.0,101.0,106.0
1997-04-14,1.0,1997,4,14,2,11,1.0,96.0,97.0,100.0,104.0
1997-04-15,1.0,1997,4,15,2,11,1.0,90.0,97.0,98.0,103.0
1997-04-16,23.0,1997,4,16,2,11,23.0,25.0,120.0,121.0,126.0
1997-04-17,0.0,1997,4,17,2,11,0.0,24.0,113.0,120.0,124.0
1997-04-18,0.0,1997,4,18,2,11,0.0,23.0,25.0,120.0,121.0
1997-04-19,3.0,1997,4,19,2,11,3.0,3.0,27.0,116.0,124.0
1997-04-20,0.0,1997,4,20,2,11,0.0,3.0,26.0,28.0,123.0
1997-04-21,0.0,1997,4,21,3,12,0.0,3.0,3.0,27.0,123.0
1997-04-22,0.0,1997,4,22,3,12,0.0,0.0,3.0,26.0,116.0
1997-04-23,2.0,1997,4,23,3,12,2.0,2.0,5.0,5.0,30.0
1997-04-24,11.0,1997,4,24,3,12,11.0,13.0,13.0,16.0,40.0
1997-04-25,0.0,1997,4,25,3,12,0.0,13.0,13.0,16.0,39.0
1997-04-26,0.0,1997,4,26,3,12,0.0,11.0,13.0,13.0,16.0
1997-04-27,0.0,1997,4,27,3,12,0.0,0.0,13.0,13.0,16.0
1997-04-28,15.0,1997,4,28,3,12,15.0,15.0,26.0,28.0,31.0
1997-04-29,0.0,1997,4,29,3,12,0.0,15.0,15.0,28.0,28.0
1997-04-30,0.0,1997,4,30,3,12,0.0,15.0,15.0,26.0,28.0
1997-05-01,1.0,1997,5,1,1,13,1.0,1.0,16.0,16.0,29.0
1997-05-02,0.0,1997,5,2,1,13,0.0,1.0,16.0,16.0,29.0
1997-05-03,54.0,1997,5,3,1,13,54.0,55.0,55.0,70.0,81.0
1997-05-04,0.0,1997,5,4,1,13,0.0,54.0,55.0,70.0,70.0
1997-05-05,1.0,1997,5,5,1,13,1.0,55.0,56.0,56.0,71.0
1997-05-06,0.0,1997,5,6,1,13,0.0,1.0,55.0,56.0,71.0
1997-05-07,0.0,1997,5,7,1,13,0.0,1.0,55.0,56.0,71.0
1997-05-08,1.0,1997,5,8,1,13,1.0,1.0,2.0,56.0,57.0
1997-05-09,0.0,1997,5,9,1,13,0.0,1.0,2.0,56.0,57.0
1997-05-10,0.0,1997,5,10,1,13,0.0,1.0,1.0,2.0,57.0
1997-05-11,1.0,1997,5,11,2,14,1.0,1.0,2.0,3.0,57.0
1997-05-12,0.0,1997,5,12,2,14,0.0,1.0,2.0,2.0,57.0
1997-05-13,22.0,1997,5,13,2,14,22.0,23.0,23.0,24.0,25.0
1997-05-14,0.0,1997,5,14,2,14,0.0,22.0,23.0,24.0,25.0
1997-05-15,0.0,1997,5,15,2,14,0.0,22.0,23.0,23.0,24.0
1997-05-16,0.0,1997,5,16,2,14,0.0,0.0,22.0,23.0,24.0
1997-05-17,0.0,1997,5,17,2,14,0.0,0.0,22.0,23.0,24.0
1997-05-18,0.0,1997,5,18,2,14,0.0,0.0,0.0,22.0,23.0
1997-05-19,0.0,1997,5,19,2,14,0.0,0.0,0.0,22.0,23.0
1997-05-20,47.0,1997,5,20,2,14,47.0,47.0,47.0,47.0,70.0
1997-05-21,4.0,1997,5,21,3,15,4.0,51.0,51.0,51.0,73.0
1997-05-22,0.0,1997,5,22,3,15,0.0,51.0,51.0,51.0,73.0
1997-05-23,0.0,1997,5,23,3,15,0.0,4.0,51.0,51.0,51.0
1997-05-24,3.0,1997,5,24,3,15,3.0,3.0,54.0,54.0,54.0
1997-05-25,0.0,1997,5,25,3,15,0.0,3.0,7.0,54.0,54.0
1997-05-26,0.0,1997,5,26,3,15,0.0,3.0,3.0,54.0,54.0
1997-05-27,9.0,1997,5,27,3,15,9.0,9.0,12.0,16.0,63.0
1997-05-28,0.0,1997,5,28,3,15,0.0,9.0,12.0,12.0,63.0
1997-05-29,0.0,1997,5,29,3,15,0.0,9.0,9.0,12.0,63.0
1997-05-30,0.0,1997,5,30,3,15,0.0,0.0,9.0,12.0,16.0
1997-05-31,0.0,1997,5,31,3,15,0.0,0.0,9.0,9.0,12.0
1997-06-01,0.0,1997,6,1,1,16,0.0,0.0,0.0,9.0,12.0
1997-06-02,0.0,1997,6,2,1,16,0.0,0.0,0.0,9.0,12.0
1997-06-03,0.0,1997,6,3,1,16,0.0,0.0,0.0,0.0,9.0
1997-06-04,0.0,1997,6,4,1,16,0.0,0.0,0.0,0.0,9.0
1997-06-05,0.0,1997,6,5,1,16,0.0,0.0,0.0,0.0,9.0
1997-06-06,0.0,1997,6,6,1,16,0.0,0.0,0.0,0.0,0.0
1997-06-07,2.0,1997,6,7,1,16,2.0,2.0,2.0,2.0,2.0
1997-06-08,0.0,1997,6,8,1,16,0.0,2.0,2.0,2.0,2.0
1997-06-09,0.0,1997,6,9,1,16,0.0,2.0,2.0,2.0,2.0
1997-06-10,0.0,1997,6,10,1,16,0.0,0.0,2.0,2.0,2.0
1997-06-11,0.0,1997,6,11,2,17,0.0,0.0,2.0,2.0,2.0
1997-06-12,0.0,1997,6,12,2,17,0.0,0.0,0.0,2.0,2.0
1997-06-13,0.0,1997,6,13,2,17,0.0,0.0,0.0,2.0,2.0
1997-06-14,0.0,1997,6,14,2,17,0.0,0.0,0.0,0.0,2.0
1997-06-15,0.0,1997,6,15,2,17,0.0,0.0,0.0,0.0,2.0
1997-06-16,0.0,1997,6,16,2,17,0.0,0.0,0.0,0.0,2.0
1997-06-17,4.0,1997,6,17,2,17,4.0,4.0,4.0,4.0,4.0
1997-06-18,0.0,1997,6,18,2,17,0.0,4.0,4.0,4.0,4.0
1997-06-19,0.0,1997,6,19,2,17,0.0,4.0,4.0,4.0,4.0
1997-06-20,1.0,1997,6,20,2,17,1.0,1.0,5.0,5.0,5.0
1997-06-21,20.0,1997,6,21,3,18,20.0,21.0,25.0,25.0,25.0
1997-06-22,0.0,1997,6,22,3,18,0.0,21.0,21.0,25.0,25.0
1997-06-23,0.0,1997,6,23,3,18,0.0,20.0,21.0,25.0,25.0
1997-06-24,0.0,1997,6,24,3,18,0.0,0.0,21.0,21.0,25.0
1997-06-25,0.0,1997,6,25,3,18,0.0,0.0,20.0,21.0,25.0
1997-06-26,0.0,1997,6,26,3,18,0.0,0.0,0.0,21.0,25.0
1997-06-27,0.0,1997,6,27,3,18,0.0,0.0,0.0,20.0,21.0
1997-06-28,0.0,1997,6,28,3,18,0.0,0.0,0.0,0.0,21.0
1997-06-29,0.0,1997,6,29,3,18,0.0,0.0,0.0,0.0,21.0
1997-06-30,0.0,1997,6,30,3,18,0.0,0.0,0.0,0.0,20.0
1997-07-01,0.0,1997,7,1,1,19,0.0,0.0,0.0,0.0,0.0
1997-07-02,0.0,1997,7,2,1,19,0.0,0.0,0.0,0.0,0.0
1997-07-03,0.0,1997,7,3,1,19,0.0,0.0,0.0,0.0,0.0
1997-07-04,1.0,1997,7,4,1,19,1.0,1.0,1.0,1.0,1.0
1997-07-05,0.0,1997,7,5,1,19,0.0,1.0,1.0,1.0,1.0
1997-07-06,0.0,1997,7,6,1,19,0.0,1.0,1.0,1.0,1.0
1997-07-07,0.0,1997,7,7,1,19,0.0,0.0,1.0,1.0,1.0
1997-07-08,0.0,1997,7,8,1,19,0.0,0.0,1.0,1.0,1.0
1997-07-09,0.0,1997,7,9,1,19,0.0,0.0,0.0,1.0,1.0
1997-07-10,0.0,1997,7,10,1,19,0.0,0.0,0.0,1.0,1.0
1997-07-11,0.0,1997,7,11,2,20,0.0,0.0,0.0,0.0,1.0
1997-07-12,0.0,1997,7,12,2,20,0.0,0.0,0.0,0.0,1.0
1997-07-13,0.0,1997,7,13,2,20,0.0,0.0,0.0,0.0,1.0
1997-07-14,0.0,1997,7,14,2,20,0.0,0.0,0.0,0.0,0.0
1997-07-15,0.0,1997,7,15,2,20,0.0,0.0,0.0,0.0,0.0
1997-07-16,0.0,1997,7,16,2,20,0.0,0.0,0.0,0.0,0.0
1997-07-17,0.0,1997,7,17,2,20,0.0,0.0,0.0,0.0,0.0
1997-07-18,0.0,1997,7,18,2,20,0.0,0.0,0.0,0.0,0.0
1997-07-19,0.0,1997,7,19,2,20,0.0,0.0,0.0,0.0,0.0
1997-07-20,0.0,1997,7,20,2,20,0.0,0.0,0.0,0.0,0.0
1997-07-21,0.0,1997,7,21,3,21,0.0,0.0,0.0,0.0,0.0
1997-07-22,0.0,1997,7,22,3,21,0.0,0.0,0.0,0.0,0.0
1997-07-23,0.0,1997,7,23,3,21,0.0,0.0,0.0,0.0,0.0
1997-07-24,0.0,1997,7,24,3,21,0.0,0.0,0.0,0.0,0.0
1997-07-25,0.0,1997,7,25,3,21,0.0,0.0,0.0,0.0,0.0
1997-07-26,0.0,1997,7,26,3,21,0.0,0.0,0.0,0.0,0.0
1997-07-27,0.0,1997,7,27,3,21,0.0,0.0,0.0,0.0,0.0
1997-07-28,0.0,1997,7,28,3,21,0.0,0.0,0.0,0.0,0.0
1997-07-29,0.0,1997,7,29,3,21,0.0,0.0,0.0,0.0,0.0
1997-07-30,0.0,1997,7,30,3,21,0.0,0.0,0.0,0.0,0.0
1997-07-31,0.0,1997,7,31,3,21,0.0,0.0,0.0,0.0,0.0
1997-08-01,0.0,1997,8,1,1,22,0.0,0.0,0.0,0.0,0.0
1997-08-02,0.0,1997,8,2,1,22,0.0,0.0,0.0,0.0,0.0
1997-08-03,0.0,1997,8,3,1,22,0.0,0.0,0.0,0.0,0.0
1997-08-04,0.0,1997,8,4,1,22,0.0,0.0,0.0,0.0,0.0
1997-08-05,0.0,1997,8,5,1,22,0.0,0.0,0.0,0.0,0.0
1997-08-06,0.0,1997,8,6,1,22,0.0,0.0,0.0,0.0,0.0
1997-08-07,0.0,1997,8,7,1,22,0.0,0.0,0.0,0.0,0.0
1997-08-08,0.0,1997,8,8,1,22,0.0,0.0,0.0,0.0,0.0
1997-08-09,0.0,1997,8,9,1,22,0.0,0.0,0.0,0.0,0.0
1997-08-10,0.0,1997,8,10,1,22,0.0,0.0,0.0,0.0,0.0
1997-08-11,0.0,1997,8,11,2,23,0.0,0.0,0.0,0.0,0.0
1997-08-12,0.0,1997,8,12,2,23,0.0,0.0,0.0,0.0,0.0
1997-08-13,0.0,1997,8,13,2,23,0.0,0.0,0.0,0.0,0.0
1997-08-14,0.0,1997,8,14,2,23,0.0,0.0,0.0,0.0,0.0
1997-08-15,0.0,1997,8,15,2,23,0.0,0.0,0.0,0.0,0.0
1997-08-16,0.0,1997,8,16,2,23,0.0,0.0,0.0,0.0,0.0
1997-08-17,0.0,1997,8,17,2,23,0.0,0.0,0.0,0.0,0.0
1997-08-18,0.0,1997,8,18,2,23,0.0,0.0,0.0,0.0,0.0
1997-08-19,0.0,1997,8,19,2,23,0.0,0.0,0.0,0.0,0.0
1997-08-20,0.0,1997,8,20,2,23,0.0,0.0,0.0,0.0,0.0
1997-08-21,0.0,1997,8,21,3,24,0.0,0.0,0.0,0.0,0.0
1997-08-22,0.0,1997,8,22,3,24,0.0,0.0,0.0,0.0,0.0
1997-08-23,0.0,1997,8,23,3,24,0.0,0.0,0.0,0.0,0.0
1997-08-24,0.0,1997,8,24,3,24,0.0,0.0,0.0,0.0,0.0
1997-08-25,0.0,1997,8,25,3,24,0.0,0.0,0.0,0.0,0.0
1997-08-26,0.0,1997,8,26,3,24,0.0,0.0,0.0,0.0,0.0
1997-08-27,0.0,1997,8,27,3,24,0.0,0.0,0.0,0.0,0.0
1997-08-28,0.0,1997,8,28,3,24,0.0,0.0,0.0,0.0,0.0
1997-08-29,0.0,1997,8,29,3,24,0.0,0.0,0.0,0.0,0.0
1997-08-30,0.0,1997,8,30,3,24,0.0,0.0,0.0,0.0,0.0
1997-08-31,0.0,1997,8,31,3,24,0.0,0.0,0.0,0.0,0.0
1997-09-01,0.0,1997,9,1,1,25,0.0,0.0,0.0,0.0,0.0
1997-09-02,0.0,1997,9,2,1,25,0.0,0.0,0.0,0.0,0.0
1997-09-03,0.0,1997,9,3,1,25,0.0,0.0,0.0,0.0,0.0
1997-09-04,0.0,1997,9,4,1,25,0.0,0.0,0.0,0.0,0.0
1997-09-05,0.0,1997,9,5,1,25,0.0,0.0,0.0,0.0,0.0
1997-09-06,0.0,1997,9,6,1,25,0.0,0.0,0.0,0.0,0.0
1997-09-07,0.0,1997,9,7,1,25,0.0,0.0,0.0,0.0,0.0
1997-09-08,0.0,1997,9,8,1,25,0.0,0.0,0.0,0.0,0.0
1997-09-09,0.0,1997,9,9,1,25,0.0,0.0,0.0,0.0,0.0
1997-09-10,0.0,1997,9,10,1,25,0.0,0.0,0.0,0.0,0.0
1997-09-11,0.0,1997,9,11,2,26,0.0,0.0,0.0,0.0,0.0
1997-09-12,0.0,1997,9,12,2,26,0.0,0.0,0.0,0.0,0.0
1997-09-13,0.0,1997,9,13,2,26,0.0,0.0,0.0,0.0,0.0
1997-09-14,0.0,1997,9,14,2,26,0.0,0.0,0.0,0.0,0.0
1997-09-15,0.0,1997,9,15,2,26,0.0,0.0,0.0,0.0,0.0
1997-09-16,0.0,1997,9,16,2,26,0.0,0.0,0.0,0.0,0.0
1997-09-17,0.0,1997,9,17,2,26,0.0,0.0,0.0,0.0,0.0
1997-09-18,0.0,1997,9,18,2,26,0.0,0.0,0.0,0.0,0.0
1997-09-19,0.0,1997,9,19,2,26,0.0,0.0,0.0,0.0,0.0
1997-09-20,0.0,1997,9,20,2,26,0.0,0.0,0.0,0.0,0.0
1997-09-21,0.0,1997,9,21,3,27,0.0,0.0,0.0,0.0,0.0
1997-09-22,0.0,1997,9,22,3,27,0.0,0.0,0.0,0.0,0.0
1997-09-23,0.0,1997,9,23,3,27,0.0,0.0,0.0,0.0,0.0
1997-09-24,0.0,1997,9,24,3,27,0.0,0.0,0.0,0.0,0.0
1997-09-25,0.0,1997,9,25,3,27,0.0,0.0,0.0,0.0,0.0
1997-09-26,0.0,1997,9,26,3,27,0.0,0.0,0.0,0.0,0.0
1997-09-27,0.0,1997,9,27,3,27,0.0,0.0,0.0,0.0,0.0
1997-09-28,0.0,1997,9,28,3,27,0.0,0.0,0.0,0.0,0.0
1997-09-29,0.0,1997,9,29,3,27,0.0,0.0,0.0,0.0,0.0
1997-09-30,0.0,1997,9,30,3,27,0.0,0.0,0.0,0.0,0.0
1997-10-01,0.0,1997,10,1,1,28,0.0,0.0,0.0,0.0,0.0
1997-10-02,0.0,1997,10,2,1,28,0.0,0.0,0.0,0.0,0.0
1997-10-03,0.0,1997,10,3,1,28,0.0,0.0,0.0,0.0,0.0
1997-10-04,0.0,1997,10,4,1,28,0.0,0.0,0.0,0.0,0.0
1997-10-05,0.0,1997,10,5,1,28,0.0,0.0,0.0,0.0,0.0
1997-10-06,0.0,1997,10,6,1,28,0.0,0.0,0.0,0.0,0.0
1997-10-07,0.0,1997,10,7,1,28,0.0,0.0,0.0,0.0,0.0
1997-10-08,0.0,1997,10,8,1,28,0.0,0.0,0.0,0.0,0.0
1997-10-09,0.0,1997,10,9,1,28,0.0,0.0,0.0,0.0,0.0
1997-10-10,0.0,1997,10,10,1,28,0.0,0.0,0.0,0.0,0.0
1997-10-11,0.0,1997,10,11,2,29,0.0,0.0,0.0,0.0,0.0
1997-10-12,0.0,1997,10,12,2,29,0.0,0.0,0.0,0.0,0.0
1997-10-13,0.0,1997,10,13,2,29,0.0,0.0,0.0,0.0,0.0
1997-10-14,0.0,1997,10,14,2,29,0.0,0.0,0.0,0.0,0.0
1997-10-15,0.0,1997,10,15,2,29,0.0,0.0,0.0,0.0,0.0
1997-10-16,0.0,1997,10,16,2,29,0.0,0.0,0.0,0.0,0.0
1997-10-17,0.0,1997,10,17,2,29,0.0,0.0,0.0,0.0,0.0
1997-10-18,0.0,1997,10,18,2,29,0.0,0.0,0.0,0.0,0.0
1997-10-19,0.0,1997,10,19,2,29,0.0,0.0,0.0,0.0,0.0
1997-10-20,0.0,1997,10,20,2,29,0.0,0.0,0.0,0.0,0.0
1997-10-21,0.0,1997,10,21,3,30,0.0,0.0,0.0,0.0,0.0
1997-10-22,0.0,1997,10,22,3,30,0.0,0.0,0.0,0.0,0.0
1997-10-23,0.0,1997,10,23,3,30,0.0,0.0,0.0,0.0,0.0
1997-10-24,0.0,1997,10,24,3,30,0.0,0.0,0.0,0.0,0.0
1997-10-25,0.0,1997,10,25,3,30,0.0,0.0,0.0,0.0,0.0
1997-10-26,0.0,1997,10,26,3,30,0.0,0.0,0.0,0.0,0.0
1997-10-27,0.0,1997,10,27,3,30,0.0,0.0,0.0,0.0,0.0
1997-10-28,0.0,1997,10,28,3,30,0.0,0.0,0.0,0.0,0.0
1997-10-29,0.0,1997,10,29,3,30,0.0,0.0,0.0,0.0,0.0
1997-10-30,0.0,1997,10,30,3,30,0.0,0.0,0.0,0.0,0.0
1997-10-31,0.0,1997,10,31,3,30,0.0,0.0,0.0,0.0,0.0
1997-11-01,0.0,1997,11,1,1,31,0.0,0.0,0.0,0.0,0.0
1997-11-02,0.0,1997,11,2,1,31,0.0,0.0,0.0,0.0,0.0
1997-11-03,0.0,1997,11,3,1,31,0.0,0.0,0.0,0.0,0.0
1997-11-04,0.0,1997,11,4,1,31,0.0,0.0,0.0,0.0,0.0
1997-11-05,0.0,1997,11,5,1,31,0.0,0.0,0.0,0.0,0.0
1997-11-06,12.0,1997,11,6,1,31,12.0,12.0,12.0,12.0,12.0
1997-11-07,0.0,1997,11,7,1,31,0.0,12.0,12.0,12.0,12.0
1997-11-08,0.0,1997,11,8,1,31,0.0,12.0,12.0,12.0,12.0
1997-11-09,0.0,1997,11,9,1,31,0.0,0.0,12.0,12.0,12.0
1997-11-10,0.0,1997,11,10,1,31,0.0,0.0,12.0,12.0,12.0
1997-11-11,0.0,1997,11,11,2,32,0.0,0.0,0.0,12.0,12.0
1997-11-12,0.0,1997,11,12,2,32,0.0,0.0,0.0,12.0,12.0
1997-11-13,0.0,1997,11,13,2,32,0.0,0.0,0.0,0.0,12.0
1997-11-14,0.0,1997,11,14,2,32,0.0,0.0,0.0,0.0,12.0
1997-11-15,0.0,1997,11,15,2,32,0.0,0.0,0.0,0.0,12.0
1997-11-16,0.0,1997,11,16,2,32,0.0,0.0,0.0,0.0,0.0
1997-11-17,0.0,1997,11,17,2,32,0.0,0.0,0.0,0.0,0.0
1997-11-18,0.0,1997,11,18,2,32,0.0,0.0,0.0,0.0,0.0
1997-11-19,0.0,1997,11,19,2,32,0.0,0.0,0.0,0.0,0.0
1997-11-20,0.0,1997,11,20,2,32,0.0,0.0,0.0,0.0,0.0
1997-11-21,0.0,1997,11,21,3,33,0.0,0.0,0.0,0.0,0.0
1997-11-22,0.0,1997,11,22,3,33,0.0,0.0,0.0,0.0,0.0
1997-11-23,1.0,1997,11,23,3,33,1.0,1.0,1.0,1.0,1.0
1997-11-24,1.0,1997,11,24,3,33,1.0,2.0,2.0,2.0,2.0
1997-11-25,0.0,1997,11,25,3,33,0.0,2.0,2.0,2.0,2.0
1997-11-26,6.0,1997,11,26,3,33,6.0,7.0,8.0,8.0,8.0
1997-11-27,0.0,1997,11,27,3,33,0.0,6.0,8.0,8.0,8.0
1997-11-28,0.0,1997,11,28,3,33,0.0,6.0,7.0,8.0,8.0
1997-11-29,19.0,1997,11,29,3,33,19.0,19.0,25.0,27.0,27.0
1997-11-30,0.0,1997,11,30,3,33,0.0,19.0,25.0,26.0,27.0
1997-12-01,9.0,1997,12,1,1,34,9.0,28.0,28.0,34.0,36.0
1997-12-02,2.0,1997,12,2,1,34,2.0,11.0,30.0,36.0,38.0
1997-12-03,0.0,1997,12,3,1,34,0.0,11.0,30.0,30.0,37.0
1997-12-04,0.0,1997,12,4,1,34,0.0,2.0,11.0,30.0,36.0
1997-12-05,4.0,1997,12,5,1,34,4.0,4.0,15.0,34.0,40.0
1997-12-06,0.0,1997,12,6,1,34,0.0,4.0,6.0,15.0,34.0
1997-12-07,0.0,1997,12,7,1,34,0.0,4.0,4.0,15.0,34.0
1997-12-08,17.0,1997,12,8,1,34,17.0,17.0,21.0,23.0,51.0
1997-12-09,1.0,1997,12,9,1,34,1.0,18.0,22.0,22.0,33.0
1997-12-10,2.0,1997,12,10,1,34,2.0,20.0,20.0,24.0,35.0
1997-12-11,10.0,1997,12,11,2,35,10.0,13.0,30.0,34.0,36.0
1997-12-12,0.0,1997,12,12,2,35,0.0,12.0,30.0,30.0,34.0
1997-12-13,0.0,1997,12,13,2,35,0.0,10.0,13.0,30.0,34.0
1997-12-14,0.0,1997,12,14,2,35,0.0,0.0,12.0,30.0,34.0
1997-12-15,18.0,1997,12,15,2,35,18.0,18.0,28.0,31.0,48.0
1997-12-16,19.0,1997,12,16,2,35,19.0,37.0,37.0,49.0,67.0
1997-12-17,0.0,1997,12,17,2,35,0.0,37.0,37.0,47.0,67.0
1997-12-18,1.0,1997,12,18,2,35,1.0,20.0,38.0,38.0,51.0
1997-12-19,0.0,1997,12,19,2,35,0.0,1.0,38.0,38.0,50.0
1997-12-20,0.0,1997,12,20,2,35,0.0,1.0,20.0,38.0,48.0
1997-12-21,0.0,1997,12,21,3,36,0.0,0.0,1.0,38.0,38.0
1997-12-22,0.0,1997,12,22,3,36,0.0,0.0,1.0,20.0,38.0
1997-12-23,4.0,1997,12,23,3,36,4.0,4.0,4.0,5.0,42.0
1997-12-24,0.0,1997,12,24,3,36,0.0,4.0,4.0,5.0,42.0
1997-12-25,0.0,1997,12,25,3,36,0.0,4.0,4.0,4.0,24.0
1997-12-26,0.0,1997,12,26,3,36,0.0,0.0,4.0,4.0,5.0
1997-12-27,2.0,1997,12,27,3,36,2.0,2.0,6.0,6.0,7.0
1997-12-28,0.0,1997,12,28,3,36,0.0,2.0,2.0,6.0,6.0
1997-12-29,0.0,1997,12,29,3,36,0.0,2.0,2.0,6.0,6.0
1997-12-30,0.0,1997,12,30,3,36,0.0,0.0,2.0,2.0,6.0
1997-12-31,0.0,1997,12,31,3,36,0.0,0.0,2.0,2.0,6.0
1998-01-01,0.0,1998,1,1,1,1,0.0,0.0,0.0,2.0,6.0
1998-01-02,0.0,1998,1,2,1,1,0.0,0.0,0.0,2.0,2.0
1998-01-03,0.0,1998,1,3,1,1,0.0,0.0,0.0,0.0,2.0
1998-01-04,0.0,1998,1,4,1,1,0.0,0.0,0.0,0.0,2.0
1998-01-05,1.0,1998,1,5,1,1,1.0,1.0,1.0,1.0,3.0
1998-01-06,0.0,1998,1,6,1,1,0.0,1.0,1.0,1.0,1.0
1998-01-07,6.0,1998,1,7,1,1,6.0,7.0,7.0,7.0,7.0
1998-01-08,1.0,1998,1,8,1,1,1.0,7.0,8.0,8.0,8.0
1998-01-09,1.0,1998,1,9,1,1,1.0,8.0,9.0,9.0,9.0
1998-01-10,1.0,1998,1,10,1,1,1.0,3.0,9.0,10.0,10.0
1998-01-11,0.0,1998,1,11,2,2,0.0,2.0,9.0,10.0,10.0
1998-01-12,1.0,1998,1,12,2,2,1.0,2.0,4.0,10.0,11.0
1998-01-13,7.0,1998,1,13,2,2,7.0,8.0,10.0,17.0,18.0
1998-01-14,0.0,1998,1,14,2,2,0.0,8.0,9.0,11.0,18.0
1998-01-15,0.0,1998,1,15,2,2,0.0,7.0,8.0,10.0,17.0
1998-01-16,0.0,1998,1,16,2,2,0.0,0.0,8.0,9.0,17.0
1998-01-17,0.0,1998,1,17,2,2,0.0,0.0,7.0,8.0,11.0
1998-01-18,14.0,1998,1,18,2,2,14.0,14.0,14.0,22.0,24.0
1998-01-19,0.0,1998,1,19,2,2,0.0,14.0,14.0,21.0,23.0
1998-01-20,14.0,1998,1,20,2,2,14.0,28.0,28.0,28.0,36.0
1998-01-21,6.0,1998,1,21,3,3,6.0,20.0,34.0,34.0,42.0
1998-01-22,0.0,1998,1,22,3,3,0.0,20.0,34.0,34.0,41.0
1998-01-23,10.0,1998,1,23,3,3,10.0,16.0,30.0,44.0,44.0
1998-01-24,0.0,1998,1,24,3,3,0.0,10.0,30.0,44.0,44.0
1998-01-25,0.0,1998,1,25,3,3,0.0,10.0,16.0,30.0,44.0
1998-01-26,41.0,1998,1,26,3,3,41.0,41.0,51.0,71.0,85.0
1998-01-27,16.0,1998,1,27,3,3,16.0,57.0,67.0,73.0,101.0
1998-01-28,0.0,1998,1,28,3,3,0.0,57.0,57.0,67.0,87.0
1998-01-29,39.0,1998,1,29,3,3,39.0,55.0,96.0,106.0,126.0
1998-01-30,19.0,1998,1,30,3,3,19.0,58.0,115.0,115.0,131.0
1998-01-31,0.0,1998,1,31,3,3,0.0,58.0,74.0,115.0,125.0
1998-02-01,0.0,1998,2,1,1,4,0.0,19.0,58.0,115.0,125.0
1998-02-02,0.0,1998,2,2,1,4,0.0,0.0,58.0,74.0,115.0
1998-02-03,0.0,1998,2,3,1,4,0.0,0.0,19.0,58.0,115.0
1998-02-04,1.0,1998,2,4,1,4,1.0,1.0,1.0,59.0,116.0
1998-02-05,1.0,1998,2,5,1,4,1.0,2.0,2.0,21.0,76.0
1998-02-06,0.0,1998,2,6,1,4,0.0,2.0,2.0,2.0,60.0
1998-02-07,19.0,1998,2,7,1,4,19.0,20.0,21.0,21.0,79.0
1998-02-08,19.0,1998,2,8,1,4,19.0,38.0,40.0,40.0,59.0
1998-02-09,0.0,1998,2,9,1,4,0.0,38.0,39.0,40.0,40.0
1998-02-10,0.0,1998,2,10,1,4,0.0,19.0,38.0,40.0,40.0
1998-02-11,34.0,1998,2,11,2,5,34.0,34.0,72.0,73.0,74.0
1998-02-12,33.0,1998,2,12,2,5,33.0,67.0,86.0,105.0,107.0
1998-02-13,30.0,1998,2,13,2,5,30.0,97.0,97.0,135.0,137.0
1998-02-14,2.0,1998,2,14,2,5,2.0,65.0,99.0,118.0,138.0
1998-02-15,0.0,1998,2,15,2,5,0.0,32.0,99.0,99.0,137.0
1998-02-16,0.0,1998,2,16,2,5,0.0,2.0,65.0,99.0,137.0
1998-02-17,12.0,1998,2,17,2,5,12.0,12.0,44.0,111.0,130.0
1998-02-18,0.0,1998,2,18,2,5,0.0,12.0,14.0,77.0,111.0
1998-02-19,1.0,1998,2,19,2,5,1.0,13.0,13.0,45.0,112.0
1998-02-20,6.0,1998,2,20,2,5,6.0,7.0,19.0,21.0,118.0
1998-02-21,1.0,1998,2,21,3,6,1.0,8.0,20.0,20.0,85.0
1998-02-22,0.0,1998,2,22,3,6,0.0,7.0,8.0,20.0,52.0
1998-02-23,0.0,1998,2,23,3,6,0.0,1.0,8.0,20.0,22.0
1998-02-24,0.0,1998,2,24,3,6,0.0,0.0,7.0,8.0,20.0
1998-02-25,8.0,1998,2,25,3,6,8.0,8.0,9.0,16.0,28.0
1998-02-26,2.0,1998,2,26,3,6,2.0,10.0,10.0,17.0,30.0
1998-02-27,3.0,1998,2,27,3,6,3.0,13.0,13.0,14.0,21.0
1998-02-28,33.0,1998,2,28,3,6,33.0,38.0,46.0,46.0,54.0
1998-03-01,0.0,1998,3,1,1,7,0.0,36.0,46.0,46.0,53.0
1998-03-02,0.0,1998,3,2,1,7,0.0,33.0,38.0,46.0,47.0
1998-03-03,9.0,1998,3,3,1,7,9.0,9.0,45.0,55.0,55.0
1998-03-04,49.0,1998,3,4,1,7,49.0,58.0,91.0,96.0,104.0
1998-03-05,0.0,1998,3,5,1,7,0.0,58.0,58.0,94.0,104.0
1998-03-06,6.0,1998,3,6,1,7,6.0,55.0,64.0,97.0,110.0
1998-03-07,40.0,1998,3,7,1,7,40.0,46.0,104.0,104.0,142.0
1998-03-08,2.0,1998,3,8,1,7,2.0,48.0,97.0,106.0,142.0
1998-03-09,0.0,1998,3,9,1,7,0.0,42.0,48.0,106.0,139.0
1998-03-10,15.0,1998,3,10,1,7,15.0,17.0,63.0,112.0,121.0
1998-03-11,0.0,1998,3,11,2,8,0.0,15.0,57.0,63.0,121.0
1998-03-12,2.0,1998,3,12,2,8,2.0,17.0,19.0,65.0,123.0
1998-03-13,0.0,1998,3,13,2,8,0.0,2.0,17.0,59.0,114.0
1998-03-14,0.0,1998,3,14,2,8,0.0,2.0,17.0,19.0,65.0
1998-03-15,0.0,1998,3,15,2,8,0.0,0.0,2.0,17.0,65.0
1998-03-16,0.0,1998,3,16,2,8,0.0,0.0,2.0,17.0,59.0
1998-03-17,16.0,1998,3,17,2,8,16.0,16.0,16.0,18.0,35.0
1998-03-18,0.0,1998,3,18,2,8,0.0,16.0,16.0,18.0,33.0
1998-03-19,6.0,1998,3,19,2,8,6.0,22.0,22.0,22.0,39.0
1998-03-20,14.0,1998,3,20,2,8,14.0,20.0,36.0,36.0,38.0
1998-03-21,27.0,1998,3,21,3,9,27.0,47.0,63.0,63.0,65.0
1998-03-22,1.0,1998,3,22,3,9,1.0,42.0,48.0,64.0,64.0
1998-03-23,0.0,1998,3,23,3,9,0.0,28.0,48.0,64.0,64.0
1998-03-24,0.0,1998,3,24,3,9,0.0,1.0,42.0,48.0,64.0
1998-03-25,0.0,1998,3,25,3,9,0.0,0.0,28.0,48.0,64.0
1998-03-26,0.0,1998,3,26,3,9,0.0,0.0,1.0,42.0,64.0
1998-03-27,50.0,1998,3,27,3,9,50.0,50.0,50.0,78.0,98.0
1998-03-28,6.0,1998,3,28,3,9,6.0,56.0,56.0,57.0,104.0
1998-03-29,0.0,1998,3,29,3,9,0.0,56.0,56.0,56.0,98.0
1998-03-30,0.0,1998,3,30,3,9,0.0,6.0,56.0,56.0,84.0
1998-03-31,0.0,1998,3,31,3,9,0.0,0.0,56.0,56.0,57.0
1998-04-01,0.0,1998,4,1,1,10,0.0,0.0,6.0,56.0,56.0
1998-04-02,1.1,1998,4,2,1,10,1.1,1.1,1.1,57.1,57.1
1998-04-03,0.5,1998,4,3,1,10,0.5,1.6,1.6,7.6,57.6
1998-04-04,0.0,1998,4,4,1,10,0.0,1.6,1.6,1.6,57.6
1998-04-05,0.0,1998,4,5,1,10,0.0,0.5,1.6,1.6,57.6
1998-04-06,10.4,1998,4,6,1,10,10.4,10.4,12.0,12.0,18.0
1998-04-07,0.2,1998,4,7,1,10,0.2,10.6,11.1,12.2,12.2
1998-04-08,0.9,1998,4,8,1,10,0.9,11.5,11.5,13.1,13.1
1998-04-09,0.0,1998,4,9,1,10,0.0,1.1,11.5,12.0,13.1
1998-04-10,0.0,1998,4,10,1,10,0.0,0.9000000000000001,11.5,11.5,13.1
1998-04-11,8.0,1998,4,11,2,11,8.0,8.0,9.1,19.5,21.1
1998-04-12,10.3,1998,4,12,2,11,10.3,18.3,19.200000000000003,29.8,30.299999999999997
1998-04-13,0.0,1998,4,13,2,11,0.0,18.3,18.299999999999997,19.4,29.799999999999997
1998-04-14,0.1,1998,4,14,2,11,0.1,10.4,18.4,19.3,29.9
1998-04-15,7.0,1998,4,15,2,11,7.0,7.1,25.4,25.4,36.9
1998-04-16,0.0,1998,4,16,2,11,0.0,7.1,17.4,25.4,26.5
1998-04-17,28.2,1998,4,17,2,11,28.2,35.2,35.3,53.6,54.5
1998-04-18,0.0,1998,4,18,2,11,0.0,28.2,35.3,45.6,53.6
1998-04-19,9.3,1998,4,19,2,11,9.3,37.5,44.5,44.599999999999994,62.900000000000006
1998-04-20,4.3,1998,4,20,2,11,4.3,13.600000000000001,41.8,48.9,67.2
1998-04-21,0.0,1998,4,21,3,12,0.0,13.600000000000001,41.8,48.800000000000004,59.2
1998-04-22,0.0,1998,4,22,3,12,0.0,4.3,13.600000000000005,41.800000000000004,48.9
1998-04-23,4.1,1998,4,23,3,12,4.1,4.1,17.700000000000003,45.900000000000006,53.0
1998-04-24,8.7,1998,4,24,3,12,8.7,12.799999999999999,17.1,26.4,61.599999999999994
1998-04-25,0.0,1998,4,25,3,12,0.0,12.799999999999999,12.8,26.4,54.599999999999994
1998-04-26,1.9,1998,4,26,3,12,1.9,10.6,14.700000000000001,18.999999999999996,56.49999999999999
1998-04-27,0.0,1998,4,27,3,12,0.0,1.9,14.700000000000003,14.699999999999998,28.299999999999997
1998-04-28,18.8,1998,4,28,3,12,18.8,20.7,29.400000000000002,33.5,47.099999999999994
1998-04-29,0.0,1998,4,29,3,12,0.0,18.8,20.700000000000003,33.5,37.8
1998-04-30,0.1,1998,4,30,3,12,0.1,18.900000000000002,20.800000000000004,29.5,33.599999999999994
1998-05-01,39.0,1998,5,1,1,13,39.0,39.1,57.900000000000006,59.8,72.6
1998-05-02,16.4,1998,5,2,1,13,16.4,55.5,74.30000000000001,76.19999999999999,89.0
1998-05-03,2.8,1998,5,3,1,13,2.8,58.199999999999996,58.300000000000004,77.1,87.7
1998-05-04,0.0,1998,5,4,1,13,0.0,19.2,58.3,77.1,79.0
1998-05-05,0.0,1998,5,5,1,13,0.0,2.8,58.2,58.29999999999999,79.0
1998-05-06,0.2,1998,5,6,1,13,0.2,0.2,19.400000000000006,58.5,77.29999999999998
1998-05-07,6.3,1998,5,7,1,13,6.3,6.5,9.300000000000008,64.7,83.6
1998-05-08,46.0,1998,5,8,1,13,46.0,52.5,52.50000000000001,71.69999999999999,110.79999999999998
1998-05-09,3.1,1998,5,9,1,13,3.1,55.4,55.60000000000001,58.4,113.89999999999999
1998-05-10,14.3,1998,5,10,1,13,14.3,63.4,69.9,69.9,128.1
1998-05-11,44.2,1998,5,11,2,14,44.2,61.6,113.9,114.1,133.3
1998-05-12,3.2,1998,5,12,2,14,3.2,61.7,110.80000000000001,117.3,120.1
1998-05-13,0.0,1998,5,13,2,14,0.0,47.400000000000006,64.80000000000001,117.1,117.3
1998-05-14,18.8,1998,5,14,2,14,18.8,22.0,80.5,129.6,136.1
1998-05-15,0.2,1998,5,15,2,14,0.2,19.0,66.4,83.8,136.29999999999998
1998-05-16,0.0,1998,5,16,2,14,0.0,19.0,22.200000000000006,80.7,136.1
1998-05-17,22.7,1998,5,17,2,14,22.7,22.9,41.7,89.1,152.5
1998-05-18,0.0,1998,5,18,2,14,0.0,22.7,41.7,44.9,106.5
1998-05-19,0.0,1998,5,19,2,14,0.0,22.7,22.900000000000006,41.699999999999996,103.4
1998-05-20,0.5,1998,5,20,2,14,0.5,0.5,23.200000000000006,42.199999999999996,89.6
1998-05-21,0.0,1998,5,21,3,15,0.0,0.5,23.200000000000006,23.4,45.4
1998-05-22,0.0,1998,5,22,3,15,0.0,0.5,0.5000000000000071,23.2,42.199999999999996
1998-05-23,0.0,1998,5,23,3,15,0.0,0.0,0.5000000000000071,23.2,42.199999999999996
1998-05-24,0.0,1998,5,24,3,15,0.0,0.0,0.5000000000000071,0.5,23.4
1998-05-25,0.4,1998,5,25,3,15,0.4,0.4,0.4000000000000071,0.9,23.599999999999998
1998-05-26,0.1,1998,5,26,3,15,0.1,0.5,0.5000000000000071,1.0,23.7
1998-05-27,0.0,1998,5,27,3,15,0.0,0.5,0.5000000000000071,0.5,1.0
1998-05-28,0.1,1998,5,28,3,15,0.1,0.2,0.6000000000000072,0.6000000000000001,1.1
1998-05-29,1.0,1998,5,29,3,15,1.0,1.1,1.6000000000000072,1.6,2.1
1998-05-30,0.0,1998,5,30,3,15,0.0,1.1,1.2000000000000073,1.6,1.6
1998-05-31,2.4,1998,5,31,3,15,2.4,3.4,3.500000000000007,4.0,4.0
1998-06-01,13.9,1998,6,1,1,16,13.9,16.3,17.400000000000006,17.5,17.9
1998-06-02,0.8,1998,6,2,1,16,0.8,17.1,18.100000000000005,18.2,18.7
1998-06-03,0.0,1998,6,3,1,16,0.0,14.700000000000001,17.100000000000005,18.2,18.7
1998-06-04,17.7,1998,6,4,1,16,17.7,18.5,34.800000000000004,35.8,36.0
1998-06-05,0.0,1998,6,5,1,16,0.0,17.7,32.400000000000006,34.8,35.9
1998-06-06,2.0,1998,6,6,1,16,2.0,19.7,20.500000000000007,36.8,37.9
1998-06-07,0.0,1998,6,7,1,16,0.0,2.0,19.700000000000006,34.400000000000006,37.8
1998-06-08,0.0,1998,6,8,1,16,0.0,2.0,19.700000000000006,20.5,36.8
1998-06-09,0.0,1998,6,9,1,16,0.0,0.0,2.000000000000007,19.7,36.8
1998-06-10,0.0,1998,6,10,1,16,0.0,0.0,2.000000000000007,19.7,34.4
1998-06-11,37.7,1998,6,11,2,17,37.7,37.7,37.70000000000001,39.7,58.2
1998-06-12,2.6,1998,6,12,2,17,2.6,40.300000000000004,40.30000000000001,42.300000000000004,60.0
1998-06-13,0.0,1998,6,13,2,17,0.0,40.300000000000004,40.30000000000001,40.300000000000004,60.0
1998-06-14,0.3,1998,6,14,2,17,0.3,2.9,40.60000000000001,40.6,42.6
1998-06-15,0.0,1998,6,15,2,17,0.0,0.3,40.60000000000001,40.6,42.6
1998-06-16,0.1,1998,6,16,2,17,0.1,0.4,3.000000000000007,40.7,40.7
1998-06-17,2.5,1998,6,17,2,17,2.5,2.6,2.900000000000007,43.2,43.2
1998-06-18,0.0,1998,6,18,2,17,0.0,2.6,2.900000000000007,5.5,43.2
1998-06-19,0.2,1998,6,19,2,17,0.2,2.7,2.8000000000000074,3.1,43.400000000000006
1998-06-20,0.1,1998,6,20,2,17,0.1,0.30000000000000004,2.900000000000007,3.1999999999999997,43.5
1998-06-21,16.2,1998,6,21,3,18,16.2,16.5,19.000000000000007,19.099999999999998,22.0
1998-06-22,1.2,1998,6,22,3,18,1.2,17.5,17.700000000000006,20.299999999999997,20.599999999999998
1998-06-23,0.0,1998,6,23,3,18,0.0,17.4,17.700000000000006,20.199999999999996,20.599999999999998
1998-06-24,0.0,1998,6,24,3,18,0.0,1.2,17.500000000000007,17.699999999999996,20.3
1998-06-25,4.3,1998,6,25,3,18,4.3,4.3,21.700000000000006,21.999999999999996,24.6
1998-06-26,0.0,1998,6,26,3,18,0.0,4.3,5.500000000000007,21.799999999999997,24.5
1998-06-27,0.0,1998,6,27,3,18,0.0,4.3,4.300000000000007,21.7,22.0
1998-06-28,12.9,1998,6,28,3,18,12.9,12.9,17.200000000000006,18.4,34.9
1998-06-29,0.0,1998,6,29,3,18,0.0,12.9,17.20000000000001,17.200000000000003,34.699999999999996
1998-06-30,0.0,1998,6,30,3,18,0.0,12.9,12.900000000000007,17.200000000000003,34.6
1998-07-01,0.0,1998,7,1,1,19,0.0,0.0,12.90000000000001,17.200000000000003,18.4
1998-07-02,0.0,1998,7,2,1,19,0.0,0.0,12.90000000000001,12.9,17.200000000000003
1998-07-03,0.0,1998,7,3,1,19,0.0,0.0,0.0,12.9,17.200000000000003
1998-07-04,15.0,1998,7,4,1,19,15.0,15.0,15.000000000000007,27.9,32.2
1998-07-05,0.0,1998,7,5,1,19,0.0,15.0,15.000000000000007,15.0,27.9
1998-07-06,0.0,1998,7,6,1,19,0.0,15.0,15.000000000000007,15.0,27.9
1998-07-07,0.0,1998,7,7,1,19,0.0,0.0,15.000000000000007,15.0,27.9
1998-07-08,2.1,1998,7,8,1,19,2.1,2.1,17.10000000000001,17.1,17.1
1998-07-09,0.2,1998,7,9,1,19,0.2,2.3000000000000003,2.3000000000000074,17.3,17.3
1998-07-10,0.0,1998,7,10,1,19,0.0,2.3000000000000003,2.3000000000000074,17.3,17.3
1998-07-11,13.2,1998,7,11,2,20,13.2,13.399999999999999,15.500000000000007,15.5,30.5
1998-07-12,0.0,1998,7,12,2,20,0.0,13.2,15.500000000000007,15.5,30.5
1998-07-13,1.5,1998,7,13,2,20,1.5,14.7,14.900000000000007,17.0,32.0
1998-07-14,0.5,1998,7,14,2,20,0.5,2.0,15.200000000000006,17.5,17.5
1998-07-15,0.0,1998,7,15,2,20,0.0,2.0,15.200000000000006,15.4,17.5
1998-07-16,0.0,1998,7,16,2,20,0.0,0.5,2.000000000000007,15.2,17.5
1998-07-17,0.0,1998,7,17,2,20,0.0,0.0,2.000000000000007,15.2,17.5
1998-07-18,7.0,1998,7,18,2,20,7.0,7.0,7.500000000000007,9.0,22.4
1998-07-19,0.1,1998,7,19,2,20,0.1,7.1,7.100000000000007,9.1,22.3
1998-07-20,0.5,1998,7,20,2,20,0.5,7.6,7.600000000000007,8.1,22.8
1998-07-21,0.0,1998,7,21,3,21,0.0,0.6,7.600000000000007,7.6,9.6
1998-07-22,13.7,1998,7,22,3,21,13.7,14.2,21.300000000000004,21.299999999999997,23.299999999999997
1998-07-23,0.0,1998,7,23,3,21,0.0,13.7,14.300000000000006,21.299999999999997,21.799999999999997
1998-07-24,1.9,1998,7,24,3,21,1.9,15.6,16.100000000000005,23.2,23.2
1998-07-25,0.0,1998,7,25,3,21,0.0,1.9,15.600000000000007,16.2,23.2
1998-07-26,0.0,1998,7,26,3,21,0.0,1.9,15.600000000000007,16.099999999999998,23.2
1998-07-27,0.0,1998,7,27,3,21,0.0,0.0,1.900000000000007,15.6,23.2
1998-07-28,0.0,1998,7,28,3,21,0.0,0.0,1.900000000000007,15.6,16.2
1998-07-29,0.0,1998,7,29,3,21,0.0,0.0,0.0,1.9,16.099999999999998
1998-07-30,4.2,1998,7,30,3,21,4.2,4.2,4.200000000000007,6.1,19.799999999999997
1998-07-31,0.0,1998,7,31,3,21,0.0,4.2,4.200000000000007,4.2,19.799999999999997
1998-08-01,0.0,1998,8,1,1,22,0.0,4.2,4.200000000000007,4.200000000000001,6.1
1998-08-02,0.0,1998,8,2,1,22,0.0,0.0,4.200000000000007,4.200000000000001,6.1
1998-08-03,0.0,1998,8,3,1,22,0.0,0.0,4.200000000000007,4.200000000000001,4.199999999999999
1998-08-04,12.3,1998,8,4,1,22,12.3,12.3,12.300000000000008,16.5,16.5
1998-08-05,0.0,1998,8,5,1,22,0.0,12.3,12.300000000000008,16.5,16.5
1998-08-06,0.0,1998,8,6,1,22,0.0,12.3,12.300000000000008,12.3,16.5
1998-08-07,0.0,1998,8,7,1,22,0.0,0.0,12.300000000000008,12.3,16.5
1998-08-08,0.0,1998,8,8,1,22,0.0,0.0,12.300000000000008,12.3,16.5
1998-08-09,0.3,1998,8,9,1,22,0.3,0.3,0.3000000000000071,12.600000000000001,12.600000000000001
1998-08-10,0.0,1998,8,10,1,22,0.0,0.3,0.3000000000000071,12.600000000000001,12.600000000000001
1998-08-11,0.0,1998,8,11,2,23,0.0,0.3,0.3000000000000071,0.3,12.600000000000001
1998-08-12,3.2,1998,8,12,2,23,3.2,3.2,3.500000000000007,3.5,15.8
1998-08-13,13.0,1998,8,13,2,23,13.0,16.2,16.500000000000007,16.5,28.8
1998-08-14,0.0,1998,8,14,2,23,0.0,16.2,16.200000000000006,16.5,16.5
1998-08-15,0.0,1998,8,15,2,23,0.0,13.0,16.200000000000006,16.5,16.5
1998-08-16,0.0,1998,8,16,2,23,0.0,0.0,16.200000000000006,16.2,16.5
1998-08-17,8.8,1998,8,17,2,23,8.8,8.8,21.800000000000008,25.0,25.3
1998-08-18,0.0,1998,8,18,2,23,0.0,8.8,8.800000000000008,25.0,25.3
1998-08-19,0.0,1998,8,19,2,23,0.0,8.8,8.800000000000008,21.8,25.0
1998-08-20,0.0,1998,8,20,2,23,0.0,0.0,8.800000000000008,8.8,25.0
1998-08-21,2.5,1998,8,21,3,24,2.5,2.5,11.300000000000008,11.3,27.5
1998-08-22,0.0,1998,8,22,3,24,0.0,2.5,2.500000000000007,11.3,24.3
1998-08-23,0.0,1998,8,23,3,24,0.0,2.5,2.500000000000007,11.3,11.3
1998-08-24,13.4,1998,8,24,3,24,13.4,13.4,15.900000000000007,15.9,24.700000000000003
1998-08-25,0.0,1998,8,25,3,24,0.0,13.4,15.900000000000007,15.9,24.700000000000003
1998-08-26,0.0,1998,8,26,3,24,0.0,13.4,13.400000000000007,15.9,24.700000000000003
1998-08-27,18.8,1998,8,27,3,24,18.8,18.8,32.20000000000001,34.7,34.7
1998-08-28,0.0,1998,8,28,3,24,0.0,18.8,32.2,32.2,34.7
1998-08-29,10.3,1998,8,29,3,24,10.3,29.1,29.10000000000001,42.5,45.0
1998-08-30,0.7,1998,8,30,3,24,0.7,11.0,29.800000000000008,43.2,45.7
1998-08-31,11.0,1998,8,31,3,24,11.0,22.0,40.800000000000004,40.8,54.2
1998-09-01,0.0,1998,9,1,1,25,0.0,11.7,22.000000000000007,40.8,54.2
1998-09-02,0.0,1998,9,2,1,25,0.0,11.0,22.000000000000007,40.8,54.2
1998-09-03,0.0,1998,9,3,1,25,0.0,0.0,11.700000000000006,21.999999999999996,40.8
1998-09-04,0.0,1998,9,4,1,25,0.0,0.0,11.000000000000007,21.999999999999996,40.8
1998-09-05,0.0,1998,9,5,1,25,0.0,0.0,0.0,11.699999999999996,40.8
1998-09-06,0.0,1998,9,6,1,25,0.0,0.0,0.0,10.999999999999996,21.999999999999996
1998-09-07,0.0,1998,9,7,1,25,0.0,0.0,0.0,0.0,21.999999999999996
1998-09-08,0.0,1998,9,8,1,25,0.0,0.0,0.0,0.0,11.699999999999996
1998-09-09,0.2,1998,9,9,1,25,0.2,0.2,0.20000000000000712,0.19999999999999646,11.199999999999996
1998-09-10,0.0,1998,9,10,1,25,0.0,0.2,0.20000000000000712,0.19999999999999646,0.19999999999999646
1998-09-11,0.0,1998,9,11,2,26,0.0,0.2,0.20000000000000712,0.19999999999999646,0.19999999999999646
1998-09-12,0.0,1998,9,12,2,26,0.0,0.0,0.20000000000000712,0.19999999999999646,0.19999999999999646
1998-09-13,0.0,1998,9,13,2,26,0.0,0.0,0.20000000000000712,0.19999999999999646,0.19999999999999646
1998-09-14,0.0,1998,9,14,2,26,0.0,0.0,0.0,0.19999999999999646,0.19999999999999646
1998-09-15,0.0,1998,9,15,2,26,0.0,0.0,0.0,0.19999999999999646,0.19999999999999646
1998-09-16,0.0,1998,9,16,2,26,0.0,0.0,0.0,0.0,0.19999999999999646
1998-09-17,0.0,1998,9,17,2,26,0.0,0.0,0.0,0.0,0.19999999999999646
1998-09-18,0.0,1998,9,18,2,26,0.0,0.0,0.0,0.0,0.19999999999999646
1998-09-19,0.0,1998,9,19,2,26,0.0,0.0,0.0,0.0,0.0
1998-09-20,20.8,1998,9,20,2,26,20.8,20.8,20.800000000000008,20.799999999999997,20.799999999999997
1998-09-21,1.0,1998,9,21,3,27,1.0,21.8,21.800000000000008,21.799999999999997,21.799999999999997
1998-09-22,0.0,1998,9,22,3,27,0.0,21.8,21.800000000000008,21.799999999999997,21.799999999999997
1998-09-23,15.8,1998,9,23,3,27,15.8,16.8,37.60000000000001,37.599999999999994,37.599999999999994
1998-09-24,1.5,1998,9,24,3,27,1.5,17.3,39.10000000000001,39.099999999999994,39.099999999999994
1998-09-25,0.0,1998,9,25,3,27,0.0,17.3,18.300000000000008,39.099999999999994,39.099999999999994
1998-09-26,1.7,1998,9,26,3,27,1.7,3.2,19.000000000000007,40.8,40.8
1998-09-27,0.0,1998,9,27,3,27,0.0,1.7,19.000000000000007,19.999999999999996,40.8
1998-09-28,0.3,1998,9,28,3,27,0.3,2.0,3.500000000000007,19.299999999999997,41.099999999999994
1998-09-29,1.4,1998,9,29,3,27,1.4,1.7,3.400000000000007,20.699999999999996,42.5
1998-09-30,0.0,1998,9,30,3,27,0.0,1.7,3.400000000000007,4.899999999999997,21.699999999999996
1998-10-01,0.0,1998,10,1,1,28,0.0,1.4,1.700000000000007,3.3999999999999964,20.699999999999996
1998-10-02,52.0,1998,10,2,1,28,52.0,52.0,53.70000000000001,55.4,72.69999999999999
1998-10-03,24.4,1998,10,3,1,28,24.4,76.4,77.80000000000001,78.1,81.3
1998-10-04,0.0,1998,10,4,1,28,0.0,76.4,76.4,78.1,79.8
1998-10-05,0.0,1998,10,5,1,28,0.0,24.4,76.4,77.8,79.8
1998-10-06,0.0,1998,10,6,1,28,0.0,0.0,76.4,76.39999999999999,78.1
1998-10-07,0.2,1998,10,7,1,28,0.2,0.2,24.600000000000005,76.6,78.3
1998-10-08,0.0,1998,10,8,1,28,0.0,0.2,0.20000000000000712,76.6,78.0
1998-10-09,0.0,1998,10,9,1,28,0.0,0.2,0.20000000000000712,24.599999999999998,76.6
1998-10-10,0.3,1998,10,10,1,28,0.3,0.3,0.5000000000000071,0.5,76.89999999999999
1998-10-11,34.4,1998,10,11,2,29,34.4,34.699999999999996,34.900000000000006,34.9,111.29999999999998
1998-10-12,0.0,1998,10,12,2,29,0.0,34.699999999999996,34.7,34.9,59.29999999999999
1998-10-13,0.0,1998,10,13,2,29,0.0,34.4,34.7,34.9,34.89999999999999
1998-10-14,22.5,1998,10,14,2,29,22.5,22.5,57.2,57.199999999999996,57.39999999999999
1998-10-15,2.8,1998,10,15,2,29,2.8,25.3,59.7,59.99999999999999,60.19999999999999
1998-10-16,0.0,1998,10,16,2,29,0.0,25.3,25.300000000000008,59.99999999999999,60.19999999999999
1998-10-17,0.2,1998,10,17,2,29,0.2,3.0,25.500000000000007,59.9,60.19999999999999
1998-10-18,0.0,1998,10,18,2,29,0.0,0.2,25.500000000000007,25.5,60.19999999999999
1998-10-19,24.6,1998,10,19,2,29,24.6,24.8,27.60000000000001,50.1,84.79999999999998
1998-10-20,18.5,1998,10,20,2,29,18.5,43.1,43.30000000000001,68.6,103.0
1998-10-21,0.0,1998,10,21,3,30,0.0,43.1,43.30000000000001,46.1,68.6
1998-10-22,0.0,1998,10,22,3,30,0.0,18.5,43.10000000000001,43.300000000000004,68.6
1998-10-23,28.3,1998,10,23,3,30,28.3,28.3,71.4,71.60000000000001,96.89999999999999
1998-10-24,0.0,1998,10,24,3,30,0.0,28.3,46.800000000000004,71.4,74.4
1998-10-25,0.0,1998,10,25,3,30,0.0,28.3,28.300000000000008,71.4,71.6
1998-10-26,16.2,1998,10,26,3,30,16.2,16.2,44.50000000000001,63.0,87.79999999999998
1998-10-27,1.0,1998,10,27,3,30,1.0,17.2,45.50000000000001,45.5,88.6
1998-10-28,0.4,1998,10,28,3,30,0.4,17.599999999999998,17.600000000000005,45.9,89.0
1998-10-29,0.7,1998,10,29,3,30,0.7,2.1,18.300000000000008,46.6,65.1
1998-10-30,0.4,1998,10,30,3,30,0.4,1.5,18.700000000000006,18.7,46.99999999999999
1998-10-31,4.3,1998,10,31,3,30,4.3,5.4,6.800000000000007,23.0,51.29999999999999
1998-11-01,0.0,1998,11,1,1,31,0.0,4.699999999999999,5.800000000000007,23.0,51.29999999999999
1998-11-02,4.1,1998,11,2,1,31,4.1,8.399999999999999,9.500000000000007,10.899999999999999,27.09999999999999
1998-11-03,3.1,1998,11,3,1,31,3.1,7.199999999999999,11.900000000000007,13.0,30.199999999999992
1998-11-04,1.7,1998,11,4,1,31,1.7,8.9,13.200000000000006,14.299999999999999,31.89999999999999
1998-11-05,4.4,1998,11,5,1,31,4.4,9.2,13.300000000000006,18.0,20.099999999999994
1998-11-06,1.2,1998,11,6,1,31,1.2,7.300000000000001,14.500000000000007,18.8,20.299999999999994
1998-11-07,0.0,1998,11,7,1,31,0.0,5.6000000000000005,10.400000000000006,14.5,19.899999999999995
1998-11-08,2.9,1998,11,8,1,31,2.9,4.1,10.200000000000006,17.4,22.09999999999999
1998-11-09,0.4,1998,11,9,1,31,0.4,3.2999999999999994,8.900000000000007,13.7,22.09999999999999
1998-11-10,10.0,1998,11,10,1,31,10.0,13.3,14.500000000000007,20.6,27.79999999999999
1998-11-11,18.6,1998,11,11,2,32,18.6,29.0,31.90000000000001,37.5,46.39999999999999
1998-11-12,23.8,1998,11,12,2,32,23.8,52.400000000000006,55.70000000000001,56.900000000000006,66.1
1998-11-13,0.6,1998,11,13,2,32,0.6,43.0,53.40000000000001,56.300000000000004,63.599999999999994
1998-11-14,0.0,1998,11,14,2,32,0.0,24.400000000000002,53.000000000000014,56.300000000000004,61.89999999999999
1998-11-15,29.0,1998,11,15,2,32,29.0,29.6,72.00000000000001,82.4,86.5
1998-11-16,4.7,1998,11,16,2,32,4.7,33.7,58.10000000000001,86.7,90.0
1998-11-17,4.0,1998,11,17,2,32,4.0,37.7,38.30000000000001,80.7,94.0
1998-11-18,10.0,1998,11,18,2,32,10.0,18.7,47.7,72.10000000000001,101.1
1998-11-19,2.6,1998,11,19,2,32,2.6,16.6,50.300000000000004,50.900000000000006,103.3
1998-11-20,1.2,1998,11,20,2,32,1.2,13.8,22.500000000000007,51.50000000000001,94.5
1998-11-21,8.9,1998,11,21,3,33,8.9,12.700000000000001,26.70000000000001,60.400000000000006,84.8
1998-11-22,0.0,1998,11,22,3,33,0.0,10.100000000000001,22.70000000000001,31.400000000000006,60.99999999999999
1998-11-23,0.0,1998,11,23,3,33,0.0,8.9,12.700000000000008,26.700000000000003,60.4
1998-11-24,0.7,1998,11,24,3,33,0.7,0.7,10.800000000000008,23.400000000000006,61.099999999999994
1998-11-25,0.0,1998,11,25,3,33,0.0,0.7,9.600000000000007,13.400000000000004,32.099999999999994
1998-11-26,0.7,1998,11,26,3,33,0.7,1.4,1.400000000000007,11.500000000000005,28.099999999999994
1998-11-27,0.0,1998,11,27,3,33,0.0,0.7,1.400000000000007,10.300000000000004,24.099999999999994
1998-11-28,0.0,1998,11,28,3,33,0.0,0.7,1.400000000000007,1.4000000000000035,14.099999999999994
1998-11-29,0.0,1998,11,29,3,33,0.0,0.0,0.7000000000000071,1.4000000000000035,11.499999999999995
1998-11-30,0.0,1998,11,30,3,33,0.0,0.0,0.7000000000000071,1.4000000000000035,10.299999999999994
1998-12-01,1.9,1998,12,1,1,34,1.9,1.9,1.900000000000007,2.600000000000003,3.2999999999999927
1998-12-02,0.0,1998,12,2,1,34,0.0,1.9,1.900000000000007,2.600000000000003,3.2999999999999927
1998-12-03,11.6,1998,12,3,1,34,11.6,13.5,13.500000000000007,13.500000000000004,14.899999999999991
1998-12-04,9.0,1998,12,4,1,34,9.0,20.6,22.500000000000007,22.500000000000004,23.199999999999996
1998-12-05,5.7,1998,12,5,1,34,5.7,26.3,28.200000000000006,28.200000000000003,28.899999999999995
1998-12-06,6.5,1998,12,6,1,34,6.5,21.2,32.80000000000001,34.7,34.699999999999996
1998-12-07,18.0,1998,12,7,1,34,18.0,30.2,50.80000000000001,52.7,52.699999999999996
1998-12-08,2.2,1998,12,8,1,34,2.2,26.7,41.400000000000006,53.00000000000001,54.9
1998-12-09,0.0,1998,12,9,1,34,0.0,20.2,32.400000000000006,53.00000000000001,54.9
1998-12-10,0.5,1998,12,10,1,34,0.5,2.7,27.200000000000006,41.900000000000006,55.4
1998-12-11,0.0,1998,12,11,2,35,0.0,0.5,20.700000000000006,32.900000000000006,53.5
1998-12-12,0.0,1998,12,12,2,35,0.0,0.5,2.7000000000000073,27.200000000000003,53.5
1998-12-13,0.0,1998,12,13,2,35,0.0,0.0,0.5000000000000071,20.700000000000003,41.9
1998-12-14,0.9,1998,12,14,2,35,0.9,0.9,1.400000000000007,3.6000000000000036,33.8
1998-12-15,3.8,1998,12,15,2,35,3.8,4.7,4.700000000000006,5.200000000000003,31.899999999999995
1998-12-16,1.5,1998,12,16,2,35,1.5,6.199999999999999,6.200000000000006,6.700000000000003,26.899999999999995
1998-12-17,0.0,1998,12,17,2,35,0.0,5.299999999999999,6.200000000000006,6.200000000000003,8.899999999999997
1998-12-18,1.0,1998,12,18,2,35,1.0,2.5,7.200000000000006,7.200000000000003,7.699999999999996
1998-12-19,0.0,1998,12,19,2,35,0.0,1.0,6.300000000000006,7.200000000000003,7.699999999999996
1998-12-20,0.9,1998,12,20,2,35,0.9,1.9,3.400000000000007,8.100000000000003,8.099999999999996
1998-12-21,0.0,1998,12,21,3,36,0.0,0.9,1.900000000000007,7.200000000000003,8.099999999999996
1998-12-22,70.6,1998,12,22,3,36,70.6,71.5,72.5,74.0,78.69999999999999
1998-12-23,4.1,1998,12,23,3,36,4.1,74.69999999999999,75.6,76.6,82.79999999999998
1998-12-24,0.0,1998,12,24,3,36,0.0,74.69999999999999,75.6,76.6,81.89999999999998
1998-12-25,18.4,1998,12,25,3,36,18.4,22.5,93.1,94.0,96.49999999999999
1998-12-26,3.3,1998,12,26,3,36,3.3,21.7,96.39999999999999,97.3,98.29999999999998
1998-12-27,0.0,1998,12,27,3,36,0.0,21.700000000000003,25.8,96.39999999999999,98.29999999999998
1998-12-28,0.0,1998,12,28,3,36,0.0,3.3000000000000034,21.700000000000003,96.39999999999999,97.29999999999998
1998-12-29,0.6,1998,12,29,3,36,0.6,0.6000000000000035,22.3,26.4,97.89999999999999
1998-12-30,0.8,1998,12,30,3,36,0.8,1.4000000000000035,4.700000000000004,23.099999999999998,97.8
1998-12-31,4.2,1998,12,31,3,36,4.2,5.600000000000003,5.600000000000004,27.300000000000004,102.0
1999-01-01,36.3,1999,1,1,1,1,36.3,41.3,41.9,45.2,67.69999999999999
1999-01-02,65.3,1999,1,2,1,1,65.3,105.8,107.19999999999999,107.2,128.9
1999-01-03,26.0,1999,1,3,1,1,26.0,127.6,132.60000000000002,133.2,154.9
1999-01-04,0.1,1999,1,4,1,1,0.1,91.39999999999999,131.9,133.3,136.6
1999-01-05,0.0,1999,1,5,1,1,0.0,26.1,127.7,132.70000000000002,133.3
1999-01-06,0.2,1999,1,6,1,1,0.2,0.30000000000000004,91.60000000000001,132.1,133.50000000000003
1999-01-07,1.1,1999,1,7,1,1,1.1,1.3,27.4,129.0,134.60000000000002
1999-01-08,35.0,1999,1,8,1,1,35.0,36.3,36.4,127.70000000000002,169.0
1999-01-09,1.5,1999,1,9,1,1,1.5,37.599999999999994,37.8,63.9,169.70000000000002
1999-01-10,28.0,1999,1,10,1,1,28.0,64.5,65.8,65.9,193.5
1999-01-11,0.0,1999,1,11,2,2,0.0,29.5,65.6,65.80000000000001,157.20000000000002
1999-01-12,0.6,1999,1,12,2,2,0.6,28.6,65.1,66.4,92.50000000000001
1999-01-13,0.9,1999,1,13,2,2,0.9,1.5,31.0,67.1,67.4
1999-01-14,8.2,1999,1,14,2,2,8.2,9.7,37.7,74.19999999999999,75.50000000000001
1999-01-15,3.7,1999,1,15,2,2,3.7,12.8,13.399999999999999,42.9,79.20000000000002
1999-01-16,38.4,1999,1,16,2,2,38.4,50.3,51.8,79.8,117.4
1999-01-17,1.6,1999,1,17,2,2,1.6,43.699999999999996,52.8,53.4,117.9
1999-01-18,0.0,1999,1,18,2,2,0.0,40.0,51.9,53.4,82.9
1999-01-19,21.0,1999,1,19,2,2,21.0,22.6,64.7,73.8,102.4
1999-01-20,2.0,1999,1,20,2,2,2.0,23.0,63.0,74.9,76.4
1999-01-21,8.3,1999,1,21,3,3,8.3,31.3,32.900000000000006,75.0,84.7
1999-01-22,12.3,1999,1,22,3,3,12.3,22.6,43.6,83.6,96.4
1999-01-23,0.0,1999,1,23,3,3,0.0,20.6,43.6,45.2,95.5
1999-01-24,6.0,1999,1,24,3,3,6.0,18.3,28.6,49.6,93.30000000000001
1999-01-25,35.0,1999,1,25,3,3,35.0,41.0,61.6,84.6,124.60000000000002
1999-01-26,21.4,1999,1,26,3,3,21.4,62.4,74.69999999999999,85.0,107.60000000000001
1999-01-27,24.0,1999,1,27,3,3,24.0,80.4,86.4,107.0,130.0
1999-01-28,76.0,1999,1,28,3,3,76.0,121.4,162.4,174.7,206.0
1999-01-29,11.0,1999,1,29,3,3,11.0,111.0,167.4,173.39999999999998,196.0
1999-01-30,39.0,1999,1,30,3,3,39.0,126.0,171.4,212.39999999999998,233.0
1999-01-31,52.0,1999,1,31,3,3,52.0,102.0,202.0,258.4,276.7
1999-02-01,13.6,1999,2,1,1,4,13.6,104.6,191.6,237.0,278.0
1999-02-02,8.3,1999,2,2,1,4,8.3,73.9,123.9,223.9,286.3
1999-02-03,4.4,1999,2,3,1,4,4.4,26.3,117.3,204.29999999999998,284.7
1999-02-04,9.0,1999,2,4,1,4,9.0,21.700000000000003,87.3,137.3,258.70000000000005
1999-02-05,0.0,1999,2,5,1,4,0.0,13.4,35.3,126.3,237.3
1999-02-06,0.0,1999,2,6,1,4,0.0,9.0,21.7,87.3,213.3
1999-02-07,1.6,1999,2,7,1,4,1.6,1.6,15.0,36.9,138.9
1999-02-08,9.0,1999,2,8,1,4,9.0,10.6,19.6,32.3,136.9
1999-02-09,14.0,1999,2,9,1,4,14.0,24.6,24.6,38.0,111.90000000000002
1999-02-10,15.8,1999,2,10,1,4,15.8,38.8,40.4,49.4,75.70000000000002
1999-02-11,0.5,1999,2,11,2,5,0.5,30.299999999999997,40.9,40.900000000000006,62.600000000000016
1999-02-12,2.7,1999,2,12,2,5,2.7,19.0,42.0,43.6,57.000000000000014
1999-02-13,1.8,1999,2,13,2,5,1.8,5.0,34.8,45.4,54.40000000000001
1999-02-14,3.8,1999,2,14,2,5,3.8,8.3,24.599999999999998,47.6,49.20000000000002
1999-02-15,0.0,1999,2,15,2,5,0.0,5.6,8.8,38.6,49.20000000000002
1999-02-16,0.0,1999,2,16,2,5,0.0,3.8,8.3,24.6,49.20000000000002
1999-02-17,10.0,1999,2,17,2,5,10.0,10.0,15.600000000000001,18.799999999999997,57.600000000000016
1999-02-18,2.0,1999,2,18,2,5,2.0,12.0,15.8,20.299999999999997,50.600000000000016
1999-02-19,0.4,1999,2,19,2,5,0.4,12.4,12.400000000000002,18.0,37.000000000000014
1999-02-20,5.7,1999,2,20,2,5,5.7,8.100000000000001,18.1,21.9,26.900000000000013
1999-02-21,25.9,1999,2,21,3,6,25.9,32.0,44.0,44.0,52.30000000000001
1999-02-22,7.2,1999,2,22,3,6,7.2,38.800000000000004,41.2,51.199999999999996,56.80000000000002
1999-02-23,16.8,1999,2,23,3,6,16.8,49.9,56.0,68.0,71.80000000000001
1999-02-24,4.0,1999,2,24,3,6,4.0,28.0,59.6,62.0,72.00000000000001
1999-02-25,1.5,1999,2,25,3,6,1.5,22.3,55.4,61.5,73.50000000000001
1999-02-26,45.8,1999,2,26,3,6,45.8,51.3,75.3,106.9,119.30000000000001
1999-02-27,26.9,1999,2,27,3,6,26.9,74.19999999999999,95.0,128.1,136.20000000000002
1999-02-28,7.5,1999,2,28,3,6,7.5,80.19999999999999,85.69999999999999,109.69999999999999,141.70000000000002
1999-03-01,13.2,1999,3,1,1,7,13.2,47.599999999999994,94.89999999999999,115.7,154.5
1999-03-02,11.5,1999,3,2,1,7,11.5,32.2,104.89999999999999,110.4,160.3
1999-03-03,0.0,1999,3,3,1,7,0.0,24.7,59.099999999999994,106.4,134.4
1999-03-04,0.0,1999,3,4,1,7,0.0,11.5,32.2,104.9,127.2
1999-03-05,1.3,1999,3,5,1,7,1.3,1.3,26.0,60.4,111.7
1999-03-06,0.0,1999,3,6,1,7,0.0,1.3,12.8,33.5,107.7
1999-03-07,0.0,1999,3,7,1,7,0.0,1.3,1.3,26.0,106.2
1999-03-08,7.1,1999,3,8,1,7,7.1,7.1,8.4,19.9,67.50000000000001
1999-03-09,0.0,1999,3,9,1,7,0.0,7.1,8.399999999999999,8.399999999999999,40.600000000000016
1999-03-10,0.5,1999,3,10,1,7,0.5,7.6,7.6,8.899999999999999,33.600000000000016
1999-03-11,0.0,1999,3,11,2,8,0.0,0.5,7.6,8.899999999999999,20.400000000000013
1999-03-12,2.0,1999,3,12,2,8,2.0,2.5,9.6,9.6,10.900000000000013
1999-03-13,0.0,1999,3,13,2,8,0.0,2.0,2.5,9.6,10.900000000000013
1999-03-14,18.0,1999,3,14,2,8,18.0,20.0,20.5,27.6,28.900000000000013
1999-03-15,15.2,1999,3,15,2,8,15.2,33.2,35.2,35.7,42.80000000000001
1999-03-16,3.9,1999,3,16,2,8,3.9,37.1,39.1,39.6,46.70000000000001
1999-03-17,1.0,1999,3,17,2,8,1.0,20.099999999999998,38.1,40.1,47.70000000000001
1999-03-18,6.2,1999,3,18,2,8,6.2,11.1,44.3,46.3,46.80000000000001
1999-03-19,4.3,1999,3,19,2,8,4.3,11.5,30.599999999999998,48.6,51.10000000000001
1999-03-20,0.0,1999,3,20,2,8,0.0,10.5,15.399999999999999,48.6,50.60000000000001
1999-03-21,0.0,1999,3,21,3,9,0.0,4.3,11.5,30.599999999999998,50.60000000000001
1999-03-22,0.0,1999,3,22,3,9,0.0,0.0,10.5,15.399999999999999,48.60000000000001
1999-03-23,6.7,1999,3,23,3,9,6.7,6.7,11.0,18.2,55.30000000000001
1999-03-24,0.0,1999,3,24,3,9,0.0,6.7,6.7,17.2,37.30000000000001
1999-03-25,0.8,1999,3,25,3,9,0.8,7.5,7.5,11.8,22.900000000000013
1999-03-26,0.0,1999,3,26,3,9,0.0,0.8,7.5,7.5,19.000000000000014
1999-03-27,0.8,1999,3,27,3,9,0.8,1.6,8.3,8.3,18.800000000000015
1999-03-28,0.0,1999,3,28,3,9,0.0,0.8,1.6,8.3,12.600000000000014
1999-03-29,3.0,1999,3,29,3,9,3.0,3.8,4.6,11.3,11.300000000000015
1999-03-30,0.0,1999,3,30,3,9,0.0,3.0,3.8000000000000003,4.6,11.300000000000015
1999-03-31,1.0,1999,3,31,3,9,1.0,4.0,4.8,5.6,12.300000000000015
1999-04-01,0.0,1999,4,1,1,10,0.0,1.0,4.0,4.800000000000001,12.300000000000015
1999-04-02,0.0,1999,4,2,1,10,0.0,1.0,4.0,4.800000000000001,5.600000000000014
1999-04-03,0.0,1999,4,3,1,10,0.0,0.0,1.0,3.9999999999999996,5.600000000000014
1999-04-04,0.0,1999,4,4,1,10,0.0,0.0,1.0,4.0,4.800000000000015
1999-04-05,6.4,1999,4,5,1,10,6.4,6.4,6.4,7.4,11.200000000000015
1999-04-06,5.8,1999,4,6,1,10,5.8,12.2,12.2,13.2,16.200000000000014
1999-04-07,55.8,1999,4,7,1,10,55.8,68.0,68.0,68.0,72.00000000000001
1999-04-08,10.1,1999,4,8,1,10,10.1,71.7,78.1,78.1,79.10000000000001
1999-04-09,1.0,1999,4,9,1,10,1.0,66.9,79.1,79.1,80.10000000000001
1999-04-10,0.1,1999,4,10,1,10,0.1,11.2,72.8,79.2,79.20000000000002
1999-04-11,0.5,1999,4,11,2,11,0.5,1.6,67.5,79.7,79.70000000000002
1999-04-12,0.0,1999,4,12,2,11,0.0,0.6,11.7,73.3,79.70000000000002
1999-04-13,0.0,1999,4,13,2,11,0.0,0.5,1.6,67.5,79.70000000000002
1999-04-14,0.0,1999,4,14,2,11,0.0,0.0,0.6,11.7,79.70000000000002
1999-04-15,16.0,1999,4,15,2,11,16.0,16.0,16.5,17.6,89.30000000000001
1999-04-16,1.7,1999,4,16,2,11,1.7,17.7,17.7,18.3,85.20000000000002
1999-04-17,1.0,1999,4,17,2,11,1.0,18.7,18.7,19.2,30.400000000000013
1999-04-18,0.0,1999,4,18,2,11,0.0,2.7,18.7,18.7,20.30000000000001
1999-04-19,0.0,1999,4,19,2,11,0.0,1.0,18.7,18.7,19.30000000000001
1999-04-20,0.0,1999,4,20,2,11,0.0,0.0,2.7,18.7,19.200000000000014
1999-04-21,0.0,1999,4,21,3,12,0.0,0.0,1.0,18.7,18.700000000000014
1999-04-22,0.0,1999,4,22,3,12,0.0,0.0,0.0,2.700000000000002,18.700000000000014
1999-04-23,0.0,1999,4,23,3,12,0.0,0.0,0.0,1.0000000000000018,18.700000000000014
1999-04-24,1.8,1999,4,24,3,12,1.8,1.8,1.8,1.8000000000000018,20.500000000000014
1999-04-25,0.0,1999,4,25,3,12,0.0,1.8,1.8,1.8000000000000018,4.500000000000014
1999-04-26,0.0,1999,4,26,3,12,0.0,1.8,1.8,1.8000000000000018,2.800000000000014
1999-04-27,0.0,1999,4,27,3,12,0.0,0.0,1.8,1.8000000000000018,1.8000000000000143
1999-04-28,0.0,1999,4,28,3,12,0.0,0.0,1.8,1.8000000000000018,1.8000000000000143
1999-04-29,0.0,1999,4,29,3,12,0.0,0.0,0.0,1.8000000000000018,1.8000000000000143
1999-04-30,0.0,1999,4,30,3,12,0.0,0.0,0.0,1.8000000000000018,1.8000000000000143
1999-05-01,0.0,1999,5,1,1,13,0.0,0.0,0.0,0.0,1.8000000000000143
1999-05-02,0.0,1999,5,2,1,13,0.0,0.0,0.0,0.0,1.8000000000000143
1999-05-03,0.0,1999,5,3,1,13,0.0,0.0,0.0,0.0,1.8000000000000143
1999-05-04,0.6,1999,5,4,1,13,0.6,0.6,0.6,0.6000000000000018,0.6000000000000142
1999-05-05,6.5,1999,5,5,1,13,6.5,7.1,7.1,7.100000000000001,7.100000000000014
1999-05-06,7.0,1999,5,6,1,13,7.0,14.1,14.1,14.100000000000001,14.100000000000014
1999-05-07,0.0,1999,5,7,1,13,0.0,13.5,14.1,14.100000000000001,14.100000000000014
1999-05-08,0.0,1999,5,8,1,13,0.0,7.0,14.1,14.100000000000001,14.100000000000014
1999-05-09,1.5,1999,5,9,1,13,1.5,1.5,15.0,15.600000000000001,15.600000000000014
1999-05-10,4.6,1999,5,10,1,13,4.6,6.1,13.1,20.200000000000003,20.200000000000014
1999-05-11,0.1,1999,5,11,2,14,0.1,6.199999999999999,6.199999999999999,19.7,20.300000000000015
1999-05-12,0.0,1999,5,12,2,14,0.0,4.699999999999999,6.199999999999999,13.200000000000001,20.300000000000015
1999-05-13,1.0,1999,5,13,2,14,1.0,1.1,7.199999999999999,7.200000000000001,21.300000000000015
1999-05-14,0.0,1999,5,14,2,14,0.0,1.0,5.699999999999999,7.200000000000001,20.700000000000014
1999-05-15,0.0,1999,5,15,2,14,0.0,1.0,1.1,7.200000000000001,14.200000000000014
1999-05-16,0.0,1999,5,16,2,14,0.0,0.0,1.0,5.700000000000001,7.2000000000000135
1999-05-17,1.5,1999,5,17,2,14,1.5,1.5,2.5,2.600000000000002,8.700000000000014
1999-05-18,0.0,1999,5,18,2,14,0.0,1.5,1.5,2.5000000000000018,8.700000000000014
1999-05-19,0.0,1999,5,19,2,14,0.0,1.5,1.5,2.5000000000000018,7.2000000000000135
1999-05-20,0.0,1999,5,20,2,14,0.0,0.0,1.5,1.5000000000000018,2.6000000000000143
1999-05-21,0.4,1999,5,21,3,15,0.4,0.4,1.9,1.9000000000000017,2.900000000000014
1999-05-22,15.0,1999,5,22,3,15,15.0,15.4,15.4,16.900000000000002,17.900000000000013
1999-05-23,0.0,1999,5,23,3,15,0.0,15.4,15.4,16.900000000000002,16.900000000000013
1999-05-24,0.0,1999,5,24,3,15,0.0,15.0,15.4,15.400000000000002,16.900000000000013
1999-05-25,0.0,1999,5,25,3,15,0.0,0.0,15.4,15.400000000000002,16.900000000000013
1999-05-26,0.2,1999,5,26,3,15,0.2,0.2,15.2,15.600000000000001,17.100000000000016
1999-05-27,0.0,1999,5,27,3,15,0.0,0.2,0.2,15.600000000000001,15.600000000000014
1999-05-28,1.3,1999,5,28,3,15,1.3,1.5,1.5,16.5,16.900000000000013
1999-05-29,0.0,1999,5,29,3,15,0.0,1.3,1.5,1.5000000000000018,16.900000000000013
1999-05-30,0.0,1999,5,30,3,15,0.0,1.3,1.5,1.5000000000000018,16.900000000000013
1999-05-31,0.1,1999,5,31,3,15,0.1,0.1,1.4000000000000001,1.6000000000000019,16.600000000000016
1999-06-01,0.0,1999,6,1,1,16,0.0,0.1,1.4000000000000001,1.6000000000000019,1.6000000000000143
1999-06-02,0.0,1999,6,2,1,16,0.0,0.1,0.1,1.400000000000002,1.6000000000000143
1999-06-03,4.4,1999,6,3,1,16,4.4,4.4,4.5,5.8000000000000025,6.000000000000014
1999-06-04,0.0,1999,6,4,1,16,0.0,4.4,4.5,4.500000000000003,6.000000000000014
1999-06-05,2.0,1999,6,5,1,16,2.0,6.4,6.4,6.500000000000003,7.800000000000014
1999-06-06,3.0,1999,6,6,1,16,3.0,5.0,9.4,9.500000000000004,10.800000000000015
1999-06-07,0.0,1999,6,7,1,16,0.0,5.0,9.4,9.400000000000002,9.500000000000014
1999-06-08,0.0,1999,6,8,1,16,0.0,3.0,5.0,9.400000000000002,9.500000000000014
1999-06-09,0.0,1999,6,9,1,16,0.0,0.0,5.0,9.400000000000002,9.500000000000014
1999-06-10,0.0,1999,6,10,1,16,0.0,0.0,3.0,5.000000000000002,9.400000000000013
1999-06-11,0.0,1999,6,11,2,17,0.0,0.0,0.0,5.000000000000002,9.400000000000013
1999-06-12,0.4,1999,6,12,2,17,0.4,0.4,0.4,3.4000000000000017,9.800000000000013
1999-06-13,0.8,1999,6,13,2,17,0.8,1.2000000000000002,1.2000000000000002,1.200000000000002,6.200000000000014
1999-06-14,0.0,1999,6,14,2,17,0.0,1.2000000000000002,1.2000000000000002,1.200000000000002,6.200000000000014
1999-06-15,25.4,1999,6,15,2,17,25.4,26.2,26.599999999999998,26.6,29.600000000000012
1999-06-16,0.0,1999,6,16,2,17,0.0,25.4,26.599999999999998,26.6,26.600000000000012
1999-06-17,0.0,1999,6,17,2,17,0.0,25.4,26.2,26.6,26.600000000000012
1999-06-18,0.0,1999,6,18,2,17,0.0,0.0,25.4,26.6,26.600000000000012
1999-06-19,0.0,1999,6,19,2,17,0.0,0.0,25.4,26.200000000000003,26.600000000000012
1999-06-20,0.0,1999,6,20,2,17,0.0,0.0,0.0,25.400000000000002,26.600000000000012
1999-06-21,0.0,1999,6,21,3,18,0.0,0.0,0.0,25.400000000000002,26.600000000000012
1999-06-22,0.0,1999,6,22,3,18,0.0,0.0,0.0,0.0,26.200000000000014
1999-06-23,17.4,1999,6,23,3,18,17.4,17.4,17.4,17.400000000000002,42.80000000000001
1999-06-24,0.0,1999,6,24,3,18,0.0,17.4,17.4,17.400000000000002,42.80000000000001
1999-06-25,0.0,1999,6,25,3,18,0.0,17.4,17.4,17.400000000000002,17.400000000000013
1999-06-26,0.0,1999,6,26,3,18,0.0,0.0,17.4,17.400000000000002,17.400000000000013
1999-06-27,0.0,1999,6,27,3,18,0.0,0.0,17.4,17.400000000000002,17.400000000000013
1999-06-28,0.0,1999,6,28,3,18,0.0,0.0,0.0,17.400000000000002,17.400000000000013
1999-06-29,0.0,1999,6,29,3,18,0.0,0.0,0.0,17.400000000000002,17.400000000000013
1999-06-30,0.0,1999,6,30,3,18,0.0,0.0,0.0,0.0,17.400000000000013
1999-07-01,0.0,1999,7,1,1,19,0.0,0.0,0.0,0.0,17.400000000000013
1999-07-02,0.0,1999,7,2,1,19,0.0,0.0,0.0,0.0,17.400000000000013
1999-07-03,8.0,1999,7,3,1,19,8.0,8.0,8.0,8.000000000000004,8.000000000000014
1999-07-04,22.2,1999,7,4,1,19,22.2,30.2,30.2,30.200000000000003,30.200000000000014
1999-07-05,2.3,1999,7,5,1,19,2.3,32.5,32.5,32.5,32.500000000000014
1999-07-06,1.8,1999,7,6,1,19,1.8,26.3,34.3,34.300000000000004,34.30000000000001
1999-07-07,0.0,1999,7,7,1,19,0.0,4.1,34.3,34.300000000000004,34.30000000000001
1999-07-08,4.5,1999,7,8,1,19,4.5,6.3,30.799999999999997,38.800000000000004,38.80000000000001
1999-07-09,0.0,1999,7,9,1,19,0.0,4.5,8.6,38.800000000000004,38.80000000000001
1999-07-10,0.0,1999,7,10,1,19,0.0,4.5,6.3,30.800000000000004,38.80000000000001
1999-07-11,0.0,1999,7,11,2,20,0.0,0.0,4.5,8.600000000000003,38.80000000000001
1999-07-12,0.0,1999,7,12,2,20,0.0,0.0,4.5,6.300000000000003,38.80000000000001
1999-07-13,0.0,1999,7,13,2,20,0.0,0.0,0.0,4.5000000000000036,30.80000000000001
1999-07-14,0.0,1999,7,14,2,20,0.0,0.0,0.0,4.5000000000000036,8.600000000000014
1999-07-15,0.0,1999,7,15,2,20,0.0,0.0,0.0,0.0,6.300000000000014
1999-07-16,0.5,1999,7,16,2,20,0.5,0.5,0.5,0.5000000000000036,5.000000000000014
1999-07-17,0.0,1999,7,17,2,20,0.0,0.5,0.5,0.5000000000000036,5.000000000000014
1999-07-18,0.0,1999,7,18,2,20,0.0,0.5,0.5,0.5000000000000036,0.5000000000000142
1999-07-19,7.2,1999,7,19,2,20,7.2,7.2,7.7,7.700000000000004,7.700000000000014
1999-07-20,2.0,1999,7,20,2,20,2.0,9.2,9.7,9.700000000000003,9.700000000000014
1999-07-21,0.0,1999,7,21,3,21,0.0,9.2,9.2,9.700000000000003,9.700000000000014
1999-07-22,0.0,1999,7,22,3,21,0.0,2.0,9.2,9.700000000000003,9.700000000000014
1999-07-23,0.0,1999,7,23,3,21,0.0,0.0,9.2,9.200000000000003,9.700000000000014
1999-07-24,0.0,1999,7,24,3,21,0.0,0.0,2.0,9.200000000000003,9.700000000000014
1999-07-25,0.0,1999,7,25,3,21,0.0,0.0,0.0,9.200000000000003,9.700000000000014
1999-07-26,6.0,1999,7,26,3,21,6.0,6.0,6.0,8.000000000000004,15.200000000000014
1999-07-27,0.0,1999,7,27,3,21,0.0,6.0,6.0,6.0000000000000036,15.200000000000014
1999-07-28,0.0,1999,7,28,3,21,0.0,6.0,6.0,6.0000000000000036,15.200000000000014
1999-07-29,0.0,1999,7,29,3,21,0.0,0.0,6.0,6.0000000000000036,8.000000000000014
1999-07-30,0.0,1999,7,30,3,21,0.0,0.0,6.0,6.0000000000000036,6.000000000000014
1999-07-31,0.0,1999,7,31,3,21,0.0,0.0,0.0,6.0000000000000036,6.000000000000014
1999-08-01,0.0,1999,8,1,1,22,0.0,0.0,0.0,6.0000000000000036,6.000000000000014
1999-08-02,0.0,1999,8,2,1,22,0.0,0.0,0.0,0.0,6.000000000000014
1999-08-03,0.0,1999,8,3,1,22,0.0,0.0,0.0,0.0,6.000000000000014
1999-08-04,0.0,1999,8,4,1,22,0.0,0.0,0.0,0.0,6.000000000000014
1999-08-05,0.0,1999,8,5,1,22,0.0,0.0,0.0,0.0,0.0
1999-08-06,0.0,1999,8,6,1,22,0.0,0.0,0.0,0.0,0.0
1999-08-07,0.0,1999,8,7,1,22,0.0,0.0,0.0,0.0,0.0
1999-08-08,0.0,1999,8,8,1,22,0.0,0.0,0.0,0.0,0.0
1999-08-09,0.0,1999,8,9,1,22,0.0,0.0,0.0,0.0,0.0
1999-08-10,10.0,1999,8,10,1,22,10.0,10.0,10.0,10.000000000000004,10.000000000000014
1999-08-11,0.9,1999,8,11,2,23,0.9,10.9,10.9,10.900000000000004,10.900000000000015
1999-08-12,0.0,1999,8,12,2,23,0.0,10.9,10.9,10.900000000000004,10.900000000000015
1999-08-13,0.0,1999,8,13,2,23,0.0,0.9,10.9,10.900000000000004,10.900000000000015
1999-08-14,0.0,1999,8,14,2,23,0.0,0.0,10.9,10.900000000000004,10.900000000000015
1999-08-15,3.7,1999,8,15,2,23,3.7,3.7,4.6,14.600000000000003,14.600000000000014
1999-08-16,0.0,1999,8,16,2,23,0.0,3.7,3.7,14.600000000000003,14.600000000000014
1999-08-17,0.0,1999,8,17,2,23,0.0,3.7,3.7,4.600000000000003,14.600000000000014
1999-08-18,0.0,1999,8,18,2,23,0.0,0.0,3.7,3.7000000000000037,14.600000000000014
1999-08-19,0.0,1999,8,19,2,23,0.0,0.0,3.7,3.7000000000000037,14.600000000000014
1999-08-20,0.0,1999,8,20,2,23,0.0,0.0,0.0,3.7000000000000037,4.600000000000014
1999-08-21,0.0,1999,8,21,3,24,0.0,0.0,0.0,3.7000000000000037,3.7000000000000144
1999-08-22,0.0,1999,8,22,3,24,0.0,0.0,0.0,0.0,3.7000000000000144
1999-08-23,0.0,1999,8,23,3,24,0.0,0.0,0.0,0.0,3.7000000000000144
1999-08-24,0.0,1999,8,24,3,24,0.0,0.0,0.0,0.0,3.7000000000000144
1999-08-25,0.0,1999,8,25,3,24,0.0,0.0,0.0,0.0,0.0
1999-08-26,0.0,1999,8,26,3,24,0.0,0.0,0.0,0.0,0.0
1999-08-27,0.0,1999,8,27,3,24,0.0,0.0,0.0,0.0,0.0
1999-08-28,0.0,1999,8,28,3,24,0.0,0.0,0.0,0.0,0.0
1999-08-29,0.0,1999,8,29,3,24,0.0,0.0,0.0,0.0,0.0
1999-08-30,0.0,1999,8,30,3,24,0.0,0.0,0.0,0.0,0.0
1999-08-31,0.0,1999,8,31,3,24,0.0,0.0,0.0,0.0,0.0
1999-09-01,0.0,1999,9,1,1,25,0.0,0.0,0.0,0.0,0.0
1999-09-02,0.0,1999,9,2,1,25,0.0,0.0,0.0,0.0,0.0
1999-09-03,0.0,1999,9,3,1,25,0.0,0.0,0.0,0.0,0.0
1999-09-04,0.0,1999,9,4,1,25,0.0,0.0,0.0,0.0,0.0
1999-09-05,0.0,1999,9,5,1,25,0.0,0.0,0.0,0.0,0.0
1999-09-06,0.0,1999,9,6,1,25,0.0,0.0,0.0,0.0,0.0
1999-09-07,0.0,1999,9,7,1,25,0.0,0.0,0.0,0.0,0.0
1999-09-08,0.0,1999,9,8,1,25,0.0,0.0,0.0,0.0,0.0
1999-09-09,0.0,1999,9,9,1,25,0.0,0.0,0.0,0.0,0.0
1999-09-10,0.0,1999,9,10,1,25,0.0,0.0,0.0,0.0,0.0
1999-09-11,0.0,1999,9,11,2,26,0.0,0.0,0.0,0.0,0.0
1999-09-12,0.0,1999,9,12,2,26,0.0,0.0,0.0,0.0,0.0
1999-09-13,0.0,1999,9,13,2,26,0.0,0.0,0.0,0.0,0.0
1999-09-14,0.0,1999,9,14,2,26,0.0,0.0,0.0,0.0,0.0
1999-09-15,0.0,1999,9,15,2,26,0.0,0.0,0.0,0.0,0.0
1999-09-16,0.0,1999,9,16,2,26,0.0,0.0,0.0,0.0,0.0
1999-09-17,0.0,1999,9,17,2,26,0.0,0.0,0.0,0.0,0.0
1999-09-18,0.0,1999,9,18,2,26,0.0,0.0,0.0,0.0,0.0
1999-09-19,0.0,1999,9,19,2,26,0.0,0.0,0.0,0.0,0.0
1999-09-20,0.2,1999,9,20,2,26,0.2,0.2,0.2,0.20000000000000356,0.20000000000001422
1999-09-21,0.0,1999,9,21,3,27,0.0,0.2,0.2,0.20000000000000356,0.20000000000001422
1999-09-22,0.0,1999,9,22,3,27,0.0,0.2,0.2,0.20000000000000356,0.20000000000001422
1999-09-23,0.0,1999,9,23,3,27,0.0,0.0,0.2,0.20000000000000356,0.20000000000001422
1999-09-24,0.0,1999,9,24,3,27,0.0,0.0,0.2,0.20000000000000356,0.20000000000001422
1999-09-25,4.0,1999,9,25,3,27,4.0,4.0,4.0,4.200000000000004,4.200000000000014
1999-09-26,0.5,1999,9,26,3,27,0.5,4.5,4.5,4.700000000000004,4.700000000000014
1999-09-27,15.5,1999,9,27,3,27,15.5,20.0,20.0,20.000000000000004,20.200000000000014
1999-09-28,0.0,1999,9,28,3,27,0.0,16.0,20.0,20.000000000000004,20.200000000000014
1999-09-29,0.0,1999,9,29,3,27,0.0,15.5,20.0,20.000000000000004,20.200000000000014
1999-09-30,0.0,1999,9,30,3,27,0.0,0.0,16.0,20.000000000000004,20.000000000000014
1999-10-01,0.0,1999,10,1,1,28,0.0,0.0,15.5,20.000000000000004,20.000000000000014
1999-10-02,0.0,1999,10,2,1,28,0.0,0.0,0.0,16.000000000000004,20.000000000000014
1999-10-03,0.0,1999,10,3,1,28,0.0,0.0,0.0,15.500000000000004,20.000000000000014
1999-10-04,0.0,1999,10,4,1,28,0.0,0.0,0.0,0.0,20.000000000000014
1999-10-05,0.0,1999,10,5,1,28,0.0,0.0,0.0,0.0,16.000000000000014
1999-10-06,0.0,1999,10,6,1,28,0.0,0.0,0.0,0.0,15.500000000000014
1999-10-07,0.0,1999,10,7,1,28,0.0,0.0,0.0,0.0,0.0
1999-10-08,0.7,1999,10,8,1,28,0.7,0.7,0.7,0.7000000000000035,0.7000000000000142
1999-10-09,3.7,1999,10,9,1,28,3.7,4.4,4.4,4.400000000000004,4.400000000000015
1999-10-10,0.0,1999,10,10,1,28,0.0,4.4,4.4,4.400000000000004,4.400000000000015
1999-10-11,10.0,1999,10,11,2,29,10.0,13.7,14.4,14.400000000000004,14.400000000000015
1999-10-12,1.8,1999,10,12,2,29,1.8,11.8,16.2,16.200000000000003,16.200000000000014
1999-10-13,0.0,1999,10,13,2,29,0.0,11.8,15.500000000000002,16.200000000000003,16.200000000000014
1999-10-14,4.7,1999,10,14,2,29,4.7,6.5,16.5,20.900000000000006,20.900000000000013
1999-10-15,0.0,1999,10,15,2,29,0.0,4.7,16.5,20.200000000000003,20.900000000000013
1999-10-16,8.4,1999,10,16,2,29,8.4,13.100000000000001,14.9,24.900000000000002,29.300000000000015
1999-10-17,0.0,1999,10,17,2,29,0.0,8.4,13.1,24.900000000000006,29.300000000000015
1999-10-18,10.4,1999,10,18,2,29,10.4,18.799999999999997,23.5,25.300000000000004,39.000000000000014
1999-10-19,0.0,1999,10,19,2,29,0.0,10.4,18.8,23.500000000000004,35.30000000000001
1999-10-20,0.8,1999,10,20,2,29,0.8,11.200000000000001,19.6,24.300000000000004,36.100000000000016
1999-10-21,1.6,1999,10,21,3,30,1.6,2.4000000000000004,12.8,21.200000000000003,27.700000000000014
1999-10-22,4.4,1999,10,22,3,30,4.4,6.800000000000001,17.200000000000003,25.600000000000005,30.30000000000002
1999-10-23,13.3,1999,10,23,3,30,13.3,19.3,20.1,30.500000000000004,43.600000000000016
1999-10-24,16.0,1999,10,24,3,30,16.0,33.7,36.1,46.50000000000001,54.90000000000001
1999-10-25,0.0,1999,10,25,3,30,0.0,29.3,35.300000000000004,36.10000000000001,54.90000000000001
1999-10-26,52.0,1999,10,26,3,30,52.0,68.0,85.7,88.10000000000001,98.50000000000001
1999-10-27,15.0,1999,10,27,3,30,15.0,67.0,96.3,102.30000000000001,113.50000000000001
1999-10-28,24.0,1999,10,28,3,30,24.0,91.0,107.0,124.7,127.10000000000001
1999-10-29,50.0,1999,10,29,3,30,50.0,89.0,141.0,170.3,177.10000000000002
1999-10-30,16.0,1999,10,30,3,30,16.0,90.0,157.0,173.0,192.3
1999-10-31,50.0,1999,10,31,3,30,50.0,116.0,155.0,207.0,240.7
1999-11-01,7.3,1999,11,1,1,31,7.3,73.3,147.3,214.3,243.60000000000002
1999-11-02,0.0,1999,11,2,1,31,0.0,57.3,123.3,162.3,230.3
1999-11-03,10.9,1999,11,3,1,31,10.9,18.2,84.2,158.2,225.20000000000002
1999-11-04,26.5,1999,11,4,1,31,26.5,37.4,94.7,160.7,251.70000000000002
1999-11-05,0.0,1999,11,5,1,31,0.0,37.4,44.7,110.7,199.70000000000002
1999-11-06,0.0,1999,11,6,1,31,0.0,26.5,37.400000000000006,94.7,184.70000000000002
1999-11-07,0.0,1999,11,7,1,31,0.0,0.0,37.400000000000006,44.7,160.70000000000002
1999-11-08,0.0,1999,11,8,1,31,0.0,0.0,26.5,37.400000000000006,110.70000000000002
1999-11-09,0.0,1999,11,9,1,31,0.0,0.0,0.0,37.400000000000006,94.70000000000002
1999-11-10,0.0,1999,11,10,1,31,0.0,0.0,0.0,26.5,44.70000000000002
1999-11-11,0.0,1999,11,11,2,32,0.0,0.0,0.0,0.0,37.40000000000002
1999-11-12,0.0,1999,11,12,2,32,0.0,0.0,0.0,0.0,37.40000000000002
1999-11-13,3.2,1999,11,13,2,32,3.2,3.2,3.2,3.2,29.700000000000014
1999-11-14,0.0,1999,11,14,2,32,0.0,3.2,3.2,3.2,3.2000000000000144
1999-11-15,3.6,1999,11,15,2,32,3.6,6.800000000000001,6.800000000000001,6.800000000000001,6.800000000000015
1999-11-16,0.9,1999,11,16,2,32,0.9,4.5,7.7,7.7,7.700000000000014
1999-11-17,3.4,1999,11,17,2,32,3.4,7.9,11.1,11.1,11.100000000000014
1999-11-18,9.2,1999,11,18,2,32,9.2,13.5,17.099999999999998,20.299999999999997,20.30000000000001
1999-11-19,2.8,1999,11,19,2,32,2.8,15.399999999999999,19.9,23.099999999999998,23.100000000000012
1999-11-20,0.2,1999,11,20,2,32,0.2,12.2,16.499999999999996,20.099999999999998,23.30000000000001
1999-11-21,0.0,1999,11,21,3,33,0.0,3.0,15.599999999999998,20.099999999999998,23.30000000000001
1999-11-22,6.1,1999,11,22,3,33,6.1,6.3,18.299999999999997,22.599999999999998,29.400000000000013
1999-11-23,0.0,1999,11,23,3,33,0.0,6.1,9.099999999999998,21.7,26.200000000000014
1999-11-24,0.5,1999,11,24,3,33,0.5,6.6,6.799999999999998,18.799999999999997,26.700000000000014
1999-11-25,0.1,1999,11,25,3,33,0.1,0.6,6.6999999999999975,9.7,23.200000000000014
1999-11-26,0.0,1999,11,26,3,33,0.0,0.6,6.6999999999999975,6.8999999999999995,22.300000000000015
1999-11-27,0.0,1999,11,27,3,33,0.0,0.1,0.5999999999999982,6.699999999999999,18.900000000000013
1999-11-28,1.0,1999,11,28,3,33,1.0,1.0,1.5999999999999983,7.699999999999999,10.700000000000014
1999-11-29,0.0,1999,11,29,3,33,0.0,1.0,1.0999999999999983,1.6,7.900000000000014
1999-11-30,0.0,1999,11,30,3,33,0.0,1.0,0.9999999999999983,1.6,7.7000000000000135
1999-12-01,0.0,1999,12,1,1,34,0.0,0.0,0.9999999999999983,1.1,7.7000000000000135
1999-12-02,3.7,1999,12,2,1,34,3.7,3.7,4.699999999999998,4.7,5.300000000000015
1999-12-03,0.0,1999,12,3,1,34,0.0,3.7,3.6999999999999984,4.7,5.300000000000015
1999-12-04,0.0,1999,12,4,1,34,0.0,3.7,3.6999999999999984,4.7,4.800000000000015
1999-12-05,0.0,1999,12,5,1,34,0.0,0.0,3.6999999999999984,3.7,4.700000000000015
1999-12-06,0.6,1999,12,6,1,34,0.6,0.6,4.299999999999998,4.3,5.300000000000015
1999-12-07,18.8,1999,12,7,1,34,18.8,19.400000000000002,19.4,23.1,24.100000000000016
1999-12-08,8.9,1999,12,8,1,34,8.9,28.300000000000004,28.299999999999997,32.0,32.000000000000014
1999-12-09,0.0,1999,12,9,1,34,0.0,27.700000000000003,28.299999999999997,28.300000000000004,32.000000000000014
1999-12-10,0.8,1999,12,10,1,34,0.8,9.700000000000001,29.099999999999998,29.1,32.80000000000002
1999-12-11,7.2,1999,12,11,2,35,7.2,8.0,35.699999999999996,36.300000000000004,40.000000000000014
1999-12-12,0.2,1999,12,12,2,35,0.2,8.2,17.099999999999998,36.5,36.500000000000014
1999-12-13,2.6,1999,12,13,2,35,2.6,10.0,10.799999999999997,38.5,39.100000000000016
1999-12-14,34.3,1999,12,14,2,35,34.3,37.099999999999994,45.099999999999994,54.0,73.4
1999-12-15,27.4,1999,12,15,2,35,27.4,64.29999999999998,71.69999999999999,72.5,100.80000000000001
1999-12-16,18.8,1999,12,16,2,35,18.8,80.5,83.3,91.3,119.00000000000001
1999-12-17,9.2,1999,12,17,2,35,9.2,55.4,92.29999999999998,99.7,109.40000000000002
1999-12-18,1.6,1999,12,18,2,35,1.6,29.6,91.3,94.1,102.10000000000001
1999-12-19,0.1,1999,12,19,2,35,0.1,10.899999999999999,57.1,94.0,102.20000000000002
1999-12-20,1.4,1999,12,20,2,35,1.4,3.1,31.1,92.8,102.80000000000001
1999-12-21,0.0,1999,12,21,3,36,0.0,1.5,12.299999999999999,58.5,95.60000000000001
1999-12-22,0.0,1999,12,22,3,36,0.0,1.4,3.1,31.1,95.4
1999-12-23,25.6,1999,12,23,3,36,25.6,25.6,27.1,37.900000000000006,118.40000000000002
1999-12-24,42.2,1999,12,24,3,36,42.2,67.80000000000001,69.2,70.9,126.30000000000003
1999-12-25,17.0,1999,12,25,3,36,17.0,84.80000000000001,84.80000000000001,86.30000000000001,115.90000000000002
1999-12-26,3.0,1999,12,26,3,36,3.0,62.2,87.80000000000001,89.2,100.10000000000002
1999-12-27,1.2,1999,12,27,3,36,1.2,21.2,89.00000000000001,89.00000000000001,92.10000000000002
1999-12-28,8.2,1999,12,28,3,36,8.2,12.399999999999999,71.6,97.20000000000002,98.70000000000002
1999-12-29,7.3,1999,12,29,3,36,7.3,16.7,36.699999999999996,104.50000000000001,105.90000000000002
1999-12-30,6.9,1999,12,30,3,36,6.9,22.4,26.599999999999998,85.8,111.40000000000002
1999-12-31,1.2,1999,12,31,3,36,1.2,15.4,24.799999999999997,44.8,112.60000000000002
2000-01-01,0.0,2000,1,1,1,1,0.0,8.100000000000001,23.599999999999998,27.799999999999997,112.60000000000002
2000-01-02,6.7,2000,1,2,1,1,6.7,7.9,22.1,31.5,93.70000000000002
2000-01-03,8.0,2000,1,3,1,1,8.0,14.7,22.8,38.3,59.500000000000014
2000-01-04,2.7,2000,1,4,1,1,2.7,17.4,18.6,32.8,45.20000000000002
2000-01-05,0.2,2000,1,5,1,1,0.2,10.9,17.6,25.7,42.40000000000001
2000-01-06,1.3,2000,1,6,1,1,1.3,4.200000000000001,18.900000000000002,20.1,42.500000000000014
2000-01-07,14.0,2000,1,7,1,1,14.0,15.5,26.2,32.900000000000006,48.30000000000001
2000-01-08,27.0,2000,1,8,1,1,27.0,42.3,45.2,59.900000000000006,68.00000000000001
2000-01-09,3.7,2000,1,9,1,1,3.7,44.7,46.199999999999996,56.9,64.80000000000001
2000-01-10,0.0,2000,1,10,1,1,0.0,30.7,46.0,48.9,63.600000000000016
2000-01-11,0.0,2000,1,11,2,2,0.0,3.7,44.7,46.2,63.600000000000016
2000-01-12,1.1,2000,1,12,2,2,1.1,1.1,31.8,47.1,58.000000000000014
2000-01-13,2.3,2000,1,13,2,2,2.3,3.4,7.1,48.099999999999994,52.30000000000001
2000-01-14,0.0,2000,1,14,2,2,0.0,3.4,3.4,34.099999999999994,49.60000000000001
2000-01-15,8.7,2000,1,15,2,2,8.7,11.0,12.1,15.799999999999999,58.100000000000016
2000-01-16,38.0,2000,1,16,2,2,38.0,46.7,50.1,50.099999999999994,94.80000000000001
2000-01-17,24.0,2000,1,17,2,2,24.0,70.7,73.0,74.1,104.80000000000001
2000-01-18,72.4,2000,1,18,2,2,72.4,134.4,143.10000000000002,146.5,150.20000000000002
2000-01-19,7.4,2000,1,19,2,2,7.4,103.80000000000001,150.5,152.8,153.90000000000003
2000-01-20,18.6,2000,1,20,2,2,18.6,98.4,160.40000000000003,169.1,172.50000000000003
2000-01-21,0.0,2000,1,21,3,3,0.0,26.0,122.4,169.1,172.50000000000003
2000-01-22,3.9,2000,1,22,3,3,3.9,22.5,102.30000000000001,164.3,175.30000000000004
2000-01-23,0.0,2000,1,23,3,3,0.0,3.9,29.9,126.30000000000001,173.00000000000003
2000-01-24,10.5,2000,1,24,3,3,10.5,14.4,33.0,112.80000000000001,183.50000000000003
2000-01-25,64.5,2000,1,25,3,3,64.5,75.0,78.9,104.9,239.30000000000004
2000-01-26,1.4,2000,1,26,3,3,1.4,76.4,80.30000000000001,98.9,202.70000000000002
2000-01-27,16.5,2000,1,27,3,3,16.5,82.4,92.9,96.80000000000001,195.20000000000005
2000-01-28,0.0,2000,1,28,3,3,0.0,17.9,92.9,96.80000000000001,122.80000000000001
2000-01-29,14.8,2000,1,29,3,3,14.8,31.3,97.2,107.7,130.20000000000002
2000-01-30,26.5,2000,1,30,3,3,26.5,41.3,59.2,134.2,138.10000000000002
2000-01-31,9.0,2000,1,31,3,3,9.0,50.3,66.8,132.7,147.10000000000002
2000-02-01,45.4,2000,2,1,1,4,45.4,80.9,95.7,113.6,188.60000000000002
2000-02-02,16.6,2000,2,2,1,4,16.6,71.0,112.30000000000001,128.79999999999998,205.20000000000002
2000-02-03,84.0,2000,2,3,1,4,84.0,146.0,181.5,196.29999999999998,278.70000000000005
2000-02-04,3.0,2000,2,4,1,4,3.0,103.6,158.0,199.29999999999998,217.20000000000002
2000-02-05,0.9,2000,2,5,1,4,0.9,87.9,149.9,185.4,216.70000000000002
2000-02-06,3.2,2000,2,6,1,4,3.2,7.1,107.7,162.1,203.4
2000-02-07,7.3,2000,2,7,1,4,7.3,11.4,98.4,160.4,210.70000000000002
2000-02-08,39.0,2000,2,8,1,4,39.0,49.5,53.4,154.0,234.90000000000003
2000-02-09,0.8,2000,2,9,1,4,0.8,47.099999999999994,51.199999999999996,138.2,209.20000000000002
2000-02-10,2.0,2000,2,10,1,4,2.0,41.8,52.3,56.199999999999996,202.20000000000002
2000-02-11,17.4,2000,2,11,2,5,17.4,20.2,66.5,70.6,174.20000000000002
2000-02-12,0.4,2000,2,12,2,5,0.4,19.799999999999997,59.6,70.1,158.00000000000003
2000-02-13,0.0,2000,2,13,2,5,0.0,17.799999999999997,20.599999999999998,66.9,74.00000000000003
2000-02-14,0.0,2000,2,14,2,5,0.0,0.4,19.799999999999997,59.6,71.00000000000003
2000-02-15,0.0,2000,2,15,2,5,0.0,0.0,17.799999999999997,20.599999999999998,70.10000000000002
2000-02-16,0.0,2000,2,16,2,5,0.0,0.0,0.4,19.799999999999997,66.90000000000003
2000-02-17,0.0,2000,2,17,2,5,0.0,0.0,0.0,17.799999999999997,59.60000000000003
2000-02-18,1.2,2000,2,18,2,5,1.2,1.2,1.2,1.6,21.80000000000003
2000-02-19,68.8,2000,2,19,2,5,68.8,70.0,70.0,70.0,89.80000000000003
2000-02-20,0.0,2000,2,20,2,5,0.0,70.0,70.0,70.0,87.80000000000003
2000-02-21,0.0,2000,2,21,3,6,0.0,68.8,70.0,70.0,70.40000000000003
2000-02-22,4.2,2000,2,22,3,6,4.2,4.2,74.2,74.2,74.20000000000003
2000-02-23,0.7,2000,2,23,3,6,0.7,4.9,73.7,74.9,74.90000000000003
2000-02-24,5.5,2000,2,24,3,6,5.5,10.4,10.4,80.4,80.40000000000003
2000-02-25,0.0,2000,2,25,3,6,0.0,6.2,10.4,79.2,80.40000000000003
2000-02-26,0.0,2000,2,26,3,6,0.0,5.5,10.4,10.4,80.40000000000003
2000-02-27,0.0,2000,2,27,3,6,0.0,0.0,6.2,10.4,80.40000000000003
2000-02-28,0.0,2000,2,28,3,6,0.0,0.0,5.5,10.4,79.20000000000003
2000-02-29,0.0,2000,2,29,3,6,0.0,0.0,0.0,6.2,10.400000000000029
2000-03-01,0.0,2000,3,1,1,7,0.0,0.0,0.0,5.5,10.400000000000029
2000-03-02,0.0,2000,3,2,1,7,0.0,0.0,0.0,0.0,10.400000000000029
2000-03-03,3.6,2000,3,3,1,7,3.6,3.6,3.6,3.6,9.80000000000003
2000-03-04,10.7,2000,3,4,1,7,10.7,14.299999999999999,14.299999999999999,14.299999999999999,19.80000000000003
2000-03-05,4.7,2000,3,5,1,7,4.7,19.0,19.0,19.0,19.00000000000003
2000-03-06,4.3,2000,3,6,1,7,4.3,19.7,23.299999999999997,23.299999999999997,23.30000000000003
2000-03-07,0.3,2000,3,7,1,7,0.3,9.3,23.599999999999998,23.599999999999998,23.60000000000003
2000-03-08,1.3,2000,3,8,1,7,1.3,5.9,21.299999999999997,24.9,24.90000000000003
2000-03-09,0.0,2000,3,9,1,7,0.0,1.6,10.6,24.9,24.90000000000003
2000-03-10,0.0,2000,3,10,1,7,0.0,1.3,5.9,21.299999999999997,24.90000000000003
2000-03-11,0.0,2000,3,11,2,8,0.0,0.0,1.6,10.6,24.90000000000003
2000-03-12,3.0,2000,3,12,2,8,3.0,3.0,4.3,8.9,27.90000000000003
2000-03-13,0.0,2000,3,13,2,8,0.0,3.0,3.0,4.6,24.30000000000003
2000-03-14,0.0,2000,3,14,2,8,0.0,3.0,3.0,4.300000000000001,13.600000000000028
2000-03-15,0.0,2000,3,15,2,8,0.0,0.0,3.0,3.0,8.900000000000027
2000-03-16,10.0,2000,3,16,2,8,10.0,10.0,13.0,13.0,14.600000000000028
2000-03-17,2.8,2000,3,17,2,8,2.8,12.8,12.8,15.8,17.100000000000026
2000-03-18,0.0,2000,3,18,2,8,0.0,12.8,12.8,15.8,15.80000000000003
2000-03-19,0.0,2000,3,19,2,8,0.0,2.8,12.8,12.8,15.80000000000003
2000-03-20,6.4,2000,3,20,2,8,6.4,6.4,19.2,19.2,22.200000000000028
2000-03-21,0.0,2000,3,21,3,9,0.0,6.4,9.2,19.2,22.200000000000028
2000-03-22,0.0,2000,3,22,3,9,0.0,6.4,6.4,19.2,19.200000000000028
2000-03-23,1.5,2000,3,23,3,9,1.5,1.5,7.9,10.7,20.700000000000028
2000-03-24,8.8,2000,3,24,3,9,8.8,10.3,16.700000000000003,16.7,29.50000000000003
2000-03-25,3.4,2000,3,25,3,9,3.4,13.700000000000001,13.700000000000001,20.099999999999998,32.90000000000003
2000-03-26,18.0,2000,3,26,3,9,18.0,30.200000000000003,31.700000000000003,38.099999999999994,40.90000000000003
2000-03-27,0.8,2000,3,27,3,9,0.8,22.200000000000003,32.5,32.5,38.90000000000003
2000-03-28,7.8,2000,3,28,3,9,7.8,26.6,38.800000000000004,40.3,46.70000000000003
2000-03-29,0.3,2000,3,29,3,9,0.3,8.900000000000004,30.3,40.6,47.00000000000003
2000-03-30,0.0,2000,3,30,3,9,0.0,8.100000000000003,26.900000000000002,39.1,40.60000000000002
2000-03-31,7.3,2000,3,31,3,9,7.3,7.600000000000003,16.200000000000003,37.599999999999994,47.90000000000002
2000-04-01,7.0,2000,4,1,1,10,7.0,14.300000000000004,22.400000000000002,41.199999999999996,54.90000000000002
2000-04-02,0.0,2000,4,2,1,10,0.0,14.300000000000004,14.600000000000003,23.199999999999996,53.40000000000002
2000-04-03,0.0,2000,4,3,1,10,0.0,7.0000000000000036,14.300000000000002,22.399999999999995,44.60000000000002
2000-04-04,0.0,2000,4,4,1,10,0.0,0.0,14.300000000000002,14.599999999999996,41.20000000000003
2000-04-05,0.0,2000,4,5,1,10,0.0,0.0,7.0000000000000036,14.299999999999995,23.200000000000028
2000-04-06,0.0,2000,4,6,1,10,0.0,0.0,0.0,14.299999999999995,22.400000000000027
2000-04-07,0.0,2000,4,7,1,10,0.0,0.0,0.0,6.9999999999999964,14.600000000000028
2000-04-08,0.0,2000,4,8,1,10,0.0,0.0,0.0,0.0,14.300000000000027
2000-04-09,13.0,2000,4,9,1,10,13.0,13.000000000000004,13.000000000000004,12.999999999999996,27.300000000000026
2000-04-10,0.0,2000,4,10,1,10,0.0,13.000000000000004,13.000000000000004,12.999999999999996,20.00000000000003
2000-04-11,0.0,2000,4,11,2,11,0.0,13.000000000000004,13.000000000000004,12.999999999999996,13.000000000000028
2000-04-12,0.0,2000,4,12,2,11,0.0,0.0,13.000000000000004,12.999999999999996,13.000000000000028
2000-04-13,0.0,2000,4,13,2,11,0.0,0.0,13.000000000000004,12.999999999999996,13.000000000000028
2000-04-14,0.0,2000,4,14,2,11,0.0,0.0,0.0,12.999999999999996,13.000000000000028
2000-04-15,0.0,2000,4,15,2,11,0.0,0.0,0.0,12.999999999999996,13.000000000000028
2000-04-16,0.0,2000,4,16,2,11,0.0,0.0,0.0,0.0,13.000000000000028
2000-04-17,0.0,2000,4,17,2,11,0.0,0.0,0.0,0.0,13.000000000000028
2000-04-18,0.0,2000,4,18,2,11,0.0,0.0,0.0,0.0,13.000000000000028
2000-04-19,1.0,2000,4,19,2,11,1.0,1.0000000000000036,1.0000000000000036,0.9999999999999964,1.0000000000000284
2000-04-20,0.0,2000,4,20,2,11,0.0,1.0000000000000036,1.0000000000000036,0.9999999999999964,1.0000000000000284
2000-04-21,0.0,2000,4,21,3,12,0.0,1.0000000000000036,1.0000000000000036,0.9999999999999964,1.0000000000000284
2000-04-22,1.0,2000,4,22,3,12,1.0,1.0000000000000036,2.0000000000000036,1.9999999999999964,2.0000000000000284
2000-04-23,0.0,2000,4,23,3,12,0.0,1.0000000000000036,2.0000000000000036,1.9999999999999964,2.0000000000000284
2000-04-24,20.0,2000,4,24,3,12,20.0,21.000000000000004,21.000000000000004,21.999999999999996,22.00000000000003
2000-04-25,1.0,2000,4,25,3,12,1.0,21.000000000000004,22.000000000000004,22.999999999999996,23.00000000000003
2000-04-26,40.0,2000,4,26,3,12,40.0,61.0,62.0,62.0,63.00000000000003
2000-04-27,23.0,2000,4,27,3,12,23.0,64.0,84.0,85.0,86.00000000000003
2000-04-28,15.0,2000,4,28,3,12,15.0,78.0,99.0,100.0,101.00000000000003
2000-04-29,4.0,2000,4,29,3,12,4.0,42.0,83.0,103.0,104.00000000000003
2000-04-30,2.0,2000,4,30,3,12,2.0,21.0,84.0,105.0,106.00000000000003
2000-05-01,0.0,2000,5,1,1,13,0.0,6.0,44.0,85.0,106.00000000000003
2000-05-02,0.0,2000,5,2,1,13,0.0,2.0,21.0,84.0,105.00000000000003
2000-05-03,13.0,2000,5,3,1,13,13.0,13.0,19.0,57.0,118.00000000000003
2000-05-04,1.0,2000,5,4,1,13,1.0,14.0,16.0,35.0,99.00000000000003
2000-05-05,0.0,2000,5,5,1,13,0.0,14.0,14.0,20.0,98.00000000000003
2000-05-06,0.0,2000,5,6,1,13,0.0,1.0,14.0,16.0,58.00000000000003
2000-05-07,6.0,2000,5,7,1,13,6.0,6.0,20.0,20.0,41.00000000000003
2000-05-08,0.0,2000,5,8,1,13,0.0,6.0,7.0,20.0,26.00000000000003
2000-05-09,29.0,2000,5,9,1,13,29.0,35.0,35.0,49.0,51.00000000000003
2000-05-10,0.0,2000,5,10,1,13,0.0,29.0,35.0,36.0,49.00000000000003
2000-05-11,25.0,2000,5,11,2,14,25.0,54.0,60.0,60.0,74.00000000000003
2000-05-12,0.0,2000,5,12,2,14,0.0,25.0,54.0,60.0,74.00000000000003
2000-05-13,0.0,2000,5,13,2,14,0.0,25.0,54.0,60.0,61.00000000000003
2000-05-14,0.0,2000,5,14,2,14,0.0,0.0,25.0,54.0,60.00000000000003
2000-05-15,0.0,2000,5,15,2,14,0.0,0.0,25.0,54.0,60.00000000000003
2000-05-16,1.0,2000,5,16,2,14,1.0,1.0,1.0,26.0,61.00000000000003
2000-05-17,0.0,2000,5,17,2,14,0.0,1.0,1.0,26.0,55.00000000000003
2000-05-18,13.0,2000,5,18,2,14,13.0,14.0,14.0,14.0,68.00000000000003
2000-05-19,18.0,2000,5,19,2,14,18.0,31.0,32.0,32.0,57.00000000000003
2000-05-20,0.0,2000,5,20,2,14,0.0,31.0,32.0,32.0,57.00000000000003
2000-05-21,0.0,2000,5,21,3,15,0.0,18.0,31.0,32.0,32.00000000000003
2000-05-22,0.0,2000,5,22,3,15,0.0,0.0,31.0,32.0,32.00000000000003
2000-05-23,0.0,2000,5,23,3,15,0.0,0.0,18.0,31.0,32.00000000000003
2000-05-24,0.0,2000,5,24,3,15,0.0,0.0,0.0,31.0,32.00000000000003
2000-05-25,0.0,2000,5,25,3,15,0.0,0.0,0.0,18.0,32.00000000000003
2000-05-26,5.0,2000,5,26,3,15,5.0,5.0,5.0,5.0,36.00000000000003
2000-05-27,0.0,2000,5,27,3,15,0.0,5.0,5.0,5.0,36.00000000000003
2000-05-28,0.0,2000,5,28,3,15,0.0,5.0,5.0,5.0,23.00000000000003
2000-05-29,0.0,2000,5,29,3,15,0.0,0.0,5.0,5.0,5.000000000000028
2000-05-30,7.0,2000,5,30,3,15,7.0,7.0,12.0,12.0,12.000000000000028
2000-05-31,11.0,2000,5,31,3,15,11.0,18.0,18.0,23.0,23.00000000000003
2000-06-01,0.0,2000,6,1,1,16,0.0,18.0,18.0,23.0,23.00000000000003
2000-06-02,0.0,2000,6,2,1,16,0.0,11.0,18.0,18.0,23.00000000000003
2000-06-03,1.0,2000,6,3,1,16,1.0,1.0,19.0,19.0,24.00000000000003
2000-06-04,11.0,2000,6,4,1,16,11.0,12.0,23.0,30.0,35.00000000000003
2000-06-05,11.0,2000,6,5,1,16,11.0,23.0,23.0,41.0,41.00000000000003
2000-06-06,0.0,2000,6,6,1,16,0.0,22.0,23.0,34.0,41.00000000000003
2000-06-07,0.0,2000,6,7,1,16,0.0,11.0,23.0,23.0,41.00000000000003
2000-06-08,0.0,2000,6,8,1,16,0.0,0.0,22.0,23.0,41.00000000000003
2000-06-09,0.0,2000,6,9,1,16,0.0,0.0,11.0,23.0,34.00000000000003
2000-06-10,0.0,2000,6,10,1,16,0.0,0.0,0.0,22.0,23.00000000000003
2000-06-11,1.0,2000,6,11,2,17,1.0,1.0,1.0,12.0,24.00000000000003
2000-06-12,0.0,2000,6,12,2,17,0.0,1.0,1.0,1.0,24.00000000000003
2000-06-13,1.0,2000,6,13,2,17,1.0,2.0,2.0,2.0,24.00000000000003
2000-06-14,0.0,2000,6,14,2,17,0.0,1.0,2.0,2.0,13.000000000000028
2000-06-15,0.0,2000,6,15,2,17,0.0,1.0,2.0,2.0,2.0000000000000284
2000-06-16,0.0,2000,6,16,2,17,0.0,0.0,1.0,2.0,2.0000000000000284
2000-06-17,0.0,2000,6,17,2,17,0.0,0.0,1.0,2.0,2.0000000000000284
2000-06-18,0.0,2000,6,18,2,17,0.0,0.0,0.0,1.0,2.0000000000000284
2000-06-19,0.0,2000,6,19,2,17,0.0,0.0,0.0,1.0,2.0000000000000284
2000-06-20,1.0,2000,6,20,2,17,1.0,1.0,1.0,1.0,3.0000000000000284
2000-06-21,1.0,2000,6,21,3,18,1.0,2.0,2.0,2.0,3.0000000000000284
2000-06-22,0.0,2000,6,22,3,18,0.0,2.0,2.0,2.0,3.0000000000000284
2000-06-23,0.0,2000,6,23,3,18,0.0,1.0,2.0,2.0,2.0000000000000284
2000-06-24,1.0,2000,6,24,3,18,1.0,1.0,3.0,3.0,3.0000000000000284
2000-06-25,0.0,2000,6,25,3,18,0.0,1.0,2.0,3.0,3.0000000000000284
2000-06-26,0.0,2000,6,26,3,18,0.0,1.0,1.0,3.0,3.0000000000000284
2000-06-27,0.0,2000,6,27,3,18,0.0,0.0,1.0,2.0,3.0000000000000284
2000-06-28,0.0,2000,6,28,3,18,0.0,0.0,1.0,1.0,3.0000000000000284
2000-06-29,0.0,2000,6,29,3,18,0.0,0.0,0.0,1.0,3.0000000000000284
2000-06-30,1.0,2000,6,30,3,18,1.0,1.0,1.0,2.0,3.0000000000000284
2000-07-01,22.0,2000,7,1,1,19,22.0,23.0,23.0,23.0,24.00000000000003
2000-07-02,0.0,2000,7,2,1,19,0.0,23.0,23.0,23.0,24.00000000000003
2000-07-03,0.0,2000,7,3,1,19,0.0,22.0,23.0,23.0,24.00000000000003
2000-07-04,13.0,2000,7,4,1,19,13.0,13.0,36.0,36.0,36.00000000000003
2000-07-05,0.0,2000,7,5,1,19,0.0,13.0,35.0,36.0,36.00000000000003
2000-07-06,0.0,2000,7,6,1,19,0.0,13.0,13.0,36.0,36.00000000000003
2000-07-07,0.0,2000,7,7,1,19,0.0,0.0,13.0,35.0,36.00000000000003
2000-07-08,0.0,2000,7,8,1,19,0.0,0.0,13.0,13.0,36.00000000000003
2000-07-09,0.0,2000,7,9,1,19,0.0,0.0,0.0,13.0,36.00000000000003
2000-07-10,7.0,2000,7,10,1,19,7.0,7.0,7.0,20.0,42.00000000000003
2000-07-11,37.0,2000,7,11,2,20,37.0,44.0,44.0,44.0,57.00000000000003
2000-07-12,0.0,2000,7,12,2,20,0.0,44.0,44.0,44.0,57.00000000000003
2000-07-13,0.0,2000,7,13,2,20,0.0,37.0,44.0,44.0,57.00000000000003
2000-07-14,0.0,2000,7,14,2,20,0.0,0.0,44.0,44.0,44.00000000000003
2000-07-15,0.0,2000,7,15,2,20,0.0,0.0,37.0,44.0,44.00000000000003
2000-07-16,0.0,2000,7,16,2,20,0.0,0.0,0.0,44.0,44.00000000000003
2000-07-17,0.0,2000,7,17,2,20,0.0,0.0,0.0,37.0,44.00000000000003
2000-07-18,0.0,2000,7,18,2,20,0.0,0.0,0.0,0.0,44.00000000000003
2000-07-19,0.0,2000,7,19,2,20,0.0,0.0,0.0,0.0,44.00000000000003
2000-07-20,0.0,2000,7,20,2,20,0.0,0.0,0.0,0.0,37.00000000000003
2000-07-21,0.0,2000,7,21,3,21,0.0,0.0,0.0,0.0,0.0
2000-07-22,0.0,2000,7,22,3,21,0.0,0.0,0.0,0.0,0.0
2000-07-23,6.0,2000,7,23,3,21,6.0,6.0,6.0,6.0,6.000000000000028
2000-07-24,0.0,2000,7,24,3,21,0.0,6.0,6.0,6.0,6.000000000000028
2000-07-25,0.0,2000,7,25,3,21,0.0,6.0,6.0,6.0,6.000000000000028
2000-07-26,0.0,2000,7,26,3,21,0.0,0.0,6.0,6.0,6.000000000000028
2000-07-27,0.0,2000,7,27,3,21,0.0,0.0,6.0,6.0,6.000000000000028
2000-07-28,5.0,2000,7,28,3,21,5.0,5.0,5.0,11.0,11.000000000000028
2000-07-29,11.0,2000,7,29,3,21,11.0,16.0,16.0,22.0,22.00000000000003
2000-07-30,0.0,2000,7,30,3,21,0.0,16.0,16.0,16.0,22.00000000000003
2000-07-31,0.0,2000,7,31,3,21,0.0,11.0,16.0,16.0,22.00000000000003
2000-08-01,0.0,2000,8,1,1,22,0.0,0.0,16.0,16.0,22.00000000000003
2000-08-02,0.0,2000,8,2,1,22,0.0,0.0,11.0,16.0,16.00000000000003
2000-08-03,0.0,2000,8,3,1,22,0.0,0.0,0.0,16.0,16.00000000000003
2000-08-04,0.0,2000,8,4,1,22,0.0,0.0,0.0,11.0,16.00000000000003
2000-08-05,0.0,2000,8,5,1,22,0.0,0.0,0.0,0.0,16.00000000000003
2000-08-06,0.0,2000,8,6,1,22,0.0,0.0,0.0,0.0,16.00000000000003
2000-08-07,0.0,2000,8,7,1,22,0.0,0.0,0.0,0.0,11.000000000000028
2000-08-08,0.0,2000,8,8,1,22,0.0,0.0,0.0,0.0,0.0
2000-08-09,0.0,2000,8,9,1,22,0.0,0.0,0.0,0.0,0.0
2000-08-10,0.0,2000,8,10,1,22,0.0,0.0,0.0,0.0,0.0
2000-08-11,0.0,2000,8,11,2,23,0.0,0.0,0.0,0.0,0.0
2000-08-12,2.0,2000,8,12,2,23,2.0,2.0,2.0,2.0,2.0000000000000284
2000-08-13,0.0,2000,8,13,2,23,0.0,2.0,2.0,2.0,2.0000000000000284
2000-08-14,0.0,2000,8,14,2,23,0.0,2.0,2.0,2.0,2.0000000000000284
2000-08-15,0.0,2000,8,15,2,23,0.0,0.0,2.0,2.0,2.0000000000000284
2000-08-16,0.0,2000,8,16,2,23,0.0,0.0,2.0,2.0,2.0000000000000284
2000-08-17,0.0,2000,8,17,2,23,0.0,0.0,0.0,2.0,2.0000000000000284
2000-08-18,0.0,2000,8,18,2,23,0.0,0.0,0.0,2.0,2.0000000000000284
2000-08-19,0.0,2000,8,19,2,23,0.0,0.0,0.0,0.0,2.0000000000000284
2000-08-20,0.0,2000,8,20,2,23,0.0,0.0,0.0,0.0,2.0000000000000284
2000-08-21,0.0,2000,8,21,3,24,0.0,0.0,0.0,0.0,2.0000000000000284
2000-08-22,0.0,2000,8,22,3,24,0.0,0.0,0.0,0.0,0.0
2000-08-23,0.0,2000,8,23,3,24,0.0,0.0,0.0,0.0,0.0
2000-08-24,0.0,2000,8,24,3,24,0.0,0.0,0.0,0.0,0.0
2000-08-25,1.0,2000,8,25,3,24,1.0,1.0,1.0,1.0,1.0000000000000284
2000-08-26,0.0,2000,8,26,3,24,0.0,1.0,1.0,1.0,1.0000000000000284
2000-08-27,6.0,2000,8,27,3,24,6.0,7.0,7.0,7.0,7.000000000000028
2000-08-28,0.0,2000,8,28,3,24,0.0,6.0,7.0,7.0,7.000000000000028
2000-08-29,6.0,2000,8,29,3,24,6.0,12.0,13.0,13.0,13.000000000000028
2000-08-30,0.0,2000,8,30,3,24,0.0,6.0,12.0,13.0,13.000000000000028
2000-08-31,7.0,2000,8,31,3,24,7.0,13.0,19.0,20.0,20.00000000000003
2000-09-01,0.0,2000,9,1,1,25,0.0,7.0,13.0,19.0,20.00000000000003
2000-09-02,0.0,2000,9,2,1,25,0.0,7.0,13.0,19.0,20.00000000000003
2000-09-03,0.0,2000,9,3,1,25,0.0,0.0,7.0,13.0,20.00000000000003
2000-09-04,0.0,2000,9,4,1,25,0.0,0.0,7.0,13.0,19.00000000000003
2000-09-05,2.0,2000,9,5,1,25,2.0,2.0,2.0,9.0,21.00000000000003
2000-09-06,0.0,2000,9,6,1,25,0.0,2.0,2.0,9.0,15.000000000000028
2000-09-07,0.0,2000,9,7,1,25,0.0,2.0,2.0,2.0,15.000000000000028
2000-09-08,0.0,2000,9,8,1,25,0.0,0.0,2.0,2.0,9.000000000000028
2000-09-09,0.0,2000,9,9,1,25,0.0,0.0,2.0,2.0,9.000000000000028
2000-09-10,0.0,2000,9,10,1,25,0.0,0.0,0.0,2.0,2.0000000000000284
2000-09-11,0.0,2000,9,11,2,26,0.0,0.0,0.0,2.0,2.0000000000000284
2000-09-12,0.0,2000,9,12,2,26,0.0,0.0,0.0,0.0,2.0000000000000284
2000-09-13,0.0,2000,9,13,2,26,0.0,0.0,0.0,0.0,2.0000000000000284
2000-09-14,0.0,2000,9,14,2,26,0.0,0.0,0.0,0.0,2.0000000000000284
2000-09-15,0.0,2000,9,15,2,26,0.0,0.0,0.0,0.0,0.0
2000-09-16,0.0,2000,9,16,2,26,0.0,0.0,0.0,0.0,0.0
2000-09-17,0.0,2000,9,17,2,26,0.0,0.0,0.0,0.0,0.0
2000-09-18,0.0,2000,9,18,2,26,0.0,0.0,0.0,0.0,0.0
2000-09-19,0.0,2000,9,19,2,26,0.0,0.0,0.0,0.0,0.0
2000-09-20,0.0,2000,9,20,2,26,0.0,0.0,0.0,0.0,0.0
2000-09-21,0.0,2000,9,21,3,27,0.0,0.0,0.0,0.0,0.0
2000-09-22,19.0,2000,9,22,3,27,19.0,19.0,19.0,19.0,19.00000000000003
2000-09-23,0.0,2000,9,23,3,27,0.0,19.0,19.0,19.0,19.00000000000003
2000-09-24,0.0,2000,9,24,3,27,0.0,19.0,19.0,19.0,19.00000000000003
2000-09-25,3.0,2000,9,25,3,27,3.0,3.0,22.0,22.0,22.00000000000003
2000-09-26,0.0,2000,9,26,3,27,0.0,3.0,22.0,22.0,22.00000000000003
2000-09-27,0.0,2000,9,27,3,27,0.0,3.0,3.0,22.0,22.00000000000003
2000-09-28,0.0,2000,9,28,3,27,0.0,0.0,3.0,22.0,22.00000000000003
2000-09-29,0.0,2000,9,29,3,27,0.0,0.0,3.0,3.0,22.00000000000003
2000-09-30,0.0,2000,9,30,3,27,0.0,0.0,0.0,3.0,22.00000000000003
2000-10-01,1.0,2000,10,1,1,28,1.0,1.0,1.0,4.0,23.00000000000003
2000-10-02,0.0,2000,10,2,1,28,0.0,1.0,1.0,1.0,4.000000000000028
2000-10-03,21.0,2000,10,3,1,28,21.0,22.0,22.0,22.0,25.00000000000003
2000-10-04,0.0,2000,10,4,1,28,0.0,21.0,22.0,22.0,25.00000000000003
2000-10-05,1.0,2000,10,5,1,28,1.0,22.0,23.0,23.0,23.00000000000003
2000-10-06,0.0,2000,10,6,1,28,0.0,1.0,22.0,23.0,23.00000000000003
2000-10-07,23.0,2000,10,7,1,28,23.0,24.0,45.0,46.0,46.00000000000003
2000-10-08,0.0,2000,10,8,1,28,0.0,23.0,24.0,45.0,46.00000000000003
2000-10-09,0.0,2000,10,9,1,28,0.0,23.0,24.0,45.0,46.00000000000003
2000-10-10,0.0,2000,10,10,1,28,0.0,0.0,23.0,24.0,46.00000000000003
2000-10-11,0.0,2000,10,11,2,29,0.0,0.0,23.0,24.0,45.00000000000003
2000-10-12,0.0,2000,10,12,2,29,0.0,0.0,0.0,23.0,45.00000000000003
2000-10-13,0.0,2000,10,13,2,29,0.0,0.0,0.0,23.0,24.00000000000003
2000-10-14,0.0,2000,10,14,2,29,0.0,0.0,0.0,0.0,24.00000000000003
2000-10-15,0.0,2000,10,15,2,29,0.0,0.0,0.0,0.0,23.00000000000003
2000-10-16,0.0,2000,10,16,2,29,0.0,0.0,0.0,0.0,23.00000000000003
2000-10-17,17.0,2000,10,17,2,29,17.0,17.0,17.0,17.0,17.00000000000003
2000-10-18,20.0,2000,10,18,2,29,20.0,37.0,37.0,37.0,37.00000000000003
2000-10-19,0.0,2000,10,19,2,29,0.0,37.0,37.0,37.0,37.00000000000003
2000-10-20,0.0,2000,10,20,2,29,0.0,20.0,37.0,37.0,37.00000000000003
2000-10-21,0.0,2000,10,21,3,30,0.0,0.0,37.0,37.0,37.00000000000003
2000-10-22,0.0,2000,10,22,3,30,0.0,0.0,20.0,37.0,37.00000000000003
2000-10-23,1.0,2000,10,23,3,30,1.0,1.0,1.0,38.0,38.00000000000003
2000-10-24,0.0,2000,10,24,3,30,0.0,1.0,1.0,21.0,38.00000000000003
2000-10-25,3.0,2000,10,25,3,30,3.0,4.0,4.0,4.0,41.00000000000003
2000-10-26,28.0,2000,10,26,3,30,28.0,31.0,32.0,32.0,69.00000000000003
2000-10-27,1.0,2000,10,27,3,30,1.0,32.0,33.0,33.0,53.00000000000003
2000-10-28,1.0,2000,10,28,3,30,1.0,30.0,33.0,34.0,34.00000000000003
2000-10-29,0.0,2000,10,29,3,30,0.0,2.0,33.0,34.0,34.00000000000003
2000-10-30,0.0,2000,10,30,3,30,0.0,1.0,30.0,33.0,34.00000000000003
2000-10-31,0.0,2000,10,31,3,30,0.0,0.0,2.0,33.0,34.00000000000003
2000-11-01,0.0,2000,11,1,1,31,0.0,0.0,1.0,30.0,34.00000000000003
2000-11-02,0.0,2000,11,2,1,31,0.0,0.0,0.0,2.0,33.00000000000003
2000-11-03,0.0,2000,11,3,1,31,0.0,0.0,0.0,1.0,33.00000000000003
2000-11-04,6.0,2000,11,4,1,31,6.0,6.0,6.0,6.0,36.00000000000003
2000-11-05,0.0,2000,11,5,1,31,0.0,6.0,6.0,6.0,8.000000000000028
2000-11-06,0.0,2000,11,6,1,31,0.0,6.0,6.0,6.0,7.000000000000028
2000-11-07,0.0,2000,11,7,1,31,0.0,0.0,6.0,6.0,6.000000000000028
2000-11-08,0.0,2000,11,8,1,31,0.0,0.0,6.0,6.0,6.000000000000028
2000-11-09,0.0,2000,11,9,1,31,0.0,0.0,0.0,6.0,6.000000000000028
2000-11-10,6.0,2000,11,10,1,31,6.0,6.0,6.0,12.0,12.000000000000028
2000-11-11,0.0,2000,11,11,2,32,0.0,6.0,6.0,6.0,12.000000000000028
2000-11-12,0.0,2000,11,12,2,32,0.0,6.0,6.0,6.0,12.000000000000028
2000-11-13,14.0,2000,11,13,2,32,14.0,14.0,20.0,20.0,26.00000000000003
2000-11-14,0.0,2000,11,14,2,32,0.0,14.0,20.0,20.0,20.00000000000003
2000-11-15,23.0,2000,11,15,2,32,23.0,37.0,37.0,43.0,43.00000000000003
2000-11-16,16.0,2000,11,16,2,32,16.0,39.0,53.0,59.0,59.00000000000003
2000-11-17,2.0,2000,11,17,2,32,2.0,41.0,55.0,55.0,61.00000000000003
2000-11-18,0.0,2000,11,18,2,32,0.0,18.0,41.0,55.0,61.00000000000003
2000-11-19,0.0,2000,11,19,2,32,0.0,2.0,41.0,55.0,61.00000000000003
2000-11-20,0.0,2000,11,20,2,32,0.0,0.0,18.0,41.0,55.00000000000003
2000-11-21,10.0,2000,11,21,3,33,10.0,10.0,12.0,51.0,65.00000000000003
2000-11-22,11.0,2000,11,22,3,33,11.0,21.0,21.0,39.0,76.00000000000003
2000-11-23,3.0,2000,11,23,3,33,3.0,24.0,24.0,26.0,65.00000000000003
2000-11-24,1.0,2000,11,24,3,33,1.0,15.0,25.0,25.0,66.00000000000003
2000-11-25,11.0,2000,11,25,3,33,11.0,15.0,36.0,36.0,54.00000000000003
2000-11-26,4.0,2000,11,26,3,33,4.0,16.0,30.0,40.0,42.00000000000003
2000-11-27,2.0,2000,11,27,3,33,2.0,17.0,21.0,42.0,42.00000000000003
2000-11-28,1.0,2000,11,28,3,33,1.0,7.0,19.0,33.0,43.00000000000003
2000-11-29,18.0,2000,11,29,3,33,18.0,21.0,36.0,40.0,61.00000000000003
2000-11-30,6.0,2000,11,30,3,33,6.0,25.0,31.0,43.0,67.00000000000003
2000-12-01,8.0,2000,12,1,1,34,8.0,32.0,35.0,50.0,65.00000000000003
2000-12-02,0.0,2000,12,2,1,34,0.0,14.0,33.0,39.0,54.00000000000003
2000-12-03,2.0,2000,12,3,1,34,2.0,10.0,34.0,37.0,53.00000000000003
2000-12-04,0.0,2000,12,4,1,34,0.0,2.0,16.0,35.0,52.00000000000003
2000-12-05,0.0,2000,12,5,1,34,0.0,2.0,10.0,34.0,41.00000000000003
2000-12-06,0.0,2000,12,6,1,34,0.0,0.0,2.0,16.0,37.00000000000003
2000-12-07,0.0,2000,12,7,1,34,0.0,0.0,2.0,10.0,35.00000000000003
2000-12-08,0.0,2000,12,8,1,34,0.0,0.0,0.0,2.0,34.00000000000003
2000-12-09,1.0,2000,12,9,1,34,1.0,1.0,1.0,3.0,17.00000000000003
2000-12-10,0.0,2000,12,10,1,34,0.0,1.0,1.0,1.0,11.000000000000028
2000-12-11,4.0,2000,12,11,2,35,4.0,5.0,5.0,5.0,7.000000000000028
2000-12-12,0.0,2000,12,12,2,35,0.0,4.0,5.0,5.0,7.000000000000028
2000-12-13,0.0,2000,12,13,2,35,0.0,4.0,5.0,5.0,5.000000000000028
2000-12-14,1.0,2000,12,14,2,35,1.0,1.0,5.0,6.0,6.000000000000028
2000-12-15,0.0,2000,12,15,2,35,0.0,1.0,5.0,6.0,6.000000000000028
2000-12-16,2.0,2000,12,16,2,35,2.0,3.0,3.0,7.0,8.000000000000028
2000-12-17,11.0,2000,12,17,2,35,11.0,13.0,14.0,18.0,19.00000000000003
2000-12-18,14.0,2000,12,18,2,35,14.0,27.0,28.0,28.0,33.00000000000003
2000-12-19,0.0,2000,12,19,2,35,0.0,25.0,27.0,28.0,32.00000000000003
2000-12-20,0.0,2000,12,20,2,35,0.0,14.0,27.0,28.0,32.00000000000003
2000-12-21,0.0,2000,12,21,3,36,0.0,0.0,25.0,27.0,28.00000000000003
2000-12-22,1.0,2000,12,22,3,36,1.0,1.0,15.0,28.0,29.00000000000003
2000-12-23,9.0,2000,12,23,3,36,9.0,10.0,10.0,35.0,38.00000000000003
2000-12-24,7.0,2000,12,24,3,36,7.0,17.0,17.0,31.0,44.00000000000003
2000-12-25,4.0,2000,12,25,3,36,4.0,20.0,21.0,21.0,48.00000000000003
2000-12-26,0.0,2000,12,26,3,36,0.0,11.0,21.0,21.0,46.00000000000003
2000-12-27,7.0,2000,12,27,3,36,7.0,11.0,27.0,28.0,42.00000000000003
2000-12-28,0.0,2000,12,28,3,36,0.0,7.0,18.0,28.0,28.00000000000003
2000-12-29,0.0,2000,12,29,3,36,0.0,7.0,11.0,27.0,28.00000000000003
2000-12-30,1.0,2000,12,30,3,36,1.0,1.0,8.0,19.0,29.00000000000003
2000-12-31,0.0,2000,12,31,3,36,0.0,1.0,8.0,12.0,29.00000000000003
2001-01-01,0.0,2001,1,1,1,1,0.0,1.0,1.0,8.0,28.00000000000003
2001-01-02,15.0,2001,1,2,1,1,15.0,15.0,16.0,23.0,34.00000000000003
2001-01-03,19.0,2001,1,3,1,1,19.0,34.0,35.0,35.0,46.00000000000003
2001-01-04,23.0,2001,1,4,1,1,23.0,57.0,57.0,58.0,65.00000000000003
2001-01-05,0.0,2001,1,5,1,1,0.0,42.0,57.0,58.0,65.00000000000003
2001-01-06,0.0,2001,1,6,1,1,0.0,23.0,57.0,57.0,58.00000000000003
2001-01-07,0.0,2001,1,7,1,1,0.0,0.0,42.0,57.0,58.00000000000003
2001-01-08,0.0,2001,1,8,1,1,0.0,0.0,23.0,57.0,58.00000000000003
2001-01-09,19.0,2001,1,9,1,1,19.0,19.0,19.0,61.0,76.00000000000003
2001-01-10,12.0,2001,1,10,1,1,12.0,31.0,31.0,54.0,88.00000000000003
2001-01-11,6.0,2001,1,11,2,2,6.0,37.0,37.0,37.0,94.00000000000003
2001-01-12,0.0,2001,1,12,2,2,0.0,18.0,37.0,37.0,79.00000000000003
2001-01-13,0.0,2001,1,13,2,2,0.0,6.0,37.0,37.0,60.00000000000003
2001-01-14,0.0,2001,1,14,2,2,0.0,0.0,18.0,37.0,37.00000000000003
2001-01-15,0.0,2001,1,15,2,2,0.0,0.0,6.0,37.0,37.00000000000003
2001-01-16,0.0,2001,1,16,2,2,0.0,0.0,0.0,18.0,37.00000000000003
2001-01-17,12.0,2001,1,17,2,2,12.0,12.0,12.0,18.0,49.00000000000003
2001-01-18,0.0,2001,1,18,2,2,0.0,12.0,12.0,12.0,49.00000000000003
2001-01-19,13.0,2001,1,19,2,2,13.0,25.0,25.0,25.0,43.00000000000003
2001-01-20,8.0,2001,1,20,2,2,8.0,21.0,33.0,33.0,39.00000000000003
2001-01-21,21.0,2001,1,21,3,3,21.0,42.0,54.0,54.0,54.00000000000003
2001-01-22,0.0,2001,1,22,3,3,0.0,29.0,42.0,54.0,54.00000000000003
2001-01-23,42.0,2001,1,23,3,3,42.0,63.0,84.0,96.0,96.00000000000003
2001-01-24,0.0,2001,1,24,3,3,0.0,42.0,71.0,84.0,96.00000000000003
2001-01-25,2.0,2001,1,25,3,3,2.0,44.0,65.0,86.0,98.00000000000003
2001-01-26,1.0,2001,1,26,3,3,1.0,3.0,45.0,74.0,99.00000000000003
2001-01-27,0.0,2001,1,27,3,3,0.0,3.0,45.0,66.0,87.00000000000003
2001-01-28,0.0,2001,1,28,3,3,0.0,1.0,3.0,45.0,87.00000000000003
2001-01-29,16.0,2001,1,29,3,3,16.0,16.0,19.0,61.0,90.00000000000003
2001-01-30,2.0,2001,1,30,3,3,2.0,18.0,19.0,21.0,84.00000000000003
2001-01-31,9.0,2001,1,31,3,3,9.0,27.0,27.0,30.0,72.00000000000003
2001-02-01,42.0,2001,2,1,1,4,42.0,53.0,69.0,70.0,114.00000000000003
2001-02-02,3.0,2001,2,2,1,4,3.0,54.0,72.0,72.0,75.00000000000003
2001-02-03,2.0,2001,2,3,1,4,2.0,47.0,58.0,74.0,77.00000000000003
2001-02-04,0.0,2001,2,4,1,4,0.0,5.0,56.0,74.0,75.00000000000003
2001-02-05,5.0,2001,2,5,1,4,5.0,7.0,52.0,63.0,79.00000000000003
2001-02-06,20.0,2001,2,6,1,4,20.0,25.0,30.0,81.0,99.00000000000003
2001-02-07,2.0,2001,2,7,1,4,2.0,27.0,29.0,74.0,101.00000000000003
2001-02-08,58.0,2001,2,8,1,4,58.0,80.0,85.0,90.0,143.00000000000003
2001-02-09,45.0,2001,2,9,1,4,45.0,105.0,130.0,132.0,186.00000000000003
2001-02-10,0.0,2001,2,10,1,4,0.0,103.0,125.0,130.0,177.00000000000003
2001-02-11,1.0,2001,2,11,2,5,1.0,46.0,106.0,131.0,136.00000000000003
2001-02-12,7.0,2001,2,12,2,5,7.0,8.0,111.0,133.0,140.00000000000003
2001-02-13,7.0,2001,2,13,2,5,7.0,15.0,60.0,120.0,145.00000000000003
2001-02-14,0.0,2001,2,14,2,5,0.0,14.0,15.0,118.0,145.00000000000003
2001-02-15,12.0,2001,2,15,2,5,12.0,19.0,27.0,72.0,152.00000000000003
2001-02-16,1.0,2001,2,16,2,5,1.0,13.0,27.0,28.0,133.00000000000003
2001-02-17,17.0,2001,2,17,2,5,17.0,30.0,37.0,45.0,148.00000000000003
2001-02-18,11.0,2001,2,18,2,5,11.0,29.0,41.0,55.0,101.00000000000003
2001-02-19,33.0,2001,2,19,2,5,33.0,61.0,74.0,81.0,89.00000000000003
2001-02-20,24.0,2001,2,20,2,5,24.0,68.0,86.0,98.0,113.00000000000003
2001-02-21,11.0,2001,2,21,3,6,11.0,68.0,96.0,109.0,123.00000000000003
2001-02-22,2.0,2001,2,22,3,6,2.0,37.0,81.0,99.0,118.00000000000003
2001-02-23,26.0,2001,2,23,3,6,26.0,39.0,96.0,124.0,137.00000000000003
2001-02-24,0.0,2001,2,24,3,6,0.0,28.0,63.0,107.0,137.00000000000003
2001-02-25,1.0,2001,2,25,3,6,1.0,27.0,40.0,97.0,126.00000000000003
2001-02-26,0.0,2001,2,26,3,6,0.0,1.0,29.0,64.0,125.00000000000003
2001-02-27,0.0,2001,2,27,3,6,0.0,1.0,27.0,40.0,108.00000000000003
2001-02-28,0.0,2001,2,28,3,6,0.0,0.0,1.0,29.0,97.00000000000003
2001-03-01,0.0,2001,3,1,1,7,0.0,0.0,1.0,27.0,64.00000000000003
2001-03-02,10.0,2001,3,2,1,7,10.0,10.0,10.0,11.0,50.00000000000003
2001-03-03,14.0,2001,3,3,1,7,14.0,24.0,24.0,25.0,53.00000000000003
2001-03-04,10.0,2001,3,4,1,7,10.0,34.0,34.0,34.0,61.00000000000003
2001-03-05,11.0,2001,3,5,1,7,11.0,35.0,45.0,45.0,46.00000000000003
2001-03-06,3.0,2001,3,6,1,7,3.0,24.0,48.0,48.0,49.00000000000003
2001-03-07,0.0,2001,3,7,1,7,0.0,14.0,38.0,48.0,48.00000000000003
2001-03-08,0.0,2001,3,8,1,7,0.0,3.0,24.0,48.0,48.00000000000003
2001-03-09,0.0,2001,3,9,1,7,0.0,0.0,14.0,38.0,48.00000000000003
2001-03-10,0.0,2001,3,10,1,7,0.0,0.0,3.0,24.0,48.00000000000003
2001-03-11,0.0,2001,3,11,2,8,0.0,0.0,0.0,14.0,48.00000000000003
2001-03-12,7.0,2001,3,12,2,8,7.0,7.0,7.0,10.0,45.00000000000003
2001-03-13,0.0,2001,3,13,2,8,0.0,7.0,7.0,7.0,31.00000000000003
2001-03-14,0.0,2001,3,14,2,8,0.0,7.0,7.0,7.0,21.00000000000003
2001-03-15,0.0,2001,3,15,2,8,0.0,0.0,7.0,7.0,10.000000000000028
2001-03-16,6.0,2001,3,16,2,8,6.0,6.0,13.0,13.0,13.000000000000028
2001-03-17,1.0,2001,3,17,2,8,1.0,7.0,7.0,14.0,14.000000000000028
2001-03-18,1.0,2001,3,18,2,8,1.0,8.0,8.0,15.0,15.000000000000028
2001-03-19,26.0,2001,3,19,2,8,26.0,28.0,34.0,34.0,41.00000000000003
2001-03-20,2.0,2001,3,20,2,8,2.0,29.0,36.0,36.0,43.00000000000003
2001-03-21,5.0,2001,3,21,3,9,5.0,33.0,35.0,41.0,48.00000000000003
2001-03-22,2.0,2001,3,22,3,9,2.0,9.0,36.0,43.0,43.00000000000003
2001-03-23,2.0,2001,3,23,3,9,2.0,9.0,37.0,39.0,45.00000000000003
2001-03-24,0.0,2001,3,24,3,9,0.0,4.0,11.0,38.0,45.00000000000003
2001-03-25,5.0,2001,3,25,3,9,5.0,7.0,14.0,42.0,50.00000000000003
2001-03-26,0.0,2001,3,26,3,9,0.0,5.0,9.0,16.0,44.00000000000003
2001-03-27,1.0,2001,3,27,3,9,1.0,6.0,8.0,15.0,44.00000000000003
2001-03-28,14.0,2001,3,28,3,9,14.0,15.0,20.0,24.0,57.00000000000003
2001-03-29,23.0,2001,3,29,3,9,23.0,38.0,43.0,45.0,54.00000000000003
2001-03-30,0.0,2001,3,30,3,9,0.0,37.0,38.0,43.0,52.00000000000003
2001-03-31,0.0,2001,3,31,3,9,0.0,23.0,38.0,43.0,47.00000000000003
2001-04-01,0.0,2001,4,1,1,10,0.0,0.0,37.0,38.0,45.00000000000003
2001-04-02,0.0,2001,4,2,1,10,0.0,0.0,23.0,38.0,43.00000000000003
2001-04-03,3.0,2001,4,3,1,10,3.0,3.0,3.0,40.0,46.00000000000003
2001-04-04,1.0,2001,4,4,1,10,1.0,4.0,4.0,27.0,42.00000000000003
2001-04-05,0.0,2001,4,5,1,10,0.0,4.0,4.0,4.0,42.00000000000003
2001-04-06,0.0,2001,4,6,1,10,0.0,1.0,4.0,4.0,41.00000000000003
2001-04-07,1.0,2001,4,7,1,10,1.0,1.0,5.0,5.0,28.00000000000003
2001-04-08,7.0,2001,4,8,1,10,7.0,8.0,9.0,12.0,12.000000000000028
2001-04-09,3.0,2001,4,9,1,10,3.0,11.0,11.0,15.0,15.000000000000028
2001-04-10,0.0,2001,4,10,1,10,0.0,10.0,11.0,12.0,15.000000000000028
2001-04-11,1.0,2001,4,11,2,11,1.0,4.0,12.0,12.0,16.00000000000003
2001-04-12,1.0,2001,4,12,2,11,1.0,2.0,12.0,13.0,17.00000000000003
2001-04-13,5.0,2001,4,13,2,11,5.0,7.0,10.0,18.0,19.00000000000003
2001-04-14,2.0,2001,4,14,2,11,2.0,8.0,9.0,19.0,20.00000000000003
2001-04-15,21.0,2001,4,15,2,11,21.0,28.0,30.0,33.0,41.00000000000003
2001-04-16,0.0,2001,4,16,2,11,0.0,23.0,29.0,30.0,41.00000000000003
2001-04-17,20.0,2001,4,17,2,11,20.0,41.0,48.0,50.0,60.00000000000003
2001-04-18,0.0,2001,4,18,2,11,0.0,20.0,43.0,49.0,53.00000000000003
2001-04-19,0.0,2001,4,19,2,11,0.0,20.0,41.0,48.0,50.00000000000003
2001-04-20,6.0,2001,4,20,2,11,6.0,6.0,26.0,49.0,56.00000000000003
2001-04-21,0.0,2001,4,21,3,12,0.0,6.0,26.0,47.0,55.00000000000003
2001-04-22,0.0,2001,4,22,3,12,0.0,6.0,6.0,26.0,54.00000000000003
2001-04-23,0.0,2001,4,23,3,12,0.0,0.0,6.0,26.0,49.00000000000003
2001-04-24,0.0,2001,4,24,3,12,0.0,0.0,6.0,6.0,47.00000000000003
2001-04-25,0.0,2001,4,25,3,12,0.0,0.0,0.0,6.0,26.00000000000003
2001-04-26,14.0,2001,4,26,3,12,14.0,14.0,14.0,20.0,40.00000000000003
2001-04-27,0.0,2001,4,27,3,12,0.0,14.0,14.0,14.0,20.00000000000003
2001-04-28,0.0,2001,4,28,3,12,0.0,14.0,14.0,14.0,20.00000000000003
2001-04-29,0.0,2001,4,29,3,12,0.0,0.0,14.0,14.0,20.00000000000003
2001-04-30,0.0,2001,4,30,3,12,0.0,0.0,14.0,14.0,14.000000000000028
2001-05-01,0.0,2001,5,1,1,13,0.0,0.0,0.0,14.0,14.000000000000028
2001-05-02,0.0,2001,5,2,1,13,0.0,0.0,0.0,14.0,14.000000000000028
2001-05-03,0.0,2001,5,3,1,13,0.0,0.0,0.0,0.0,14.000000000000028
2001-05-04,0.0,2001,5,4,1,13,0.0,0.0,0.0,0.0,14.000000000000028
2001-05-05,7.0,2001,5,5,1,13,7.0,7.0,7.0,7.0,21.00000000000003
2001-05-06,0.0,2001,5,6,1,13,0.0,7.0,7.0,7.0,7.000000000000028
2001-05-07,10.0,2001,5,7,1,13,10.0,17.0,17.0,17.0,17.00000000000003
2001-05-08,6.0,2001,5,8,1,13,6.0,16.0,23.0,23.0,23.00000000000003
2001-05-09,0.0,2001,5,9,1,13,0.0,16.0,23.0,23.0,23.00000000000003
2001-05-10,0.0,2001,5,10,1,13,0.0,6.0,16.0,23.0,23.00000000000003
2001-05-11,0.0,2001,5,11,2,14,0.0,0.0,16.0,23.0,23.00000000000003
2001-05-12,0.0,2001,5,12,2,14,0.0,0.0,6.0,16.0,23.00000000000003
2001-05-13,0.0,2001,5,13,2,14,0.0,0.0,0.0,16.0,23.00000000000003
2001-05-14,0.0,2001,5,14,2,14,0.0,0.0,0.0,6.0,23.00000000000003
2001-05-15,0.0,2001,5,15,2,14,0.0,0.0,0.0,0.0,16.00000000000003
2001-05-16,1.0,2001,5,16,2,14,1.0,1.0,1.0,1.0,17.00000000000003
2001-05-17,0.0,2001,5,17,2,14,0.0,1.0,1.0,1.0,7.000000000000028
2001-05-18,0.0,2001,5,18,2,14,0.0,1.0,1.0,1.0,1.0000000000000284
2001-05-19,0.0,2001,5,19,2,14,0.0,0.0,1.0,1.0,1.0000000000000284
2001-05-20,0.0,2001,5,20,2,14,0.0,0.0,1.0,1.0,1.0000000000000284
2001-05-21,0.0,2001,5,21,3,15,0.0,0.0,0.0,1.0,1.0000000000000284
2001-05-22,0.0,2001,5,22,3,15,0.0,0.0,0.0,1.0,1.0000000000000284
2001-05-23,26.0,2001,5,23,3,15,26.0,26.0,26.0,26.0,27.00000000000003
2001-05-24,0.0,2001,5,24,3,15,0.0,26.0,26.0,26.0,27.00000000000003
2001-05-25,0.0,2001,5,25,3,15,0.0,26.0,26.0,26.0,27.00000000000003
2001-05-26,5.0,2001,5,26,3,15,5.0,5.0,31.0,31.0,31.00000000000003
2001-05-27,0.0,2001,5,27,3,15,0.0,5.0,31.0,31.0,31.00000000000003
2001-05-28,0.0,2001,5,28,3,15,0.0,5.0,5.0,31.0,31.00000000000003
2001-05-29,4.0,2001,5,29,3,15,4.0,4.0,9.0,35.0,35.00000000000003
2001-05-30,1.0,2001,5,30,3,15,1.0,5.0,10.0,10.0,36.00000000000003
2001-05-31,2.0,2001,5,31,3,15,2.0,7.0,7.0,12.0,38.00000000000003
2001-06-01,1.0,2001,6,1,1,16,1.0,4.0,8.0,13.0,39.00000000000003
2001-06-02,22.0,2001,6,2,1,16,22.0,25.0,30.0,30.0,35.00000000000003
2001-06-03,0.0,2001,6,3,1,16,0.0,23.0,26.0,30.0,35.00000000000003
2001-06-04,0.0,2001,6,4,1,16,0.0,22.0,25.0,30.0,35.00000000000003
2001-06-05,69.0,2001,6,5,1,16,69.0,69.0,92.0,95.0,99.00000000000003
2001-06-06,0.0,2001,6,6,1,16,0.0,69.0,91.0,94.0,99.00000000000003
2001-06-07,0.0,2001,6,7,1,16,0.0,69.0,69.0,92.0,99.00000000000003
2001-06-08,0.0,2001,6,8,1,16,0.0,0.0,69.0,91.0,95.00000000000003
2001-06-09,0.0,2001,6,9,1,16,0.0,0.0,69.0,69.0,94.00000000000003
2001-06-10,1.0,2001,6,10,1,16,1.0,1.0,1.0,70.0,93.00000000000003
2001-06-11,0.0,2001,6,11,2,17,0.0,1.0,1.0,70.0,92.00000000000003
2001-06-12,0.0,2001,6,12,2,17,0.0,1.0,1.0,1.0,70.00000000000003
2001-06-13,0.0,2001,6,13,2,17,0.0,0.0,1.0,1.0,70.00000000000003
2001-06-14,0.0,2001,6,14,2,17,0.0,0.0,1.0,1.0,70.00000000000003
2001-06-15,16.0,2001,6,15,2,17,16.0,16.0,16.0,17.0,17.00000000000003
2001-06-16,1.0,2001,6,16,2,17,1.0,17.0,17.0,18.0,18.00000000000003
2001-06-17,19.0,2001,6,17,2,17,19.0,36.0,36.0,36.0,37.00000000000003
2001-06-18,0.0,2001,6,18,2,17,0.0,20.0,36.0,36.0,37.00000000000003
2001-06-19,0.0,2001,6,19,2,17,0.0,19.0,36.0,36.0,37.00000000000003
2001-06-20,0.0,2001,6,20,2,17,0.0,0.0,20.0,36.0,36.00000000000003
2001-06-21,0.0,2001,6,21,3,18,0.0,0.0,19.0,36.0,36.00000000000003
2001-06-22,0.0,2001,6,22,3,18,0.0,0.0,0.0,20.0,36.00000000000003
2001-06-23,0.0,2001,6,23,3,18,0.0,0.0,0.0,19.0,36.00000000000003
2001-06-24,0.0,2001,6,24,3,18,0.0,0.0,0.0,0.0,36.00000000000003
2001-06-25,0.0,2001,6,25,3,18,0.0,0.0,0.0,0.0,20.00000000000003
2001-06-26,1.0,2001,6,26,3,18,1.0,1.0,1.0,1.0,20.00000000000003
2001-06-27,0.0,2001,6,27,3,18,0.0,1.0,1.0,1.0,1.0000000000000284
2001-06-28,0.0,2001,6,28,3,18,0.0,1.0,1.0,1.0,1.0000000000000284
2001-06-29,0.0,2001,6,29,3,18,0.0,0.0,1.0,1.0,1.0000000000000284
2001-06-30,34.0,2001,6,30,3,18,34.0,34.0,35.0,35.0,35.00000000000003
2001-07-01,0.0,2001,7,1,1,19,0.0,34.0,34.0,35.0,35.00000000000003
2001-07-02,0.0,2001,7,2,1,19,0.0,34.0,34.0,35.0,35.00000000000003
2001-07-03,0.0,2001,7,3,1,19,0.0,0.0,34.0,34.0,35.00000000000003
2001-07-04,0.0,2001,7,4,1,19,0.0,0.0,34.0,34.0,35.00000000000003
2001-07-05,0.0,2001,7,5,1,19,0.0,0.0,0.0,34.0,35.00000000000003
2001-07-06,0.0,2001,7,6,1,19,0.0,0.0,0.0,34.0,34.00000000000003
2001-07-07,0.0,2001,7,7,1,19,0.0,0.0,0.0,0.0,34.00000000000003
2001-07-08,0.0,2001,7,8,1,19,0.0,0.0,0.0,0.0,34.00000000000003
2001-07-09,0.0,2001,7,9,1,19,0.0,0.0,0.0,0.0,34.00000000000003
2001-07-10,0.0,2001,7,10,1,19,0.0,0.0,0.0,0.0,0.0
2001-07-11,0.0,2001,7,11,2,20,0.0,0.0,0.0,0.0,0.0
2001-07-12,0.0,2001,7,12,2,20,0.0,0.0,0.0,0.0,0.0
2001-07-13,0.0,2001,7,13,2,20,0.0,0.0,0.0,0.0,0.0
2001-07-14,23.0,2001,7,14,2,20,23.0,23.0,23.0,23.0,23.00000000000003
2001-07-15,0.0,2001,7,15,2,20,0.0,23.0,23.0,23.0,23.00000000000003
2001-07-16,0.0,2001,7,16,2,20,0.0,23.0,23.0,23.0,23.00000000000003
2001-07-17,2.0,2001,7,17,2,20,2.0,2.0,25.0,25.0,25.00000000000003
2001-07-18,1.0,2001,7,18,2,20,1.0,3.0,26.0,26.0,26.00000000000003
2001-07-19,2.0,2001,7,19,2,20,2.0,5.0,5.0,28.0,28.00000000000003
2001-07-20,43.0,2001,7,20,2,20,43.0,46.0,48.0,71.0,71.00000000000003
2001-07-21,13.0,2001,7,21,3,21,13.0,58.0,61.0,61.0,84.00000000000003
2001-07-22,0.0,2001,7,22,3,21,0.0,56.0,59.0,61.0,84.00000000000003
2001-07-23,1.0,2001,7,23,3,21,1.0,14.0,59.0,62.0,85.00000000000003
2001-07-24,0.0,2001,7,24,3,21,0.0,1.0,57.0,60.0,62.00000000000003
2001-07-25,0.0,2001,7,25,3,21,0.0,1.0,14.0,59.0,62.00000000000003
2001-07-26,0.0,2001,7,26,3,21,0.0,0.0,1.0,57.0,62.00000000000003
2001-07-27,0.0,2001,7,27,3,21,0.0,0.0,1.0,14.0,60.00000000000003
2001-07-28,0.0,2001,7,28,3,21,0.0,0.0,0.0,1.0,59.00000000000003
2001-07-29,0.0,2001,7,29,3,21,0.0,0.0,0.0,1.0,57.00000000000003
2001-07-30,0.0,2001,7,30,3,21,0.0,0.0,0.0,0.0,14.000000000000028
2001-07-31,2.0,2001,7,31,3,21,2.0,2.0,2.0,2.0,3.0000000000000284
2001-08-01,0.0,2001,8,1,1,22,0.0,2.0,2.0,2.0,3.0000000000000284
2001-08-02,0.0,2001,8,2,1,22,0.0,2.0,2.0,2.0,2.0000000000000284
2001-08-03,2.0,2001,8,3,1,22,2.0,2.0,4.0,4.0,4.000000000000028
2001-08-04,37.0,2001,8,4,1,22,37.0,39.0,41.0,41.0,41.00000000000003
2001-08-05,7.0,2001,8,5,1,22,7.0,46.0,46.0,48.0,48.00000000000003
2001-08-06,2.0,2001,8,6,1,22,2.0,46.0,48.0,50.0,50.00000000000003
2001-08-07,0.0,2001,8,7,1,22,0.0,9.0,48.0,48.0,50.00000000000003
2001-08-08,0.0,2001,8,8,1,22,0.0,2.0,46.0,48.0,50.00000000000003
2001-08-09,0.0,2001,8,9,1,22,0.0,0.0,9.0,48.0,50.00000000000003
2001-08-10,0.0,2001,8,10,1,22,0.0,0.0,2.0,46.0,48.00000000000003
2001-08-11,0.0,2001,8,11,2,23,0.0,0.0,0.0,9.0,48.00000000000003
2001-08-12,0.0,2001,8,12,2,23,0.0,0.0,0.0,2.0,48.00000000000003
2001-08-13,0.0,2001,8,13,2,23,0.0,0.0,0.0,0.0,46.00000000000003
2001-08-14,0.0,2001,8,14,2,23,0.0,0.0,0.0,0.0,9.000000000000028
2001-08-15,0.0,2001,8,15,2,23,0.0,0.0,0.0,0.0,2.0000000000000284
2001-08-16,0.0,2001,8,16,2,23,0.0,0.0,0.0,0.0,0.0
2001-08-17,0.0,2001,8,17,2,23,0.0,0.0,0.0,0.0,0.0
2001-08-18,0.0,2001,8,18,2,23,0.0,0.0,0.0,0.0,0.0
2001-08-19,0.0,2001,8,19,2,23,0.0,0.0,0.0,0.0,0.0
2001-08-20,0.0,2001,8,20,2,23,0.0,0.0,0.0,0.0,0.0
2001-08-21,0.0,2001,8,21,3,24,0.0,0.0,0.0,0.0,0.0
2001-08-22,0.0,2001,8,22,3,24,0.0,0.0,0.0,0.0,0.0
2001-08-23,0.0,2001,8,23,3,24,0.0,0.0,0.0,0.0,0.0
2001-08-24,0.0,2001,8,24,3,24,0.0,0.0,0.0,0.0,0.0
2001-08-25,0.0,2001,8,25,3,24,0.0,0.0,0.0,0.0,0.0
2001-08-26,0.0,2001,8,26,3,24,0.0,0.0,0.0,0.0,0.0
2001-08-27,0.0,2001,8,27,3,24,0.0,0.0,0.0,0.0,0.0
2001-08-28,0.0,2001,8,28,3,24,0.0,0.0,0.0,0.0,0.0
2001-08-29,0.0,2001,8,29,3,24,0.0,0.0,0.0,0.0,0.0
2001-08-30,1.0,2001,8,30,3,24,1.0,1.0,1.0,1.0,1.0000000000000284
2001-08-31,0.0,2001,8,31,3,24,0.0,1.0,1.0,1.0,1.0000000000000284
2001-09-01,0.0,2001,9,1,1,25,0.0,1.0,1.0,1.0,1.0000000000000284
2001-09-02,0.0,2001,9,2,1,25,0.0,0.0,1.0,1.0,1.0000000000000284
2001-09-03,0.0,2001,9,3,1,25,0.0,0.0,1.0,1.0,1.0000000000000284
2001-09-04,36.0,2001,9,4,1,25,36.0,36.0,36.0,37.0,37.00000000000003
2001-09-05,0.0,2001,9,5,1,25,0.0,36.0,36.0,37.0,37.00000000000003
2001-09-06,0.0,2001,9,6,1,25,0.0,36.0,36.0,36.0,37.00000000000003
2001-09-07,28.0,2001,9,7,1,25,28.0,28.0,64.0,64.0,65.00000000000003
2001-09-08,0.0,2001,9,8,1,25,0.0,28.0,64.0,64.0,65.00000000000003
2001-09-09,0.0,2001,9,9,1,25,0.0,28.0,28.0,64.0,64.00000000000003
2001-09-10,0.0,2001,9,10,1,25,0.0,0.0,28.0,64.0,64.00000000000003
2001-09-11,0.0,2001,9,11,2,26,0.0,0.0,28.0,28.0,64.00000000000003
2001-09-12,0.0,2001,9,12,2,26,0.0,0.0,0.0,28.0,64.00000000000003
2001-09-13,0.0,2001,9,13,2,26,0.0,0.0,0.0,28.0,64.00000000000003
2001-09-14,6.0,2001,9,14,2,26,6.0,6.0,6.0,6.0,34.00000000000003
2001-09-15,0.0,2001,9,15,2,26,0.0,6.0,6.0,6.0,34.00000000000003
2001-09-16,0.0,2001,9,16,2,26,0.0,6.0,6.0,6.0,34.00000000000003
2001-09-17,0.0,2001,9,17,2,26,0.0,0.0,6.0,6.0,6.000000000000028
2001-09-18,0.0,2001,9,18,2,26,0.0,0.0,6.0,6.0,6.000000000000028
2001-09-19,3.0,2001,9,19,2,26,3.0,3.0,3.0,9.0,9.000000000000028
2001-09-20,0.0,2001,9,20,2,26,0.0,3.0,3.0,9.0,9.000000000000028
2001-09-21,0.0,2001,9,21,3,27,0.0,3.0,3.0,3.0,9.000000000000028
2001-09-22,0.0,2001,9,22,3,27,0.0,0.0,3.0,3.0,9.000000000000028
2001-09-23,0.0,2001,9,23,3,27,0.0,0.0,3.0,3.0,9.000000000000028
2001-09-24,0.0,2001,9,24,3,27,0.0,0.0,0.0,3.0,3.0000000000000284
2001-09-25,0.0,2001,9,25,3,27,0.0,0.0,0.0,3.0,3.0000000000000284
2001-09-26,6.0,2001,9,26,3,27,6.0,6.0,6.0,6.0,9.000000000000028
2001-09-27,0.0,2001,9,27,3,27,0.0,6.0,6.0,6.0,9.000000000000028
2001-09-28,0.0,2001,9,28,3,27,0.0,6.0,6.0,6.0,9.000000000000028
2001-09-29,0.0,2001,9,29,3,27,0.0,0.0,6.0,6.0,6.000000000000028
2001-09-30,17.0,2001,9,30,3,27,17.0,17.0,23.0,23.0,23.00000000000003
2001-10-01,6.0,2001,10,1,1,28,6.0,23.0,23.0,29.0,29.00000000000003
2001-10-02,2.0,2001,10,2,1,28,2.0,25.0,25.0,31.0,31.00000000000003
2001-10-03,27.0,2001,10,3,1,28,27.0,35.0,52.0,52.0,58.00000000000003
2001-10-04,0.0,2001,10,4,1,28,0.0,29.0,52.0,52.0,58.00000000000003
2001-10-05,0.0,2001,10,5,1,28,0.0,27.0,35.0,52.0,58.00000000000003
2001-10-06,0.0,2001,10,6,1,28,0.0,0.0,29.0,52.0,52.00000000000003
2001-10-07,0.0,2001,10,7,1,28,0.0,0.0,27.0,35.0,52.00000000000003
2001-10-08,14.0,2001,10,8,1,28,14.0,14.0,14.0,43.0,66.00000000000003
2001-10-09,25.0,2001,10,9,1,28,25.0,39.0,39.0,66.0,91.00000000000003
2001-10-10,0.0,2001,10,10,1,28,0.0,39.0,39.0,39.0,74.00000000000003
2001-10-11,0.0,2001,10,11,2,29,0.0,25.0,39.0,39.0,68.00000000000003
2001-10-12,0.0,2001,10,12,2,29,0.0,0.0,39.0,39.0,66.00000000000003
2001-10-13,0.0,2001,10,13,2,29,0.0,0.0,25.0,39.0,39.00000000000003
2001-10-14,0.0,2001,10,14,2,29,0.0,0.0,0.0,39.0,39.00000000000003
2001-10-15,2.0,2001,10,15,2,29,2.0,2.0,2.0,27.0,41.00000000000003
2001-10-16,0.0,2001,10,16,2,29,0.0,2.0,2.0,2.0,41.00000000000003
2001-10-17,0.0,2001,10,17,2,29,0.0,2.0,2.0,2.0,41.00000000000003
2001-10-18,1.0,2001,10,18,2,29,1.0,1.0,3.0,3.0,28.00000000000003
2001-10-19,12.0,2001,10,19,2,29,12.0,13.0,15.0,15.0,15.000000000000028
2001-10-20,28.0,2001,10,20,2,29,28.0,41.0,41.0,43.0,43.00000000000003
2001-10-21,0.0,2001,10,21,3,30,0.0,40.0,41.0,43.0,43.00000000000003
2001-10-22,15.0,2001,10,22,3,30,15.0,43.0,56.0,56.0,58.00000000000003
2001-10-23,0.0,2001,10,23,3,30,0.0,15.0,55.0,56.0,58.00000000000003
2001-10-24,0.0,2001,10,24,3,30,0.0,15.0,43.0,56.0,58.00000000000003
2001-10-25,0.0,2001,10,25,3,30,0.0,0.0,15.0,55.0,56.00000000000003
2001-10-26,4.0,2001,10,26,3,30,4.0,4.0,19.0,47.0,60.00000000000003
2001-10-27,0.0,2001,10,27,3,30,0.0,4.0,4.0,19.0,60.00000000000003
2001-10-28,0.0,2001,10,28,3,30,0.0,4.0,4.0,19.0,59.00000000000003
2001-10-29,0.0,2001,10,29,3,30,0.0,0.0,4.0,4.0,47.00000000000003
2001-10-30,0.0,2001,10,30,3,30,0.0,0.0,4.0,4.0,19.00000000000003
2001-10-31,0.0,2001,10,31,3,30,0.0,0.0,0.0,4.0,19.00000000000003
2001-11-01,0.0,2001,11,1,1,31,0.0,0.0,0.0,4.0,4.000000000000028
2001-11-02,2.0,2001,11,2,1,31,2.0,2.0,2.0,2.0,6.000000000000028
2001-11-03,2.0,2001,11,3,1,31,2.0,4.0,4.0,4.0,8.000000000000028
2001-11-04,0.0,2001,11,4,1,31,0.0,4.0,4.0,4.0,8.000000000000028
2001-11-05,0.0,2001,11,5,1,31,0.0,2.0,4.0,4.0,4.000000000000028
2001-11-06,0.0,2001,11,6,1,31,0.0,0.0,4.0,4.0,4.000000000000028
2001-11-07,7.0,2001,11,7,1,31,7.0,7.0,9.0,11.0,11.000000000000028
2001-11-08,7.0,2001,11,8,1,31,7.0,14.0,14.0,18.0,18.00000000000003
2001-11-09,0.0,2001,11,9,1,31,0.0,14.0,14.0,16.0,18.00000000000003
2001-11-10,0.0,2001,11,10,1,31,0.0,7.0,14.0,14.0,18.00000000000003
2001-11-11,3.0,2001,11,11,2,32,3.0,3.0,17.0,17.0,21.00000000000003
2001-11-12,3.0,2001,11,12,2,32,3.0,6.0,13.0,20.0,22.00000000000003
2001-11-13,0.0,2001,11,13,2,32,0.0,6.0,6.0,20.0,20.00000000000003
2001-11-14,0.0,2001,11,14,2,32,0.0,3.0,6.0,13.0,20.00000000000003
2001-11-15,44.0,2001,11,15,2,32,44.0,44.0,50.0,50.0,64.00000000000003
2001-11-16,2.0,2001,11,16,2,32,2.0,46.0,49.0,52.0,66.00000000000003
2001-11-17,27.0,2001,11,17,2,32,27.0,73.0,73.0,79.0,86.00000000000003
2001-11-18,8.0,2001,11,18,2,32,8.0,37.0,81.0,84.0,87.00000000000003
2001-11-19,33.0,2001,11,19,2,32,33.0,68.0,114.0,114.0,120.00000000000003
2001-11-20,1.0,2001,11,20,2,32,1.0,42.0,71.0,115.0,121.00000000000003
2001-11-21,0.0,2001,11,21,3,33,0.0,34.0,69.0,115.0,118.00000000000003
2001-11-22,6.0,2001,11,22,3,33,6.0,7.0,48.0,77.0,121.00000000000003
2001-11-23,0.0,2001,11,23,3,33,0.0,6.0,40.0,75.0,121.00000000000003
2001-11-24,1.0,2001,11,24,3,33,1.0,7.0,8.0,49.0,122.00000000000003
2001-11-25,6.0,2001,11,25,3,33,6.0,7.0,13.0,47.0,84.00000000000003
2001-11-26,19.0,2001,11,26,3,33,19.0,26.0,32.0,33.0,101.00000000000003
2001-11-27,3.0,2001,11,27,3,33,3.0,28.0,29.0,35.0,77.00000000000003
2001-11-28,3.0,2001,11,28,3,33,3.0,25.0,32.0,38.0,72.00000000000003
2001-11-29,11.0,2001,11,29,3,33,11.0,17.0,42.0,43.0,50.00000000000003
2001-11-30,2.0,2001,11,30,3,33,2.0,16.0,38.0,45.0,51.00000000000003
2001-12-01,2.0,2001,12,1,1,34,2.0,15.0,21.0,46.0,53.00000000000003
2001-12-02,2.0,2001,12,2,1,34,2.0,6.0,20.0,42.0,49.00000000000003
2001-12-03,0.0,2001,12,3,1,34,0.0,4.0,17.0,23.0,49.00000000000003
2001-12-04,0.0,2001,12,4,1,34,0.0,2.0,6.0,20.0,48.00000000000003
2001-12-05,0.0,2001,12,5,1,34,0.0,0.0,4.0,17.0,42.00000000000003
2001-12-06,1.0,2001,12,6,1,34,1.0,1.0,3.0,7.0,24.00000000000003
2001-12-07,0.0,2001,12,7,1,34,0.0,1.0,1.0,5.0,21.00000000000003
2001-12-08,5.0,2001,12,8,1,34,5.0,6.0,6.0,8.0,23.00000000000003
2001-12-09,1.0,2001,12,9,1,34,1.0,6.0,7.0,7.0,13.000000000000028
2001-12-10,0.0,2001,12,10,1,34,0.0,6.0,7.0,7.0,11.000000000000028
2001-12-11,0.0,2001,12,11,2,35,0.0,1.0,6.0,7.0,9.000000000000028
2001-12-12,6.0,2001,12,12,2,35,6.0,6.0,12.0,13.0,13.000000000000028
2001-12-13,9.0,2001,12,13,2,35,9.0,15.0,16.0,21.0,22.00000000000003
2001-12-14,1.0,2001,12,14,2,35,1.0,16.0,16.0,22.0,23.00000000000003
2001-12-15,21.0,2001,12,15,2,35,21.0,31.0,37.0,38.0,44.00000000000003
2001-12-16,0.0,2001,12,16,2,35,0.0,22.0,37.0,37.0,43.00000000000003
2001-12-17,0.0,2001,12,17,2,35,0.0,21.0,31.0,37.0,43.00000000000003
2001-12-18,0.0,2001,12,18,2,35,0.0,0.0,22.0,37.0,38.00000000000003
2001-12-19,0.0,2001,12,19,2,35,0.0,0.0,21.0,31.0,37.00000000000003
2001-12-20,0.0,2001,12,20,2,35,0.0,0.0,0.0,22.0,37.00000000000003
2001-12-21,4.0,2001,12,21,3,36,4.0,4.0,4.0,25.0,41.00000000000003
2001-12-22,2.0,2001,12,22,3,36,2.0,6.0,6.0,6.0,37.00000000000003
2001-12-23,0.0,2001,12,23,3,36,0.0,6.0,6.0,6.0,28.00000000000003
2001-12-24,0.0,2001,12,24,3,36,0.0,2.0,6.0,6.0,27.00000000000003
2001-12-25,0.0,2001,12,25,3,36,0.0,0.0,6.0,6.0,6.000000000000028
2001-12-26,0.0,2001,12,26,3,36,0.0,0.0,2.0,6.0,6.000000000000028
2001-12-27,0.0,2001,12,27,3,36,0.0,0.0,0.0,6.0,6.000000000000028
2001-12-28,0.0,2001,12,28,3,36,0.0,0.0,0.0,2.0,6.000000000000028
2001-12-29,8.0,2001,12,29,3,36,8.0,8.0,8.0,8.0,14.000000000000028
2001-12-30,12.0,2001,12,30,3,36,12.0,20.0,20.0,20.0,26.00000000000003
2001-12-31,0.0,2001,12,31,3,36,0.0,20.0,20.0,20.0,22.00000000000003
2002-01-01,2.0,2002,1,1,1,1,2.0,14.0,22.0,22.0,22.00000000000003
2002-01-02,1.0,2002,1,2,1,1,1.0,3.0,23.0,23.0,23.00000000000003
2002-01-03,1.0,2002,1,3,1,1,1.0,4.0,16.0,24.0,24.00000000000003
2002-01-04,2.0,2002,1,4,1,1,2.0,4.0,6.0,26.0,26.00000000000003
2002-01-05,0.0,2002,1,5,1,1,0.0,3.0,6.0,18.0,26.00000000000003
2002-01-06,1.0,2002,1,6,1,1,1.0,3.0,5.0,7.0,27.00000000000003
2002-01-07,0.0,2002,1,7,1,1,0.0,1.0,4.0,7.0,27.00000000000003
2002-01-08,0.0,2002,1,8,1,1,0.0,1.0,3.0,5.0,19.00000000000003
2002-01-09,0.0,2002,1,9,1,1,0.0,0.0,1.0,4.0,7.000000000000028
2002-01-10,6.0,2002,1,10,1,1,6.0,6.0,7.0,9.0,13.000000000000028
2002-01-11,3.0,2002,1,11,2,2,3.0,9.0,9.0,10.0,14.000000000000028
2002-01-12,21.0,2002,1,12,2,2,21.0,30.0,30.0,31.0,34.00000000000003
2002-01-13,8.0,2002,1,13,2,2,8.0,32.0,38.0,38.0,41.00000000000003
2002-01-14,31.0,2002,1,14,2,2,31.0,60.0,69.0,69.0,70.00000000000003
2002-01-15,1.0,2002,1,15,2,2,1.0,40.0,64.0,70.0,71.00000000000003
2002-01-16,0.0,2002,1,16,2,2,0.0,32.0,61.0,70.0,70.00000000000003
2002-01-17,0.0,2002,1,17,2,2,0.0,1.0,40.0,64.0,70.00000000000003
2002-01-18,5.0,2002,1,18,2,2,5.0,5.0,37.0,66.0,75.00000000000003
2002-01-19,3.0,2002,1,19,2,2,3.0,8.0,9.0,48.0,78.00000000000003
2002-01-20,0.0,2002,1,20,2,2,0.0,8.0,8.0,40.0,72.00000000000003
2002-01-21,9.0,2002,1,21,3,3,9.0,12.0,17.0,18.0,78.00000000000003
2002-01-22,13.0,2002,1,22,3,3,13.0,22.0,30.0,30.0,70.00000000000003
2002-01-23,18.0,2002,1,23,3,3,18.0,40.0,43.0,48.0,80.00000000000003
2002-01-24,4.0,2002,1,24,3,3,4.0,35.0,44.0,52.0,53.00000000000003
2002-01-25,0.0,2002,1,25,3,3,0.0,22.0,44.0,47.0,52.00000000000003
2002-01-26,16.0,2002,1,26,3,3,16.0,20.0,51.0,60.0,68.00000000000003
2002-01-27,84.0,2002,1,27,3,3,84.0,100.0,122.0,144.0,152.00000000000003
2002-01-28,56.0,2002,1,28,3,3,56.0,156.0,160.0,191.0,203.00000000000003
2002-01-29,9.0,2002,1,29,3,3,9.0,149.0,165.0,187.0,209.00000000000003
2002-01-30,4.0,2002,1,30,3,3,4.0,69.0,169.0,173.0,213.00000000000003
2002-01-31,3.0,2002,1,31,3,3,3.0,16.0,156.0,172.0,207.00000000000003
2002-02-01,14.0,2002,2,1,1,4,14.0,21.0,86.0,186.0,208.00000000000003
2002-02-02,25.0,2002,2,2,1,4,25.0,42.0,55.0,195.0,215.00000000000003
2002-02-03,0.0,2002,2,3,1,4,0.0,39.0,46.0,111.0,211.00000000000003
2002-02-04,0.0,2002,2,4,1,4,0.0,25.0,42.0,55.0,211.00000000000003
2002-02-05,21.0,2002,2,5,1,4,21.0,21.0,60.0,67.0,216.00000000000003
2002-02-06,8.0,2002,2,6,1,4,8.0,29.0,54.0,71.0,140.00000000000003
2002-02-07,18.0,2002,2,7,1,4,18.0,47.0,47.0,86.0,102.00000000000003
2002-02-08,51.0,2002,2,8,1,4,51.0,77.0,98.0,123.0,144.00000000000003
2002-02-09,7.0,2002,2,9,1,4,7.0,76.0,105.0,105.0,147.00000000000003
2002-02-10,10.0,2002,2,10,1,4,10.0,68.0,94.0,115.0,154.00000000000003
2002-02-11,26.0,2002,2,11,2,5,26.0,43.0,112.0,141.0,166.00000000000003
2002-02-12,0.0,2002,2,12,2,5,0.0,36.0,94.0,120.0,141.00000000000003
2002-02-13,29.0,2002,2,13,2,5,29.0,55.0,72.0,141.0,170.00000000000003
2002-02-14,40.0,2002,2,14,2,5,40.0,69.0,105.0,163.0,210.00000000000003
2002-02-15,25.0,2002,2,15,2,5,25.0,94.0,120.0,137.0,214.00000000000003
2002-02-16,2.0,2002,2,16,2,5,2.0,67.0,96.0,132.0,208.00000000000003
2002-02-17,17.0,2002,2,17,2,5,17.0,44.0,113.0,139.0,207.00000000000003
2002-02-18,0.0,2002,2,18,2,5,0.0,19.0,84.0,113.0,156.00000000000003
2002-02-19,10.0,2002,2,19,2,5,10.0,27.0,54.0,123.0,159.00000000000003
2002-02-20,15.0,2002,2,20,2,5,15.0,25.0,44.0,109.0,164.00000000000003
2002-02-21,3.0,2002,2,21,3,6,3.0,28.0,45.0,72.0,141.00000000000003
2002-02-22,20.0,2002,2,22,3,6,20.0,38.0,48.0,67.0,161.00000000000003
2002-02-23,0.0,2002,2,23,3,6,0.0,23.0,48.0,65.0,132.00000000000003
2002-02-24,2.0,2002,2,24,3,6,2.0,22.0,40.0,50.0,94.00000000000003
2002-02-25,5.0,2002,2,25,3,6,5.0,7.0,30.0,55.0,74.00000000000003
2002-02-26,0.0,2002,2,26,3,6,0.0,7.0,27.0,45.0,72.00000000000003
2002-02-27,0.0,2002,2,27,3,6,0.0,5.0,7.0,30.0,55.00000000000003
2002-02-28,0.0,2002,2,28,3,6,0.0,0.0,7.0,27.0,55.00000000000003
2002-03-01,0.0,2002,3,1,1,7,0.0,0.0,5.0,7.0,45.00000000000003
2002-03-02,8.0,2002,3,2,1,7,8.0,8.0,8.0,15.0,38.00000000000003
2002-03-03,0.0,2002,3,3,1,7,0.0,8.0,8.0,13.0,35.00000000000003
2002-03-04,0.0,2002,3,4,1,7,0.0,8.0,8.0,8.0,15.000000000000028
2002-03-05,0.0,2002,3,5,1,7,0.0,0.0,8.0,8.0,15.000000000000028
2002-03-06,0.0,2002,3,6,1,7,0.0,0.0,8.0,8.0,13.000000000000028
2002-03-07,0.0,2002,3,7,1,7,0.0,0.0,0.0,8.0,8.000000000000028
2002-03-08,23.0,2002,3,8,1,7,23.0,23.0,23.0,31.0,31.00000000000003
2002-03-09,0.0,2002,3,9,1,7,0.0,23.0,23.0,23.0,31.00000000000003
2002-03-10,0.0,2002,3,10,1,7,0.0,23.0,23.0,23.0,31.00000000000003
2002-03-11,0.0,2002,3,11,2,8,0.0,0.0,23.0,23.0,31.00000000000003
2002-03-12,0.0,2002,3,12,2,8,0.0,0.0,23.0,23.0,23.00000000000003
2002-03-13,2.0,2002,3,13,2,8,2.0,2.0,2.0,25.0,25.00000000000003
2002-03-14,0.0,2002,3,14,2,8,0.0,2.0,2.0,25.0,25.00000000000003
2002-03-15,0.0,2002,3,15,2,8,0.0,2.0,2.0,2.0,25.00000000000003
2002-03-16,0.0,2002,3,16,2,8,0.0,0.0,2.0,2.0,25.00000000000003
2002-03-17,0.0,2002,3,17,2,8,0.0,0.0,2.0,2.0,25.00000000000003
2002-03-18,4.0,2002,3,18,2,8,4.0,4.0,4.0,6.0,6.000000000000028
2002-03-19,14.0,2002,3,19,2,8,14.0,18.0,18.0,20.0,20.00000000000003
2002-03-20,3.0,2002,3,20,2,8,3.0,21.0,21.0,21.0,23.00000000000003
2002-03-21,0.0,2002,3,21,3,9,0.0,17.0,21.0,21.0,23.00000000000003
2002-03-22,2.0,2002,3,22,3,9,2.0,5.0,23.0,23.0,25.00000000000003
2002-03-23,0.0,2002,3,23,3,9,0.0,2.0,19.0,23.0,23.00000000000003
2002-03-24,0.0,2002,3,24,3,9,0.0,2.0,5.0,23.0,23.00000000000003
2002-03-25,0.0,2002,3,25,3,9,0.0,0.0,2.0,19.0,23.00000000000003
2002-03-26,0.0,2002,3,26,3,9,0.0,0.0,2.0,5.0,23.00000000000003
2002-03-27,0.0,2002,3,27,3,9,0.0,0.0,0.0,2.0,23.00000000000003
2002-03-28,8.0,2002,3,28,3,9,8.0,8.0,8.0,10.0,27.00000000000003
2002-03-29,49.0,2002,3,29,3,9,49.0,57.0,57.0,57.0,62.00000000000003
2002-03-30,1.0,2002,3,30,3,9,1.0,58.0,58.0,58.0,60.00000000000003
2002-03-31,4.0,2002,3,31,3,9,4.0,54.0,62.0,62.0,64.00000000000003
2002-04-01,24.0,2002,4,1,1,10,24.0,29.0,86.0,86.0,86.00000000000003
2002-04-02,2.0,2002,4,2,1,10,2.0,30.0,80.0,88.0,88.00000000000003
2002-04-03,12.0,2002,4,3,1,10,12.0,38.0,43.0,100.0,100.00000000000003
2002-04-04,32.0,2002,4,4,1,10,32.0,46.0,74.0,124.0,132.00000000000003
2002-04-05,2.0,2002,4,5,1,10,2.0,46.0,72.0,77.0,134.00000000000003
2002-04-06,0.0,2002,4,6,1,10,0.0,34.0,48.0,76.0,134.00000000000003
2002-04-07,0.0,2002,4,7,1,10,0.0,2.0,46.0,72.0,126.00000000000003
2002-04-08,6.0,2002,4,8,1,10,6.0,6.0,40.0,54.0,83.00000000000003
2002-04-09,59.0,2002,4,9,1,10,59.0,65.0,67.0,111.0,141.00000000000003
2002-04-10,30.0,2002,4,10,1,10,30.0,95.0,95.0,129.0,167.00000000000003
2002-04-11,2.0,2002,4,11,2,11,2.0,91.0,97.0,99.0,145.00000000000003
2002-04-12,0.0,2002,4,12,2,11,0.0,32.0,97.0,97.0,143.00000000000003
2002-04-13,0.0,2002,4,13,2,11,0.0,2.0,91.0,97.0,131.00000000000003
2002-04-14,19.0,2002,4,14,2,11,19.0,19.0,51.0,116.0,118.00000000000003
2002-04-15,0.0,2002,4,15,2,11,0.0,19.0,21.0,110.0,116.00000000000003
2002-04-16,0.0,2002,4,16,2,11,0.0,19.0,19.0,51.0,116.00000000000003
2002-04-17,29.0,2002,4,17,2,11,29.0,29.0,48.0,50.0,145.00000000000003
2002-04-18,0.0,2002,4,18,2,11,0.0,29.0,48.0,48.0,139.00000000000003
2002-04-19,1.0,2002,4,19,2,11,1.0,30.0,30.0,49.0,81.00000000000003
2002-04-20,0.0,2002,4,20,2,11,0.0,1.0,30.0,49.0,51.00000000000003
2002-04-21,0.0,2002,4,21,3,12,0.0,1.0,30.0,30.0,49.00000000000003
2002-04-22,13.0,2002,4,22,3,12,13.0,13.0,14.0,43.0,62.00000000000003
2002-04-23,0.0,2002,4,23,3,12,0.0,13.0,14.0,43.0,62.00000000000003
2002-04-24,0.0,2002,4,24,3,12,0.0,13.0,13.0,14.0,43.00000000000003
2002-04-25,9.0,2002,4,25,3,12,9.0,9.0,22.0,23.0,52.00000000000003
2002-04-26,19.0,2002,4,26,3,12,19.0,28.0,41.0,41.0,71.00000000000003
2002-04-27,0.0,2002,4,27,3,12,0.0,28.0,28.0,41.0,42.00000000000003
2002-04-28,0.0,2002,4,28,3,12,0.0,19.0,28.0,41.0,42.00000000000003
2002-04-29,1.0,2002,4,29,3,12,1.0,1.0,29.0,29.0,42.00000000000003
2002-04-30,0.0,2002,4,30,3,12,0.0,1.0,20.0,29.0,42.00000000000003
2002-05-01,7.0,2002,5,1,1,13,7.0,8.0,8.0,36.0,49.00000000000003
2002-05-02,0.0,2002,5,2,1,13,0.0,7.0,8.0,27.0,36.00000000000003
2002-05-03,0.0,2002,5,3,1,13,0.0,7.0,8.0,8.0,36.00000000000003
2002-05-04,1.0,2002,5,4,1,13,1.0,1.0,8.0,9.0,37.00000000000003
2002-05-05,1.0,2002,5,5,1,13,1.0,2.0,9.0,10.0,29.00000000000003
2002-05-06,0.0,2002,5,6,1,13,0.0,2.0,2.0,9.0,10.000000000000028
2002-05-07,8.0,2002,5,7,1,13,8.0,9.0,10.0,17.0,18.00000000000003
2002-05-08,43.0,2002,5,8,1,13,43.0,51.0,53.0,53.0,61.00000000000003
2002-05-09,0.0,2002,5,9,1,13,0.0,51.0,52.0,53.0,60.00000000000003
2002-05-10,10.0,2002,5,10,1,13,10.0,53.0,61.0,63.0,70.00000000000003
2002-05-11,10.0,2002,5,11,2,14,10.0,20.0,71.0,72.0,73.00000000000003
2002-05-12,2.0,2002,5,12,2,14,2.0,22.0,65.0,73.0,75.00000000000003
2002-05-13,0.0,2002,5,13,2,14,0.0,12.0,22.0,73.0,75.00000000000003
2002-05-14,0.0,2002,5,14,2,14,0.0,2.0,22.0,65.0,74.00000000000003
2002-05-15,0.0,2002,5,15,2,14,0.0,0.0,12.0,22.0,73.00000000000003
2002-05-16,0.0,2002,5,16,2,14,0.0,0.0,2.0,22.0,73.00000000000003
2002-05-17,0.0,2002,5,17,2,14,0.0,0.0,0.0,12.0,65.00000000000003
2002-05-18,0.0,2002,5,18,2,14,0.0,0.0,0.0,2.0,22.00000000000003
2002-05-19,0.0,2002,5,19,2,14,0.0,0.0,0.0,0.0,22.00000000000003
2002-05-20,0.0,2002,5,20,2,14,0.0,0.0,0.0,0.0,12.000000000000028
2002-05-21,0.0,2002,5,21,3,15,0.0,0.0,0.0,0.0,2.0000000000000284
2002-05-22,0.0,2002,5,22,3,15,0.0,0.0,0.0,0.0,0.0
2002-05-23,0.0,2002,5,23,3,15,0.0,0.0,0.0,0.0,0.0
2002-05-24,0.0,2002,5,24,3,15,0.0,0.0,0.0,0.0,0.0
2002-05-25,0.0,2002,5,25,3,15,0.0,0.0,0.0,0.0,0.0
2002-05-26,0.0,2002,5,26,3,15,0.0,0.0,0.0,0.0,0.0
2002-05-27,6.0,2002,5,27,3,15,6.0,6.0,6.0,6.0,6.000000000000028
2002-05-28,0.0,2002,5,28,3,15,0.0,6.0,6.0,6.0,6.000000000000028
2002-05-29,0.0,2002,5,29,3,15,0.0,6.0,6.0,6.0,6.000000000000028
2002-05-30,0.0,2002,5,30,3,15,0.0,0.0,6.0,6.0,6.000000000000028
2002-05-31,0.0,2002,5,31,3,15,0.0,0.0,6.0,6.0,6.000000000000028
2002-06-01,6.0,2002,6,1,1,16,6.0,6.0,6.0,12.0,12.000000000000028
2002-06-02,0.0,2002,6,2,1,16,0.0,6.0,6.0,12.0,12.000000000000028
2002-06-03,0.0,2002,6,3,1,16,0.0,6.0,6.0,6.0,12.000000000000028
2002-06-04,22.0,2002,6,4,1,16,22.0,22.0,28.0,28.0,34.00000000000003
2002-06-05,0.0,2002,6,5,1,16,0.0,22.0,28.0,28.0,34.00000000000003
2002-06-06,1.0,2002,6,6,1,16,1.0,23.0,23.0,29.0,29.00000000000003
2002-06-07,0.0,2002,6,7,1,16,0.0,1.0,23.0,29.0,29.00000000000003
2002-06-08,0.0,2002,6,8,1,16,0.0,1.0,23.0,23.0,29.00000000000003
2002-06-09,0.0,2002,6,9,1,16,0.0,0.0,1.0,23.0,29.00000000000003
2002-06-10,0.0,2002,6,10,1,16,0.0,0.0,1.0,23.0,29.00000000000003
2002-06-11,0.0,2002,6,11,2,17,0.0,0.0,0.0,1.0,23.00000000000003
2002-06-12,0.0,2002,6,12,2,17,0.0,0.0,0.0,1.0,23.00000000000003
2002-06-13,0.0,2002,6,13,2,17,0.0,0.0,0.0,0.0,23.00000000000003
2002-06-14,55.0,2002,6,14,2,17,55.0,55.0,55.0,55.0,56.00000000000003
2002-06-15,0.0,2002,6,15,2,17,0.0,55.0,55.0,55.0,56.00000000000003
2002-06-16,0.0,2002,6,16,2,17,0.0,55.0,55.0,55.0,55.00000000000003
2002-06-17,0.0,2002,6,17,2,17,0.0,0.0,55.0,55.0,55.00000000000003
2002-06-18,0.0,2002,6,18,2,17,0.0,0.0,55.0,55.0,55.00000000000003
2002-06-19,0.0,2002,6,19,2,17,0.0,0.0,0.0,55.0,55.00000000000003
2002-06-20,0.0,2002,6,20,2,17,0.0,0.0,0.0,55.0,55.00000000000003
2002-06-21,0.0,2002,6,21,3,18,0.0,0.0,0.0,0.0,55.00000000000003
2002-06-22,0.0,2002,6,22,3,18,0.0,0.0,0.0,0.0,55.00000000000003
2002-06-23,0.0,2002,6,23,3,18,0.0,0.0,0.0,0.0,55.00000000000003
2002-06-24,0.0,2002,6,24,3,18,0.0,0.0,0.0,0.0,0.0
2002-06-25,0.0,2002,6,25,3,18,0.0,0.0,0.0,0.0,0.0
2002-06-26,0.0,2002,6,26,3,18,0.0,0.0,0.0,0.0,0.0
2002-06-27,2.0,2002,6,27,3,18,2.0,2.0,2.0,2.0,2.0000000000000284
2002-06-28,0.0,2002,6,28,3,18,0.0,2.0,2.0,2.0,2.0000000000000284
2002-06-29,0.0,2002,6,29,3,18,0.0,2.0,2.0,2.0,2.0000000000000284
2002-06-30,0.0,2002,6,30,3,18,0.0,0.0,2.0,2.0,2.0000000000000284
2002-07-01,0.0,2002,7,1,1,19,0.0,0.0,2.0,2.0,2.0000000000000284
2002-07-02,0.0,2002,7,2,1,19,0.0,0.0,0.0,2.0,2.0000000000000284
2002-07-03,0.0,2002,7,3,1,19,0.0,0.0,0.0,2.0,2.0000000000000284
2002-07-04,0.0,2002,7,4,1,19,0.0,0.0,0.0,0.0,2.0000000000000284
2002-07-05,0.0,2002,7,5,1,19,0.0,0.0,0.0,0.0,2.0000000000000284
2002-07-06,1.0,2002,7,6,1,19,1.0,1.0,1.0,1.0,3.0000000000000284
2002-07-07,3.0,2002,7,7,1,19,3.0,4.0,4.0,4.0,4.000000000000028
2002-07-08,1.0,2002,7,8,1,19,1.0,5.0,5.0,5.0,5.000000000000028
2002-07-09,10.0,2002,7,9,1,19,10.0,14.0,15.0,15.0,15.000000000000028
2002-07-10,4.0,2002,7,10,1,19,4.0,15.0,19.0,19.0,19.00000000000003
2002-07-11,0.0,2002,7,11,2,20,0.0,14.0,18.0,19.0,19.00000000000003
2002-07-12,0.0,2002,7,12,2,20,0.0,4.0,15.0,19.0,19.00000000000003
2002-07-13,0.0,2002,7,13,2,20,0.0,0.0,14.0,18.0,19.00000000000003
2002-07-14,39.0,2002,7,14,2,20,39.0,39.0,43.0,54.0,58.00000000000003
2002-07-15,14.0,2002,7,15,2,20,14.0,53.0,53.0,67.0,72.00000000000003
2002-07-16,0.0,2002,7,16,2,20,0.0,53.0,53.0,57.0,71.00000000000003
2002-07-17,13.0,2002,7,17,2,20,13.0,27.0,66.0,66.0,81.00000000000003
2002-07-18,0.0,2002,7,18,2,20,0.0,13.0,66.0,66.0,80.00000000000003
2002-07-19,0.0,2002,7,19,2,20,0.0,13.0,27.0,66.0,70.00000000000003
2002-07-20,6.0,2002,7,20,2,20,6.0,6.0,19.0,72.0,72.00000000000003
2002-07-21,0.0,2002,7,21,3,21,0.0,6.0,19.0,33.0,72.00000000000003
2002-07-22,4.0,2002,7,22,3,21,4.0,10.0,10.0,23.0,76.00000000000003
2002-07-23,0.0,2002,7,23,3,21,0.0,4.0,10.0,23.0,76.00000000000003
2002-07-24,0.0,2002,7,24,3,21,0.0,4.0,10.0,10.0,37.00000000000003
2002-07-25,0.0,2002,7,25,3,21,0.0,0.0,4.0,10.0,23.00000000000003
2002-07-26,0.0,2002,7,26,3,21,0.0,0.0,4.0,10.0,23.00000000000003
2002-07-27,0.0,2002,7,27,3,21,0.0,0.0,0.0,4.0,10.000000000000028
2002-07-28,0.0,2002,7,28,3,21,0.0,0.0,0.0,4.0,10.000000000000028
2002-07-29,30.0,2002,7,29,3,21,30.0,30.0,30.0,30.0,40.00000000000003
2002-07-30,0.0,2002,7,30,3,21,0.0,30.0,30.0,30.0,34.00000000000003
2002-07-31,0.0,2002,7,31,3,21,0.0,30.0,30.0,30.0,34.00000000000003
2002-08-01,0.0,2002,8,1,1,22,0.0,0.0,30.0,30.0,30.00000000000003
2002-08-02,0.0,2002,8,2,1,22,0.0,0.0,30.0,30.0,30.00000000000003
2002-08-03,2.0,2002,8,3,1,22,2.0,2.0,2.0,32.0,32.00000000000003
2002-08-04,0.0,2002,8,4,1,22,0.0,2.0,2.0,32.0,32.00000000000003
2002-08-05,0.0,2002,8,5,1,22,0.0,2.0,2.0,2.0,32.00000000000003
2002-08-06,0.0,2002,8,6,1,22,0.0,0.0,2.0,2.0,32.00000000000003
2002-08-07,0.0,2002,8,7,1,22,0.0,0.0,2.0,2.0,32.00000000000003
2002-08-08,0.0,2002,8,8,1,22,0.0,0.0,0.0,2.0,2.0000000000000284
2002-08-09,0.0,2002,8,9,1,22,0.0,0.0,0.0,2.0,2.0000000000000284
2002-08-10,0.0,2002,8,10,1,22,0.0,0.0,0.0,0.0,2.0000000000000284
2002-08-11,0.0,2002,8,11,2,23,0.0,0.0,0.0,0.0,2.0000000000000284
2002-08-12,0.0,2002,8,12,2,23,0.0,0.0,0.0,0.0,2.0000000000000284
2002-08-13,0.0,2002,8,13,2,23,0.0,0.0,0.0,0.0,0.0
2002-08-14,0.0,2002,8,14,2,23,0.0,0.0,0.0,0.0,0.0
2002-08-15,0.0,2002,8,15,2,23,0.0,0.0,0.0,0.0,0.0
2002-08-16,0.0,2002,8,16,2,23,0.0,0.0,0.0,0.0,0.0
2002-08-17,0.0,2002,8,17,2,23,0.0,0.0,0.0,0.0,0.0
2002-08-18,0.0,2002,8,18,2,23,0.0,0.0,0.0,0.0,0.0
2002-08-19,0.0,2002,8,19,2,23,0.0,0.0,0.0,0.0,0.0
2002-08-20,1.0,2002,8,20,2,23,1.0,1.0,1.0,1.0,1.0000000000000284
2002-08-21,0.0,2002,8,21,3,24,0.0,1.0,1.0,1.0,1.0000000000000284
2002-08-22,0.0,2002,8,22,3,24,0.0,1.0,1.0,1.0,1.0000000000000284
2002-08-23,0.0,2002,8,23,3,24,0.0,0.0,1.0,1.0,1.0000000000000284
2002-08-24,0.0,2002,8,24,3,24,0.0,0.0,1.0,1.0,1.0000000000000284
2002-08-25,0.0,2002,8,25,3,24,0.0,0.0,0.0,1.0,1.0000000000000284
2002-08-26,0.0,2002,8,26,3,24,0.0,0.0,0.0,1.0,1.0000000000000284
2002-08-27,0.0,2002,8,27,3,24,0.0,0.0,0.0,0.0,1.0000000000000284
2002-08-28,0.0,2002,8,28,3,24,0.0,0.0,0.0,0.0,1.0000000000000284
2002-08-29,0.0,2002,8,29,3,24,0.0,0.0,0.0,0.0,1.0000000000000284
2002-08-30,0.0,2002,8,30,3,24,0.0,0.0,0.0,0.0,0.0
2002-08-31,0.0,2002,8,31,3,24,0.0,0.0,0.0,0.0,0.0
2002-09-01,0.0,2002,9,1,1,25,0.0,0.0,0.0,0.0,0.0
2002-09-02,0.0,2002,9,2,1,25,0.0,0.0,0.0,0.0,0.0
2002-09-03,0.0,2002,9,3,1,25,0.0,0.0,0.0,0.0,0.0
2002-09-04,0.0,2002,9,4,1,25,0.0,0.0,0.0,0.0,0.0
2002-09-05,0.0,2002,9,5,1,25,0.0,0.0,0.0,0.0,0.0
2002-09-06,0.0,2002,9,6,1,25,0.0,0.0,0.0,0.0,0.0
2002-09-07,0.0,2002,9,7,1,25,0.0,0.0,0.0,0.0,0.0
2002-09-08,0.0,2002,9,8,1,25,0.0,0.0,0.0,0.0,0.0
2002-09-09,0.0,2002,9,9,1,25,0.0,0.0,0.0,0.0,0.0
2002-09-10,0.0,2002,9,10,1,25,0.0,0.0,0.0,0.0,0.0
2002-09-11,0.0,2002,9,11,2,26,0.0,0.0,0.0,0.0,0.0
2002-09-12,0.0,2002,9,12,2,26,0.0,0.0,0.0,0.0,0.0
2002-09-13,0.0,2002,9,13,2,26,0.0,0.0,0.0,0.0,0.0
2002-09-14,0.0,2002,9,14,2,26,0.0,0.0,0.0,0.0,0.0
2002-09-15,0.0,2002,9,15,2,26,0.0,0.0,0.0,0.0,0.0
2002-09-16,0.0,2002,9,16,2,26,0.0,0.0,0.0,0.0,0.0
2002-09-17,0.0,2002,9,17,2,26,0.0,0.0,0.0,0.0,0.0
2002-09-18,0.0,2002,9,18,2,26,0.0,0.0,0.0,0.0,0.0
2002-09-19,0.0,2002,9,19,2,26,0.0,0.0,0.0,0.0,0.0
2002-09-20,0.0,2002,9,20,2,26,0.0,0.0,0.0,0.0,0.0
2002-09-21,0.0,2002,9,21,3,27,0.0,0.0,0.0,0.0,0.0
2002-09-22,0.0,2002,9,22,3,27,0.0,0.0,0.0,0.0,0.0
2002-09-23,0.0,2002,9,23,3,27,0.0,0.0,0.0,0.0,0.0
2002-09-24,0.0,2002,9,24,3,27,0.0,0.0,0.0,0.0,0.0
2002-09-25,0.0,2002,9,25,3,27,0.0,0.0,0.0,0.0,0.0
2002-09-26,0.0,2002,9,26,3,27,0.0,0.0,0.0,0.0,0.0
2002-09-27,0.0,2002,9,27,3,27,0.0,0.0,0.0,0.0,0.0
2002-09-28,5.0,2002,9,28,3,27,5.0,5.0,5.0,5.0,5.000000000000028
2002-09-29,0.0,2002,9,29,3,27,0.0,5.0,5.0,5.0,5.000000000000028
2002-09-30,0.0,2002,9,30,3,27,0.0,5.0,5.0,5.0,5.000000000000028
2002-10-01,0.0,2002,10,1,1,28,0.0,0.0,5.0,5.0,5.000000000000028
2002-10-02,0.0,2002,10,2,1,28,0.0,0.0,5.0,5.0,5.000000000000028
2002-10-03,0.0,2002,10,3,1,28,0.0,0.0,0.0,5.0,5.000000000000028
2002-10-04,0.0,2002,10,4,1,28,0.0,0.0,0.0,5.0,5.000000000000028
2002-10-05,0.0,2002,10,5,1,28,0.0,0.0,0.0,0.0,5.000000000000028
2002-10-06,0.0,2002,10,6,1,28,0.0,0.0,0.0,0.0,5.000000000000028
2002-10-07,0.0,2002,10,7,1,28,0.0,0.0,0.0,0.0,5.000000000000028
2002-10-08,0.0,2002,10,8,1,28,0.0,0.0,0.0,0.0,0.0
2002-10-09,8.0,2002,10,9,1,28,8.0,8.0,8.0,8.0,8.000000000000028
2002-10-10,0.0,2002,10,10,1,28,0.0,8.0,8.0,8.0,8.000000000000028
2002-10-11,0.0,2002,10,11,2,29,0.0,8.0,8.0,8.0,8.000000000000028
2002-10-12,0.0,2002,10,12,2,29,0.0,0.0,8.0,8.0,8.000000000000028
2002-10-13,0.0,2002,10,13,2,29,0.0,0.0,8.0,8.0,8.000000000000028
2002-10-14,0.0,2002,10,14,2,29,0.0,0.0,0.0,8.0,8.000000000000028
2002-10-15,0.0,2002,10,15,2,29,0.0,0.0,0.0,8.0,8.000000000000028
2002-10-16,0.0,2002,10,16,2,29,0.0,0.0,0.0,0.0,8.000000000000028
2002-10-17,0.0,2002,10,17,2,29,0.0,0.0,0.0,0.0,8.000000000000028
2002-10-18,0.0,2002,10,18,2,29,0.0,0.0,0.0,0.0,8.000000000000028
2002-10-19,0.0,2002,10,19,2,29,0.0,0.0,0.0,0.0,0.0
2002-10-20,0.0,2002,10,20,2,29,0.0,0.0,0.0,0.0,0.0
2002-10-21,0.0,2002,10,21,3,30,0.0,0.0,0.0,0.0,0.0
2002-10-22,0.0,2002,10,22,3,30,0.0,0.0,0.0,0.0,0.0
2002-10-23,0.0,2002,10,23,3,30,0.0,0.0,0.0,0.0,0.0
2002-10-24,0.0,2002,10,24,3,30,0.0,0.0,0.0,0.0,0.0
2002-10-25,0.0,2002,10,25,3,30,0.0,0.0,0.0,0.0,0.0
2002-10-26,0.0,2002,10,26,3,30,0.0,0.0,0.0,0.0,0.0
2002-10-27,0.0,2002,10,27,3,30,0.0,0.0,0.0,0.0,0.0
2002-10-28,0.0,2002,10,28,3,30,0.0,0.0,0.0,0.0,0.0
2002-10-29,0.0,2002,10,29,3,30,0.0,0.0,0.0,0.0,0.0
2002-10-30,0.0,2002,10,30,3,30,0.0,0.0,0.0,0.0,0.0
2002-10-31,0.0,2002,10,31,3,30,0.0,0.0,0.0,0.0,0.0
2002-11-01,0.0,2002,11,1,1,31,0.0,0.0,0.0,0.0,0.0
2002-11-02,0.0,2002,11,2,1,31,0.0,0.0,0.0,0.0,0.0
2002-11-03,0.0,2002,11,3,1,31,0.0,0.0,0.0,0.0,0.0
2002-11-04,0.0,2002,11,4,1,31,0.0,0.0,0.0,0.0,0.0
2002-11-05,0.0,2002,11,5,1,31,0.0,0.0,0.0,0.0,0.0
2002-11-06,0.0,2002,11,6,1,31,0.0,0.0,0.0,0.0,0.0
2002-11-07,0.0,2002,11,7,1,31,0.0,0.0,0.0,0.0,0.0
2002-11-08,0.0,2002,11,8,1,31,0.0,0.0,0.0,0.0,0.0
2002-11-09,2.0,2002,11,9,1,31,2.0,2.0,2.0,2.0,2.0000000000000284
2002-11-10,0.0,2002,11,10,1,31,0.0,2.0,2.0,2.0,2.0000000000000284
2002-11-11,0.0,2002,11,11,2,32,0.0,2.0,2.0,2.0,2.0000000000000284
2002-11-12,0.0,2002,11,12,2,32,0.0,0.0,2.0,2.0,2.0000000000000284
2002-11-13,0.0,2002,11,13,2,32,0.0,0.0,2.0,2.0,2.0000000000000284
2002-11-14,0.0,2002,11,14,2,32,0.0,0.0,0.0,2.0,2.0000000000000284
2002-11-15,0.0,2002,11,15,2,32,0.0,0.0,0.0,2.0,2.0000000000000284
2002-11-16,0.0,2002,11,16,2,32,0.0,0.0,0.0,0.0,2.0000000000000284
2002-11-17,0.0,2002,11,17,2,32,0.0,0.0,0.0,0.0,2.0000000000000284
2002-11-18,8.0,2002,11,18,2,32,8.0,8.0,8.0,8.0,10.000000000000028
2002-11-19,1.0,2002,11,19,2,32,1.0,9.0,9.0,9.0,9.000000000000028
2002-11-20,0.0,2002,11,20,2,32,0.0,9.0,9.0,9.0,9.000000000000028
2002-11-21,0.0,2002,11,21,3,33,0.0,1.0,9.0,9.0,9.000000000000028
2002-11-22,44.0,2002,11,22,3,33,44.0,44.0,53.0,53.0,53.00000000000003
2002-11-23,0.0,2002,11,23,3,33,0.0,44.0,45.0,53.0,53.00000000000003
2002-11-24,0.0,2002,11,24,3,33,0.0,44.0,44.0,53.0,53.00000000000003
2002-11-25,0.0,2002,11,25,3,33,0.0,0.0,44.0,45.0,53.00000000000003
2002-11-26,1.0,2002,11,26,3,33,1.0,1.0,45.0,45.0,54.00000000000003
2002-11-27,19.0,2002,11,27,3,33,19.0,20.0,20.0,64.0,73.00000000000003
2002-11-28,0.0,2002,11,28,3,33,0.0,20.0,20.0,64.0,65.00000000000003
2002-11-29,0.0,2002,11,29,3,33,0.0,19.0,20.0,20.0,64.00000000000003
2002-11-30,22.0,2002,11,30,3,33,22.0,22.0,42.0,42.0,86.00000000000003
2002-12-01,4.0,2002,12,1,1,34,4.0,26.0,45.0,46.0,90.00000000000003
2002-12-02,24.0,2002,12,2,1,34,24.0,50.0,50.0,70.0,70.00000000000003
2002-12-03,0.0,2002,12,3,1,34,0.0,28.0,50.0,69.0,70.00000000000003
2002-12-04,0.0,2002,12,4,1,34,0.0,24.0,50.0,50.0,70.00000000000003
2002-12-05,0.0,2002,12,5,1,34,0.0,0.0,28.0,50.0,70.00000000000003
2002-12-06,7.0,2002,12,6,1,34,7.0,7.0,31.0,57.0,76.00000000000003
2002-12-07,5.0,2002,12,7,1,34,5.0,12.0,12.0,40.0,62.00000000000003
2002-12-08,0.0,2002,12,8,1,34,0.0,12.0,12.0,36.0,62.00000000000003
2002-12-09,0.0,2002,12,9,1,34,0.0,5.0,12.0,12.0,62.00000000000003
2002-12-10,0.0,2002,12,10,1,34,0.0,0.0,12.0,12.0,40.00000000000003
2002-12-11,0.0,2002,12,11,2,35,0.0,0.0,5.0,12.0,36.00000000000003
2002-12-12,0.0,2002,12,12,2,35,0.0,0.0,0.0,12.0,12.000000000000028
2002-12-13,1.0,2002,12,13,2,35,1.0,1.0,1.0,6.0,13.000000000000028
2002-12-14,0.0,2002,12,14,2,35,0.0,1.0,1.0,1.0,13.000000000000028
2002-12-15,30.0,2002,12,15,2,35,30.0,31.0,31.0,31.0,43.00000000000003
2002-12-16,0.0,2002,12,16,2,35,0.0,30.0,31.0,31.0,36.00000000000003
2002-12-17,1.0,2002,12,17,2,35,1.0,31.0,32.0,32.0,32.00000000000003
2002-12-18,0.0,2002,12,18,2,35,0.0,1.0,31.0,32.0,32.00000000000003
2002-12-19,9.0,2002,12,19,2,35,9.0,10.0,40.0,41.0,41.00000000000003
2002-12-20,0.0,2002,12,20,2,35,0.0,9.0,10.0,40.0,41.00000000000003
2002-12-21,0.0,2002,12,21,3,36,0.0,9.0,10.0,40.0,41.00000000000003
2002-12-22,0.0,2002,12,22,3,36,0.0,0.0,9.0,10.0,41.00000000000003
2002-12-23,0.0,2002,12,23,3,36,0.0,0.0,9.0,10.0,40.00000000000003
2002-12-24,0.0,2002,12,24,3,36,0.0,0.0,0.0,9.0,40.00000000000003
2002-12-25,8.0,2002,12,25,3,36,8.0,8.0,8.0,17.0,18.00000000000003
2002-12-26,4.0,2002,12,26,3,36,4.0,12.0,12.0,12.0,22.00000000000003
2002-12-27,28.0,2002,12,27,3,36,28.0,40.0,40.0,40.0,49.00000000000003
2002-12-28,12.0,2002,12,28,3,36,12.0,44.0,52.0,52.0,61.00000000000003
2002-12-29,0.0,2002,12,29,3,36,0.0,40.0,52.0,52.0,52.00000000000003
2002-12-30,0.0,2002,12,30,3,36,0.0,12.0,44.0,52.0,52.00000000000003
2002-12-31,2.0,2002,12,31,3,36,2.0,2.0,42.0,54.0,54.00000000000003
2003-01-01,3.0,2003,1,1,1,1,3.0,5.0,17.0,49.0,57.00000000000003
2003-01-02,0.0,2003,1,2,1,1,0.0,5.0,5.0,45.0,57.00000000000003
2003-01-03,0.0,2003,1,3,1,1,0.0,3.0,5.0,17.0,57.00000000000003
2003-01-04,0.0,2003,1,4,1,1,0.0,0.0,5.0,5.0,49.00000000000003
2003-01-05,0.0,2003,1,5,1,1,0.0,0.0,3.0,5.0,45.00000000000003
2003-01-06,0.0,2003,1,6,1,1,0.0,0.0,0.0,5.0,17.00000000000003
2003-01-07,0.0,2003,1,7,1,1,0.0,0.0,0.0,3.0,5.000000000000028
2003-01-08,0.0,2003,1,8,1,1,0.0,0.0,0.0,0.0,5.000000000000028
2003-01-09,0.0,2003,1,9,1,1,0.0,0.0,0.0,0.0,5.000000000000028
2003-01-10,0.0,2003,1,10,1,1,0.0,0.0,0.0,0.0,3.0000000000000284
2003-01-11,0.0,2003,1,11,2,2,0.0,0.0,0.0,0.0,0.0
2003-01-12,0.0,2003,1,12,2,2,0.0,0.0,0.0,0.0,0.0
2003-01-13,0.0,2003,1,13,2,2,0.0,0.0,0.0,0.0,0.0
2003-01-14,0.0,2003,1,14,2,2,0.0,0.0,0.0,0.0,0.0
2003-01-15,0.0,2003,1,15,2,2,0.0,0.0,0.0,0.0,0.0
2003-01-16,0.0,2003,1,16,2,2,0.0,0.0,0.0,0.0,0.0
2003-01-17,0.0,2003,1,17,2,2,0.0,0.0,0.0,0.0,0.0
2003-01-18,0.0,2003,1,18,2,2,0.0,0.0,0.0,0.0,0.0
2003-01-19,0.0,2003,1,19,2,2,0.0,0.0,0.0,0.0,0.0
2003-01-20,0.0,2003,1,20,2,2,0.0,0.0,0.0,0.0,0.0
2003-01-21,0.0,2003,1,21,3,3,0.0,0.0,0.0,0.0,0.0
2003-01-22,0.0,2003,1,22,3,3,0.0,0.0,0.0,0.0,0.0
2003-01-23,4.0,2003,1,23,3,3,4.0,4.0,4.0,4.0,4.000000000000028
2003-01-24,0.0,2003,1,24,3,3,0.0,4.0,4.0,4.0,4.000000000000028
2003-01-25,0.0,2003,1,25,3,3,0.0,4.0,4.0,4.0,4.000000000000028
2003-01-26,0.0,2003,1,26,3,3,0.0,0.0,4.0,4.0,4.000000000000028
2003-01-27,0.0,2003,1,27,3,3,0.0,0.0,4.0,4.0,4.000000000000028
2003-01-28,1.0,2003,1,28,3,3,1.0,1.0,1.0,5.0,5.000000000000028
2003-01-29,74.0,2003,1,29,3,3,74.0,75.0,75.0,79.0,79.00000000000003
2003-01-30,1.0,2003,1,30,3,3,1.0,76.0,76.0,76.0,80.00000000000003
2003-01-31,0.0,2003,1,31,3,3,0.0,75.0,76.0,76.0,80.00000000000003
2003-02-01,2.0,2003,2,1,1,4,2.0,3.0,78.0,78.0,82.00000000000003
2003-02-02,1.0,2003,2,2,1,4,1.0,3.0,78.0,79.0,79.00000000000003
2003-02-03,1.0,2003,2,3,1,4,1.0,4.0,5.0,80.0,80.00000000000003
2003-02-04,5.0,2003,2,4,1,4,5.0,7.0,9.0,84.0,85.00000000000003
2003-02-05,5.0,2003,2,5,1,4,5.0,11.0,14.0,15.0,90.00000000000003
2003-02-06,0.0,2003,2,6,1,4,0.0,10.0,12.0,14.0,90.00000000000003
2003-02-07,0.0,2003,2,7,1,4,0.0,5.0,11.0,14.0,89.00000000000003
2003-02-08,22.0,2003,2,8,1,4,22.0,22.0,32.0,34.0,37.00000000000003
2003-02-09,1.0,2003,2,9,1,4,1.0,23.0,28.0,34.0,37.00000000000003
2003-02-10,0.0,2003,2,10,1,4,0.0,23.0,23.0,33.0,37.00000000000003
2003-02-11,21.0,2003,2,11,2,5,21.0,22.0,44.0,49.0,56.00000000000003
2003-02-12,11.0,2003,2,12,2,5,11.0,32.0,55.0,55.0,66.00000000000003
2003-02-13,13.0,2003,2,13,2,5,13.0,45.0,46.0,68.0,78.00000000000003
2003-02-14,0.0,2003,2,14,2,5,0.0,24.0,45.0,68.0,73.00000000000003
2003-02-15,2.0,2003,2,15,2,5,2.0,15.0,47.0,48.0,70.00000000000003
2003-02-16,4.0,2003,2,16,2,5,4.0,6.0,30.0,51.0,74.00000000000003
2003-02-17,18.0,2003,2,17,2,5,18.0,24.0,37.0,69.0,92.00000000000003
2003-02-18,13.0,2003,2,18,2,5,13.0,35.0,37.0,61.0,83.00000000000003
2003-02-19,0.0,2003,2,19,2,5,0.0,31.0,37.0,50.0,82.00000000000003
2003-02-20,29.0,2003,2,20,2,5,29.0,42.0,64.0,66.0,111.00000000000003
2003-02-21,17.0,2003,2,21,3,6,17.0,46.0,77.0,83.0,107.00000000000003
2003-02-22,41.0,2003,2,22,3,6,41.0,87.0,100.0,122.0,137.00000000000003
2003-02-23,3.0,2003,2,23,3,6,3.0,61.0,90.0,121.0,127.00000000000003
2003-02-24,3.0,2003,2,24,3,6,3.0,47.0,93.0,106.0,130.00000000000003
2003-02-25,0.0,2003,2,25,3,6,0.0,6.0,64.0,93.0,128.00000000000003
2003-02-26,1.0,2003,2,26,3,6,1.0,4.0,48.0,94.0,125.00000000000003
2003-02-27,39.0,2003,2,27,3,6,39.0,40.0,46.0,104.0,146.00000000000003
2003-02-28,1.0,2003,2,28,3,6,1.0,41.0,44.0,88.0,134.00000000000003
2003-03-01,0.0,2003,3,1,1,7,0.0,40.0,41.0,47.0,134.00000000000003
2003-03-02,19.0,2003,3,2,1,7,19.0,20.0,60.0,63.0,124.00000000000003
2003-03-03,0.0,2003,3,3,1,7,0.0,19.0,59.0,60.0,107.00000000000003
2003-03-04,1.0,2003,3,4,1,7,1.0,20.0,21.0,61.0,67.00000000000003
2003-03-05,0.0,2003,3,5,1,7,0.0,1.0,20.0,60.0,64.00000000000003
2003-03-06,0.0,2003,3,6,1,7,0.0,1.0,20.0,21.0,61.00000000000003
2003-03-07,0.0,2003,3,7,1,7,0.0,0.0,1.0,20.0,61.00000000000003
2003-03-08,0.0,2003,3,8,1,7,0.0,0.0,1.0,20.0,60.00000000000003
2003-03-09,0.0,2003,3,9,1,7,0.0,0.0,0.0,1.0,21.00000000000003
2003-03-10,0.0,2003,3,10,1,7,0.0,0.0,0.0,1.0,20.00000000000003
2003-03-11,0.0,2003,3,11,2,8,0.0,0.0,0.0,0.0,20.00000000000003
2003-03-12,28.0,2003,3,12,2,8,28.0,28.0,28.0,28.0,29.00000000000003
2003-03-13,4.0,2003,3,13,2,8,4.0,32.0,32.0,32.0,33.00000000000003
2003-03-14,18.0,2003,3,14,2,8,18.0,50.0,50.0,50.0,50.00000000000003
2003-03-15,0.0,2003,3,15,2,8,0.0,22.0,50.0,50.0,50.00000000000003
2003-03-16,3.0,2003,3,16,2,8,3.0,21.0,53.0,53.0,53.00000000000003
2003-03-17,0.0,2003,3,17,2,8,0.0,3.0,25.0,53.0,53.00000000000003
2003-03-18,33.0,2003,3,18,2,8,33.0,36.0,54.0,86.0,86.00000000000003
2003-03-19,0.0,2003,3,19,2,8,0.0,33.0,36.0,58.0,86.00000000000003
2003-03-20,0.0,2003,3,20,2,8,0.0,33.0,36.0,54.0,86.00000000000003
2003-03-21,0.0,2003,3,21,3,9,0.0,0.0,33.0,36.0,86.00000000000003
2003-03-22,0.0,2003,3,22,3,9,0.0,0.0,33.0,36.0,58.00000000000003
2003-03-23,0.0,2003,3,23,3,9,0.0,0.0,0.0,33.0,54.00000000000003
2003-03-24,0.0,2003,3,24,3,9,0.0,0.0,0.0,33.0,36.00000000000003
2003-03-25,20.0,2003,3,25,3,9,20.0,20.0,20.0,20.0,56.00000000000003
2003-03-26,1.0,2003,3,26,3,9,1.0,21.0,21.0,21.0,54.00000000000003
2003-03-27,0.0,2003,3,27,3,9,0.0,21.0,21.0,21.0,54.00000000000003
2003-03-28,0.0,2003,3,28,3,9,0.0,1.0,21.0,21.0,21.00000000000003
2003-03-29,1.0,2003,3,29,3,9,1.0,1.0,22.0,22.0,22.00000000000003
2003-03-30,0.0,2003,3,30,3,9,0.0,1.0,2.0,22.0,22.00000000000003
2003-03-31,0.0,2003,3,31,3,9,0.0,1.0,1.0,22.0,22.00000000000003
2003-04-01,0.0,2003,4,1,1,10,0.0,0.0,1.0,2.0,22.00000000000003
2003-04-02,0.0,2003,4,2,1,10,0.0,0.0,1.0,1.0,22.00000000000003
2003-04-03,7.0,2003,4,3,1,10,7.0,7.0,7.0,8.0,29.00000000000003
2003-04-04,0.0,2003,4,4,1,10,0.0,7.0,7.0,8.0,9.000000000000028
2003-04-05,0.0,2003,4,5,1,10,0.0,7.0,7.0,7.0,8.000000000000028
2003-04-06,0.0,2003,4,6,1,10,0.0,0.0,7.0,7.0,8.000000000000028
2003-04-07,0.0,2003,4,7,1,10,0.0,0.0,7.0,7.0,8.000000000000028
2003-04-08,0.0,2003,4,8,1,10,0.0,0.0,0.0,7.0,7.000000000000028
2003-04-09,0.0,2003,4,9,1,10,0.0,0.0,0.0,7.0,7.000000000000028
2003-04-10,11.0,2003,4,10,1,10,11.0,11.0,11.0,11.0,18.00000000000003
2003-04-11,0.0,2003,4,11,2,11,0.0,11.0,11.0,11.0,18.00000000000003
2003-04-12,0.0,2003,4,12,2,11,0.0,11.0,11.0,11.0,18.00000000000003
2003-04-13,2.0,2003,4,13,2,11,2.0,2.0,13.0,13.0,13.000000000000028
2003-04-14,2.0,2003,4,14,2,11,2.0,4.0,15.0,15.0,15.000000000000028
2003-04-15,0.0,2003,4,15,2,11,0.0,4.0,4.0,15.0,15.000000000000028
2003-04-16,0.0,2003,4,16,2,11,0.0,2.0,4.0,15.0,15.000000000000028
2003-04-17,0.0,2003,4,17,2,11,0.0,0.0,4.0,4.0,15.000000000000028
2003-04-18,1.0,2003,4,18,2,11,1.0,1.0,3.0,5.0,16.00000000000003
2003-04-19,0.0,2003,4,19,2,11,0.0,1.0,1.0,5.0,16.00000000000003
2003-04-20,0.0,2003,4,20,2,11,0.0,1.0,1.0,3.0,5.000000000000028
2003-04-21,0.0,2003,4,21,3,12,0.0,0.0,1.0,1.0,5.000000000000028
2003-04-22,0.0,2003,4,22,3,12,0.0,0.0,1.0,1.0,5.000000000000028
2003-04-23,2.0,2003,4,23,3,12,2.0,2.0,2.0,3.0,5.000000000000028
2003-04-24,0.0,2003,4,24,3,12,0.0,2.0,2.0,3.0,3.0000000000000284
2003-04-25,9.0,2003,4,25,3,12,9.0,11.0,11.0,11.0,12.000000000000028
2003-04-26,0.0,2003,4,26,3,12,0.0,9.0,11.0,11.0,12.000000000000028
2003-04-27,0.0,2003,4,27,3,12,0.0,9.0,11.0,11.0,12.000000000000028
2003-04-28,0.0,2003,4,28,3,12,0.0,0.0,9.0,11.0,11.000000000000028
2003-04-29,3.0,2003,4,29,3,12,3.0,3.0,12.0,14.0,14.000000000000028
2003-04-30,10.0,2003,4,30,3,12,10.0,13.0,13.0,22.0,24.00000000000003
2003-05-01,4.0,2003,5,1,1,13,4.0,17.0,17.0,26.0,28.00000000000003
2003-05-02,4.0,2003,5,2,1,13,4.0,18.0,21.0,21.0,32.00000000000003
2003-05-03,0.0,2003,5,3,1,13,0.0,8.0,21.0,21.0,30.00000000000003
2003-05-04,0.0,2003,5,4,1,13,0.0,4.0,18.0,21.0,30.00000000000003
2003-05-05,8.0,2003,5,5,1,13,8.0,8.0,16.0,29.0,29.00000000000003
2003-05-06,1.0,2003,5,6,1,13,1.0,9.0,13.0,27.0,30.00000000000003
2003-05-07,2.0,2003,5,7,1,13,2.0,11.0,11.0,19.0,32.00000000000003
2003-05-08,7.0,2003,5,8,1,13,7.0,10.0,18.0,22.0,39.00000000000003
2003-05-09,2.0,2003,5,9,1,13,2.0,11.0,20.0,20.0,38.00000000000003
2003-05-10,11.0,2003,5,10,1,13,11.0,20.0,23.0,31.0,39.00000000000003
2003-05-11,0.0,2003,5,11,2,14,0.0,13.0,22.0,31.0,35.00000000000003
2003-05-12,0.0,2003,5,12,2,14,0.0,11.0,20.0,23.0,31.00000000000003
2003-05-13,0.0,2003,5,13,2,14,0.0,0.0,13.0,22.0,31.00000000000003
2003-05-14,0.0,2003,5,14,2,14,0.0,0.0,11.0,20.0,31.00000000000003
2003-05-15,0.0,2003,5,15,2,14,0.0,0.0,0.0,13.0,23.00000000000003
2003-05-16,0.0,2003,5,16,2,14,0.0,0.0,0.0,11.0,22.00000000000003
2003-05-17,0.0,2003,5,17,2,14,0.0,0.0,0.0,0.0,20.00000000000003
2003-05-18,0.0,2003,5,18,2,14,0.0,0.0,0.0,0.0,13.000000000000028
2003-05-19,6.0,2003,5,19,2,14,6.0,6.0,6.0,6.0,17.00000000000003
2003-05-20,4.0,2003,5,20,2,14,4.0,10.0,10.0,10.0,10.000000000000028
2003-05-21,0.0,2003,5,21,3,15,0.0,10.0,10.0,10.0,10.000000000000028
2003-05-22,0.0,2003,5,22,3,15,0.0,4.0,10.0,10.0,10.000000000000028
2003-05-23,0.0,2003,5,23,3,15,0.0,0.0,10.0,10.0,10.000000000000028
2003-05-24,0.0,2003,5,24,3,15,0.0,0.0,4.0,10.0,10.000000000000028
2003-05-25,0.0,2003,5,25,3,15,0.0,0.0,0.0,10.0,10.000000000000028
2003-05-26,0.0,2003,5,26,3,15,0.0,0.0,0.0,4.0,10.000000000000028
2003-05-27,0.0,2003,5,27,3,15,0.0,0.0,0.0,0.0,10.000000000000028
2003-05-28,0.0,2003,5,28,3,15,0.0,0.0,0.0,0.0,10.000000000000028
2003-05-29,0.0,2003,5,29,3,15,0.0,0.0,0.0,0.0,4.000000000000028
2003-05-30,29.0,2003,5,30,3,15,29.0,29.0,29.0,29.0,29.00000000000003
2003-05-31,0.0,2003,5,31,3,15,0.0,29.0,29.0,29.0,29.00000000000003
2003-06-01,0.0,2003,6,1,1,16,0.0,29.0,29.0,29.0,29.00000000000003
2003-06-02,0.0,2003,6,2,1,16,0.0,0.0,29.0,29.0,29.00000000000003
2003-06-03,0.0,2003,6,3,1,16,0.0,0.0,29.0,29.0,29.00000000000003
2003-06-04,0.0,2003,6,4,1,16,0.0,0.0,0.0,29.0,29.00000000000003
2003-06-05,5.0,2003,6,5,1,16,5.0,5.0,5.0,34.0,34.00000000000003
2003-06-06,0.0,2003,6,6,1,16,0.0,5.0,5.0,5.0,34.00000000000003
2003-06-07,0.0,2003,6,7,1,16,0.0,5.0,5.0,5.0,34.00000000000003
2003-06-08,0.0,2003,6,8,1,16,0.0,0.0,5.0,5.0,34.00000000000003
2003-06-09,0.0,2003,6,9,1,16,0.0,0.0,5.0,5.0,5.000000000000028
2003-06-10,0.0,2003,6,10,1,16,0.0,0.0,0.0,5.0,5.000000000000028
2003-06-11,0.0,2003,6,11,2,17,0.0,0.0,0.0,5.0,5.000000000000028
2003-06-12,0.0,2003,6,12,2,17,0.0,0.0,0.0,0.0,5.000000000000028
2003-06-13,0.0,2003,6,13,2,17,0.0,0.0,0.0,0.0,5.000000000000028
2003-06-14,0.0,2003,6,14,2,17,0.0,0.0,0.0,0.0,5.000000000000028
2003-06-15,0.0,2003,6,15,2,17,0.0,0.0,0.0,0.0,0.0
2003-06-16,0.0,2003,6,16,2,17,0.0,0.0,0.0,0.0,0.0
2003-06-17,0.0,2003,6,17,2,17,0.0,0.0,0.0,0.0,0.0
2003-06-18,0.0,2003,6,18,2,17,0.0,0.0,0.0,0.0,0.0
2003-06-19,0.0,2003,6,19,2,17,0.0,0.0,0.0,0.0,0.0
2003-06-20,1.0,2003,6,20,2,17,1.0,1.0,1.0,1.0,1.0000000000000284
2003-06-21,1.0,2003,6,21,3,18,1.0,2.0,2.0,2.0,2.0000000000000284
2003-06-22,0.0,2003,6,22,3,18,0.0,2.0,2.0,2.0,2.0000000000000284
2003-06-23,4.0,2003,6,23,3,18,4.0,5.0,6.0,6.0,6.000000000000028
2003-06-24,0.0,2003,6,24,3,18,0.0,4.0,6.0,6.0,6.000000000000028
2003-06-25,0.0,2003,6,25,3,18,0.0,4.0,5.0,6.0,6.000000000000028
2003-06-26,0.0,2003,6,26,3,18,0.0,0.0,4.0,6.0,6.000000000000028
2003-06-27,0.0,2003,6,27,3,18,0.0,0.0,4.0,5.0,6.000000000000028
2003-06-28,0.0,2003,6,28,3,18,0.0,0.0,0.0,4.0,6.000000000000028
2003-06-29,0.0,2003,6,29,3,18,0.0,0.0,0.0,4.0,6.000000000000028
2003-06-30,0.0,2003,6,30,3,18,0.0,0.0,0.0,0.0,5.000000000000028
2003-07-01,0.0,2003,7,1,1,19,0.0,0.0,0.0,0.0,4.000000000000028
2003-07-02,0.0,2003,7,2,1,19,0.0,0.0,0.0,0.0,4.000000000000028
2003-07-03,0.0,2003,7,3,1,19,0.0,0.0,0.0,0.0,0.0
2003-07-04,0.0,2003,7,4,1,19,0.0,0.0,0.0,0.0,0.0
2003-07-05,0.0,2003,7,5,1,19,0.0,0.0,0.0,0.0,0.0
2003-07-06,0.0,2003,7,6,1,19,0.0,0.0,0.0,0.0,0.0
2003-07-07,0.0,2003,7,7,1,19,0.0,0.0,0.0,0.0,0.0
2003-07-08,0.0,2003,7,8,1,19,0.0,0.0,0.0,0.0,0.0
2003-07-09,0.0,2003,7,9,1,19,0.0,0.0,0.0,0.0,0.0
2003-07-10,0.0,2003,7,10,1,19,0.0,0.0,0.0,0.0,0.0
2003-07-11,0.0,2003,7,11,2,20,0.0,0.0,0.0,0.0,0.0
2003-07-12,0.0,2003,7,12,2,20,0.0,0.0,0.0,0.0,0.0
2003-07-13,27.0,2003,7,13,2,20,27.0,27.0,27.0,27.0,27.00000000000003
2003-07-14,1.0,2003,7,14,2,20,1.0,28.0,28.0,28.0,28.00000000000003
2003-07-15,22.0,2003,7,15,2,20,22.0,50.0,50.0,50.0,50.00000000000003
2003-07-16,0.0,2003,7,16,2,20,0.0,23.0,50.0,50.0,50.00000000000003
2003-07-17,0.0,2003,7,17,2,20,0.0,22.0,50.0,50.0,50.00000000000003
2003-07-18,0.0,2003,7,18,2,20,0.0,0.0,23.0,50.0,50.00000000000003
2003-07-19,0.0,2003,7,19,2,20,0.0,0.0,22.0,50.0,50.00000000000003
2003-07-20,0.0,2003,7,20,2,20,0.0,0.0,0.0,23.0,50.00000000000003
2003-07-21,0.0,2003,7,21,3,21,0.0,0.0,0.0,22.0,50.00000000000003
2003-07-22,0.0,2003,7,22,3,21,0.0,0.0,0.0,0.0,50.00000000000003
2003-07-23,0.0,2003,7,23,3,21,0.0,0.0,0.0,0.0,23.00000000000003
2003-07-24,0.0,2003,7,24,3,21,0.0,0.0,0.0,0.0,22.00000000000003
2003-07-25,0.0,2003,7,25,3,21,0.0,0.0,0.0,0.0,0.0
2003-07-26,0.0,2003,7,26,3,21,0.0,0.0,0.0,0.0,0.0
2003-07-27,0.0,2003,7,27,3,21,0.0,0.0,0.0,0.0,0.0
2003-07-28,0.0,2003,7,28,3,21,0.0,0.0,0.0,0.0,0.0
2003-07-29,0.0,2003,7,29,3,21,0.0,0.0,0.0,0.0,0.0
2003-07-30,0.0,2003,7,30,3,21,0.0,0.0,0.0,0.0,0.0
2003-07-31,0.0,2003,7,31,3,21,0.0,0.0,0.0,0.0,0.0
2003-08-01,0.0,2003,8,1,1,22,0.0,0.0,0.0,0.0,0.0
2003-08-02,0.0,2003,8,2,1,22,0.0,0.0,0.0,0.0,0.0
2003-08-03,0.0,2003,8,3,1,22,0.0,0.0,0.0,0.0,0.0
2003-08-04,0.0,2003,8,4,1,22,0.0,0.0,0.0,0.0,0.0
2003-08-05,0.0,2003,8,5,1,22,0.0,0.0,0.0,0.0,0.0
2003-08-06,0.0,2003,8,6,1,22,0.0,0.0,0.0,0.0,0.0
2003-08-07,0.0,2003,8,7,1,22,0.0,0.0,0.0,0.0,0.0
2003-08-08,0.0,2003,8,8,1,22,0.0,0.0,0.0,0.0,0.0
2003-08-09,0.0,2003,8,9,1,22,0.0,0.0,0.0,0.0,0.0
2003-08-10,0.0,2003,8,10,1,22,0.0,0.0,0.0,0.0,0.0
2003-08-11,0.0,2003,8,11,2,23,0.0,0.0,0.0,0.0,0.0
2003-08-12,0.0,2003,8,12,2,23,0.0,0.0,0.0,0.0,0.0
2003-08-13,0.0,2003,8,13,2,23,0.0,0.0,0.0,0.0,0.0
2003-08-14,0.0,2003,8,14,2,23,0.0,0.0,0.0,0.0,0.0
2003-08-15,0.0,2003,8,15,2,23,0.0,0.0,0.0,0.0,0.0
2003-08-16,0.0,2003,8,16,2,23,0.0,0.0,0.0,0.0,0.0
2003-08-17,0.0,2003,8,17,2,23,0.0,0.0,0.0,0.0,0.0
2003-08-18,0.0,2003,8,18,2,23,0.0,0.0,0.0,0.0,0.0
2003-08-19,0.0,2003,8,19,2,23,0.0,0.0,0.0,0.0,0.0
2003-08-20,0.5,2003,8,20,2,23,0.5,0.5,0.5,0.5,0.5000000000000284
2003-08-21,0.0,2003,8,21,3,24,0.0,0.5,0.5,0.5,0.5000000000000284
2003-08-22,0.0,2003,8,22,3,24,0.0,0.5,0.5,0.5,0.5000000000000284
2003-08-23,0.0,2003,8,23,3,24,0.0,0.0,0.5,0.5,0.5000000000000284
2003-08-24,0.0,2003,8,24,3,24,0.0,0.0,0.5,0.5,0.5000000000000284
2003-08-25,0.0,2003,8,25,3,24,0.0,0.0,0.0,0.5,0.5000000000000284
2003-08-26,0.0,2003,8,26,3,24,0.0,0.0,0.0,0.5,0.5000000000000284
2003-08-27,0.0,2003,8,27,3,24,0.0,0.0,0.0,0.0,0.5000000000000284
2003-08-28,3.9,2003,8,28,3,24,3.9,3.9,3.9,3.9,4.400000000000029
2003-08-29,0.3,2003,8,29,3,24,0.3,4.2,4.2,4.2,4.700000000000029
2003-08-30,0.0,2003,8,30,3,24,0.0,4.2,4.2,4.2,4.200000000000029
2003-08-31,0.0,2003,8,31,3,24,0.0,0.3,4.2,4.2,4.200000000000029
2003-09-01,0.0,2003,9,1,1,25,0.0,0.0,4.2,4.2,4.200000000000029
2003-09-02,0.0,2003,9,2,1,25,0.0,0.0,0.3,4.2,4.200000000000029
2003-09-03,0.0,2003,9,3,1,25,0.0,0.0,0.0,4.2,4.200000000000029
2003-09-04,0.0,2003,9,4,1,25,0.0,0.0,0.0,0.3,4.200000000000029
2003-09-05,0.0,2003,9,5,1,25,0.0,0.0,0.0,0.0,4.200000000000029
2003-09-06,0.0,2003,9,6,1,25,0.0,0.0,0.0,0.0,4.200000000000029
2003-09-07,7.0,2003,9,7,1,25,7.0,7.0,7.0,7.0,7.300000000000029
2003-09-08,0.0,2003,9,8,1,25,0.0,7.0,7.0,7.0,7.000000000000029
2003-09-09,0.0,2003,9,9,1,25,0.0,7.0,7.0,7.0,7.000000000000029
2003-09-10,0.0,2003,9,10,1,25,0.0,0.0,7.0,7.0,7.000000000000029
2003-09-11,0.0,2003,9,11,2,26,0.0,0.0,7.0,7.0,7.000000000000029
2003-09-12,0.0,2003,9,12,2,26,0.0,0.0,0.0,7.0,7.000000000000029
2003-09-13,8.0,2003,9,13,2,26,8.0,8.0,8.0,15.0,15.000000000000028
2003-09-14,0.0,2003,9,14,2,26,0.0,8.0,8.0,8.0,15.000000000000028
2003-09-15,14.0,2003,9,15,2,26,14.0,22.0,22.0,22.0,29.00000000000003
2003-09-16,12.0,2003,9,16,2,26,12.0,26.0,34.0,34.0,41.00000000000003
2003-09-17,0.0,2003,9,17,2,26,0.0,26.0,34.0,34.0,34.00000000000003
2003-09-18,0.0,2003,9,18,2,26,0.0,12.0,26.0,34.0,34.00000000000003
2003-09-19,0.0,2003,9,19,2,26,0.0,0.0,26.0,34.0,34.00000000000003
2003-09-20,0.0,2003,9,20,2,26,0.0,0.0,12.0,26.0,34.00000000000003
2003-09-21,0.0,2003,9,21,3,27,0.0,0.0,0.0,26.0,34.00000000000003
2003-09-22,0.0,2003,9,22,3,27,0.0,0.0,0.0,12.0,34.00000000000003
2003-09-23,0.0,2003,9,23,3,27,0.0,0.0,0.0,0.0,26.00000000000003
2003-09-24,0.0,2003,9,24,3,27,0.0,0.0,0.0,0.0,26.00000000000003
2003-09-25,0.0,2003,9,25,3,27,0.0,0.0,0.0,0.0,12.000000000000028
2003-09-26,0.0,2003,9,26,3,27,0.0,0.0,0.0,0.0,0.0
2003-09-27,0.0,2003,9,27,3,27,0.0,0.0,0.0,0.0,0.0
2003-09-28,0.0,2003,9,28,3,27,0.0,0.0,0.0,0.0,0.0
2003-09-29,0.0,2003,9,29,3,27,0.0,0.0,0.0,0.0,0.0
2003-09-30,0.0,2003,9,30,3,27,0.0,0.0,0.0,0.0,0.0
2003-10-01,0.0,2003,10,1,1,28,0.0,0.0,0.0,0.0,0.0
2003-10-02,0.0,2003,10,2,1,28,0.0,0.0,0.0,0.0,0.0
2003-10-03,0.0,2003,10,3,1,28,0.0,0.0,0.0,0.0,0.0
2003-10-04,0.0,2003,10,4,1,28,0.0,0.0,0.0,0.0,0.0
2003-10-05,0.0,2003,10,5,1,28,0.0,0.0,0.0,0.0,0.0
2003-10-06,2.0,2003,10,6,1,28,2.0,2.0,2.0,2.0,2.0000000000000284
2003-10-07,0.0,2003,10,7,1,28,0.0,2.0,2.0,2.0,2.0000000000000284
2003-10-08,0.0,2003,10,8,1,28,0.0,2.0,2.0,2.0,2.0000000000000284
2003-10-09,1.0,2003,10,9,1,28,1.0,1.0,3.0,3.0,3.0000000000000284
2003-10-10,7.0,2003,10,10,1,28,7.0,8.0,10.0,10.0,10.000000000000028
2003-10-11,3.0,2003,10,11,2,29,3.0,11.0,11.0,13.0,13.000000000000028
2003-10-12,0.0,2003,10,12,2,29,0.0,10.0,11.0,13.0,13.000000000000028
2003-10-13,0.0,2003,10,13,2,29,0.0,3.0,11.0,11.0,13.000000000000028
2003-10-14,0.0,2003,10,14,2,29,0.0,0.0,10.0,11.0,13.000000000000028
2003-10-15,0.0,2003,10,15,2,29,0.0,0.0,3.0,11.0,13.000000000000028
2003-10-16,0.0,2003,10,16,2,29,0.0,0.0,0.0,10.0,11.000000000000028
2003-10-17,8.0,2003,10,17,2,29,8.0,8.0,8.0,11.0,19.00000000000003
2003-10-18,10.0,2003,10,18,2,29,10.0,18.0,18.0,18.0,29.00000000000003
2003-10-19,0.0,2003,10,19,2,29,0.0,18.0,18.0,18.0,28.00000000000003
2003-10-20,8.0,2003,10,20,2,29,8.0,18.0,26.0,26.0,29.00000000000003
2003-10-21,0.0,2003,10,21,3,30,0.0,8.0,26.0,26.0,26.00000000000003
2003-10-22,0.0,2003,10,22,3,30,0.0,8.0,18.0,26.0,26.00000000000003
2003-10-23,0.0,2003,10,23,3,30,0.0,0.0,8.0,26.0,26.00000000000003
2003-10-24,0.0,2003,10,24,3,30,0.0,0.0,8.0,18.0,26.00000000000003
2003-10-25,0.0,2003,10,25,3,30,0.0,0.0,0.0,8.0,26.00000000000003
2003-10-26,0.0,2003,10,26,3,30,0.0,0.0,0.0,8.0,26.00000000000003
2003-10-27,0.0,2003,10,27,3,30,0.0,0.0,0.0,0.0,18.00000000000003
2003-10-28,0.0,2003,10,28,3,30,0.0,0.0,0.0,0.0,8.000000000000028
2003-10-29,2.0,2003,10,29,3,30,2.0,2.0,2.0,2.0,10.000000000000028
2003-10-30,3.0,2003,10,30,3,30,3.0,5.0,5.0,5.0,5.000000000000028
2003-10-31,0.0,2003,10,31,3,30,0.0,5.0,5.0,5.0,5.000000000000028
2003-11-01,7.0,2003,11,1,1,31,7.0,10.0,12.0,12.0,12.000000000000028
2003-11-02,0.0,2003,11,2,1,31,0.0,7.0,12.0,12.0,12.000000000000028
2003-11-03,0.0,2003,11,3,1,31,0.0,7.0,10.0,12.0,12.000000000000028
2003-11-04,0.0,2003,11,4,1,31,0.0,0.0,7.0,12.0,12.000000000000028
2003-11-05,14.0,2003,11,5,1,31,14.0,14.0,21.0,24.0,26.00000000000003
2003-11-06,0.0,2003,11,6,1,31,0.0,14.0,14.0,21.0,26.00000000000003
2003-11-07,0.0,2003,11,7,1,31,0.0,14.0,14.0,21.0,26.00000000000003
2003-11-08,1.0,2003,11,8,1,31,1.0,1.0,15.0,15.0,25.00000000000003
2003-11-09,0.0,2003,11,9,1,31,0.0,1.0,15.0,15.0,22.00000000000003
2003-11-10,0.0,2003,11,10,1,31,0.0,1.0,1.0,15.0,22.00000000000003
2003-11-11,0.0,2003,11,11,2,32,0.0,0.0,1.0,15.0,15.000000000000028
2003-11-12,0.0,2003,11,12,2,32,0.0,0.0,1.0,1.0,15.000000000000028
2003-11-13,0.0,2003,11,13,2,32,0.0,0.0,0.0,1.0,15.000000000000028
2003-11-14,12.0,2003,11,14,2,32,12.0,12.0,12.0,13.0,27.00000000000003
2003-11-15,0.0,2003,11,15,2,32,0.0,12.0,12.0,12.0,13.000000000000028
2003-11-16,6.0,2003,11,16,2,32,6.0,18.0,18.0,18.0,19.00000000000003
2003-11-17,0.0,2003,11,17,2,32,0.0,6.0,18.0,18.0,19.00000000000003
2003-11-18,38.0,2003,11,18,2,32,38.0,44.0,56.0,56.0,56.00000000000003
2003-11-19,0.0,2003,11,19,2,32,0.0,38.0,44.0,56.0,56.00000000000003
2003-11-20,11.0,2003,11,20,2,32,11.0,49.0,55.0,67.0,67.00000000000003
2003-11-21,0.0,2003,11,21,3,33,0.0,11.0,49.0,55.0,67.00000000000003
2003-11-22,16.0,2003,11,22,3,33,16.0,27.0,65.0,71.0,83.00000000000003
2003-11-23,11.0,2003,11,23,3,33,11.0,27.0,38.0,76.0,94.00000000000003
2003-11-24,0.0,2003,11,24,3,33,0.0,27.0,38.0,76.0,82.00000000000003
2003-11-25,1.0,2003,11,25,3,33,1.0,12.0,28.0,39.0,83.00000000000003
2003-11-26,0.0,2003,11,26,3,33,0.0,1.0,28.0,39.0,77.00000000000003
2003-11-27,0.0,2003,11,27,3,33,0.0,1.0,12.0,28.0,77.00000000000003
2003-11-28,0.0,2003,11,28,3,33,0.0,0.0,1.0,28.0,39.00000000000003
2003-11-29,0.0,2003,11,29,3,33,0.0,0.0,1.0,12.0,39.00000000000003
2003-11-30,0.0,2003,11,30,3,33,0.0,0.0,0.0,1.0,28.00000000000003
2003-12-01,0.0,2003,12,1,1,34,0.0,0.0,0.0,1.0,28.00000000000003
2003-12-02,7.0,2003,12,2,1,34,7.0,7.0,7.0,7.0,19.00000000000003
2003-12-03,0.0,2003,12,3,1,34,0.0,7.0,7.0,7.0,8.000000000000028
2003-12-04,14.0,2003,12,4,1,34,14.0,21.0,21.0,21.0,22.00000000000003
2003-12-05,0.0,2003,12,5,1,34,0.0,14.0,21.0,21.0,21.00000000000003
2003-12-06,3.0,2003,12,6,1,34,3.0,17.0,24.0,24.0,24.00000000000003
2003-12-07,0.0,2003,12,7,1,34,0.0,3.0,17.0,24.0,24.00000000000003
2003-12-08,0.0,2003,12,8,1,34,0.0,3.0,17.0,24.0,24.00000000000003
2003-12-09,0.0,2003,12,9,1,34,0.0,0.0,3.0,17.0,24.00000000000003
2003-12-10,7.0,2003,12,10,1,34,7.0,7.0,10.0,24.0,31.00000000000003
2003-12-11,0.0,2003,12,11,2,35,0.0,7.0,7.0,10.0,31.00000000000003
2003-12-12,0.0,2003,12,12,2,35,0.0,7.0,7.0,10.0,24.00000000000003
2003-12-13,6.0,2003,12,13,2,35,6.0,6.0,13.0,13.0,30.00000000000003
2003-12-14,4.0,2003,12,14,2,35,4.0,10.0,17.0,17.0,20.00000000000003
2003-12-15,0.0,2003,12,15,2,35,0.0,10.0,10.0,17.0,20.00000000000003
2003-12-16,0.0,2003,12,16,2,35,0.0,4.0,10.0,17.0,17.00000000000003
2003-12-17,0.0,2003,12,17,2,35,0.0,0.0,10.0,10.0,17.00000000000003
2003-12-18,2.0,2003,12,18,2,35,2.0,2.0,6.0,12.0,19.00000000000003
2003-12-19,16.0,2003,12,19,2,35,16.0,18.0,18.0,28.0,35.00000000000003
2003-12-20,30.0,2003,12,20,2,35,30.0,48.0,48.0,52.0,58.00000000000003
2003-12-21,45.0,2003,12,21,3,36,45.0,91.0,93.0,93.0,103.00000000000003
2003-12-22,29.0,2003,12,22,3,36,29.0,104.0,122.0,122.0,132.00000000000003
2003-12-23,28.0,2003,12,23,3,36,28.0,102.0,148.0,150.0,154.00000000000003
2003-12-24,17.0,2003,12,24,3,36,17.0,74.0,149.0,167.0,167.00000000000003
2003-12-25,0.0,2003,12,25,3,36,0.0,45.0,119.0,165.0,167.00000000000003
2003-12-26,7.0,2003,12,26,3,36,7.0,24.0,81.0,156.0,174.00000000000003
2003-12-27,5.0,2003,12,27,3,36,5.0,12.0,57.0,131.0,179.00000000000003
2003-12-28,1.0,2003,12,28,3,36,1.0,13.0,30.0,87.0,178.00000000000003
2003-12-29,27.0,2003,12,29,3,36,27.0,33.0,40.0,85.0,189.00000000000003
2003-12-30,19.0,2003,12,30,3,36,19.0,47.0,59.0,76.0,178.00000000000003
2003-12-31,53.0,2003,12,31,3,36,53.0,99.0,105.0,112.0,186.00000000000003
2004-01-01,7.0,2004,1,1,1,1,7.0,79.0,107.0,119.0,164.00000000000003
2004-01-02,0.0,2004,1,2,1,1,0.0,60.0,106.0,112.0,136.00000000000003
2004-01-03,1.0,2004,1,3,1,1,1.0,8.0,80.0,108.0,120.00000000000003
2004-01-04,10.0,2004,1,4,1,1,10.0,11.0,71.0,117.0,130.00000000000003
2004-01-05,19.0,2004,1,5,1,1,19.0,30.0,37.0,109.0,142.00000000000003
2004-01-06,0.0,2004,1,6,1,1,0.0,29.0,30.0,90.0,137.00000000000003
2004-01-07,1.0,2004,1,7,1,1,1.0,20.0,31.0,38.0,137.00000000000003
2004-01-08,5.0,2004,1,8,1,1,5.0,6.0,35.0,36.0,115.00000000000003
2004-01-09,2.0,2004,1,9,1,1,2.0,8.0,27.0,38.0,98.00000000000003
2004-01-10,0.0,2004,1,10,1,1,0.0,7.0,8.0,37.0,45.00000000000003
2004-01-11,0.0,2004,1,11,2,2,0.0,2.0,8.0,27.0,38.00000000000003
2004-01-12,38.0,2004,1,12,2,2,38.0,38.0,45.0,46.0,76.00000000000003
2004-01-13,0.0,2004,1,13,2,2,0.0,38.0,40.0,46.0,75.00000000000003
2004-01-14,4.0,2004,1,14,2,2,4.0,42.0,42.0,49.0,69.00000000000003
2004-01-15,0.0,2004,1,15,2,2,0.0,4.0,42.0,44.0,50.00000000000003
2004-01-16,1.0,2004,1,16,2,2,1.0,5.0,43.0,43.0,51.00000000000003
2004-01-17,3.0,2004,1,17,2,2,3.0,4.0,8.0,46.0,53.00000000000003
2004-01-18,3.0,2004,1,18,2,2,3.0,7.0,11.0,49.0,51.00000000000003
2004-01-19,30.0,2004,1,19,2,2,30.0,36.0,37.0,41.0,79.00000000000003
2004-01-20,8.0,2004,1,20,2,2,8.0,41.0,45.0,49.0,87.00000000000003
2004-01-21,11.0,2004,1,21,3,3,11.0,49.0,55.0,56.0,98.00000000000003
2004-01-22,5.0,2004,1,22,3,3,5.0,24.0,57.0,61.0,65.00000000000003
2004-01-23,0.0,2004,1,23,3,3,0.0,16.0,54.0,60.0,65.00000000000003
2004-01-24,0.0,2004,1,24,3,3,0.0,5.0,24.0,57.0,61.00000000000003
2004-01-25,28.0,2004,1,25,3,3,28.0,28.0,44.0,82.0,89.00000000000003
2004-01-26,2.0,2004,1,26,3,3,2.0,30.0,35.0,54.0,90.00000000000003
2004-01-27,6.0,2004,1,27,3,3,6.0,36.0,36.0,52.0,93.00000000000003
2004-01-28,0.0,2004,1,28,3,3,0.0,8.0,36.0,41.0,90.00000000000003
2004-01-29,35.0,2004,1,29,3,3,35.0,41.0,71.0,71.0,95.00000000000003
2004-01-30,0.0,2004,1,30,3,3,0.0,35.0,43.0,71.0,87.00000000000003
2004-01-31,2.0,2004,1,31,3,3,2.0,37.0,43.0,73.0,78.00000000000003
2004-02-01,0.0,2004,2,1,1,4,0.0,2.0,37.0,45.0,73.00000000000003
2004-02-02,3.0,2004,2,2,1,4,3.0,5.0,40.0,46.0,76.00000000000003
2004-02-03,20.0,2004,2,3,1,4,20.0,23.0,25.0,60.0,96.00000000000003
2004-02-04,19.0,2004,2,4,1,4,19.0,42.0,44.0,79.0,87.00000000000003
2004-02-05,1.0,2004,2,5,1,4,1.0,40.0,43.0,45.0,86.00000000000003
2004-02-06,0.0,2004,2,6,1,4,0.0,20.0,43.0,45.0,80.00000000000003
2004-02-07,1.0,2004,2,7,1,4,1.0,2.0,41.0,44.0,81.00000000000003
2004-02-08,9.0,2004,2,8,1,4,9.0,10.0,30.0,53.0,55.00000000000003
2004-02-09,16.0,2004,2,9,1,4,16.0,26.0,27.0,66.0,71.00000000000003
2004-02-10,46.0,2004,2,10,1,4,46.0,71.0,72.0,92.0,115.00000000000003
2004-02-11,0.0,2004,2,11,2,5,0.0,62.0,72.0,73.0,115.00000000000003
2004-02-12,5.0,2004,2,12,2,5,5.0,51.0,76.0,77.0,117.00000000000003
2004-02-13,3.0,2004,2,13,2,5,3.0,8.0,70.0,80.0,100.00000000000003
2004-02-14,8.0,2004,2,14,2,5,8.0,16.0,62.0,87.0,89.00000000000003
2004-02-15,0.0,2004,2,15,2,5,0.0,11.0,16.0,78.0,88.00000000000003
2004-02-16,0.0,2004,2,16,2,5,0.0,8.0,16.0,62.0,88.00000000000003
2004-02-17,29.0,2004,2,17,2,5,29.0,29.0,40.0,45.0,116.00000000000003
2004-02-18,1.0,2004,2,18,2,5,1.0,30.0,38.0,46.0,108.00000000000003
2004-02-19,107.0,2004,2,19,2,5,107.0,137.0,137.0,148.0,199.00000000000003
2004-02-20,56.0,2004,2,20,2,5,56.0,164.0,193.0,201.0,209.00000000000003
2004-02-21,9.0,2004,2,21,3,6,9.0,172.0,202.0,202.0,218.00000000000003
2004-02-22,0.0,2004,2,22,3,6,0.0,65.0,173.0,202.0,213.00000000000003
2004-02-23,0.0,2004,2,23,3,6,0.0,9.0,172.0,202.0,210.00000000000003
2004-02-24,5.0,2004,2,24,3,6,5.0,5.0,70.0,178.0,207.00000000000003
2004-02-25,1.0,2004,2,25,3,6,1.0,6.0,15.0,178.0,208.00000000000003
2004-02-26,0.0,2004,2,26,3,6,0.0,6.0,6.0,71.0,208.00000000000003
2004-02-27,1.0,2004,2,27,3,6,1.0,2.0,7.0,16.0,180.00000000000003
2004-02-28,8.0,2004,2,28,3,6,8.0,9.0,15.0,15.0,187.00000000000003
2004-02-29,0.0,2004,2,29,3,6,0.0,9.0,10.0,15.0,80.00000000000003
2004-03-01,0.0,2004,3,1,1,7,0.0,8.0,9.0,15.0,24.00000000000003
2004-03-02,0.0,2004,3,2,1,7,0.0,0.0,9.0,10.0,15.000000000000028
2004-03-03,0.0,2004,3,3,1,7,0.0,0.0,8.0,9.0,15.000000000000028
2004-03-04,4.0,2004,3,4,1,7,4.0,4.0,4.0,13.0,19.00000000000003
2004-03-05,17.0,2004,3,5,1,7,17.0,21.0,21.0,29.0,31.00000000000003
2004-03-06,0.0,2004,3,6,1,7,0.0,21.0,21.0,21.0,30.00000000000003
2004-03-07,5.0,2004,3,7,1,7,5.0,22.0,26.0,26.0,35.00000000000003
2004-03-08,92.0,2004,3,8,1,7,92.0,97.0,118.0,118.0,126.00000000000003
2004-03-09,10.0,2004,3,9,1,7,10.0,107.0,124.0,128.0,128.00000000000003
2004-03-10,9.0,2004,3,10,1,7,9.0,111.0,116.0,137.0,137.00000000000003
2004-03-11,0.0,2004,3,11,2,8,0.0,19.0,116.0,133.0,137.00000000000003
2004-03-12,1.0,2004,3,12,2,8,1.0,10.0,112.0,117.0,138.00000000000003
2004-03-13,4.0,2004,3,13,2,8,4.0,5.0,24.0,121.0,142.00000000000003
2004-03-14,1.0,2004,3,14,2,8,1.0,6.0,15.0,117.0,139.00000000000003
2004-03-15,0.0,2004,3,15,2,8,0.0,5.0,6.0,25.0,122.00000000000003
2004-03-16,3.0,2004,3,16,2,8,3.0,4.0,9.0,18.0,125.00000000000003
2004-03-17,9.0,2004,3,17,2,8,9.0,12.0,17.0,18.0,129.00000000000003
2004-03-18,1.0,2004,3,18,2,8,1.0,13.0,14.0,19.0,38.00000000000003
2004-03-19,0.0,2004,3,19,2,8,0.0,10.0,13.0,18.0,28.00000000000003
2004-03-20,0.0,2004,3,20,2,8,0.0,1.0,13.0,14.0,19.00000000000003
2004-03-21,0.0,2004,3,21,3,9,0.0,0.0,10.0,13.0,19.00000000000003
2004-03-22,1.0,2004,3,22,3,9,1.0,1.0,2.0,14.0,19.00000000000003
2004-03-23,19.0,2004,3,23,3,9,19.0,20.0,20.0,30.0,34.00000000000003
2004-03-24,0.0,2004,3,24,3,9,0.0,20.0,20.0,21.0,33.00000000000003
2004-03-25,0.0,2004,3,25,3,9,0.0,19.0,20.0,20.0,33.00000000000003
2004-03-26,0.0,2004,3,26,3,9,0.0,0.0,20.0,20.0,30.00000000000003
2004-03-27,0.0,2004,3,27,3,9,0.0,0.0,19.0,20.0,21.00000000000003
2004-03-28,0.0,2004,3,28,3,9,0.0,0.0,0.0,20.0,20.00000000000003
2004-03-29,0.0,2004,3,29,3,9,0.0,0.0,0.0,19.0,20.00000000000003
2004-03-30,0.0,2004,3,30,3,9,0.0,0.0,0.0,0.0,20.00000000000003
2004-03-31,0.0,2004,3,31,3,9,0.0,0.0,0.0,0.0,20.00000000000003
2004-04-01,4.0,2004,4,1,1,10,4.0,4.0,4.0,4.0,23.00000000000003
2004-04-02,0.0,2004,4,2,1,10,0.0,4.0,4.0,4.0,4.000000000000028
2004-04-03,0.0,2004,4,3,1,10,0.0,4.0,4.0,4.0,4.000000000000028
2004-04-04,0.0,2004,4,4,1,10,0.0,0.0,4.0,4.0,4.000000000000028
2004-04-05,7.0,2004,4,5,1,10,7.0,7.0,11.0,11.0,11.000000000000028
2004-04-06,0.0,2004,4,6,1,10,0.0,7.0,7.0,11.0,11.000000000000028
2004-04-07,0.0,2004,4,7,1,10,0.0,7.0,7.0,11.0,11.000000000000028
2004-04-08,0.0,2004,4,8,1,10,0.0,0.0,7.0,7.0,11.000000000000028
2004-04-09,0.0,2004,4,9,1,10,0.0,0.0,7.0,7.0,11.000000000000028
2004-04-10,0.0,2004,4,10,1,10,0.0,0.0,0.0,7.0,11.000000000000028
2004-04-11,0.0,2004,4,11,2,11,0.0,0.0,0.0,7.0,7.000000000000028
2004-04-12,0.0,2004,4,12,2,11,0.0,0.0,0.0,0.0,7.000000000000028
2004-04-13,0.0,2004,4,13,2,11,0.0,0.0,0.0,0.0,7.000000000000028
2004-04-14,8.0,2004,4,14,2,11,8.0,8.0,8.0,8.0,15.000000000000028
2004-04-15,0.0,2004,4,15,2,11,0.0,8.0,8.0,8.0,8.000000000000028
2004-04-16,3.0,2004,4,16,2,11,3.0,11.0,11.0,11.0,11.000000000000028
2004-04-17,0.0,2004,4,17,2,11,0.0,3.0,11.0,11.0,11.000000000000028
2004-04-18,0.0,2004,4,18,2,11,0.0,3.0,11.0,11.0,11.000000000000028
2004-04-19,0.0,2004,4,19,2,11,0.0,0.0,3.0,11.0,11.000000000000028
2004-04-20,0.0,2004,4,20,2,11,0.0,0.0,3.0,11.0,11.000000000000028
2004-04-21,13.0,2004,4,21,3,12,13.0,13.0,13.0,16.0,24.00000000000003
2004-04-22,26.0,2004,4,22,3,12,26.0,39.0,39.0,42.0,50.00000000000003
2004-04-23,2.0,2004,4,23,3,12,2.0,41.0,41.0,41.0,52.00000000000003
2004-04-24,6.0,2004,4,24,3,12,6.0,34.0,47.0,47.0,50.00000000000003
2004-04-25,14.0,2004,4,25,3,12,14.0,22.0,61.0,61.0,64.00000000000003
2004-04-26,0.0,2004,4,26,3,12,0.0,20.0,48.0,61.0,61.00000000000003
2004-04-27,0.0,2004,4,27,3,12,0.0,14.0,22.0,61.0,61.00000000000003
2004-04-28,0.0,2004,4,28,3,12,0.0,0.0,20.0,48.0,61.00000000000003
2004-04-29,3.0,2004,4,29,3,12,3.0,3.0,17.0,25.0,64.00000000000003
2004-04-30,0.0,2004,4,30,3,12,0.0,3.0,3.0,23.0,64.00000000000003
2004-05-01,0.0,2004,5,1,1,13,0.0,3.0,3.0,17.0,51.00000000000003
2004-05-02,1.0,2004,5,2,1,13,1.0,1.0,4.0,4.0,26.00000000000003
2004-05-03,0.0,2004,5,3,1,13,0.0,1.0,4.0,4.0,24.00000000000003
2004-05-04,11.0,2004,5,4,1,13,11.0,12.0,12.0,15.0,29.00000000000003
2004-05-05,0.0,2004,5,5,1,13,0.0,11.0,12.0,15.0,15.000000000000028
2004-05-06,1.0,2004,5,6,1,13,1.0,12.0,13.0,13.0,16.00000000000003
2004-05-07,64.0,2004,5,7,1,13,64.0,65.0,76.0,77.0,80.00000000000003
2004-05-08,0.0,2004,5,8,1,13,0.0,65.0,76.0,77.0,80.00000000000003
2004-05-09,0.0,2004,5,9,1,13,0.0,64.0,65.0,76.0,77.00000000000003
2004-05-10,0.0,2004,5,10,1,13,0.0,0.0,65.0,76.0,77.00000000000003
2004-05-11,0.0,2004,5,11,2,14,0.0,0.0,64.0,65.0,77.00000000000003
2004-05-12,0.0,2004,5,12,2,14,0.0,0.0,0.0,65.0,76.00000000000003
2004-05-13,16.0,2004,5,13,2,14,16.0,16.0,16.0,80.0,92.00000000000003
2004-05-14,0.0,2004,5,14,2,14,0.0,16.0,16.0,16.0,81.00000000000003
2004-05-15,0.0,2004,5,15,2,14,0.0,16.0,16.0,16.0,81.00000000000003
2004-05-16,0.0,2004,5,16,2,14,0.0,0.0,16.0,16.0,80.00000000000003
2004-05-17,0.0,2004,5,17,2,14,0.0,0.0,16.0,16.0,16.00000000000003
2004-05-18,29.0,2004,5,18,2,14,29.0,29.0,29.0,45.0,45.00000000000003
2004-05-19,2.0,2004,5,19,2,14,2.0,31.0,31.0,47.0,47.00000000000003
2004-05-20,0.0,2004,5,20,2,14,0.0,31.0,31.0,31.0,47.00000000000003
2004-05-21,2.0,2004,5,21,3,15,2.0,4.0,33.0,33.0,49.00000000000003
2004-05-22,0.0,2004,5,22,3,15,0.0,2.0,33.0,33.0,49.00000000000003
2004-05-23,0.0,2004,5,23,3,15,0.0,2.0,4.0,33.0,33.00000000000003
2004-05-24,1.0,2004,5,24,3,15,1.0,1.0,3.0,34.0,34.00000000000003
2004-05-25,0.0,2004,5,25,3,15,0.0,1.0,3.0,5.0,34.00000000000003
2004-05-26,0.0,2004,5,26,3,15,0.0,1.0,1.0,3.0,34.00000000000003
2004-05-27,0.0,2004,5,27,3,15,0.0,0.0,1.0,3.0,34.00000000000003
2004-05-28,0.0,2004,5,28,3,15,0.0,0.0,1.0,1.0,5.000000000000028
2004-05-29,19.0,2004,5,29,3,15,19.0,19.0,19.0,20.0,22.00000000000003
2004-05-30,28.0,2004,5,30,3,15,28.0,47.0,47.0,48.0,50.00000000000003
2004-05-31,0.0,2004,5,31,3,15,0.0,47.0,47.0,47.0,48.00000000000003
2004-06-01,0.0,2004,6,1,1,16,0.0,28.0,47.0,47.0,48.00000000000003
2004-06-02,0.0,2004,6,2,1,16,0.0,0.0,47.0,47.0,48.00000000000003
2004-06-03,0.0,2004,6,3,1,16,0.0,0.0,28.0,47.0,47.00000000000003
2004-06-04,0.0,2004,6,4,1,16,0.0,0.0,0.0,47.0,47.00000000000003
2004-06-05,0.0,2004,6,5,1,16,0.0,0.0,0.0,28.0,47.00000000000003
2004-06-06,0.0,2004,6,6,1,16,0.0,0.0,0.0,0.0,47.00000000000003
2004-06-07,0.0,2004,6,7,1,16,0.0,0.0,0.0,0.0,47.00000000000003
2004-06-08,0.0,2004,6,8,1,16,0.0,0.0,0.0,0.0,28.00000000000003
2004-06-09,0.0,2004,6,9,1,16,0.0,0.0,0.0,0.0,0.0
2004-06-10,4.0,2004,6,10,1,16,4.0,4.0,4.0,4.0,4.000000000000028
2004-06-11,0.0,2004,6,11,2,17,0.0,4.0,4.0,4.0,4.000000000000028
2004-06-12,0.0,2004,6,12,2,17,0.0,4.0,4.0,4.0,4.000000000000028
2004-06-13,0.0,2004,6,13,2,17,0.0,0.0,4.0,4.0,4.000000000000028
2004-06-14,0.0,2004,6,14,2,17,0.0,0.0,4.0,4.0,4.000000000000028
2004-06-15,0.0,2004,6,15,2,17,0.0,0.0,0.0,4.0,4.000000000000028
2004-06-16,0.0,2004,6,16,2,17,0.0,0.0,0.0,4.0,4.000000000000028
2004-06-17,0.0,2004,6,17,2,17,0.0,0.0,0.0,0.0,4.000000000000028
2004-06-18,0.0,2004,6,18,2,17,0.0,0.0,0.0,0.0,4.000000000000028
2004-06-19,0.0,2004,6,19,2,17,0.0,0.0,0.0,0.0,4.000000000000028
2004-06-20,0.0,2004,6,20,2,17,0.0,0.0,0.0,0.0,0.0
2004-06-21,0.0,2004,6,21,3,18,0.0,0.0,0.0,0.0,0.0
2004-06-22,0.0,2004,6,22,3,18,0.0,0.0,0.0,0.0,0.0
2004-06-23,0.0,2004,6,23,3,18,0.0,0.0,0.0,0.0,0.0
2004-06-24,0.0,2004,6,24,3,18,0.0,0.0,0.0,0.0,0.0
2004-06-25,0.0,2004,6,25,3,18,0.0,0.0,0.0,0.0,0.0
2004-06-26,0.0,2004,6,26,3,18,0.0,0.0,0.0,0.0,0.0
2004-06-27,0.0,2004,6,27,3,18,0.0,0.0,0.0,0.0,0.0
2004-06-28,0.0,2004,6,28,3,18,0.0,0.0,0.0,0.0,0.0
2004-06-29,0.0,2004,6,29,3,18,0.0,0.0,0.0,0.0,0.0
2004-06-30,0.0,2004,6,30,3,18,0.0,0.0,0.0,0.0,0.0
2004-07-01,0.0,2004,7,1,1,19,0.0,0.0,0.0,0.0,0.0
2004-07-02,7.0,2004,7,2,1,19,7.0,7.0,7.0,7.0,7.000000000000028
2004-07-03,2.0,2004,7,3,1,19,2.0,9.0,9.0,9.0,9.000000000000028
2004-07-04,0.0,2004,7,4,1,19,0.0,9.0,9.0,9.0,9.000000000000028
2004-07-05,0.0,2004,7,5,1,19,0.0,2.0,9.0,9.0,9.000000000000028
2004-07-06,5.0,2004,7,6,1,19,5.0,5.0,14.0,14.0,14.000000000000028
2004-07-07,12.0,2004,7,7,1,19,12.0,17.0,19.0,26.0,26.00000000000003
2004-07-08,1.0,2004,7,8,1,19,1.0,18.0,18.0,27.0,27.00000000000003
2004-07-09,0.0,2004,7,9,1,19,0.0,13.0,18.0,20.0,27.00000000000003
2004-07-10,0.0,2004,7,10,1,19,0.0,1.0,18.0,18.0,27.00000000000003
2004-07-11,0.0,2004,7,11,2,20,0.0,0.0,13.0,18.0,27.00000000000003
2004-07-12,0.0,2004,7,12,2,20,0.0,0.0,1.0,18.0,20.00000000000003
2004-07-13,2.0,2004,7,13,2,20,2.0,2.0,2.0,15.0,20.00000000000003
2004-07-14,1.0,2004,7,14,2,20,1.0,3.0,3.0,4.0,21.00000000000003
2004-07-15,1.0,2004,7,15,2,20,1.0,4.0,4.0,4.0,22.00000000000003
2004-07-16,7.0,2004,7,16,2,20,7.0,9.0,11.0,11.0,24.00000000000003
2004-07-17,13.0,2004,7,17,2,20,13.0,21.0,24.0,24.0,25.00000000000003
2004-07-18,0.0,2004,7,18,2,20,0.0,20.0,22.0,24.0,24.00000000000003
2004-07-19,0.0,2004,7,19,2,20,0.0,13.0,21.0,24.0,24.00000000000003
2004-07-20,0.0,2004,7,20,2,20,0.0,0.0,20.0,22.0,24.00000000000003
2004-07-21,0.0,2004,7,21,3,21,0.0,0.0,13.0,21.0,24.00000000000003
2004-07-22,0.0,2004,7,22,3,21,0.0,0.0,0.0,20.0,24.00000000000003
2004-07-23,0.0,2004,7,23,3,21,0.0,0.0,0.0,13.0,22.00000000000003
2004-07-24,0.0,2004,7,24,3,21,0.0,0.0,0.0,0.0,21.00000000000003
2004-07-25,0.0,2004,7,25,3,21,0.0,0.0,0.0,0.0,20.00000000000003
2004-07-26,0.0,2004,7,26,3,21,0.0,0.0,0.0,0.0,13.000000000000028
2004-07-27,0.0,2004,7,27,3,21,0.0,0.0,0.0,0.0,0.0
2004-07-28,0.0,2004,7,28,3,21,0.0,0.0,0.0,0.0,0.0
2004-07-29,0.0,2004,7,29,3,21,0.0,0.0,0.0,0.0,0.0
2004-07-30,0.0,2004,7,30,3,21,0.0,0.0,0.0,0.0,0.0
2004-07-31,0.0,2004,7,31,3,21,0.0,0.0,0.0,0.0,0.0
2004-08-01,0.0,2004,8,1,1,22,0.0,0.0,0.0,0.0,0.0
2004-08-02,0.0,2004,8,2,1,22,0.0,0.0,0.0,0.0,0.0
2004-08-03,0.0,2004,8,3,1,22,0.0,0.0,0.0,0.0,0.0
2004-08-04,0.0,2004,8,4,1,22,0.0,0.0,0.0,0.0,0.0
2004-08-05,0.0,2004,8,5,1,22,0.0,0.0,0.0,0.0,0.0
2004-08-06,0.0,2004,8,6,1,22,0.0,0.0,0.0,0.0,0.0
2004-08-07,0.0,2004,8,7,1,22,0.0,0.0,0.0,0.0,0.0
2004-08-08,0.0,2004,8,8,1,22,0.0,0.0,0.0,0.0,0.0
2004-08-09,0.0,2004,8,9,1,22,0.0,0.0,0.0,0.0,0.0
2004-08-10,0.0,2004,8,10,1,22,0.0,0.0,0.0,0.0,0.0
2004-08-11,0.0,2004,8,11,2,23,0.0,0.0,0.0,0.0,0.0
2004-08-12,0.0,2004,8,12,2,23,0.0,0.0,0.0,0.0,0.0
2004-08-13,0.0,2004,8,13,2,23,0.0,0.0,0.0,0.0,0.0
2004-08-14,0.0,2004,8,14,2,23,0.0,0.0,0.0,0.0,0.0
2004-08-15,0.0,2004,8,15,2,23,0.0,0.0,0.0,0.0,0.0
2004-08-16,0.0,2004,8,16,2,23,0.0,0.0,0.0,0.0,0.0
2004-08-17,0.0,2004,8,17,2,23,0.0,0.0,0.0,0.0,0.0
2004-08-18,0.0,2004,8,18,2,23,0.0,0.0,0.0,0.0,0.0
2004-08-19,0.0,2004,8,19,2,23,0.0,0.0,0.0,0.0,0.0
2004-08-20,0.0,2004,8,20,2,23,0.0,0.0,0.0,0.0,0.0
2004-08-21,0.0,2004,8,21,3,24,0.0,0.0,0.0,0.0,0.0
2004-08-22,0.0,2004,8,22,3,24,0.0,0.0,0.0,0.0,0.0
2004-08-23,0.0,2004,8,23,3,24,0.0,0.0,0.0,0.0,0.0
2004-08-24,0.0,2004,8,24,3,24,0.0,0.0,0.0,0.0,0.0
2004-08-25,0.0,2004,8,25,3,24,0.0,0.0,0.0,0.0,0.0
2004-08-26,0.0,2004,8,26,3,24,0.0,0.0,0.0,0.0,0.0
2004-08-27,0.0,2004,8,27,3,24,0.0,0.0,0.0,0.0,0.0
2004-08-28,0.0,2004,8,28,3,24,0.0,0.0,0.0,0.0,0.0
2004-08-29,0.0,2004,8,29,3,24,0.0,0.0,0.0,0.0,0.0
2004-08-30,0.0,2004,8,30,3,24,0.0,0.0,0.0,0.0,0.0
2004-08-31,0.0,2004,8,31,3,24,0.0,0.0,0.0,0.0,0.0
2004-09-01,0.0,2004,9,1,1,25,0.0,0.0,0.0,0.0,0.0
2004-09-02,0.0,2004,9,2,1,25,0.0,0.0,0.0,0.0,0.0
2004-09-03,1.0,2004,9,3,1,25,1.0,1.0,1.0,1.0,1.0000000000000284
2004-09-04,1.0,2004,9,4,1,25,1.0,2.0,2.0,2.0,2.0000000000000284
2004-09-05,0.0,2004,9,5,1,25,0.0,2.0,2.0,2.0,2.0000000000000284
2004-09-06,24.0,2004,9,6,1,25,24.0,25.0,26.0,26.0,26.00000000000003
2004-09-07,8.0,2004,9,7,1,25,8.0,32.0,34.0,34.0,34.00000000000003
2004-09-08,0.0,2004,9,8,1,25,0.0,32.0,33.0,34.0,34.00000000000003
2004-09-09,0.0,2004,9,9,1,25,0.0,8.0,32.0,34.0,34.00000000000003
2004-09-10,0.0,2004,9,10,1,25,0.0,0.0,32.0,33.0,34.00000000000003
2004-09-11,0.0,2004,9,11,2,26,0.0,0.0,8.0,32.0,34.00000000000003
2004-09-12,0.0,2004,9,12,2,26,0.0,0.0,0.0,32.0,34.00000000000003
2004-09-13,0.0,2004,9,13,2,26,0.0,0.0,0.0,8.0,33.00000000000003
2004-09-14,0.0,2004,9,14,2,26,0.0,0.0,0.0,0.0,32.00000000000003
2004-09-15,1.0,2004,9,15,2,26,1.0,1.0,1.0,1.0,33.00000000000003
2004-09-16,0.0,2004,9,16,2,26,0.0,1.0,1.0,1.0,9.000000000000028
2004-09-17,11.0,2004,9,17,2,26,11.0,12.0,12.0,12.0,12.000000000000028
2004-09-18,7.0,2004,9,18,2,26,7.0,18.0,19.0,19.0,19.00000000000003
2004-09-19,0.0,2004,9,19,2,26,0.0,18.0,19.0,19.0,19.00000000000003
2004-09-20,0.0,2004,9,20,2,26,0.0,7.0,18.0,19.0,19.00000000000003
2004-09-21,0.0,2004,9,21,3,27,0.0,0.0,18.0,19.0,19.00000000000003
2004-09-22,0.0,2004,9,22,3,27,0.0,0.0,7.0,18.0,19.00000000000003
2004-09-23,0.0,2004,9,23,3,27,0.0,0.0,0.0,18.0,19.00000000000003
2004-09-24,0.0,2004,9,24,3,27,0.0,0.0,0.0,7.0,19.00000000000003
2004-09-25,0.0,2004,9,25,3,27,0.0,0.0,0.0,0.0,18.00000000000003
2004-09-26,0.0,2004,9,26,3,27,0.0,0.0,0.0,0.0,18.00000000000003
2004-09-27,4.0,2004,9,27,3,27,4.0,4.0,4.0,4.0,11.000000000000028
2004-09-28,1.0,2004,9,28,3,27,1.0,5.0,5.0,5.0,5.000000000000028
2004-09-29,0.0,2004,9,29,3,27,0.0,5.0,5.0,5.0,5.000000000000028
2004-09-30,0.0,2004,9,30,3,27,0.0,1.0,5.0,5.0,5.000000000000028
2004-10-01,19.0,2004,10,1,1,28,19.0,19.0,24.0,24.0,24.00000000000003
2004-10-02,0.0,2004,10,2,1,28,0.0,19.0,20.0,24.0,24.00000000000003
2004-10-03,0.0,2004,10,3,1,28,0.0,19.0,19.0,24.0,24.00000000000003
2004-10-04,10.0,2004,10,4,1,28,10.0,10.0,29.0,30.0,34.00000000000003
2004-10-05,0.0,2004,10,5,1,28,0.0,10.0,29.0,29.0,34.00000000000003
2004-10-06,0.0,2004,10,6,1,28,0.0,10.0,10.0,29.0,34.00000000000003
2004-10-07,0.0,2004,10,7,1,28,0.0,0.0,10.0,29.0,30.00000000000003
2004-10-08,0.0,2004,10,8,1,28,0.0,0.0,10.0,10.0,29.00000000000003
2004-10-09,0.0,2004,10,9,1,28,0.0,0.0,0.0,10.0,29.00000000000003
2004-10-10,0.0,2004,10,10,1,28,0.0,0.0,0.0,10.0,29.00000000000003
2004-10-11,0.0,2004,10,11,2,29,0.0,0.0,0.0,0.0,10.000000000000028
2004-10-12,0.0,2004,10,12,2,29,0.0,0.0,0.0,0.0,10.000000000000028
2004-10-13,0.0,2004,10,13,2,29,0.0,0.0,0.0,0.0,10.000000000000028
2004-10-14,0.0,2004,10,14,2,29,0.0,0.0,0.0,0.0,0.0
2004-10-15,0.0,2004,10,15,2,29,0.0,0.0,0.0,0.0,0.0
2004-10-16,0.0,2004,10,16,2,29,0.0,0.0,0.0,0.0,0.0
2004-10-17,0.0,2004,10,17,2,29,0.0,0.0,0.0,0.0,0.0
2004-10-18,0.0,2004,10,18,2,29,0.0,0.0,0.0,0.0,0.0
2004-10-19,0.0,2004,10,19,2,29,0.0,0.0,0.0,0.0,0.0
2004-10-20,0.0,2004,10,20,2,29,0.0,0.0,0.0,0.0,0.0
2004-10-21,0.0,2004,10,21,3,30,0.0,0.0,0.0,0.0,0.0
2004-10-22,0.0,2004,10,22,3,30,0.0,0.0,0.0,0.0,0.0
2004-10-23,0.0,2004,10,23,3,30,0.0,0.0,0.0,0.0,0.0
2004-10-24,0.0,2004,10,24,3,30,0.0,0.0,0.0,0.0,0.0
2004-10-25,0.0,2004,10,25,3,30,0.0,0.0,0.0,0.0,0.0
2004-10-26,0.0,2004,10,26,3,30,0.0,0.0,0.0,0.0,0.0
2004-10-27,0.0,2004,10,27,3,30,0.0,0.0,0.0,0.0,0.0
2004-10-28,4.0,2004,10,28,3,30,4.0,4.0,4.0,4.0,4.000000000000028
2004-10-29,0.0,2004,10,29,3,30,0.0,4.0,4.0,4.0,4.000000000000028
2004-10-30,0.0,2004,10,30,3,30,0.0,4.0,4.0,4.0,4.000000000000028
2004-10-31,0.0,2004,10,31,3,30,0.0,0.0,4.0,4.0,4.000000000000028
2004-11-01,0.0,2004,11,1,1,31,0.0,0.0,4.0,4.0,4.000000000000028
2004-11-02,0.0,2004,11,2,1,31,0.0,0.0,0.0,4.0,4.000000000000028
2004-11-03,0.0,2004,11,3,1,31,0.0,0.0,0.0,4.0,4.000000000000028
2004-11-04,0.0,2004,11,4,1,31,0.0,0.0,0.0,0.0,4.000000000000028
2004-11-05,0.0,2004,11,5,1,31,0.0,0.0,0.0,0.0,4.000000000000028
2004-11-06,0.0,2004,11,6,1,31,0.0,0.0,0.0,0.0,4.000000000000028
2004-11-07,0.0,2004,11,7,1,31,0.0,0.0,0.0,0.0,0.0
2004-11-08,0.0,2004,11,8,1,31,0.0,0.0,0.0,0.0,0.0
2004-11-09,0.0,2004,11,9,1,31,0.0,0.0,0.0,0.0,0.0
2004-11-10,4.0,2004,11,10,1,31,4.0,4.0,4.0,4.0,4.000000000000028
2004-11-11,0.0,2004,11,11,2,32,0.0,4.0,4.0,4.0,4.000000000000028
2004-11-12,0.0,2004,11,12,2,32,0.0,4.0,4.0,4.0,4.000000000000028
2004-11-13,0.0,2004,11,13,2,32,0.0,0.0,4.0,4.0,4.000000000000028
2004-11-14,0.0,2004,11,14,2,32,0.0,0.0,4.0,4.0,4.000000000000028
2004-11-15,0.0,2004,11,15,2,32,0.0,0.0,0.0,4.0,4.000000000000028
2004-11-16,0.0,2004,11,16,2,32,0.0,0.0,0.0,4.0,4.000000000000028
2004-11-17,0.0,2004,11,17,2,32,0.0,0.0,0.0,0.0,4.000000000000028
2004-11-18,0.0,2004,11,18,2,32,0.0,0.0,0.0,0.0,4.000000000000028
2004-11-19,0.0,2004,11,19,2,32,0.0,0.0,0.0,0.0,4.000000000000028
2004-11-20,0.0,2004,11,20,2,32,0.0,0.0,0.0,0.0,0.0
2004-11-21,0.0,2004,11,21,3,33,0.0,0.0,0.0,0.0,0.0
2004-11-22,0.0,2004,11,22,3,33,0.0,0.0,0.0,0.0,0.0
2004-11-23,0.0,2004,11,23,3,33,0.0,0.0,0.0,0.0,0.0
2004-11-24,0.0,2004,11,24,3,33,0.0,0.0,0.0,0.0,0.0
2004-11-25,0.0,2004,11,25,3,33,0.0,0.0,0.0,0.0,0.0
2004-11-26,0.0,2004,11,26,3,33,0.0,0.0,0.0,0.0,0.0
2004-11-27,0.0,2004,11,27,3,33,0.0,0.0,0.0,0.0,0.0
2004-11-28,0.0,2004,11,28,3,33,0.0,0.0,0.0,0.0,0.0
2004-11-29,0.0,2004,11,29,3,33,0.0,0.0,0.0,0.0,0.0
2004-11-30,0.0,2004,11,30,3,33,0.0,0.0,0.0,0.0,0.0
2004-12-01,6.0,2004,12,1,1,34,6.0,6.0,6.0,6.0,6.000000000000028
2004-12-02,0.0,2004,12,2,1,34,0.0,6.0,6.0,6.0,6.000000000000028
2004-12-03,2.0,2004,12,3,1,34,2.0,8.0,8.0,8.0,8.000000000000028
2004-12-04,0.0,2004,12,4,1,34,0.0,2.0,8.0,8.0,8.000000000000028
2004-12-05,0.0,2004,12,5,1,34,0.0,2.0,8.0,8.0,8.000000000000028
2004-12-06,1.0,2004,12,6,1,34,1.0,1.0,3.0,9.0,9.000000000000028
2004-12-07,3.0,2004,12,7,1,34,3.0,4.0,6.0,12.0,12.000000000000028
2004-12-08,0.0,2004,12,8,1,34,0.0,4.0,4.0,6.0,12.000000000000028
2004-12-09,4.0,2004,12,9,1,34,4.0,7.0,8.0,10.0,16.00000000000003
2004-12-10,0.0,2004,12,10,1,34,0.0,4.0,8.0,8.0,16.00000000000003
2004-12-11,4.0,2004,12,11,2,35,4.0,8.0,11.0,12.0,14.000000000000028
2004-12-12,0.0,2004,12,12,2,35,0.0,4.0,8.0,12.0,14.000000000000028
2004-12-13,31.0,2004,12,13,2,35,31.0,35.0,39.0,42.0,43.00000000000003
2004-12-14,7.0,2004,12,14,2,35,7.0,38.0,42.0,46.0,50.00000000000003
2004-12-15,18.0,2004,12,15,2,35,18.0,56.0,60.0,64.0,68.00000000000003
2004-12-16,4.0,2004,12,16,2,35,4.0,29.0,60.0,64.0,71.00000000000003
2004-12-17,0.0,2004,12,17,2,35,0.0,22.0,60.0,64.0,68.00000000000003
2004-12-18,0.0,2004,12,18,2,35,0.0,4.0,29.0,60.0,68.00000000000003
2004-12-19,8.0,2004,12,19,2,35,8.0,8.0,30.0,68.0,72.00000000000003
2004-12-20,0.0,2004,12,20,2,35,0.0,8.0,12.0,37.0,72.00000000000003
2004-12-21,32.0,2004,12,21,3,36,32.0,40.0,40.0,62.0,100.00000000000003
2004-12-22,22.0,2004,12,22,3,36,22.0,54.0,62.0,66.0,122.00000000000003
2004-12-23,0.0,2004,12,23,3,36,0.0,54.0,62.0,62.0,91.00000000000003
2004-12-24,0.0,2004,12,24,3,36,0.0,22.0,54.0,62.0,84.00000000000003
2004-12-25,13.0,2004,12,25,3,36,13.0,13.0,67.0,75.0,79.00000000000003
2004-12-26,17.0,2004,12,26,3,36,17.0,30.0,52.0,84.0,92.00000000000003
2004-12-27,11.0,2004,12,27,3,36,11.0,41.0,41.0,95.0,103.00000000000003
2004-12-28,10.0,2004,12,28,3,36,10.0,38.0,51.0,73.0,113.00000000000003
2004-12-29,19.0,2004,12,29,3,36,19.0,40.0,70.0,70.0,124.00000000000003
2004-12-30,6.0,2004,12,30,3,36,6.0,35.0,63.0,76.0,130.00000000000003
2004-12-31,17.0,2004,12,31,3,36,17.0,42.0,63.0,93.0,115.00000000000003
2005-01-01,3.0,2005,1,1,1,1,3.0,26.0,55.0,83.0,96.00000000000003
2005-01-02,0.0,2005,1,2,1,1,0.0,20.0,45.0,66.0,96.00000000000003
2005-01-03,1.0,2005,1,3,1,1,1.0,4.0,27.0,56.0,97.00000000000003
2005-01-04,14.0,2005,1,4,1,1,14.0,15.0,35.0,60.0,98.00000000000003
2005-01-05,19.0,2005,1,5,1,1,19.0,34.0,37.0,60.0,100.00000000000003
2005-01-06,25.0,2005,1,6,1,1,25.0,58.0,59.0,79.0,114.00000000000003
2005-01-07,19.0,2005,1,7,1,1,19.0,63.0,78.0,81.0,123.00000000000003
2005-01-08,12.0,2005,1,8,1,1,12.0,56.0,89.0,90.0,116.00000000000003
2005-01-09,2.0,2005,1,9,1,1,2.0,33.0,77.0,92.0,112.00000000000003
2005-01-10,3.0,2005,1,10,1,1,3.0,17.0,61.0,94.0,98.00000000000003
2005-01-11,0.0,2005,1,11,2,2,0.0,5.0,36.0,80.0,95.00000000000003
2005-01-12,0.0,2005,1,12,2,2,0.0,3.0,17.0,61.0,95.00000000000003
2005-01-13,3.0,2005,1,13,2,2,3.0,3.0,8.0,39.0,97.00000000000003
2005-01-14,5.0,2005,1,14,2,2,5.0,8.0,11.0,25.0,88.00000000000003
2005-01-15,5.0,2005,1,15,2,2,5.0,13.0,13.0,18.0,74.00000000000003
2005-01-16,12.0,2005,1,16,2,2,12.0,22.0,25.0,28.0,61.00000000000003
2005-01-17,48.0,2005,1,17,2,2,48.0,65.0,73.0,73.0,90.00000000000003
2005-01-18,18.0,2005,1,18,2,2,18.0,78.0,88.0,91.0,96.00000000000003
2005-01-19,0.0,2005,1,19,2,2,0.0,66.0,83.0,91.0,94.00000000000003
2005-01-20,0.0,2005,1,20,2,2,0.0,18.0,78.0,88.0,91.00000000000003
2005-01-21,19.0,2005,1,21,3,3,19.0,19.0,85.0,102.0,110.00000000000003
2005-01-22,1.0,2005,1,22,3,3,1.0,20.0,38.0,98.0,111.00000000000003
2005-01-23,0.0,2005,1,23,3,3,0.0,20.0,20.0,86.0,108.00000000000003
2005-01-24,41.0,2005,1,24,3,3,41.0,42.0,61.0,79.0,144.00000000000003
2005-01-25,7.0,2005,1,25,3,3,7.0,48.0,68.0,68.0,146.00000000000003
2005-01-26,10.0,2005,1,26,3,3,10.0,58.0,59.0,78.0,144.00000000000003
2005-01-27,0.0,2005,1,27,3,3,0.0,17.0,58.0,78.0,96.00000000000003
2005-01-28,9.0,2005,1,28,3,3,9.0,19.0,67.0,68.0,87.00000000000003
2005-01-29,1.0,2005,1,29,3,3,1.0,10.0,27.0,68.0,88.00000000000003
2005-01-30,28.0,2005,1,30,3,3,28.0,38.0,48.0,96.0,116.00000000000003
2005-01-31,0.0,2005,1,31,3,3,0.0,29.0,38.0,55.0,97.00000000000003
2005-02-01,0.0,2005,2,1,1,4,0.0,28.0,38.0,48.0,96.00000000000003
2005-02-02,0.0,2005,2,2,1,4,0.0,0.0,29.0,38.0,96.00000000000003
2005-02-03,3.0,2005,2,3,1,4,3.0,3.0,31.0,41.0,58.00000000000003
2005-02-04,0.0,2005,2,4,1,4,0.0,3.0,3.0,32.0,51.00000000000003
2005-02-05,0.0,2005,2,5,1,4,0.0,3.0,3.0,31.0,41.00000000000003
2005-02-06,0.0,2005,2,6,1,4,0.0,0.0,3.0,3.0,41.00000000000003
2005-02-07,2.0,2005,2,7,1,4,2.0,2.0,5.0,5.0,34.00000000000003
2005-02-08,24.0,2005,2,8,1,4,24.0,26.0,26.0,29.0,57.00000000000003
2005-02-09,8.0,2005,2,9,1,4,8.0,34.0,34.0,37.0,37.00000000000003
2005-02-10,18.0,2005,2,10,1,4,18.0,50.0,52.0,52.0,55.00000000000003
2005-02-11,5.0,2005,2,11,2,5,5.0,31.0,57.0,57.0,60.00000000000003
2005-02-12,9.0,2005,2,12,2,5,9.0,32.0,64.0,66.0,69.00000000000003
2005-02-13,4.0,2005,2,13,2,5,4.0,18.0,44.0,70.0,70.00000000000003
2005-02-14,2.0,2005,2,14,2,5,2.0,15.0,38.0,70.0,72.00000000000003
2005-02-15,1.0,2005,2,15,2,5,1.0,7.0,21.0,47.0,73.00000000000003
2005-02-16,0.0,2005,2,16,2,5,0.0,3.0,16.0,39.0,73.00000000000003
2005-02-17,0.0,2005,2,17,2,5,0.0,1.0,7.0,21.0,71.00000000000003
2005-02-18,4.0,2005,2,18,2,5,4.0,4.0,7.0,20.0,51.00000000000003
2005-02-19,11.0,2005,2,19,2,5,11.0,15.0,16.0,22.0,54.00000000000003
2005-02-20,18.0,2005,2,20,2,5,18.0,33.0,33.0,36.0,54.00000000000003
2005-02-21,73.0,2005,2,21,3,6,73.0,102.0,106.0,107.0,122.00000000000003
2005-02-22,1.0,2005,2,22,3,6,1.0,92.0,107.0,107.0,114.00000000000003
2005-02-23,14.0,2005,2,23,3,6,14.0,88.0,117.0,121.0,124.00000000000003
2005-02-24,14.0,2005,2,24,3,6,14.0,29.0,120.0,135.0,136.00000000000003
2005-02-25,76.0,2005,2,25,3,6,76.0,104.0,178.0,207.0,211.00000000000003
2005-02-26,0.0,2005,2,26,3,6,0.0,90.0,105.0,196.0,211.00000000000003
2005-02-27,0.0,2005,2,27,3,6,0.0,76.0,104.0,178.0,211.00000000000003
2005-02-28,0.0,2005,2,28,3,6,0.0,0.0,90.0,105.0,207.00000000000003
2005-03-01,10.0,2005,3,1,1,7,10.0,10.0,86.0,114.0,206.00000000000003
2005-03-02,0.0,2005,3,2,1,7,0.0,10.0,10.0,100.0,188.00000000000003
2005-03-03,0.0,2005,3,3,1,7,0.0,10.0,10.0,86.0,115.00000000000003
2005-03-04,1.0,2005,3,4,1,7,1.0,1.0,11.0,11.0,115.00000000000003
2005-03-05,0.0,2005,3,5,1,7,0.0,1.0,11.0,11.0,101.00000000000003
2005-03-06,7.0,2005,3,6,1,7,7.0,8.0,8.0,18.0,94.00000000000003
2005-03-07,1.0,2005,3,7,1,7,1.0,8.0,9.0,19.0,19.00000000000003
2005-03-08,0.0,2005,3,8,1,7,0.0,8.0,9.0,9.0,19.00000000000003
2005-03-09,18.0,2005,3,9,1,7,18.0,19.0,26.0,27.0,37.00000000000003
2005-03-10,3.0,2005,3,10,1,7,3.0,21.0,29.0,30.0,40.00000000000003
2005-03-11,0.0,2005,3,11,2,8,0.0,21.0,22.0,29.0,30.00000000000003
2005-03-12,0.0,2005,3,12,2,8,0.0,3.0,21.0,29.0,30.00000000000003
2005-03-13,0.0,2005,3,13,2,8,0.0,0.0,21.0,22.0,30.00000000000003
2005-03-14,5.0,2005,3,14,2,8,5.0,5.0,8.0,26.0,34.00000000000003
2005-03-15,6.0,2005,3,15,2,8,6.0,11.0,11.0,32.0,40.00000000000003
2005-03-16,0.0,2005,3,16,2,8,0.0,11.0,11.0,14.0,33.00000000000003
2005-03-17,0.0,2005,3,17,2,8,0.0,6.0,11.0,11.0,32.00000000000003
2005-03-18,0.0,2005,3,18,2,8,0.0,0.0,11.0,11.0,32.00000000000003
2005-03-19,0.0,2005,3,19,2,8,0.0,0.0,6.0,11.0,14.000000000000028
2005-03-20,19.0,2005,3,20,2,8,19.0,19.0,19.0,30.0,30.00000000000003
2005-03-21,0.0,2005,3,21,3,9,0.0,19.0,19.0,25.0,30.00000000000003
2005-03-22,2.0,2005,3,22,3,9,2.0,21.0,21.0,21.0,32.00000000000003
2005-03-23,0.0,2005,3,23,3,9,0.0,2.0,21.0,21.0,32.00000000000003
2005-03-24,1.0,2005,3,24,3,9,1.0,3.0,22.0,22.0,28.00000000000003
2005-03-25,55.0,2005,3,25,3,9,55.0,56.0,58.0,77.0,77.00000000000003
2005-03-26,1.0,2005,3,26,3,9,1.0,57.0,59.0,78.0,78.00000000000003
2005-03-27,1.0,2005,3,27,3,9,1.0,57.0,58.0,60.0,79.00000000000003
2005-03-28,29.0,2005,3,28,3,9,29.0,31.0,87.0,89.0,108.00000000000003
2005-03-29,6.0,2005,3,29,3,9,6.0,36.0,92.0,93.0,114.00000000000003
2005-03-30,3.0,2005,3,30,3,9,3.0,38.0,40.0,96.0,98.00000000000003
2005-03-31,24.0,2005,3,31,3,9,24.0,33.0,63.0,119.0,122.00000000000003
2005-04-01,5.0,2005,4,1,1,10,5.0,32.0,67.0,69.0,125.00000000000003
2005-04-02,3.0,2005,4,2,1,10,3.0,32.0,41.0,71.0,128.00000000000003
2005-04-03,7.0,2005,4,3,1,10,7.0,15.0,42.0,77.0,134.00000000000003
2005-04-04,30.0,2005,4,4,1,10,30.0,40.0,69.0,78.0,109.00000000000003
2005-04-05,2.0,2005,4,5,1,10,2.0,39.0,47.0,74.0,110.00000000000003
2005-04-06,0.0,2005,4,6,1,10,0.0,32.0,42.0,71.0,109.00000000000003
2005-04-07,0.0,2005,4,7,1,10,0.0,2.0,39.0,47.0,80.00000000000003
2005-04-08,0.0,2005,4,8,1,10,0.0,0.0,32.0,42.0,74.00000000000003
2005-04-09,0.0,2005,4,9,1,10,0.0,0.0,2.0,39.0,71.00000000000003
2005-04-10,0.0,2005,4,10,1,10,0.0,0.0,0.0,32.0,47.00000000000003
2005-04-11,0.0,2005,4,11,2,11,0.0,0.0,0.0,2.0,42.00000000000003
2005-04-12,0.0,2005,4,12,2,11,0.0,0.0,0.0,0.0,39.00000000000003
2005-04-13,0.0,2005,4,13,2,11,0.0,0.0,0.0,0.0,32.00000000000003
2005-04-14,14.0,2005,4,14,2,11,14.0,14.0,14.0,14.0,16.00000000000003
2005-04-15,0.0,2005,4,15,2,11,0.0,14.0,14.0,14.0,14.000000000000028
2005-04-16,2.0,2005,4,16,2,11,2.0,16.0,16.0,16.0,16.00000000000003
2005-04-17,3.0,2005,4,17,2,11,3.0,5.0,19.0,19.0,19.00000000000003
2005-04-18,0.0,2005,4,18,2,11,0.0,5.0,19.0,19.0,19.00000000000003
2005-04-19,0.0,2005,4,19,2,11,0.0,3.0,5.0,19.0,19.00000000000003
2005-04-20,0.0,2005,4,20,2,11,0.0,0.0,5.0,19.0,19.00000000000003
2005-04-21,11.0,2005,4,21,3,12,11.0,11.0,14.0,16.0,30.00000000000003
2005-04-22,5.0,2005,4,22,3,12,5.0,16.0,16.0,21.0,35.00000000000003
2005-04-23,0.0,2005,4,23,3,12,0.0,16.0,16.0,19.0,35.00000000000003
2005-04-24,3.0,2005,4,24,3,12,3.0,8.0,19.0,19.0,24.00000000000003
2005-04-25,0.0,2005,4,25,3,12,0.0,3.0,19.0,19.0,24.00000000000003
2005-04-26,0.0,2005,4,26,3,12,0.0,3.0,8.0,19.0,22.00000000000003
2005-04-27,0.0,2005,4,27,3,12,0.0,0.0,3.0,19.0,19.00000000000003
2005-04-28,0.0,2005,4,28,3,12,0.0,0.0,3.0,8.0,19.00000000000003
2005-04-29,0.0,2005,4,29,3,12,0.0,0.0,0.0,3.0,19.00000000000003
2005-04-30,2.0,2005,4,30,3,12,2.0,2.0,2.0,5.0,21.00000000000003
2005-05-01,0.0,2005,5,1,1,13,0.0,2.0,2.0,2.0,10.000000000000028
2005-05-02,2.0,2005,5,2,1,13,2.0,4.0,4.0,4.0,7.000000000000028
2005-05-03,0.0,2005,5,3,1,13,0.0,2.0,4.0,4.0,7.000000000000028
2005-05-04,0.0,2005,5,4,1,13,0.0,2.0,4.0,4.0,4.000000000000028
2005-05-05,3.0,2005,5,5,1,13,3.0,3.0,5.0,7.0,7.000000000000028
2005-05-06,1.0,2005,5,6,1,13,1.0,4.0,6.0,8.0,8.000000000000028
2005-05-07,2.0,2005,5,7,1,13,2.0,6.0,6.0,8.0,10.000000000000028
2005-05-08,3.0,2005,5,8,1,13,3.0,6.0,9.0,11.0,13.000000000000028
2005-05-09,1.0,2005,5,9,1,13,1.0,6.0,10.0,10.0,14.000000000000028
2005-05-10,0.0,2005,5,10,1,13,0.0,4.0,7.0,10.0,12.000000000000028
2005-05-11,0.0,2005,5,11,2,14,0.0,1.0,6.0,10.0,12.000000000000028
2005-05-12,0.0,2005,5,12,2,14,0.0,0.0,4.0,7.0,10.000000000000028
2005-05-13,0.0,2005,5,13,2,14,0.0,0.0,1.0,6.0,10.000000000000028
2005-05-14,0.0,2005,5,14,2,14,0.0,0.0,0.0,4.0,10.000000000000028
2005-05-15,1.0,2005,5,15,2,14,1.0,1.0,1.0,2.0,8.000000000000028
2005-05-16,4.0,2005,5,16,2,14,4.0,5.0,5.0,5.0,11.000000000000028
2005-05-17,1.0,2005,5,17,2,14,1.0,6.0,6.0,6.0,10.000000000000028
2005-05-18,0.0,2005,5,18,2,14,0.0,5.0,6.0,6.0,7.000000000000028
2005-05-19,0.0,2005,5,19,2,14,0.0,1.0,6.0,6.0,6.000000000000028
2005-05-20,0.0,2005,5,20,2,14,0.0,0.0,5.0,6.0,6.000000000000028
2005-05-21,0.0,2005,5,21,3,15,0.0,0.0,1.0,6.0,6.000000000000028
2005-05-22,0.0,2005,5,22,3,15,0.0,0.0,0.0,5.0,6.000000000000028
2005-05-23,0.0,2005,5,23,3,15,0.0,0.0,0.0,1.0,6.000000000000028
2005-05-24,9.0,2005,5,24,3,15,9.0,9.0,9.0,9.0,15.000000000000028
2005-05-25,0.0,2005,5,25,3,15,0.0,9.0,9.0,9.0,14.000000000000028
2005-05-26,4.0,2005,5,26,3,15,4.0,13.0,13.0,13.0,14.000000000000028
2005-05-27,0.0,2005,5,27,3,15,0.0,4.0,13.0,13.0,13.000000000000028
2005-05-28,0.0,2005,5,28,3,15,0.0,4.0,13.0,13.0,13.000000000000028
2005-05-29,0.0,2005,5,29,3,15,0.0,0.0,4.0,13.0,13.000000000000028
2005-05-30,10.0,2005,5,30,3,15,10.0,10.0,14.0,23.0,23.00000000000003
2005-05-31,1.0,2005,5,31,3,15,1.0,11.0,11.0,15.0,24.00000000000003
2005-06-01,1.0,2005,6,1,1,16,1.0,12.0,12.0,16.0,25.00000000000003
2005-06-02,0.0,2005,6,2,1,16,0.0,2.0,12.0,12.0,25.00000000000003
2005-06-03,2.0,2005,6,3,1,16,2.0,3.0,14.0,14.0,18.00000000000003
2005-06-04,4.0,2005,6,4,1,16,4.0,6.0,8.0,18.0,22.00000000000003
2005-06-05,0.0,2005,6,5,1,16,0.0,6.0,7.0,18.0,18.00000000000003
2005-06-06,0.0,2005,6,6,1,16,0.0,4.0,6.0,8.0,18.00000000000003
2005-06-07,19.0,2005,6,7,1,16,19.0,19.0,25.0,26.0,37.00000000000003
2005-06-08,1.0,2005,6,8,1,16,1.0,20.0,24.0,26.0,38.00000000000003
2005-06-09,27.0,2005,6,9,1,16,27.0,47.0,47.0,53.0,55.00000000000003
2005-06-10,5.0,2005,6,10,1,16,5.0,33.0,52.0,56.0,59.00000000000003
2005-06-11,21.0,2005,6,11,2,17,21.0,53.0,73.0,73.0,79.00000000000003
2005-06-12,0.0,2005,6,12,2,17,0.0,26.0,54.0,73.0,79.00000000000003
2005-06-13,0.0,2005,6,13,2,17,0.0,21.0,53.0,73.0,77.00000000000003
2005-06-14,0.0,2005,6,14,2,17,0.0,0.0,26.0,54.0,73.00000000000003
2005-06-15,0.0,2005,6,15,2,17,0.0,0.0,21.0,53.0,73.00000000000003
2005-06-16,1.0,2005,6,16,2,17,1.0,1.0,1.0,27.0,74.00000000000003
2005-06-17,66.0,2005,6,17,2,17,66.0,67.0,67.0,88.0,121.00000000000003
2005-06-18,0.0,2005,6,18,2,17,0.0,67.0,67.0,67.0,120.00000000000003
2005-06-19,4.0,2005,6,19,2,17,4.0,70.0,71.0,71.0,97.00000000000003
2005-06-20,1.0,2005,6,20,2,17,1.0,5.0,72.0,72.0,93.00000000000003
2005-06-21,0.0,2005,6,21,3,18,0.0,5.0,71.0,72.0,72.00000000000003
2005-06-22,2.0,2005,6,22,3,18,2.0,3.0,7.0,74.0,74.00000000000003
2005-06-23,0.0,2005,6,23,3,18,0.0,2.0,7.0,73.0,74.00000000000003
2005-06-24,2.0,2005,6,24,3,18,2.0,4.0,5.0,9.0,76.00000000000003
2005-06-25,0.0,2005,6,25,3,18,0.0,2.0,4.0,9.0,76.00000000000003
2005-06-26,0.0,2005,6,26,3,18,0.0,2.0,4.0,5.0,75.00000000000003
2005-06-27,0.0,2005,6,27,3,18,0.0,0.0,2.0,4.0,9.000000000000028
2005-06-28,7.0,2005,6,28,3,18,7.0,7.0,9.0,11.0,16.00000000000003
2005-06-29,0.0,2005,6,29,3,18,0.0,7.0,7.0,9.0,12.000000000000028
2005-06-30,0.0,2005,6,30,3,18,0.0,7.0,7.0,9.0,11.000000000000028
2005-07-01,0.0,2005,7,1,1,19,0.0,0.0,7.0,7.0,11.000000000000028
2005-07-02,0.0,2005,7,2,1,19,0.0,0.0,7.0,7.0,9.000000000000028
2005-07-03,0.0,2005,7,3,1,19,0.0,0.0,0.0,7.0,9.000000000000028
2005-07-04,0.0,2005,7,4,1,19,0.0,0.0,0.0,7.0,7.000000000000028
2005-07-05,0.0,2005,7,5,1,19,0.0,0.0,0.0,0.0,7.000000000000028
2005-07-06,0.0,2005,7,6,1,19,0.0,0.0,0.0,0.0,7.000000000000028
2005-07-07,54.0,2005,7,7,1,19,54.0,54.0,54.0,54.0,61.00000000000003
2005-07-08,0.0,2005,7,8,1,19,0.0,54.0,54.0,54.0,54.00000000000003
2005-07-09,0.0,2005,7,9,1,19,0.0,54.0,54.0,54.0,54.00000000000003
2005-07-10,0.0,2005,7,10,1,19,0.0,0.0,54.0,54.0,54.00000000000003
2005-07-11,1.0,2005,7,11,2,20,1.0,1.0,55.0,55.0,55.00000000000003
2005-07-12,30.0,2005,7,12,2,20,30.0,31.0,31.0,85.0,85.00000000000003
2005-07-13,34.0,2005,7,13,2,20,34.0,65.0,65.0,119.0,119.00000000000003
2005-07-14,16.0,2005,7,14,2,20,16.0,80.0,81.0,81.0,135.00000000000003
2005-07-15,15.0,2005,7,15,2,20,15.0,65.0,96.0,96.0,150.00000000000003
2005-07-16,2.0,2005,7,16,2,20,2.0,33.0,97.0,98.0,152.00000000000003
2005-07-17,6.0,2005,7,17,2,20,6.0,23.0,73.0,104.0,104.00000000000003
2005-07-18,0.0,2005,7,18,2,20,0.0,8.0,39.0,103.0,104.00000000000003
2005-07-19,0.0,2005,7,19,2,20,0.0,6.0,23.0,73.0,104.00000000000003
2005-07-20,26.0,2005,7,20,2,20,26.0,26.0,34.0,65.0,130.00000000000003
2005-07-21,0.0,2005,7,21,3,21,0.0,26.0,32.0,49.0,129.00000000000003
2005-07-22,0.0,2005,7,22,3,21,0.0,26.0,26.0,34.0,99.00000000000003
2005-07-23,0.0,2005,7,23,3,21,0.0,0.0,26.0,32.0,65.00000000000003
2005-07-24,0.0,2005,7,24,3,21,0.0,0.0,26.0,26.0,49.00000000000003
2005-07-25,0.0,2005,7,25,3,21,0.0,0.0,0.0,26.0,34.00000000000003
2005-07-26,0.0,2005,7,26,3,21,0.0,0.0,0.0,26.0,32.00000000000003
2005-07-27,0.0,2005,7,27,3,21,0.0,0.0,0.0,0.0,26.00000000000003
2005-07-28,0.0,2005,7,28,3,21,0.0,0.0,0.0,0.0,26.00000000000003
2005-07-29,0.0,2005,7,29,3,21,0.0,0.0,0.0,0.0,26.00000000000003
2005-07-30,1.0,2005,7,30,3,21,1.0,1.0,1.0,1.0,1.0000000000000284
2005-07-31,0.0,2005,7,31,3,21,0.0,1.0,1.0,1.0,1.0000000000000284
2005-08-01,18.0,2005,8,1,1,22,18.0,19.0,19.0,19.0,19.00000000000003
2005-08-02,0.0,2005,8,2,1,22,0.0,18.0,19.0,19.0,19.00000000000003
2005-08-03,3.0,2005,8,3,1,22,3.0,21.0,22.0,22.0,22.00000000000003
2005-08-04,0.0,2005,8,4,1,22,0.0,3.0,21.0,22.0,22.00000000000003
2005-08-05,0.0,2005,8,5,1,22,0.0,3.0,21.0,22.0,22.00000000000003
2005-08-06,4.0,2005,8,6,1,22,4.0,4.0,7.0,25.0,26.00000000000003
2005-08-07,0.0,2005,8,7,1,22,0.0,4.0,7.0,25.0,26.00000000000003
2005-08-08,0.0,2005,8,8,1,22,0.0,4.0,4.0,7.0,26.00000000000003
2005-08-09,0.0,2005,8,9,1,22,0.0,0.0,4.0,7.0,25.00000000000003
2005-08-10,3.0,2005,8,10,1,22,3.0,3.0,7.0,7.0,28.00000000000003
2005-08-11,0.0,2005,8,11,2,23,0.0,3.0,3.0,7.0,10.000000000000028
2005-08-12,0.0,2005,8,12,2,23,0.0,3.0,3.0,7.0,10.000000000000028
2005-08-13,0.0,2005,8,13,2,23,0.0,0.0,3.0,3.0,7.000000000000028
2005-08-14,0.0,2005,8,14,2,23,0.0,0.0,3.0,3.0,7.000000000000028
2005-08-15,0.0,2005,8,15,2,23,0.0,0.0,0.0,3.0,7.000000000000028
2005-08-16,0.0,2005,8,16,2,23,0.0,0.0,0.0,3.0,3.0000000000000284
2005-08-17,0.0,2005,8,17,2,23,0.0,0.0,0.0,0.0,3.0000000000000284
2005-08-18,0.0,2005,8,18,2,23,0.0,0.0,0.0,0.0,3.0000000000000284
2005-08-19,2.0,2005,8,19,2,23,2.0,2.0,2.0,2.0,5.000000000000028
2005-08-20,11.0,2005,8,20,2,23,11.0,13.0,13.0,13.0,13.000000000000028
2005-08-21,0.0,2005,8,21,3,24,0.0,13.0,13.0,13.0,13.000000000000028
2005-08-22,0.0,2005,8,22,3,24,0.0,11.0,13.0,13.0,13.000000000000028
2005-08-23,2.0,2005,8,23,3,24,2.0,2.0,15.0,15.0,15.000000000000028
2005-08-24,0.0,2005,8,24,3,24,0.0,2.0,13.0,15.0,15.000000000000028
2005-08-25,1.0,2005,8,25,3,24,1.0,3.0,3.0,16.0,16.00000000000003
2005-08-26,0.0,2005,8,26,3,24,0.0,1.0,3.0,14.0,16.00000000000003
2005-08-27,0.0,2005,8,27,3,24,0.0,1.0,3.0,3.0,16.00000000000003
2005-08-28,0.0,2005,8,28,3,24,0.0,0.0,1.0,3.0,16.00000000000003
2005-08-29,0.0,2005,8,29,3,24,0.0,0.0,1.0,3.0,14.000000000000028
2005-08-30,0.0,2005,8,30,3,24,0.0,0.0,0.0,1.0,3.0000000000000284
2005-08-31,0.0,2005,8,31,3,24,0.0,0.0,0.0,1.0,3.0000000000000284
2005-09-01,3.0,2005,9,1,1,25,3.0,3.0,3.0,3.0,6.000000000000028
2005-09-02,0.0,2005,9,2,1,25,0.0,3.0,3.0,3.0,4.000000000000028
2005-09-03,0.0,2005,9,3,1,25,0.0,3.0,3.0,3.0,4.000000000000028
2005-09-04,0.0,2005,9,4,1,25,0.0,0.0,3.0,3.0,3.0000000000000284
2005-09-05,0.0,2005,9,5,1,25,0.0,0.0,3.0,3.0,3.0000000000000284
2005-09-06,0.0,2005,9,6,1,25,0.0,0.0,0.0,3.0,3.0000000000000284
2005-09-07,0.0,2005,9,7,1,25,0.0,0.0,0.0,3.0,3.0000000000000284
2005-09-08,0.0,2005,9,8,1,25,0.0,0.0,0.0,0.0,3.0000000000000284
2005-09-09,0.0,2005,9,9,1,25,0.0,0.0,0.0,0.0,3.0000000000000284
2005-09-10,19.0,2005,9,10,1,25,19.0,19.0,19.0,19.0,22.00000000000003
2005-09-11,0.0,2005,9,11,2,26,0.0,19.0,19.0,19.0,19.00000000000003
2005-09-12,9.0,2005,9,12,2,26,9.0,28.0,28.0,28.0,28.00000000000003
2005-09-13,0.0,2005,9,13,2,26,0.0,9.0,28.0,28.0,28.00000000000003
2005-09-14,0.0,2005,9,14,2,26,0.0,9.0,28.0,28.0,28.00000000000003
2005-09-15,10.0,2005,9,15,2,26,10.0,10.0,19.0,38.0,38.00000000000003
2005-09-16,0.0,2005,9,16,2,26,0.0,10.0,19.0,38.0,38.00000000000003
2005-09-17,0.0,2005,9,17,2,26,0.0,10.0,10.0,19.0,38.00000000000003
2005-09-18,0.0,2005,9,18,2,26,0.0,0.0,10.0,19.0,38.00000000000003
2005-09-19,12.0,2005,9,19,2,26,12.0,12.0,22.0,22.0,50.00000000000003
2005-09-20,0.0,2005,9,20,2,26,0.0,12.0,12.0,22.0,31.00000000000003
2005-09-21,0.0,2005,9,21,3,27,0.0,12.0,12.0,22.0,31.00000000000003
2005-09-22,0.0,2005,9,22,3,27,0.0,0.0,12.0,12.0,22.00000000000003
2005-09-23,3.0,2005,9,23,3,27,3.0,3.0,15.0,15.0,25.00000000000003
2005-09-24,0.0,2005,9,24,3,27,0.0,3.0,3.0,15.0,25.00000000000003
2005-09-25,0.0,2005,9,25,3,27,0.0,3.0,3.0,15.0,15.000000000000028
2005-09-26,0.0,2005,9,26,3,27,0.0,0.0,3.0,3.0,15.000000000000028
2005-09-27,0.0,2005,9,27,3,27,0.0,0.0,3.0,3.0,15.000000000000028
2005-09-28,3.0,2005,9,28,3,27,3.0,3.0,3.0,6.0,18.00000000000003
2005-09-29,0.0,2005,9,29,3,27,0.0,3.0,3.0,6.0,6.000000000000028
2005-09-30,7.0,2005,9,30,3,27,7.0,10.0,10.0,10.0,13.000000000000028
2005-10-01,16.0,2005,10,1,1,28,16.0,23.0,26.0,26.0,29.00000000000003
2005-10-02,2.0,2005,10,2,1,28,2.0,25.0,28.0,28.0,31.00000000000003
2005-10-03,0.0,2005,10,3,1,28,0.0,18.0,25.0,28.0,28.00000000000003
2005-10-04,0.0,2005,10,4,1,28,0.0,2.0,25.0,28.0,28.00000000000003
2005-10-05,0.0,2005,10,5,1,28,0.0,0.0,18.0,25.0,28.00000000000003
2005-10-06,3.0,2005,10,6,1,28,3.0,3.0,5.0,28.0,31.00000000000003
2005-10-07,0.0,2005,10,7,1,28,0.0,3.0,3.0,21.0,31.00000000000003
2005-10-08,0.0,2005,10,8,1,28,0.0,3.0,3.0,5.0,28.00000000000003
2005-10-09,0.0,2005,10,9,1,28,0.0,0.0,3.0,3.0,28.00000000000003
2005-10-10,0.0,2005,10,10,1,28,0.0,0.0,3.0,3.0,21.00000000000003
2005-10-11,0.0,2005,10,11,2,29,0.0,0.0,0.0,3.0,5.000000000000028
2005-10-12,0.0,2005,10,12,2,29,0.0,0.0,0.0,3.0,3.0000000000000284
2005-10-13,0.0,2005,10,13,2,29,0.0,0.0,0.0,0.0,3.0000000000000284
2005-10-14,0.0,2005,10,14,2,29,0.0,0.0,0.0,0.0,3.0000000000000284
2005-10-15,0.0,2005,10,15,2,29,0.0,0.0,0.0,0.0,3.0000000000000284
2005-10-16,1.0,2005,10,16,2,29,1.0,1.0,1.0,1.0,1.0000000000000284
2005-10-17,20.0,2005,10,17,2,29,20.0,21.0,21.0,21.0,21.00000000000003
2005-10-18,3.0,2005,10,18,2,29,3.0,24.0,24.0,24.0,24.00000000000003
2005-10-19,24.0,2005,10,19,2,29,24.0,47.0,48.0,48.0,48.00000000000003
2005-10-20,0.0,2005,10,20,2,29,0.0,27.0,48.0,48.0,48.00000000000003
2005-10-21,0.0,2005,10,21,3,30,0.0,24.0,47.0,48.0,48.00000000000003
2005-10-22,0.0,2005,10,22,3,30,0.0,0.0,27.0,48.0,48.00000000000003
2005-10-23,2.0,2005,10,23,3,30,2.0,2.0,26.0,49.0,50.00000000000003
2005-10-24,4.0,2005,10,24,3,30,4.0,6.0,6.0,33.0,54.00000000000003
2005-10-25,0.0,2005,10,25,3,30,0.0,6.0,6.0,30.0,54.00000000000003
2005-10-26,0.0,2005,10,26,3,30,0.0,4.0,6.0,6.0,53.00000000000003
2005-10-27,0.0,2005,10,27,3,30,0.0,0.0,6.0,6.0,33.00000000000003
2005-10-28,46.0,2005,10,28,3,30,46.0,46.0,50.0,52.0,76.00000000000003
2005-10-29,2.0,2005,10,29,3,30,2.0,48.0,48.0,54.0,54.00000000000003
2005-10-30,24.0,2005,10,30,3,30,24.0,72.0,72.0,76.0,78.00000000000003
2005-10-31,2.0,2005,10,31,3,30,2.0,28.0,74.0,74.0,80.00000000000003
2005-11-01,1.0,2005,11,1,1,31,1.0,27.0,75.0,75.0,81.00000000000003
2005-11-02,0.0,2005,11,2,1,31,0.0,3.0,29.0,75.0,79.00000000000003
2005-11-03,0.0,2005,11,3,1,31,0.0,1.0,27.0,75.0,75.00000000000003
2005-11-04,7.0,2005,11,4,1,31,7.0,7.0,10.0,36.0,82.00000000000003
2005-11-05,0.0,2005,11,5,1,31,0.0,7.0,8.0,34.0,82.00000000000003
2005-11-06,0.0,2005,11,6,1,31,0.0,7.0,7.0,10.0,82.00000000000003
2005-11-07,0.0,2005,11,7,1,31,0.0,0.0,7.0,8.0,36.00000000000003
2005-11-08,0.0,2005,11,8,1,31,0.0,0.0,7.0,7.0,34.00000000000003
2005-11-09,0.0,2005,11,9,1,31,0.0,0.0,0.0,7.0,10.000000000000028
2005-11-10,0.0,2005,11,10,1,31,0.0,0.0,0.0,7.0,8.000000000000028
2005-11-11,0.0,2005,11,11,2,32,0.0,0.0,0.0,0.0,7.000000000000028
2005-11-12,0.0,2005,11,12,2,32,0.0,0.0,0.0,0.0,7.000000000000028
2005-11-13,0.0,2005,11,13,2,32,0.0,0.0,0.0,0.0,7.000000000000028
2005-11-14,0.0,2005,11,14,2,32,0.0,0.0,0.0,0.0,0.0
2005-11-15,12.0,2005,11,15,2,32,12.0,12.0,12.0,12.0,12.000000000000028
2005-11-16,0.0,2005,11,16,2,32,0.0,12.0,12.0,12.0,12.000000000000028
2005-11-17,1.0,2005,11,17,2,32,1.0,13.0,13.0,13.0,13.000000000000028
2005-11-18,0.0,2005,11,18,2,32,0.0,1.0,13.0,13.0,13.000000000000028
2005-11-19,0.0,2005,11,19,2,32,0.0,1.0,13.0,13.0,13.000000000000028
2005-11-20,16.0,2005,11,20,2,32,16.0,16.0,17.0,29.0,29.00000000000003
2005-11-21,15.0,2005,11,21,3,33,15.0,31.0,32.0,44.0,44.00000000000003
2005-11-22,0.0,2005,11,22,3,33,0.0,31.0,31.0,32.0,44.00000000000003
2005-11-23,1.0,2005,11,23,3,33,1.0,16.0,32.0,33.0,45.00000000000003
2005-11-24,0.0,2005,11,24,3,33,0.0,1.0,32.0,32.0,45.00000000000003
2005-11-25,8.0,2005,11,25,3,33,8.0,9.0,24.0,40.0,41.00000000000003
2005-11-26,8.0,2005,11,26,3,33,8.0,16.0,17.0,48.0,49.00000000000003
2005-11-27,1.0,2005,11,27,3,33,1.0,17.0,18.0,33.0,49.00000000000003
2005-11-28,0.0,2005,11,28,3,33,0.0,9.0,17.0,18.0,49.00000000000003
2005-11-29,0.0,2005,11,29,3,33,0.0,1.0,17.0,18.0,49.00000000000003
2005-11-30,0.0,2005,11,30,3,33,0.0,0.0,9.0,17.0,33.00000000000003
2005-12-01,0.7,2005,12,1,1,34,0.7,0.7,1.7,17.7,18.700000000000028
2005-12-02,15.8,2005,12,2,1,34,15.8,16.5,16.5,25.5,34.50000000000003
2005-12-03,0.0,2005,12,3,1,34,0.0,16.5,16.5,17.5,33.50000000000003
2005-12-04,0.0,2005,12,4,1,34,0.0,15.8,16.5,16.5,33.50000000000003
2005-12-05,0.0,2005,12,5,1,34,0.0,0.0,16.5,16.5,25.50000000000003
2005-12-06,0.0,2005,12,6,1,34,0.0,0.0,15.8,16.5,17.50000000000003
2005-12-07,0.0,2005,12,7,1,34,0.0,0.0,0.0,16.5,16.50000000000003
2005-12-08,3.2,2005,12,8,1,34,3.2,3.2,3.2,19.0,19.700000000000028
2005-12-09,0.0,2005,12,9,1,34,0.0,3.2,3.2,3.2,19.700000000000028
2005-12-10,0.7,2005,12,10,1,34,0.7,3.9000000000000004,3.9000000000000004,3.9000000000000004,20.400000000000027
2005-12-11,0.0,2005,12,11,2,35,0.0,0.7,3.9000000000000004,3.9000000000000004,19.700000000000028
2005-12-12,12.0,2005,12,12,2,35,12.0,12.7,15.9,15.9,15.900000000000029
2005-12-13,0.7,2005,12,13,2,35,0.7,12.7,13.399999999999999,16.6,16.60000000000003
2005-12-14,49.0,2005,12,14,2,35,49.0,61.7,62.4,65.6,65.60000000000002
2005-12-15,3.4,2005,12,15,2,35,3.4,53.1,65.10000000000001,65.8,69.00000000000003
2005-12-16,17.1,2005,12,16,2,35,17.1,69.5,82.2,82.9,86.10000000000002
2005-12-17,1.9,2005,12,17,2,35,1.9,22.4,72.10000000000001,84.1,88.00000000000003
2005-12-18,1.8,2005,12,18,2,35,1.8,20.8,73.2,85.89999999999999,86.60000000000002
2005-12-19,0.0,2005,12,19,2,35,0.0,3.7,24.2,73.89999999999999,86.60000000000002
2005-12-20,0.0,2005,12,20,2,35,0.0,1.8,20.8,73.2,85.90000000000002
2005-12-21,6.7,2005,12,21,3,36,6.7,6.7,10.4,30.9,92.60000000000002
2005-12-22,7.8,2005,12,22,3,36,7.8,14.5,16.3,35.300000000000004,88.40000000000002
2005-12-23,3.0,2005,12,23,3,36,3.0,17.5,17.5,21.2,90.70000000000003
2005-12-24,0.0,2005,12,24,3,36,0.0,10.8,17.5,19.3,41.70000000000003
2005-12-25,0.0,2005,12,25,3,36,0.0,3.0,17.5,17.5,38.30000000000003
2005-12-26,6.5,2005,12,26,3,36,6.5,6.5,17.3,24.0,27.700000000000028
2005-12-27,0.0,2005,12,27,3,36,0.0,6.5,9.5,24.0,25.80000000000003
2005-12-28,0.0,2005,12,28,3,36,0.0,6.5,6.5,17.299999999999997,24.00000000000003
2005-12-29,2.0,2005,12,29,3,36,2.0,2.0,8.5,11.5,26.00000000000003
2005-12-30,35.6,2005,12,30,3,36,35.6,37.6,44.1,44.1,61.60000000000003
2005-12-31,0.9,2005,12,31,3,36,0.9,38.5,38.5,45.0,55.800000000000026
2006-01-01,4.0,2006,1,1,1,1,4.0,40.5,42.5,49.0,52.00000000000003
2006-01-02,0.0,2006,1,2,1,1,0.0,4.9,42.5,42.5,49.00000000000003
2006-01-03,5.0,2006,1,3,1,1,5.0,9.0,45.5,47.5,54.00000000000003
2006-01-04,9.0,2006,1,4,1,1,9.0,14.0,18.9,56.5,63.00000000000003
2006-01-05,19.0,2006,1,5,1,1,19.0,33.0,37.0,73.5,75.50000000000003
2006-01-06,0.0,2006,1,6,1,1,0.0,28.0,33.0,37.9,75.50000000000003
2006-01-07,0.0,2006,1,7,1,1,0.0,19.0,33.0,37.0,75.50000000000003
2006-01-08,0.0,2006,1,8,1,1,0.0,0.0,28.0,33.0,73.50000000000003
2006-01-09,7.0,2006,1,9,1,1,7.0,7.0,26.0,40.0,44.90000000000003
2006-01-10,0.0,2006,1,10,1,1,0.0,7.0,7.0,35.0,44.00000000000003
2006-01-11,0.0,2006,1,11,2,2,0.0,7.0,7.0,26.0,40.00000000000003
2006-01-12,12.0,2006,1,12,2,2,12.0,12.0,19.0,19.0,52.00000000000003
2006-01-13,0.0,2006,1,13,2,2,0.0,12.0,19.0,19.0,47.00000000000003
2006-01-14,1.0,2006,1,14,2,2,1.0,13.0,13.0,20.0,39.00000000000003
2006-01-15,0.0,2006,1,15,2,2,0.0,1.0,13.0,20.0,20.00000000000003
2006-01-16,26.0,2006,1,16,2,2,26.0,27.0,39.0,39.0,46.00000000000003
2006-01-17,56.0,2006,1,17,2,2,56.0,82.0,83.0,95.0,102.00000000000003
2006-01-18,33.0,2006,1,18,2,2,33.0,115.0,116.0,128.0,135.00000000000003
2006-01-19,0.0,2006,1,19,2,2,0.0,89.0,115.0,116.0,128.00000000000003
2006-01-20,0.0,2006,1,20,2,2,0.0,33.0,115.0,116.0,128.00000000000003
2006-01-21,0.0,2006,1,21,3,3,0.0,0.0,89.0,115.0,128.00000000000003
2006-01-22,0.0,2006,1,22,3,3,0.0,0.0,33.0,115.0,116.00000000000003
2006-01-23,2.0,2006,1,23,3,3,2.0,2.0,2.0,91.0,118.00000000000003
2006-01-24,19.0,2006,1,24,3,3,19.0,21.0,21.0,54.0,136.00000000000003
2006-01-25,10.0,2006,1,25,3,3,10.0,31.0,31.0,31.0,146.00000000000003
2006-01-26,4.0,2006,1,26,3,3,4.0,33.0,35.0,35.0,124.00000000000003
2006-01-27,1.0,2006,1,27,3,3,1.0,15.0,36.0,36.0,69.00000000000003
2006-01-28,7.0,2006,1,28,3,3,7.0,12.0,41.0,43.0,43.00000000000003
2006-01-29,8.0,2006,1,29,3,3,8.0,16.0,30.0,51.0,51.00000000000003
2006-01-30,1.0,2006,1,30,3,3,1.0,16.0,21.0,50.0,52.00000000000003
2006-01-31,0.0,2006,1,31,3,3,0.0,9.0,17.0,31.0,52.00000000000003
2006-02-01,16.0,2006,2,1,1,4,16.0,17.0,32.0,37.0,68.00000000000003
2006-02-02,0.0,2006,2,2,1,4,0.0,16.0,25.0,33.0,66.00000000000003
2006-02-03,0.0,2006,2,3,1,4,0.0,16.0,17.0,32.0,47.00000000000003
2006-02-04,0.0,2006,2,4,1,4,0.0,0.0,16.0,25.0,37.00000000000003
2006-02-05,2.0,2006,2,5,1,4,2.0,2.0,18.0,19.0,35.00000000000003
2006-02-06,56.0,2006,2,6,1,4,56.0,58.0,58.0,74.0,90.00000000000003
2006-02-07,7.0,2006,2,7,1,4,7.0,65.0,65.0,81.0,90.00000000000003
2006-02-08,3.0,2006,2,8,1,4,3.0,66.0,68.0,68.0,85.00000000000003
2006-02-09,4.0,2006,2,9,1,4,4.0,14.0,72.0,72.0,88.00000000000003
2006-02-10,21.0,2006,2,10,1,4,21.0,28.0,91.0,93.0,109.00000000000003
2006-02-11,7.0,2006,2,11,2,5,7.0,32.0,42.0,100.0,100.00000000000003
2006-02-12,6.0,2006,2,12,2,5,6.0,34.0,41.0,104.0,106.00000000000003
2006-02-13,0.0,2006,2,13,2,5,0.0,13.0,38.0,48.0,106.00000000000003
2006-02-14,3.0,2006,2,14,2,5,3.0,9.0,37.0,44.0,109.00000000000003
2006-02-15,0.0,2006,2,15,2,5,0.0,3.0,16.0,41.0,107.00000000000003
2006-02-16,0.0,2006,2,16,2,5,0.0,3.0,9.0,37.0,51.00000000000003
2006-02-17,0.0,2006,2,17,2,5,0.0,0.0,3.0,16.0,44.00000000000003
2006-02-18,22.0,2006,2,18,2,5,22.0,22.0,25.0,31.0,63.00000000000003
2006-02-19,2.0,2006,2,19,2,5,2.0,24.0,24.0,27.0,61.00000000000003
2006-02-20,0.0,2006,2,20,2,5,0.0,24.0,24.0,27.0,40.00000000000003
2006-02-21,0.0,2006,2,21,3,6,0.0,2.0,24.0,24.0,33.00000000000003
2006-02-22,1.0,2006,2,22,3,6,1.0,1.0,25.0,25.0,28.00000000000003
2006-02-23,1.0,2006,2,23,3,6,1.0,2.0,4.0,26.0,29.00000000000003
2006-02-24,45.0,2006,2,24,3,6,45.0,47.0,47.0,71.0,71.00000000000003
2006-02-25,1.0,2006,2,25,3,6,1.0,47.0,48.0,50.0,72.00000000000003
2006-02-26,27.0,2006,2,26,3,6,27.0,73.0,75.0,75.0,99.00000000000003
2006-02-27,0.0,2006,2,27,3,6,0.0,28.0,74.0,75.0,99.00000000000003
2006-02-28,10.0,2006,2,28,3,6,10.0,37.0,83.0,85.0,87.00000000000003
2006-03-01,11.0,2006,3,1,1,7,11.0,21.0,49.0,95.0,96.00000000000003
2006-03-02,34.0,2006,3,2,1,7,34.0,55.0,82.0,128.0,130.00000000000003
2006-03-03,0.0,2006,3,3,1,7,0.0,45.0,55.0,83.0,130.00000000000003
2006-03-04,0.0,2006,3,4,1,7,0.0,34.0,55.0,82.0,129.00000000000003
2006-03-05,0.0,2006,3,5,1,7,0.0,0.0,45.0,55.0,128.00000000000003
2006-03-06,17.0,2006,3,6,1,7,17.0,17.0,51.0,72.0,100.00000000000003
2006-03-07,0.0,2006,3,7,1,7,0.0,17.0,17.0,62.0,99.00000000000003
2006-03-08,0.0,2006,3,8,1,7,0.0,17.0,17.0,51.0,72.00000000000003
2006-03-09,0.0,2006,3,9,1,7,0.0,0.0,17.0,17.0,72.00000000000003
2006-03-10,0.0,2006,3,10,1,7,0.0,0.0,17.0,17.0,62.00000000000003
2006-03-11,0.0,2006,3,11,2,8,0.0,0.0,0.0,17.0,51.00000000000003
2006-03-12,43.0,2006,3,12,2,8,43.0,43.0,43.0,60.0,60.00000000000003
2006-03-13,0.0,2006,3,13,2,8,0.0,43.0,43.0,43.0,60.00000000000003
2006-03-14,0.0,2006,3,14,2,8,0.0,43.0,43.0,43.0,60.00000000000003
2006-03-15,2.0,2006,3,15,2,8,2.0,2.0,45.0,45.0,62.00000000000003
2006-03-16,5.0,2006,3,16,2,8,5.0,7.0,50.0,50.0,50.00000000000003
2006-03-17,73.0,2006,3,17,2,8,73.0,80.0,80.0,123.0,123.00000000000003
2006-03-18,1.0,2006,3,18,2,8,1.0,79.0,81.0,124.0,124.00000000000003
2006-03-19,6.0,2006,3,19,2,8,6.0,80.0,87.0,87.0,130.00000000000003
2006-03-20,1.0,2006,3,20,2,8,1.0,8.0,86.0,88.0,131.00000000000003
2006-03-21,11.0,2006,3,21,3,9,11.0,18.0,92.0,99.0,142.00000000000003
2006-03-22,8.0,2006,3,22,3,9,8.0,20.0,27.0,105.0,107.00000000000003
2006-03-23,1.0,2006,3,23,3,9,1.0,20.0,27.0,101.0,108.00000000000003
2006-03-24,14.0,2006,3,24,3,9,14.0,23.0,35.0,42.0,122.00000000000003
2006-03-25,72.0,2006,3,25,3,9,72.0,87.0,106.0,113.0,192.00000000000003
2006-03-26,0.0,2006,3,26,3,9,0.0,86.0,95.0,107.0,187.00000000000003
2006-03-27,22.0,2006,3,27,3,9,22.0,94.0,109.0,128.0,136.00000000000003
2006-03-28,7.0,2006,3,28,3,9,7.0,29.0,115.0,124.0,142.00000000000003
2006-03-29,17.0,2006,3,29,3,9,17.0,46.0,118.0,133.0,153.00000000000003
2006-03-30,0.0,2006,3,30,3,9,0.0,24.0,46.0,132.0,152.00000000000003
2006-03-31,0.0,2006,3,31,3,9,0.0,17.0,46.0,118.0,141.00000000000003
2006-04-01,0.0,2006,4,1,1,10,0.0,0.0,24.0,46.0,133.00000000000003
2006-04-02,0.0,2006,4,2,1,10,0.0,0.0,17.0,46.0,132.00000000000003
2006-04-03,5.0,2006,4,3,1,10,5.0,5.0,5.0,29.0,123.00000000000003
2006-04-04,3.0,2006,4,4,1,10,3.0,8.0,8.0,25.0,54.00000000000003
2006-04-05,0.0,2006,4,5,1,10,0.0,8.0,8.0,8.0,54.00000000000003
2006-04-06,0.0,2006,4,6,1,10,0.0,3.0,8.0,8.0,32.00000000000003
2006-04-07,0.0,2006,4,7,1,10,0.0,0.0,8.0,8.0,25.00000000000003
2006-04-08,0.0,2006,4,8,1,10,0.0,0.0,3.0,8.0,8.000000000000028
2006-04-09,2.0,2006,4,9,1,10,2.0,2.0,2.0,10.0,10.000000000000028
2006-04-10,1.0,2006,4,10,1,10,1.0,3.0,3.0,6.0,11.000000000000028
2006-04-11,0.0,2006,4,11,2,11,0.0,3.0,3.0,3.0,11.000000000000028
2006-04-12,0.0,2006,4,12,2,11,0.0,1.0,3.0,3.0,11.000000000000028
2006-04-13,2.0,2006,4,13,2,11,2.0,2.0,5.0,5.0,8.000000000000028
2006-04-14,0.0,2006,4,14,2,11,0.0,2.0,3.0,5.0,5.000000000000028
2006-04-15,1.0,2006,4,15,2,11,1.0,3.0,3.0,6.0,6.000000000000028
2006-04-16,0.0,2006,4,16,2,11,0.0,1.0,3.0,4.0,6.000000000000028
2006-04-17,0.0,2006,4,17,2,11,0.0,1.0,3.0,3.0,6.000000000000028
2006-04-18,0.0,2006,4,18,2,11,0.0,0.0,1.0,3.0,6.000000000000028
2006-04-19,0.0,2006,4,19,2,11,0.0,0.0,1.0,3.0,4.000000000000028
2006-04-20,0.0,2006,4,20,2,11,0.0,0.0,0.0,1.0,3.0000000000000284
2006-04-21,27.0,2006,4,21,3,12,27.0,27.0,27.0,28.0,30.00000000000003
2006-04-22,0.0,2006,4,22,3,12,0.0,27.0,27.0,27.0,30.00000000000003
2006-04-23,0.0,2006,4,23,3,12,0.0,27.0,27.0,27.0,28.00000000000003
2006-04-24,0.0,2006,4,24,3,12,0.0,0.0,27.0,27.0,28.00000000000003
2006-04-25,6.0,2006,4,25,3,12,6.0,6.0,33.0,33.0,33.00000000000003
2006-04-26,1.0,2006,4,26,3,12,1.0,7.0,7.0,34.0,34.00000000000003
2006-04-27,0.0,2006,4,27,3,12,0.0,7.0,7.0,34.0,34.00000000000003
2006-04-28,34.0,2006,4,28,3,12,34.0,35.0,41.0,41.0,68.00000000000003
2006-04-29,0.0,2006,4,29,3,12,0.0,34.0,41.0,41.0,68.00000000000003
2006-04-30,3.0,2006,4,30,3,12,3.0,37.0,38.0,44.0,71.00000000000003
2006-05-01,1.0,2006,5,1,1,13,1.0,4.0,38.0,45.0,45.00000000000003
2006-05-02,5.0,2006,5,2,1,13,5.0,9.0,43.0,44.0,50.00000000000003
2006-05-03,0.0,2006,5,3,1,13,0.0,6.0,9.0,43.0,50.00000000000003
2006-05-04,0.0,2006,5,4,1,13,0.0,5.0,9.0,43.0,50.00000000000003
2006-05-05,3.0,2006,5,5,1,13,3.0,3.0,9.0,12.0,47.00000000000003
2006-05-06,2.0,2006,5,6,1,13,2.0,5.0,10.0,14.0,48.00000000000003
2006-05-07,1.0,2006,5,7,1,13,1.0,6.0,6.0,12.0,49.00000000000003
2006-05-08,0.0,2006,5,8,1,13,0.0,3.0,6.0,11.0,15.000000000000028
2006-05-09,0.0,2006,5,9,1,13,0.0,1.0,6.0,6.0,15.000000000000028
2006-05-10,0.0,2006,5,10,1,13,0.0,0.0,3.0,6.0,12.000000000000028
2006-05-11,0.0,2006,5,11,2,14,0.0,0.0,1.0,6.0,11.000000000000028
2006-05-12,0.0,2006,5,12,2,14,0.0,0.0,0.0,3.0,6.000000000000028
2006-05-13,1.0,2006,5,13,2,14,1.0,1.0,1.0,2.0,7.000000000000028
2006-05-14,0.0,2006,5,14,2,14,0.0,1.0,1.0,1.0,7.000000000000028
2006-05-15,0.0,2006,5,15,2,14,0.0,1.0,1.0,1.0,4.000000000000028
2006-05-16,0.0,2006,5,16,2,14,0.0,0.0,1.0,1.0,2.0000000000000284
2006-05-17,0.0,2006,5,17,2,14,0.0,0.0,1.0,1.0,1.0000000000000284
2006-05-18,0.0,2006,5,18,2,14,0.0,0.0,0.0,1.0,1.0000000000000284
2006-05-19,1.0,2006,5,19,2,14,1.0,1.0,1.0,2.0,2.0000000000000284
2006-05-20,0.0,2006,5,20,2,14,0.0,1.0,1.0,1.0,2.0000000000000284
2006-05-21,128.0,2006,5,21,3,15,128.0,129.0,129.0,129.0,130.00000000000003
2006-05-22,0.0,2006,5,22,3,15,0.0,128.0,129.0,129.0,130.00000000000003
2006-05-23,0.0,2006,5,23,3,15,0.0,128.0,129.0,129.0,129.00000000000003
2006-05-24,3.0,2006,5,24,3,15,3.0,3.0,131.0,132.0,132.00000000000003
2006-05-25,0.0,2006,5,25,3,15,0.0,3.0,131.0,132.0,132.00000000000003
2006-05-26,6.0,2006,5,26,3,15,6.0,9.0,9.0,137.0,138.00000000000003
2006-05-27,1.0,2006,5,27,3,15,1.0,7.0,10.0,138.0,139.00000000000003
2006-05-28,0.0,2006,5,28,3,15,0.0,7.0,10.0,10.0,139.00000000000003
2006-05-29,0.0,2006,5,29,3,15,0.0,1.0,7.0,10.0,138.00000000000003
2006-05-30,0.0,2006,5,30,3,15,0.0,0.0,7.0,10.0,138.00000000000003
2006-05-31,0.0,2006,5,31,3,15,0.0,0.0,1.0,7.0,10.000000000000028
2006-06-01,0.0,2006,6,1,1,16,0.0,0.0,0.0,7.0,10.000000000000028
2006-06-02,0.0,2006,6,2,1,16,0.0,0.0,0.0,1.0,10.000000000000028
2006-06-03,0.0,2006,6,3,1,16,0.0,0.0,0.0,0.0,7.000000000000028
2006-06-04,0.0,2006,6,4,1,16,0.0,0.0,0.0,0.0,7.000000000000028
2006-06-05,0.0,2006,6,5,1,16,0.0,0.0,0.0,0.0,1.0000000000000284
2006-06-06,0.0,2006,6,6,1,16,0.0,0.0,0.0,0.0,0.0
2006-06-07,17.0,2006,6,7,1,16,17.0,17.0,17.0,17.0,17.00000000000003
2006-06-08,14.0,2006,6,8,1,16,14.0,31.0,31.0,31.0,31.00000000000003
2006-06-09,0.0,2006,6,9,1,16,0.0,31.0,31.0,31.0,31.00000000000003
2006-06-10,0.0,2006,6,10,1,16,0.0,14.0,31.0,31.0,31.00000000000003
2006-06-11,0.0,2006,6,11,2,17,0.0,0.0,31.0,31.0,31.00000000000003
2006-06-12,0.0,2006,6,12,2,17,0.0,0.0,14.0,31.0,31.00000000000003
2006-06-13,0.0,2006,6,13,2,17,0.0,0.0,0.0,31.0,31.00000000000003
2006-06-14,0.0,2006,6,14,2,17,0.0,0.0,0.0,14.0,31.00000000000003
2006-06-15,0.0,2006,6,15,2,17,0.0,0.0,0.0,0.0,31.00000000000003
2006-06-16,0.0,2006,6,16,2,17,0.0,0.0,0.0,0.0,31.00000000000003
2006-06-17,0.0,2006,6,17,2,17,0.0,0.0,0.0,0.0,14.000000000000028
2006-06-18,0.0,2006,6,18,2,17,0.0,0.0,0.0,0.0,0.0
2006-06-19,0.0,2006,6,19,2,17,0.0,0.0,0.0,0.0,0.0
2006-06-20,0.0,2006,6,20,2,17,0.0,0.0,0.0,0.0,0.0
2006-06-21,0.0,2006,6,21,3,18,0.0,0.0,0.0,0.0,0.0
2006-06-22,0.0,2006,6,22,3,18,0.0,0.0,0.0,0.0,0.0
2006-06-23,0.0,2006,6,23,3,18,0.0,0.0,0.0,0.0,0.0
2006-06-24,0.0,2006,6,24,3,18,0.0,0.0,0.0,0.0,0.0
2006-06-25,0.0,2006,6,25,3,18,0.0,0.0,0.0,0.0,0.0
2006-06-26,0.0,2006,6,26,3,18,0.0,0.0,0.0,0.0,0.0
2006-06-27,0.0,2006,6,27,3,18,0.0,0.0,0.0,0.0,0.0
2006-06-28,0.0,2006,6,28,3,18,0.0,0.0,0.0,0.0,0.0
2006-06-29,0.0,2006,6,29,3,18,0.0,0.0,0.0,0.0,0.0
2006-06-30,0.0,2006,6,30,3,18,0.0,0.0,0.0,0.0,0.0
2006-07-01,0.0,2006,7,1,1,19,0.0,0.0,0.0,0.0,0.0
2006-07-02,0.0,2006,7,2,1,19,0.0,0.0,0.0,0.0,0.0
2006-07-03,0.0,2006,7,3,1,19,0.0,0.0,0.0,0.0,0.0
2006-07-04,0.0,2006,7,4,1,19,0.0,0.0,0.0,0.0,0.0
2006-07-05,0.0,2006,7,5,1,19,0.0,0.0,0.0,0.0,0.0
2006-07-06,0.0,2006,7,6,1,19,0.0,0.0,0.0,0.0,0.0
2006-07-07,0.0,2006,7,7,1,19,0.0,0.0,0.0,0.0,0.0
2006-07-08,0.0,2006,7,8,1,19,0.0,0.0,0.0,0.0,0.0
2006-07-09,0.0,2006,7,9,1,19,0.0,0.0,0.0,0.0,0.0
2006-07-10,0.0,2006,7,10,1,19,0.0,0.0,0.0,0.0,0.0
2006-07-11,1.0,2006,7,11,2,20,1.0,1.0,1.0,1.0,1.0000000000000284
2006-07-12,0.0,2006,7,12,2,20,0.0,1.0,1.0,1.0,1.0000000000000284
2006-07-13,0.0,2006,7,13,2,20,0.0,1.0,1.0,1.0,1.0000000000000284
2006-07-14,3.0,2006,7,14,2,20,3.0,3.0,4.0,4.0,4.000000000000028
2006-07-15,0.0,2006,7,15,2,20,0.0,3.0,4.0,4.0,4.000000000000028
2006-07-16,0.0,2006,7,16,2,20,0.0,3.0,3.0,4.0,4.000000000000028
2006-07-17,0.0,2006,7,17,2,20,0.0,0.0,3.0,4.0,4.000000000000028
2006-07-18,0.0,2006,7,18,2,20,0.0,0.0,3.0,3.0,4.000000000000028
2006-07-19,0.0,2006,7,19,2,20,0.0,0.0,0.0,3.0,4.000000000000028
2006-07-20,0.0,2006,7,20,2,20,0.0,0.0,0.0,3.0,4.000000000000028
2006-07-21,0.0,2006,7,21,3,21,0.0,0.0,0.0,0.0,3.0000000000000284
2006-07-22,0.0,2006,7,22,3,21,0.0,0.0,0.0,0.0,3.0000000000000284
2006-07-23,5.0,2006,7,23,3,21,5.0,5.0,5.0,5.0,8.000000000000028
2006-07-24,0.0,2006,7,24,3,21,0.0,5.0,5.0,5.0,5.000000000000028
2006-07-25,1.0,2006,7,25,3,21,1.0,6.0,6.0,6.0,6.000000000000028
2006-07-26,0.0,2006,7,26,3,21,0.0,1.0,6.0,6.0,6.000000000000028
2006-07-27,0.0,2006,7,27,3,21,0.0,1.0,6.0,6.0,6.000000000000028
2006-07-28,0.0,2006,7,28,3,21,0.0,0.0,1.0,6.0,6.000000000000028
2006-07-29,0.0,2006,7,29,3,21,0.0,0.0,1.0,6.0,6.000000000000028
2006-07-30,0.0,2006,7,30,3,21,0.0,0.0,0.0,1.0,6.000000000000028
2006-07-31,0.0,2006,7,31,3,21,0.0,0.0,0.0,1.0,6.000000000000028
2006-08-01,0.0,2006,8,1,1,22,0.0,0.0,0.0,0.0,6.000000000000028
2006-08-02,0.0,2006,8,2,1,22,0.0,0.0,0.0,0.0,1.0000000000000284
2006-08-03,0.0,2006,8,3,1,22,0.0,0.0,0.0,0.0,1.0000000000000284
2006-08-04,0.0,2006,8,4,1,22,0.0,0.0,0.0,0.0,0.0
2006-08-05,0.0,2006,8,5,1,22,0.0,0.0,0.0,0.0,0.0
2006-08-06,0.0,2006,8,6,1,22,0.0,0.0,0.0,0.0,0.0
2006-08-07,0.0,2006,8,7,1,22,0.0,0.0,0.0,0.0,0.0
2006-08-08,0.0,2006,8,8,1,22,0.0,0.0,0.0,0.0,0.0
2006-08-09,0.0,2006,8,9,1,22,0.0,0.0,0.0,0.0,0.0
2006-08-10,0.0,2006,8,10,1,22,0.0,0.0,0.0,0.0,0.0
2006-08-11,0.0,2006,8,11,2,23,0.0,0.0,0.0,0.0,0.0
2006-08-12,0.0,2006,8,12,2,23,0.0,0.0,0.0,0.0,0.0
2006-08-13,0.0,2006,8,13,2,23,0.0,0.0,0.0,0.0,0.0
2006-08-14,0.0,2006,8,14,2,23,0.0,0.0,0.0,0.0,0.0
2006-08-15,0.0,2006,8,15,2,23,0.0,0.0,0.0,0.0,0.0
2006-08-16,0.0,2006,8,16,2,23,0.0,0.0,0.0,0.0,0.0
2006-08-17,0.0,2006,8,17,2,23,0.0,0.0,0.0,0.0,0.0
2006-08-18,0.0,2006,8,18,2,23,0.0,0.0,0.0,0.0,0.0
2006-08-19,0.0,2006,8,19,2,23,0.0,0.0,0.0,0.0,0.0
2006-08-20,0.0,2006,8,20,2,23,0.0,0.0,0.0,0.0,0.0
2006-08-21,0.0,2006,8,21,3,24,0.0,0.0,0.0,0.0,0.0
2006-08-22,0.0,2006,8,22,3,24,0.0,0.0,0.0,0.0,0.0
2006-08-23,0.0,2006,8,23,3,24,0.0,0.0,0.0,0.0,0.0
2006-08-24,0.0,2006,8,24,3,24,0.0,0.0,0.0,0.0,0.0
2006-08-25,0.0,2006,8,25,3,24,0.0,0.0,0.0,0.0,0.0
2006-08-26,0.0,2006,8,26,3,24,0.0,0.0,0.0,0.0,0.0
2006-08-27,0.0,2006,8,27,3,24,0.0,0.0,0.0,0.0,0.0
2006-08-28,0.0,2006,8,28,3,24,0.0,0.0,0.0,0.0,0.0
2006-08-29,0.0,2006,8,29,3,24,0.0,0.0,0.0,0.0,0.0
2006-08-30,0.0,2006,8,30,3,24,0.0,0.0,0.0,0.0,0.0
2006-08-31,0.0,2006,8,31,3,24,0.0,0.0,0.0,0.0,0.0
2006-09-01,0.0,2006,9,1,1,25,0.0,0.0,0.0,0.0,0.0
2006-09-02,0.0,2006,9,2,1,25,0.0,0.0,0.0,0.0,0.0
2006-09-03,0.0,2006,9,3,1,25,0.0,0.0,0.0,0.0,0.0
2006-09-04,0.0,2006,9,4,1,25,0.0,0.0,0.0,0.0,0.0
2006-09-05,0.0,2006,9,5,1,25,0.0,0.0,0.0,0.0,0.0
2006-09-06,0.0,2006,9,6,1,25,0.0,0.0,0.0,0.0,0.0
2006-09-07,0.0,2006,9,7,1,25,0.0,0.0,0.0,0.0,0.0
2006-09-08,0.0,2006,9,8,1,25,0.0,0.0,0.0,0.0,0.0
2006-09-09,0.0,2006,9,9,1,25,0.0,0.0,0.0,0.0,0.0
2006-09-10,0.0,2006,9,10,1,25,0.0,0.0,0.0,0.0,0.0
2006-09-11,0.0,2006,9,11,2,26,0.0,0.0,0.0,0.0,0.0
2006-09-12,0.0,2006,9,12,2,26,0.0,0.0,0.0,0.0,0.0
2006-09-13,0.0,2006,9,13,2,26,0.0,0.0,0.0,0.0,0.0
2006-09-14,0.0,2006,9,14,2,26,0.0,0.0,0.0,0.0,0.0
2006-09-15,0.0,2006,9,15,2,26,0.0,0.0,0.0,0.0,0.0
2006-09-16,0.0,2006,9,16,2,26,0.0,0.0,0.0,0.0,0.0
2006-09-17,0.0,2006,9,17,2,26,0.0,0.0,0.0,0.0,0.0
2006-09-18,0.0,2006,9,18,2,26,0.0,0.0,0.0,0.0,0.0
2006-09-19,0.0,2006,9,19,2,26,0.0,0.0,0.0,0.0,0.0
2006-09-20,0.0,2006,9,20,2,26,0.0,0.0,0.0,0.0,0.0
2006-09-21,0.0,2006,9,21,3,27,0.0,0.0,0.0,0.0,0.0
2006-09-22,0.0,2006,9,22,3,27,0.0,0.0,0.0,0.0,0.0
2006-09-23,0.0,2006,9,23,3,27,0.0,0.0,0.0,0.0,0.0
2006-09-24,0.0,2006,9,24,3,27,0.0,0.0,0.0,0.0,0.0
2006-09-25,0.0,2006,9,25,3,27,0.0,0.0,0.0,0.0,0.0
2006-09-26,0.0,2006,9,26,3,27,0.0,0.0,0.0,0.0,0.0
2006-09-27,0.0,2006,9,27,3,27,0.0,0.0,0.0,0.0,0.0
2006-09-28,0.0,2006,9,28,3,27,0.0,0.0,0.0,0.0,0.0
2006-09-29,0.0,2006,9,29,3,27,0.0,0.0,0.0,0.0,0.0
2006-09-30,0.0,2006,9,30,3,27,0.0,0.0,0.0,0.0,0.0
2006-10-01,0.0,2006,10,1,1,28,0.0,0.0,0.0,0.0,0.0
2006-10-02,0.0,2006,10,2,1,28,0.0,0.0,0.0,0.0,0.0
2006-10-03,0.0,2006,10,3,1,28,0.0,0.0,0.0,0.0,0.0
2006-10-04,0.0,2006,10,4,1,28,0.0,0.0,0.0,0.0,0.0
2006-10-05,0.0,2006,10,5,1,28,0.0,0.0,0.0,0.0,0.0
2006-10-06,0.0,2006,10,6,1,28,0.0,0.0,0.0,0.0,0.0
2006-10-07,0.0,2006,10,7,1,28,0.0,0.0,0.0,0.0,0.0
2006-10-08,0.0,2006,10,8,1,28,0.0,0.0,0.0,0.0,0.0
2006-10-09,0.0,2006,10,9,1,28,0.0,0.0,0.0,0.0,0.0
2006-10-10,0.0,2006,10,10,1,28,0.0,0.0,0.0,0.0,0.0
2006-10-11,0.0,2006,10,11,2,29,0.0,0.0,0.0,0.0,0.0
2006-10-12,0.0,2006,10,12,2,29,0.0,0.0,0.0,0.0,0.0
2006-10-13,0.0,2006,10,13,2,29,0.0,0.0,0.0,0.0,0.0
2006-10-14,0.0,2006,10,14,2,29,0.0,0.0,0.0,0.0,0.0
2006-10-15,0.0,2006,10,15,2,29,0.0,0.0,0.0,0.0,0.0
2006-10-16,0.0,2006,10,16,2,29,0.0,0.0,0.0,0.0,0.0
2006-10-17,0.0,2006,10,17,2,29,0.0,0.0,0.0,0.0,0.0
2006-10-18,0.0,2006,10,18,2,29,0.0,0.0,0.0,0.0,0.0
2006-10-19,0.0,2006,10,19,2,29,0.0,0.0,0.0,0.0,0.0
2006-10-20,0.0,2006,10,20,2,29,0.0,0.0,0.0,0.0,0.0
2006-10-21,0.0,2006,10,21,3,30,0.0,0.0,0.0,0.0,0.0
2006-10-22,0.0,2006,10,22,3,30,0.0,0.0,0.0,0.0,0.0
2006-10-23,0.0,2006,10,23,3,30,0.0,0.0,0.0,0.0,0.0
2006-10-24,0.0,2006,10,24,3,30,0.0,0.0,0.0,0.0,0.0
2006-10-25,0.0,2006,10,25,3,30,0.0,0.0,0.0,0.0,0.0
2006-10-26,0.0,2006,10,26,3,30,0.0,0.0,0.0,0.0,0.0
2006-10-27,0.0,2006,10,27,3,30,0.0,0.0,0.0,0.0,0.0
2006-10-28,0.0,2006,10,28,3,30,0.0,0.0,0.0,0.0,0.0
2006-10-29,0.0,2006,10,29,3,30,0.0,0.0,0.0,0.0,0.0
2006-10-30,0.0,2006,10,30,3,30,0.0,0.0,0.0,0.0,0.0
2006-10-31,6.0,2006,10,31,3,30,6.0,6.0,6.0,6.0,6.000000000000028
2006-11-01,0.0,2006,11,1,1,31,0.0,6.0,6.0,6.0,6.000000000000028
2006-11-02,0.0,2006,11,2,1,31,0.0,6.0,6.0,6.0,6.000000000000028
2006-11-03,0.0,2006,11,3,1,31,0.0,0.0,6.0,6.0,6.000000000000028
2006-11-04,0.0,2006,11,4,1,31,0.0,0.0,6.0,6.0,6.000000000000028
2006-11-05,0.0,2006,11,5,1,31,0.0,0.0,0.0,6.0,6.000000000000028
2006-11-06,0.0,2006,11,6,1,31,0.0,0.0,0.0,6.0,6.000000000000028
2006-11-07,0.0,2006,11,7,1,31,0.0,0.0,0.0,0.0,6.000000000000028
2006-11-08,0.0,2006,11,8,1,31,0.0,0.0,0.0,0.0,6.000000000000028
2006-11-09,0.0,2006,11,9,1,31,0.0,0.0,0.0,0.0,6.000000000000028
2006-11-10,0.0,2006,11,10,1,31,0.0,0.0,0.0,0.0,0.0
2006-11-11,0.0,2006,11,11,2,32,0.0,0.0,0.0,0.0,0.0
2006-11-12,0.0,2006,11,12,2,32,0.0,0.0,0.0,0.0,0.0
2006-11-13,0.0,2006,11,13,2,32,0.0,0.0,0.0,0.0,0.0
2006-11-14,0.0,2006,11,14,2,32,0.0,0.0,0.0,0.0,0.0
2006-11-15,0.0,2006,11,15,2,32,0.0,0.0,0.0,0.0,0.0
2006-11-16,0.0,2006,11,16,2,32,0.0,0.0,0.0,0.0,0.0
2006-11-17,0.0,2006,11,17,2,32,0.0,0.0,0.0,0.0,0.0
2006-11-18,3.0,2006,11,18,2,32,3.0,3.0,3.0,3.0,3.0000000000000284
2006-11-19,0.0,2006,11,19,2,32,0.0,3.0,3.0,3.0,3.0000000000000284
2006-11-20,0.0,2006,11,20,2,32,0.0,3.0,3.0,3.0,3.0000000000000284
2006-11-21,0.0,2006,11,21,3,33,0.0,0.0,3.0,3.0,3.0000000000000284
2006-11-22,0.0,2006,11,22,3,33,0.0,0.0,3.0,3.0,3.0000000000000284
2006-11-23,3.0,2006,11,23,3,33,3.0,3.0,3.0,6.0,6.000000000000028
2006-11-24,0.0,2006,11,24,3,33,0.0,3.0,3.0,6.0,6.000000000000028
2006-11-25,4.0,2006,11,25,3,33,4.0,7.0,7.0,7.0,10.000000000000028
2006-11-26,0.0,2006,11,26,3,33,0.0,4.0,7.0,7.0,10.000000000000028
2006-11-27,0.0,2006,11,27,3,33,0.0,4.0,7.0,7.0,10.000000000000028
2006-11-28,0.0,2006,11,28,3,33,0.0,0.0,4.0,7.0,7.000000000000028
2006-11-29,1.0,2006,11,29,3,33,1.0,1.0,5.0,8.0,8.000000000000028
2006-11-30,0.0,2006,11,30,3,33,0.0,1.0,1.0,5.0,8.000000000000028
2006-12-01,21.0,2006,12,1,1,34,21.0,22.0,22.0,26.0,29.00000000000003
2006-12-02,4.0,2006,12,2,1,34,4.0,25.0,26.0,26.0,33.00000000000003
2006-12-03,0.0,2006,12,3,1,34,0.0,25.0,26.0,26.0,30.00000000000003
2006-12-04,0.0,2006,12,4,1,34,0.0,4.0,25.0,26.0,30.00000000000003
2006-12-05,0.0,2006,12,5,1,34,0.0,0.0,25.0,26.0,26.00000000000003
2006-12-06,0.0,2006,12,6,1,34,0.0,0.0,4.0,25.0,26.00000000000003
2006-12-07,25.0,2006,12,7,1,34,25.0,25.0,25.0,50.0,51.00000000000003
2006-12-08,0.0,2006,12,8,1,34,0.0,25.0,25.0,29.0,51.00000000000003
2006-12-09,3.0,2006,12,9,1,34,3.0,28.0,28.0,28.0,53.00000000000003
2006-12-10,0.0,2006,12,10,1,34,0.0,3.0,28.0,28.0,53.00000000000003
2006-12-11,0.0,2006,12,11,2,35,0.0,3.0,28.0,28.0,32.00000000000003
2006-12-12,0.0,2006,12,12,2,35,0.0,0.0,3.0,28.0,28.00000000000003
2006-12-13,0.0,2006,12,13,2,35,0.0,0.0,3.0,28.0,28.00000000000003
2006-12-14,7.0,2006,12,14,2,35,7.0,7.0,7.0,10.0,35.00000000000003
2006-12-15,0.0,2006,12,15,2,35,0.0,7.0,7.0,10.0,35.00000000000003
2006-12-16,0.0,2006,12,16,2,35,0.0,7.0,7.0,7.0,35.00000000000003
2006-12-17,0.0,2006,12,17,2,35,0.0,0.0,7.0,7.0,10.000000000000028
2006-12-18,0.0,2006,12,18,2,35,0.0,0.0,7.0,7.0,10.000000000000028
2006-12-19,2.0,2006,12,19,2,35,2.0,2.0,2.0,9.0,9.000000000000028
2006-12-20,0.0,2006,12,20,2,35,0.0,2.0,2.0,9.0,9.000000000000028
2006-12-21,1.0,2006,12,21,3,36,1.0,3.0,3.0,3.0,10.000000000000028
2006-12-22,1.0,2006,12,22,3,36,1.0,2.0,4.0,4.0,11.000000000000028
2006-12-23,2.0,2006,12,23,3,36,2.0,4.0,6.0,6.0,13.000000000000028
2006-12-24,1.0,2006,12,24,3,36,1.0,4.0,5.0,7.0,7.000000000000028
2006-12-25,11.0,2006,12,25,3,36,11.0,14.0,16.0,18.0,18.00000000000003
2006-12-26,1.0,2006,12,26,3,36,1.0,13.0,16.0,17.0,19.00000000000003
2006-12-27,0.0,2006,12,27,3,36,0.0,12.0,15.0,17.0,19.00000000000003
2006-12-28,14.0,2006,12,28,3,36,14.0,15.0,27.0,30.0,33.00000000000003
2006-12-29,12.0,2006,12,29,3,36,12.0,26.0,38.0,41.0,43.00000000000003
2006-12-30,36.0,2006,12,30,3,36,36.0,62.0,63.0,75.0,79.00000000000003
2006-12-31,9.0,2006,12,31,3,36,9.0,57.0,71.0,83.0,87.00000000000003
2007-01-01,10.0,2007,1,1,1,1,10.0,55.0,81.0,82.0,96.00000000000003
2007-01-02,35.0,2007,1,2,1,1,35.0,54.0,102.0,116.0,129.00000000000003
2007-01-03,2.0,2007,1,3,1,1,2.0,47.0,92.0,118.0,130.00000000000003
2007-01-04,0.0,2007,1,4,1,1,0.0,37.0,56.0,104.0,119.00000000000003
2007-01-05,0.0,2007,1,5,1,1,0.0,2.0,47.0,92.0,118.00000000000003
2007-01-06,0.0,2007,1,6,1,1,0.0,0.0,37.0,56.0,118.00000000000003
2007-01-07,0.0,2007,1,7,1,1,0.0,0.0,2.0,47.0,104.00000000000003
2007-01-08,2.0,2007,1,8,1,1,2.0,2.0,2.0,39.0,94.00000000000003
2007-01-09,0.0,2007,1,9,1,1,0.0,2.0,2.0,4.0,58.00000000000003
2007-01-10,0.0,2007,1,10,1,1,0.0,2.0,2.0,2.0,49.00000000000003
2007-01-11,0.0,2007,1,11,2,2,0.0,0.0,2.0,2.0,39.00000000000003
2007-01-12,0.0,2007,1,12,2,2,0.0,0.0,2.0,2.0,4.000000000000028
2007-01-13,0.0,2007,1,13,2,2,0.0,0.0,0.0,2.0,2.0000000000000284
2007-01-14,0.0,2007,1,14,2,2,0.0,0.0,0.0,2.0,2.0000000000000284
2007-01-15,0.0,2007,1,15,2,2,0.0,0.0,0.0,0.0,2.0000000000000284
2007-01-16,12.0,2007,1,16,2,2,12.0,12.0,12.0,12.0,14.000000000000028
2007-01-17,0.0,2007,1,17,2,2,0.0,12.0,12.0,12.0,14.000000000000028
2007-01-18,14.0,2007,1,18,2,2,14.0,26.0,26.0,26.0,26.00000000000003
2007-01-19,0.0,2007,1,19,2,2,0.0,14.0,26.0,26.0,26.00000000000003
2007-01-20,0.0,2007,1,20,2,2,0.0,14.0,26.0,26.0,26.00000000000003
2007-01-21,0.0,2007,1,21,3,3,0.0,0.0,14.0,26.0,26.00000000000003
2007-01-22,0.0,2007,1,22,3,3,0.0,0.0,14.0,26.0,26.00000000000003
2007-01-23,45.0,2007,1,23,3,3,45.0,45.0,45.0,59.0,71.00000000000003
2007-01-24,44.0,2007,1,24,3,3,44.0,89.0,89.0,103.0,115.00000000000003
2007-01-25,3.0,2007,1,25,3,3,3.0,92.0,92.0,92.0,118.00000000000003
2007-01-26,5.0,2007,1,26,3,3,5.0,52.0,97.0,97.0,111.00000000000003
2007-01-27,1.0,2007,1,27,3,3,1.0,9.0,98.0,98.0,112.00000000000003
2007-01-28,5.0,2007,1,28,3,3,5.0,11.0,58.0,103.0,103.00000000000003
2007-01-29,29.0,2007,1,29,3,3,29.0,35.0,43.0,132.0,132.00000000000003
2007-01-30,0.0,2007,1,30,3,3,0.0,34.0,40.0,87.0,132.00000000000003
2007-01-31,0.0,2007,1,31,3,3,0.0,29.0,35.0,43.0,132.00000000000003
2007-02-01,1.0,2007,2,1,1,4,1.0,1.0,35.0,41.0,133.00000000000003
2007-02-02,99.0,2007,2,2,1,4,99.0,100.0,129.0,135.0,187.00000000000003
2007-02-03,0.0,2007,2,3,1,4,0.0,100.0,100.0,134.0,143.00000000000003
2007-02-04,16.0,2007,2,4,1,4,16.0,115.0,116.0,145.0,156.00000000000003
2007-02-05,0.0,2007,2,5,1,4,0.0,16.0,116.0,116.0,151.00000000000003
2007-02-06,79.0,2007,2,6,1,4,79.0,95.0,194.0,195.0,229.00000000000003
2007-02-07,1.0,2007,2,7,1,4,1.0,80.0,96.0,196.0,225.00000000000003
2007-02-08,30.0,2007,2,8,1,4,30.0,110.0,126.0,225.0,226.00000000000003
2007-02-09,11.0,2007,2,9,1,4,11.0,42.0,121.0,137.0,237.00000000000003
2007-02-10,0.0,2007,2,10,1,4,0.0,41.0,121.0,137.0,237.00000000000003
2007-02-11,0.0,2007,2,11,2,5,0.0,11.0,42.0,121.0,236.00000000000003
2007-02-12,0.0,2007,2,12,2,5,0.0,0.0,41.0,121.0,137.00000000000003
2007-02-13,10.0,2007,2,13,2,5,10.0,10.0,21.0,52.0,147.00000000000003
2007-02-14,5.0,2007,2,14,2,5,5.0,15.0,15.0,56.0,136.00000000000003
2007-02-15,0.0,2007,2,15,2,5,0.0,15.0,15.0,26.0,136.00000000000003
2007-02-16,4.0,2007,2,16,2,5,4.0,9.0,19.0,19.0,61.00000000000003
2007-02-17,1.0,2007,2,17,2,5,1.0,5.0,20.0,20.0,61.00000000000003
2007-02-18,0.0,2007,2,18,2,5,0.0,5.0,10.0,20.0,31.00000000000003
2007-02-19,1.0,2007,2,19,2,5,1.0,2.0,6.0,21.0,21.00000000000003
2007-02-20,20.0,2007,2,20,2,5,20.0,21.0,26.0,31.0,41.00000000000003
2007-02-21,2.0,2007,2,21,3,6,2.0,23.0,24.0,28.0,43.00000000000003
2007-02-22,3.0,2007,2,22,3,6,3.0,25.0,26.0,31.0,46.00000000000003
2007-02-23,0.0,2007,2,23,3,6,0.0,5.0,26.0,27.0,36.00000000000003
2007-02-24,0.0,2007,2,24,3,6,0.0,3.0,25.0,26.0,31.00000000000003
2007-02-25,15.0,2007,2,25,3,6,15.0,15.0,20.0,41.0,46.00000000000003
2007-02-26,0.0,2007,2,26,3,6,0.0,15.0,18.0,40.0,42.00000000000003
2007-02-27,0.0,2007,2,27,3,6,0.0,15.0,15.0,20.0,41.00000000000003
2007-02-28,3.0,2007,2,28,3,6,3.0,3.0,18.0,21.0,44.00000000000003
2007-03-01,34.0,2007,3,1,1,7,34.0,37.0,52.0,52.0,77.00000000000003
2007-03-02,3.0,2007,3,2,1,7,3.0,40.0,40.0,55.0,60.00000000000003
2007-03-03,13.0,2007,3,3,1,7,13.0,50.0,53.0,68.0,71.00000000000003
2007-03-04,0.0,2007,3,4,1,7,0.0,16.0,53.0,53.0,68.00000000000003
2007-03-05,2.0,2007,3,5,1,7,2.0,15.0,52.0,55.0,70.00000000000003
2007-03-06,7.0,2007,3,6,1,7,7.0,9.0,25.0,62.0,77.00000000000003
2007-03-07,5.0,2007,3,7,1,7,5.0,14.0,27.0,64.0,67.00000000000003
2007-03-08,6.0,2007,3,8,1,7,6.0,18.0,20.0,36.0,73.00000000000003
2007-03-09,1.0,2007,3,9,1,7,1.0,12.0,21.0,34.0,74.00000000000003
2007-03-10,22.0,2007,3,10,1,7,22.0,29.0,41.0,43.0,93.00000000000003
2007-03-11,22.0,2007,3,11,2,8,22.0,45.0,56.0,65.0,81.00000000000003
2007-03-12,0.0,2007,3,12,2,8,0.0,44.0,51.0,63.0,78.00000000000003
2007-03-13,0.0,2007,3,13,2,8,0.0,22.0,45.0,56.0,65.00000000000003
2007-03-14,1.0,2007,3,14,2,8,1.0,1.0,45.0,52.0,66.00000000000003
2007-03-15,0.0,2007,3,15,2,8,0.0,1.0,23.0,46.0,64.00000000000003
2007-03-16,0.0,2007,3,16,2,8,0.0,1.0,1.0,45.0,57.00000000000003
2007-03-17,4.0,2007,3,17,2,8,4.0,4.0,5.0,27.0,56.00000000000003
2007-03-18,1.0,2007,3,18,2,8,1.0,5.0,6.0,6.0,51.00000000000003
2007-03-19,8.0,2007,3,19,2,8,8.0,13.0,13.0,14.0,58.00000000000003
2007-03-20,12.0,2007,3,20,2,8,12.0,21.0,25.0,26.0,48.00000000000003
2007-03-21,37.0,2007,3,21,3,9,37.0,57.0,62.0,62.0,63.00000000000003
2007-03-22,2.0,2007,3,22,3,9,2.0,51.0,60.0,64.0,65.00000000000003
2007-03-23,0.0,2007,3,23,3,9,0.0,39.0,59.0,64.0,65.00000000000003
2007-03-24,0.0,2007,3,24,3,9,0.0,2.0,51.0,60.0,64.00000000000003
2007-03-25,0.0,2007,3,25,3,9,0.0,0.0,39.0,59.0,64.00000000000003
2007-03-26,26.0,2007,3,26,3,9,26.0,26.0,28.0,77.0,90.00000000000003
2007-03-27,7.0,2007,3,27,3,9,7.0,33.0,33.0,72.0,93.00000000000003
2007-03-28,0.0,2007,3,28,3,9,0.0,33.0,33.0,35.0,92.00000000000003
2007-03-29,2.0,2007,3,29,3,9,2.0,9.0,35.0,35.0,86.00000000000003
2007-03-30,0.0,2007,3,30,3,9,0.0,2.0,35.0,35.0,74.00000000000003
2007-03-31,35.0,2007,3,31,3,9,35.0,37.0,44.0,70.0,72.00000000000003
2007-04-01,0.0,2007,4,1,1,10,0.0,35.0,37.0,70.0,70.00000000000003
2007-04-02,0.0,2007,4,2,1,10,0.0,35.0,37.0,44.0,70.00000000000003
2007-04-03,0.0,2007,4,3,1,10,0.0,0.0,35.0,37.0,70.00000000000003
2007-04-04,5.0,2007,4,4,1,10,5.0,5.0,40.0,42.0,75.00000000000003
2007-04-05,12.0,2007,4,5,1,10,12.0,17.0,17.0,52.0,61.00000000000003
2007-04-06,0.0,2007,4,6,1,10,0.0,17.0,17.0,52.0,54.00000000000003
2007-04-07,1.0,2007,4,7,1,10,1.0,13.0,18.0,18.0,55.00000000000003
2007-04-08,0.0,2007,4,8,1,10,0.0,1.0,18.0,18.0,53.00000000000003
2007-04-09,0.0,2007,4,9,1,10,0.0,1.0,13.0,18.0,53.00000000000003
2007-04-10,3.0,2007,4,10,1,10,3.0,3.0,4.0,21.0,21.00000000000003
2007-04-11,5.0,2007,4,11,2,11,5.0,8.0,9.0,21.0,26.00000000000003
2007-04-12,2.0,2007,4,12,2,11,2.0,10.0,10.0,11.0,28.00000000000003
2007-04-13,0.0,2007,4,13,2,11,0.0,7.0,10.0,11.0,28.00000000000003
2007-04-14,0.0,2007,4,14,2,11,0.0,2.0,10.0,10.0,23.00000000000003
2007-04-15,0.0,2007,4,15,2,11,0.0,0.0,7.0,10.0,11.000000000000028
2007-04-16,0.0,2007,4,16,2,11,0.0,0.0,2.0,10.0,11.000000000000028
2007-04-17,0.0,2007,4,17,2,11,0.0,0.0,0.0,7.0,10.000000000000028
2007-04-18,0.0,2007,4,18,2,11,0.0,0.0,0.0,2.0,10.000000000000028
2007-04-19,3.0,2007,4,19,2,11,3.0,3.0,3.0,3.0,13.000000000000028
2007-04-20,0.0,2007,4,20,2,11,0.0,3.0,3.0,3.0,10.000000000000028
2007-04-21,12.0,2007,4,21,3,12,12.0,15.0,15.0,15.0,17.00000000000003
2007-04-22,0.0,2007,4,22,3,12,0.0,12.0,15.0,15.0,15.000000000000028
2007-04-23,17.0,2007,4,23,3,12,17.0,29.0,32.0,32.0,32.00000000000003
2007-04-24,27.0,2007,4,24,3,12,27.0,44.0,56.0,59.0,59.00000000000003
2007-04-25,0.0,2007,4,25,3,12,0.0,44.0,56.0,59.0,59.00000000000003
2007-04-26,0.0,2007,4,26,3,12,0.0,27.0,44.0,56.0,59.00000000000003
2007-04-27,5.0,2007,4,27,3,12,5.0,5.0,49.0,61.0,64.00000000000003
2007-04-28,0.0,2007,4,28,3,12,0.0,5.0,32.0,49.0,64.00000000000003
2007-04-29,0.0,2007,4,29,3,12,0.0,5.0,5.0,49.0,61.00000000000003
2007-04-30,0.0,2007,4,30,3,12,0.0,0.0,5.0,32.0,61.00000000000003
2007-05-01,0.0,2007,5,1,1,13,0.0,0.0,5.0,5.0,49.00000000000003
2007-05-02,85.0,2007,5,2,1,13,85.0,85.0,85.0,90.0,134.00000000000003
2007-05-03,0.0,2007,5,3,1,13,0.0,85.0,85.0,90.0,117.00000000000003
2007-05-04,2.0,2007,5,4,1,13,2.0,87.0,87.0,87.0,92.00000000000003
2007-05-05,0.0,2007,5,5,1,13,0.0,2.0,87.0,87.0,92.00000000000003
2007-05-06,6.0,2007,5,6,1,13,6.0,8.0,93.0,93.0,98.00000000000003
2007-05-07,0.0,2007,5,7,1,13,0.0,6.0,8.0,93.0,93.00000000000003
2007-05-08,0.0,2007,5,8,1,13,0.0,6.0,8.0,93.0,93.00000000000003
2007-05-09,0.0,2007,5,9,1,13,0.0,0.0,6.0,8.0,93.00000000000003
2007-05-10,23.0,2007,5,10,1,13,23.0,23.0,29.0,31.0,116.00000000000003
2007-05-11,0.0,2007,5,11,2,14,0.0,23.0,23.0,29.0,116.00000000000003
2007-05-12,0.0,2007,5,12,2,14,0.0,23.0,23.0,29.0,31.00000000000003
2007-05-13,0.0,2007,5,13,2,14,0.0,0.0,23.0,23.0,31.00000000000003
2007-05-14,8.0,2007,5,14,2,14,8.0,8.0,31.0,31.0,37.00000000000003
2007-05-15,3.0,2007,5,15,2,14,3.0,11.0,11.0,34.0,40.00000000000003
2007-05-16,3.0,2007,5,16,2,14,3.0,14.0,14.0,37.0,37.00000000000003
2007-05-17,0.0,2007,5,17,2,14,0.0,6.0,14.0,14.0,37.00000000000003
2007-05-18,0.0,2007,5,18,2,14,0.0,3.0,14.0,14.0,37.00000000000003
2007-05-19,0.0,2007,5,19,2,14,0.0,0.0,6.0,14.0,37.00000000000003
2007-05-20,0.0,2007,5,20,2,14,0.0,0.0,3.0,14.0,14.000000000000028
2007-05-21,0.0,2007,5,21,3,15,0.0,0.0,0.0,6.0,14.000000000000028
2007-05-22,22.0,2007,5,22,3,15,22.0,22.0,22.0,25.0,36.00000000000003
2007-05-23,0.0,2007,5,23,3,15,0.0,22.0,22.0,22.0,36.00000000000003
2007-05-24,0.0,2007,5,24,3,15,0.0,22.0,22.0,22.0,28.00000000000003
2007-05-25,0.0,2007,5,25,3,15,0.0,0.0,22.0,22.0,25.00000000000003
2007-05-26,0.0,2007,5,26,3,15,0.0,0.0,22.0,22.0,22.00000000000003
2007-05-27,0.0,2007,5,27,3,15,0.0,0.0,0.0,22.0,22.00000000000003
2007-05-28,0.0,2007,5,28,3,15,0.0,0.0,0.0,22.0,22.00000000000003
2007-05-29,0.0,2007,5,29,3,15,0.0,0.0,0.0,0.0,22.00000000000003
2007-05-30,0.0,2007,5,30,3,15,0.0,0.0,0.0,0.0,22.00000000000003
2007-05-31,0.0,2007,5,31,3,15,0.0,0.0,0.0,0.0,22.00000000000003
2007-06-01,23.0,2007,6,1,1,16,23.0,23.0,23.0,23.0,23.00000000000003
2007-06-02,7.0,2007,6,2,1,16,7.0,30.0,30.0,30.0,30.00000000000003
2007-06-03,0.0,2007,6,3,1,16,0.0,30.0,30.0,30.0,30.00000000000003
2007-06-04,0.0,2007,6,4,1,16,0.0,7.0,30.0,30.0,30.00000000000003
2007-06-05,0.0,2007,6,5,1,16,0.0,0.0,30.0,30.0,30.00000000000003
2007-06-06,0.0,2007,6,6,1,16,0.0,0.0,7.0,30.0,30.00000000000003
2007-06-07,0.0,2007,6,7,1,16,0.0,0.0,0.0,30.0,30.00000000000003
2007-06-08,0.0,2007,6,8,1,16,0.0,0.0,0.0,7.0,30.00000000000003
2007-06-09,0.0,2007,6,9,1,16,0.0,0.0,0.0,0.0,30.00000000000003
2007-06-10,1.0,2007,6,10,1,16,1.0,1.0,1.0,1.0,31.00000000000003
2007-06-11,1.0,2007,6,11,2,17,1.0,2.0,2.0,2.0,9.000000000000028
2007-06-12,0.0,2007,6,12,2,17,0.0,2.0,2.0,2.0,2.0000000000000284
2007-06-13,0.0,2007,6,13,2,17,0.0,1.0,2.0,2.0,2.0000000000000284
2007-06-14,0.0,2007,6,14,2,17,0.0,0.0,2.0,2.0,2.0000000000000284
2007-06-15,0.0,2007,6,15,2,17,0.0,0.0,1.0,2.0,2.0000000000000284
2007-06-16,0.0,2007,6,16,2,17,0.0,0.0,0.0,2.0,2.0000000000000284
2007-06-17,0.0,2007,6,17,2,17,0.0,0.0,0.0,1.0,2.0000000000000284
2007-06-18,0.0,2007,6,18,2,17,0.0,0.0,0.0,0.0,2.0000000000000284
2007-06-19,5.0,2007,6,19,2,17,5.0,5.0,5.0,5.0,7.000000000000028
2007-06-20,13.0,2007,6,20,2,17,13.0,18.0,18.0,18.0,19.00000000000003
2007-06-21,3.0,2007,6,21,3,18,3.0,21.0,21.0,21.0,21.00000000000003
2007-06-22,0.0,2007,6,22,3,18,0.0,16.0,21.0,21.0,21.00000000000003
2007-06-23,5.0,2007,6,23,3,18,5.0,8.0,26.0,26.0,26.00000000000003
2007-06-24,0.0,2007,6,24,3,18,0.0,5.0,21.0,26.0,26.00000000000003
2007-06-25,0.0,2007,6,25,3,18,0.0,5.0,8.0,26.0,26.00000000000003
2007-06-26,0.0,2007,6,26,3,18,0.0,0.0,5.0,21.0,26.00000000000003
2007-06-27,0.0,2007,6,27,3,18,0.0,0.0,5.0,8.0,26.00000000000003
2007-06-28,2.0,2007,6,28,3,18,2.0,2.0,2.0,7.0,28.00000000000003
2007-06-29,8.0,2007,6,29,3,18,8.0,10.0,10.0,15.0,31.00000000000003
2007-06-30,0.0,2007,6,30,3,18,0.0,10.0,10.0,10.0,18.00000000000003
2007-07-01,0.0,2007,7,1,1,19,0.0,8.0,10.0,10.0,15.000000000000028
2007-07-02,2.0,2007,7,2,1,19,2.0,2.0,12.0,12.0,17.00000000000003
2007-07-03,0.0,2007,7,3,1,19,0.0,2.0,10.0,12.0,12.000000000000028
2007-07-04,0.0,2007,7,4,1,19,0.0,2.0,2.0,12.0,12.000000000000028
2007-07-05,0.0,2007,7,5,1,19,0.0,0.0,2.0,10.0,12.000000000000028
2007-07-06,0.0,2007,7,6,1,19,0.0,0.0,2.0,2.0,12.000000000000028
2007-07-07,3.0,2007,7,7,1,19,3.0,3.0,3.0,5.0,15.000000000000028
2007-07-08,32.0,2007,7,8,1,19,32.0,35.0,35.0,37.0,45.00000000000003
2007-07-09,7.0,2007,7,9,1,19,7.0,42.0,42.0,42.0,44.00000000000003
2007-07-10,0.0,2007,7,10,1,19,0.0,39.0,42.0,42.0,44.00000000000003
2007-07-11,0.0,2007,7,11,2,20,0.0,7.0,42.0,42.0,44.00000000000003
2007-07-12,0.0,2007,7,12,2,20,0.0,0.0,39.0,42.0,42.00000000000003
2007-07-13,0.0,2007,7,13,2,20,0.0,0.0,7.0,42.0,42.00000000000003
2007-07-14,0.0,2007,7,14,2,20,0.0,0.0,0.0,39.0,42.00000000000003
2007-07-15,0.0,2007,7,15,2,20,0.0,0.0,0.0,7.0,42.00000000000003
2007-07-16,0.0,2007,7,16,2,20,0.0,0.0,0.0,0.0,42.00000000000003
2007-07-17,0.0,2007,7,17,2,20,0.0,0.0,0.0,0.0,39.00000000000003
2007-07-18,0.0,2007,7,18,2,20,0.0,0.0,0.0,0.0,7.000000000000028
2007-07-19,0.0,2007,7,19,2,20,0.0,0.0,0.0,0.0,0.0
2007-07-20,0.0,2007,7,20,2,20,0.0,0.0,0.0,0.0,0.0
2007-07-21,4.0,2007,7,21,3,21,4.0,4.0,4.0,4.0,4.000000000000028
2007-07-22,0.0,2007,7,22,3,21,0.0,4.0,4.0,4.0,4.000000000000028
2007-07-23,0.0,2007,7,23,3,21,0.0,4.0,4.0,4.0,4.000000000000028
2007-07-24,0.0,2007,7,24,3,21,0.0,0.0,4.0,4.0,4.000000000000028
2007-07-25,0.0,2007,7,25,3,21,0.0,0.0,4.0,4.0,4.000000000000028
2007-07-26,0.0,2007,7,26,3,21,0.0,0.0,0.0,4.0,4.000000000000028
2007-07-27,0.0,2007,7,27,3,21,0.0,0.0,0.0,4.0,4.000000000000028
2007-07-28,0.0,2007,7,28,3,21,0.0,0.0,0.0,0.0,4.000000000000028
2007-07-29,0.0,2007,7,29,3,21,0.0,0.0,0.0,0.0,4.000000000000028
2007-07-30,0.0,2007,7,30,3,21,0.0,0.0,0.0,0.0,4.000000000000028
2007-07-31,0.0,2007,7,31,3,21,0.0,0.0,0.0,0.0,0.0
2007-08-01,0.0,2007,8,1,1,22,0.0,0.0,0.0,0.0,0.0
2007-08-02,0.0,2007,8,2,1,22,0.0,0.0,0.0,0.0,0.0
2007-08-03,0.0,2007,8,3,1,22,0.0,0.0,0.0,0.0,0.0
2007-08-04,0.0,2007,8,4,1,22,0.0,0.0,0.0,0.0,0.0
2007-08-05,0.0,2007,8,5,1,22,0.0,0.0,0.0,0.0,0.0
2007-08-06,0.0,2007,8,6,1,22,0.0,0.0,0.0,0.0,0.0
2007-08-07,0.0,2007,8,7,1,22,0.0,0.0,0.0,0.0,0.0
2007-08-08,0.0,2007,8,8,1,22,0.0,0.0,0.0,0.0,0.0
2007-08-09,0.0,2007,8,9,1,22,0.0,0.0,0.0,0.0,0.0
2007-08-10,0.0,2007,8,10,1,22,0.0,0.0,0.0,0.0,0.0
2007-08-11,0.0,2007,8,11,2,23,0.0,0.0,0.0,0.0,0.0
2007-08-12,0.0,2007,8,12,2,23,0.0,0.0,0.0,0.0,0.0
2007-08-13,0.0,2007,8,13,2,23,0.0,0.0,0.0,0.0,0.0
2007-08-14,0.0,2007,8,14,2,23,0.0,0.0,0.0,0.0,0.0
2007-08-15,0.0,2007,8,15,2,23,0.0,0.0,0.0,0.0,0.0
2007-08-16,1.0,2007,8,16,2,23,1.0,1.0,1.0,1.0,1.0000000000000284
2007-08-17,0.0,2007,8,17,2,23,0.0,1.0,1.0,1.0,1.0000000000000284
2007-08-18,0.0,2007,8,18,2,23,0.0,1.0,1.0,1.0,1.0000000000000284
2007-08-19,0.0,2007,8,19,2,23,0.0,0.0,1.0,1.0,1.0000000000000284
2007-08-20,0.0,2007,8,20,2,23,0.0,0.0,1.0,1.0,1.0000000000000284
2007-08-21,0.0,2007,8,21,3,24,0.0,0.0,0.0,1.0,1.0000000000000284
2007-08-22,0.0,2007,8,22,3,24,0.0,0.0,0.0,1.0,1.0000000000000284
2007-08-23,1.0,2007,8,23,3,24,1.0,1.0,1.0,1.0,2.0000000000000284
2007-08-24,0.0,2007,8,24,3,24,0.0,1.0,1.0,1.0,2.0000000000000284
2007-08-25,0.0,2007,8,25,3,24,0.0,1.0,1.0,1.0,2.0000000000000284
2007-08-26,0.0,2007,8,26,3,24,0.0,0.0,1.0,1.0,1.0000000000000284
2007-08-27,0.0,2007,8,27,3,24,0.0,0.0,1.0,1.0,1.0000000000000284
2007-08-28,0.0,2007,8,28,3,24,0.0,0.0,0.0,1.0,1.0000000000000284
2007-08-29,0.0,2007,8,29,3,24,0.0,0.0,0.0,1.0,1.0000000000000284
2007-08-30,0.0,2007,8,30,3,24,0.0,0.0,0.0,0.0,1.0000000000000284
2007-08-31,0.0,2007,8,31,3,24,0.0,0.0,0.0,0.0,1.0000000000000284
2007-09-01,0.0,2007,9,1,1,25,0.0,0.0,0.0,0.0,1.0000000000000284
2007-09-02,0.0,2007,9,2,1,25,0.0,0.0,0.0,0.0,0.0
2007-09-03,0.0,2007,9,3,1,25,0.0,0.0,0.0,0.0,0.0
2007-09-04,0.0,2007,9,4,1,25,0.0,0.0,0.0,0.0,0.0
2007-09-05,0.0,2007,9,5,1,25,0.0,0.0,0.0,0.0,0.0
2007-09-06,0.0,2007,9,6,1,25,0.0,0.0,0.0,0.0,0.0
2007-09-07,0.0,2007,9,7,1,25,0.0,0.0,0.0,0.0,0.0
2007-09-08,0.0,2007,9,8,1,25,0.0,0.0,0.0,0.0,0.0
2007-09-09,1.0,2007,9,9,1,25,1.0,1.0,1.0,1.0,1.0000000000000284
2007-09-10,0.0,2007,9,10,1,25,0.0,1.0,1.0,1.0,1.0000000000000284
2007-09-11,0.0,2007,9,11,2,26,0.0,1.0,1.0,1.0,1.0000000000000284
2007-09-12,0.0,2007,9,12,2,26,0.0,0.0,1.0,1.0,1.0000000000000284
2007-09-13,0.0,2007,9,13,2,26,0.0,0.0,1.0,1.0,1.0000000000000284
2007-09-14,0.0,2007,9,14,2,26,0.0,0.0,0.0,1.0,1.0000000000000284
2007-09-15,0.0,2007,9,15,2,26,0.0,0.0,0.0,1.0,1.0000000000000284
2007-09-16,0.0,2007,9,16,2,26,0.0,0.0,0.0,0.0,1.0000000000000284
2007-09-17,0.0,2007,9,17,2,26,0.0,0.0,0.0,0.0,1.0000000000000284
2007-09-18,3.0,2007,9,18,2,26,3.0,3.0,3.0,3.0,4.000000000000028
2007-09-19,4.0,2007,9,19,2,26,4.0,7.0,7.0,7.0,7.000000000000028
2007-09-20,0.0,2007,9,20,2,26,0.0,7.0,7.0,7.0,7.000000000000028
2007-09-21,0.0,2007,9,21,3,27,0.0,4.0,7.0,7.0,7.000000000000028
2007-09-22,0.0,2007,9,22,3,27,0.0,0.0,7.0,7.0,7.000000000000028
2007-09-23,0.0,2007,9,23,3,27,0.0,0.0,4.0,7.0,7.000000000000028
2007-09-24,0.0,2007,9,24,3,27,0.0,0.0,0.0,7.0,7.000000000000028
2007-09-25,0.0,2007,9,25,3,27,0.0,0.0,0.0,4.0,7.000000000000028
2007-09-26,0.0,2007,9,26,3,27,0.0,0.0,0.0,0.0,7.000000000000028
2007-09-27,0.0,2007,9,27,3,27,0.0,0.0,0.0,0.0,7.000000000000028
2007-09-28,0.0,2007,9,28,3,27,0.0,0.0,0.0,0.0,4.000000000000028
2007-09-29,0.0,2007,9,29,3,27,0.0,0.0,0.0,0.0,0.0
2007-09-30,0.0,2007,9,30,3,27,0.0,0.0,0.0,0.0,0.0
2007-10-01,0.0,2007,10,1,1,28,0.0,0.0,0.0,0.0,0.0
2007-10-02,0.0,2007,10,2,1,28,0.0,0.0,0.0,0.0,0.0
2007-10-03,0.0,2007,10,3,1,28,0.0,0.0,0.0,0.0,0.0
2007-10-04,0.0,2007,10,4,1,28,0.0,0.0,0.0,0.0,0.0
2007-10-05,0.0,2007,10,5,1,28,0.0,0.0,0.0,0.0,0.0
2007-10-06,0.0,2007,10,6,1,28,0.0,0.0,0.0,0.0,0.0
2007-10-07,0.0,2007,10,7,1,28,0.0,0.0,0.0,0.0,0.0
2007-10-08,22.0,2007,10,8,1,28,22.0,22.0,22.0,22.0,22.00000000000003
2007-10-09,2.0,2007,10,9,1,28,2.0,24.0,24.0,24.0,24.00000000000003
2007-10-10,0.0,2007,10,10,1,28,0.0,24.0,24.0,24.0,24.00000000000003
2007-10-11,0.0,2007,10,11,2,29,0.0,2.0,24.0,24.0,24.00000000000003
2007-10-12,0.0,2007,10,12,2,29,0.0,0.0,24.0,24.0,24.00000000000003
2007-10-13,3.0,2007,10,13,2,29,3.0,3.0,5.0,27.0,27.00000000000003
2007-10-14,0.0,2007,10,14,2,29,0.0,3.0,3.0,27.0,27.00000000000003
2007-10-15,0.0,2007,10,15,2,29,0.0,3.0,3.0,5.0,27.00000000000003
2007-10-16,0.0,2007,10,16,2,29,0.0,0.0,3.0,3.0,27.00000000000003
2007-10-17,0.0,2007,10,17,2,29,0.0,0.0,3.0,3.0,27.00000000000003
2007-10-18,0.0,2007,10,18,2,29,0.0,0.0,0.0,3.0,5.000000000000028
2007-10-19,0.0,2007,10,19,2,29,0.0,0.0,0.0,3.0,3.0000000000000284
2007-10-20,0.0,2007,10,20,2,29,0.0,0.0,0.0,0.0,3.0000000000000284
2007-10-21,0.0,2007,10,21,3,30,0.0,0.0,0.0,0.0,3.0000000000000284
2007-10-22,0.0,2007,10,22,3,30,0.0,0.0,0.0,0.0,3.0000000000000284
2007-10-23,30.0,2007,10,23,3,30,30.0,30.0,30.0,30.0,30.00000000000003
2007-10-24,7.0,2007,10,24,3,30,7.0,37.0,37.0,37.0,37.00000000000003
2007-10-25,0.0,2007,10,25,3,30,0.0,37.0,37.0,37.0,37.00000000000003
2007-10-26,0.0,2007,10,26,3,30,0.0,7.0,37.0,37.0,37.00000000000003
2007-10-27,47.0,2007,10,27,3,30,47.0,47.0,84.0,84.0,84.00000000000003
2007-10-28,0.0,2007,10,28,3,30,0.0,47.0,54.0,84.0,84.00000000000003
2007-10-29,0.0,2007,10,29,3,30,0.0,47.0,47.0,84.0,84.00000000000003
2007-10-30,0.0,2007,10,30,3,30,0.0,0.0,47.0,54.0,84.00000000000003
2007-10-31,7.0,2007,10,31,3,30,7.0,7.0,54.0,54.0,91.00000000000003
2007-11-01,3.0,2007,11,1,1,31,3.0,10.0,10.0,57.0,94.00000000000003
2007-11-02,0.0,2007,11,2,1,31,0.0,10.0,10.0,57.0,64.00000000000003
2007-11-03,0.0,2007,11,3,1,31,0.0,3.0,10.0,10.0,57.00000000000003
2007-11-04,0.0,2007,11,4,1,31,0.0,0.0,10.0,10.0,57.00000000000003
2007-11-05,0.0,2007,11,5,1,31,0.0,0.0,3.0,10.0,57.00000000000003
2007-11-06,0.0,2007,11,6,1,31,0.0,0.0,0.0,10.0,10.000000000000028
2007-11-07,14.0,2007,11,7,1,31,14.0,14.0,14.0,17.0,24.00000000000003
2007-11-08,0.0,2007,11,8,1,31,0.0,14.0,14.0,14.0,24.00000000000003
2007-11-09,0.0,2007,11,9,1,31,0.0,14.0,14.0,14.0,24.00000000000003
2007-11-10,23.0,2007,11,10,1,31,23.0,23.0,37.0,37.0,40.00000000000003
2007-11-11,10.0,2007,11,11,2,32,10.0,33.0,47.0,47.0,47.00000000000003
2007-11-12,6.0,2007,11,12,2,32,6.0,39.0,39.0,53.0,53.00000000000003
2007-11-13,0.0,2007,11,13,2,32,0.0,16.0,39.0,53.0,53.00000000000003
2007-11-14,0.0,2007,11,14,2,32,0.0,6.0,39.0,39.0,53.00000000000003
2007-11-15,0.0,2007,11,15,2,32,0.0,0.0,16.0,39.0,53.00000000000003
2007-11-16,12.0,2007,11,16,2,32,12.0,12.0,18.0,51.0,65.00000000000003
2007-11-17,0.0,2007,11,17,2,32,0.0,12.0,12.0,28.0,51.00000000000003
2007-11-18,4.0,2007,11,18,2,32,4.0,16.0,16.0,22.0,55.00000000000003
2007-11-19,0.0,2007,11,19,2,32,0.0,4.0,16.0,16.0,55.00000000000003
2007-11-20,0.0,2007,11,20,2,32,0.0,4.0,16.0,16.0,32.00000000000003
2007-11-21,0.0,2007,11,21,3,33,0.0,0.0,4.0,16.0,22.00000000000003
2007-11-22,0.0,2007,11,22,3,33,0.0,0.0,4.0,16.0,16.00000000000003
2007-11-23,0.0,2007,11,23,3,33,0.0,0.0,0.0,4.0,16.00000000000003
2007-11-24,0.0,2007,11,24,3,33,0.0,0.0,0.0,4.0,16.00000000000003
2007-11-25,0.0,2007,11,25,3,33,0.0,0.0,0.0,0.0,16.00000000000003
2007-11-26,0.0,2007,11,26,3,33,0.0,0.0,0.0,0.0,4.000000000000028
2007-11-27,0.0,2007,11,27,3,33,0.0,0.0,0.0,0.0,4.000000000000028
2007-11-28,0.0,2007,11,28,3,33,0.0,0.0,0.0,0.0,0.0
2007-11-29,0.0,2007,11,29,3,33,0.0,0.0,0.0,0.0,0.0
2007-11-30,1.0,2007,11,30,3,33,1.0,1.0,1.0,1.0,1.0000000000000284
2007-12-01,0.0,2007,12,1,1,34,0.0,1.0,1.0,1.0,1.0000000000000284
2007-12-02,0.0,2007,12,2,1,34,0.0,1.0,1.0,1.0,1.0000000000000284
2007-12-03,12.0,2007,12,3,1,34,12.0,12.0,13.0,13.0,13.000000000000028
2007-12-04,6.0,2007,12,4,1,34,6.0,18.0,19.0,19.0,19.00000000000003
2007-12-05,1.0,2007,12,5,1,34,1.0,19.0,19.0,20.0,20.00000000000003
2007-12-06,23.0,2007,12,6,1,34,23.0,30.0,42.0,43.0,43.00000000000003
2007-12-07,8.0,2007,12,7,1,34,8.0,32.0,50.0,50.0,51.00000000000003
2007-12-08,0.0,2007,12,8,1,34,0.0,31.0,38.0,50.0,51.00000000000003
2007-12-09,1.0,2007,12,9,1,34,1.0,9.0,33.0,51.0,52.00000000000003
2007-12-10,0.0,2007,12,10,1,34,0.0,1.0,32.0,39.0,51.00000000000003
2007-12-11,0.0,2007,12,11,2,35,0.0,1.0,9.0,33.0,51.00000000000003
2007-12-12,2.0,2007,12,12,2,35,2.0,2.0,3.0,34.0,53.00000000000003
2007-12-13,1.0,2007,12,13,2,35,1.0,3.0,4.0,12.0,42.00000000000003
2007-12-14,0.0,2007,12,14,2,35,0.0,3.0,3.0,4.0,36.00000000000003
2007-12-15,1.0,2007,12,15,2,35,1.0,2.0,4.0,5.0,36.00000000000003
2007-12-16,9.0,2007,12,16,2,35,9.0,10.0,13.0,13.0,22.00000000000003
2007-12-17,1.0,2007,12,17,2,35,1.0,11.0,12.0,14.0,15.000000000000028
2007-12-18,10.0,2007,12,18,2,35,10.0,20.0,21.0,24.0,25.00000000000003
2007-12-19,0.0,2007,12,19,2,35,0.0,11.0,21.0,22.0,24.00000000000003
2007-12-20,1.0,2007,12,20,2,35,1.0,11.0,21.0,22.0,25.00000000000003
2007-12-21,23.0,2007,12,21,3,36,23.0,24.0,35.0,45.0,48.00000000000003
2007-12-22,0.0,2007,12,22,3,36,0.0,24.0,34.0,44.0,46.00000000000003
2007-12-23,7.0,2007,12,23,3,36,7.0,30.0,31.0,42.0,52.00000000000003
2007-12-24,0.0,2007,12,24,3,36,0.0,7.0,31.0,41.0,52.00000000000003
2007-12-25,29.0,2007,12,25,3,36,29.0,36.0,59.0,60.0,80.00000000000003
2007-12-26,0.0,2007,12,26,3,36,0.0,29.0,36.0,60.0,71.00000000000003
2007-12-27,0.0,2007,12,27,3,36,0.0,29.0,36.0,59.0,70.00000000000003
2007-12-28,0.0,2007,12,28,3,36,0.0,0.0,29.0,36.0,60.00000000000003
2007-12-29,23.0,2007,12,29,3,36,23.0,23.0,52.0,59.0,83.00000000000003
2007-12-30,2.0,2007,12,30,3,36,2.0,25.0,25.0,54.0,84.00000000000003
2007-12-31,14.0,2007,12,31,3,36,14.0,39.0,39.0,68.0,75.00000000000003
2008-01-01,39.0,2008,1,1,1,1,39.0,55.0,78.0,78.0,114.00000000000003
2008-01-02,86.0,2008,1,2,1,1,86.0,139.0,164.0,164.0,193.00000000000003
2008-01-03,3.0,2008,1,3,1,1,3.0,128.0,144.0,167.0,196.00000000000003
2008-01-04,87.0,2008,1,4,1,1,87.0,176.0,229.0,254.0,254.00000000000003
2008-01-05,7.0,2008,1,5,1,1,7.0,97.0,222.0,238.0,261.0
2008-01-06,1.0,2008,1,6,1,1,1.0,95.0,184.0,237.0,262.0
2008-01-07,1.0,2008,1,7,1,1,1.0,9.0,99.0,224.0,263.0
2008-01-08,3.0,2008,1,8,1,1,3.0,5.0,99.0,188.0,243.00000000000003
2008-01-09,0.0,2008,1,9,1,1,0.0,4.0,12.0,102.0,241.00000000000003
2008-01-10,0.0,2008,1,10,1,1,0.0,3.0,5.0,99.0,227.00000000000003
2008-01-11,0.0,2008,1,11,2,2,0.0,0.0,4.0,12.0,188.00000000000003
2008-01-12,0.0,2008,1,12,2,2,0.0,0.0,3.0,5.0,102.00000000000003
2008-01-13,0.0,2008,1,13,2,2,0.0,0.0,0.0,4.0,99.00000000000003
2008-01-14,0.0,2008,1,14,2,2,0.0,0.0,0.0,3.0,12.000000000000028
2008-01-15,4.0,2008,1,15,2,2,4.0,4.0,4.0,4.0,9.000000000000028
2008-01-16,0.0,2008,1,16,2,2,0.0,4.0,4.0,4.0,8.000000000000028
2008-01-17,1.0,2008,1,17,2,2,1.0,5.0,5.0,5.0,8.000000000000028
2008-01-18,1.0,2008,1,18,2,2,1.0,2.0,6.0,6.0,6.000000000000028
2008-01-19,8.0,2008,1,19,2,2,8.0,10.0,14.0,14.0,14.000000000000028
2008-01-20,16.0,2008,1,20,2,2,16.0,25.0,26.0,30.0,30.00000000000003
2008-01-21,0.0,2008,1,21,3,3,0.0,24.0,26.0,30.0,30.00000000000003
2008-01-22,0.0,2008,1,22,3,3,0.0,16.0,25.0,26.0,30.00000000000003
2008-01-23,8.0,2008,1,23,3,3,8.0,8.0,32.0,34.0,38.00000000000003
2008-01-24,0.0,2008,1,24,3,3,0.0,8.0,24.0,33.0,38.00000000000003
2008-01-25,4.0,2008,1,25,3,3,4.0,12.0,12.0,36.0,38.00000000000003
2008-01-26,0.0,2008,1,26,3,3,0.0,4.0,12.0,28.0,38.00000000000003
2008-01-27,0.0,2008,1,27,3,3,0.0,4.0,12.0,12.0,37.00000000000003
2008-01-28,0.0,2008,1,28,3,3,0.0,0.0,4.0,12.0,36.00000000000003
2008-01-29,0.0,2008,1,29,3,3,0.0,0.0,4.0,12.0,28.00000000000003
2008-01-30,0.0,2008,1,30,3,3,0.0,0.0,0.0,4.0,12.000000000000028
2008-01-31,0.0,2008,1,31,3,3,0.0,0.0,0.0,4.0,12.000000000000028
2008-02-01,19.0,2008,2,1,1,4,19.0,19.0,19.0,19.0,31.00000000000003
2008-02-02,23.0,2008,2,2,1,4,23.0,42.0,42.0,42.0,46.00000000000003
2008-02-03,39.0,2008,2,3,1,4,39.0,81.0,81.0,81.0,85.00000000000003
2008-02-04,0.0,2008,2,4,1,4,0.0,62.0,81.0,81.0,81.00000000000003
2008-02-05,15.0,2008,2,5,1,4,15.0,54.0,96.0,96.0,96.00000000000003
2008-02-06,5.0,2008,2,6,1,4,5.0,20.0,82.0,101.0,101.00000000000003
2008-02-07,7.0,2008,2,7,1,4,7.0,27.0,66.0,108.0,108.00000000000003
2008-02-08,2.0,2008,2,8,1,4,2.0,14.0,29.0,91.0,110.00000000000003
2008-02-09,5.0,2008,2,9,1,4,5.0,14.0,34.0,73.0,115.00000000000003
2008-02-10,4.0,2008,2,10,1,4,4.0,11.0,23.0,38.0,119.00000000000003
2008-02-11,8.0,2008,2,11,2,5,8.0,17.0,26.0,46.0,108.00000000000003
2008-02-12,5.0,2008,2,12,2,5,5.0,17.0,24.0,36.0,90.00000000000003
2008-02-13,6.0,2008,2,13,2,5,6.0,19.0,28.0,37.0,57.00000000000003
2008-02-14,29.0,2008,2,14,2,5,29.0,40.0,52.0,59.0,86.00000000000003
2008-02-15,36.0,2008,2,15,2,5,36.0,71.0,84.0,93.0,107.00000000000003
2008-02-16,0.0,2008,2,16,2,5,0.0,65.0,76.0,88.0,102.00000000000003
2008-02-17,11.0,2008,2,17,2,5,11.0,47.0,82.0,95.0,106.00000000000003
2008-02-18,0.0,2008,2,18,2,5,0.0,11.0,76.0,87.0,104.00000000000003
2008-02-19,49.0,2008,2,19,2,5,49.0,60.0,96.0,131.0,148.00000000000003
2008-02-20,0.0,2008,2,20,2,5,0.0,49.0,60.0,125.0,144.00000000000003
2008-02-21,2.0,2008,2,21,3,6,2.0,51.0,62.0,98.0,138.00000000000003
2008-02-22,31.0,2008,2,22,3,6,31.0,33.0,82.0,93.0,164.00000000000003
2008-02-23,8.0,2008,2,23,3,6,8.0,41.0,90.0,101.0,166.00000000000003
2008-02-24,1.0,2008,2,24,3,6,1.0,40.0,42.0,91.0,138.00000000000003
2008-02-25,8.0,2008,2,25,3,6,8.0,17.0,50.0,99.0,110.00000000000003
2008-02-26,9.0,2008,2,26,3,6,9.0,18.0,57.0,59.0,119.00000000000003
2008-02-27,1.0,2008,2,27,3,6,1.0,18.0,27.0,60.0,109.00000000000003
2008-02-28,19.0,2008,2,28,3,6,19.0,29.0,38.0,77.0,128.00000000000003
2008-02-29,7.0,2008,2,29,3,6,7.0,27.0,44.0,53.0,86.00000000000003
2008-03-01,39.0,2008,3,1,1,7,39.0,65.0,75.0,84.0,125.00000000000003
2008-03-02,0.0,2008,3,2,1,7,0.0,46.0,66.0,83.0,123.00000000000003
2008-03-03,1.0,2008,3,3,1,7,1.0,40.0,66.0,76.0,93.00000000000003
2008-03-04,4.0,2008,3,4,1,7,4.0,5.0,51.0,71.0,89.00000000000003
2008-03-05,4.0,2008,3,5,1,7,4.0,9.0,48.0,74.0,92.00000000000003
2008-03-06,0.0,2008,3,6,1,7,0.0,8.0,9.0,55.0,84.00000000000003
2008-03-07,0.0,2008,3,7,1,7,0.0,4.0,9.0,48.0,75.00000000000003
2008-03-08,0.0,2008,3,8,1,7,0.0,0.0,8.0,9.0,74.00000000000003
2008-03-09,1.0,2008,3,9,1,7,1.0,1.0,5.0,10.0,56.00000000000003
2008-03-10,0.0,2008,3,10,1,7,0.0,1.0,1.0,9.0,49.00000000000003
2008-03-11,13.0,2008,3,11,2,8,13.0,14.0,14.0,18.0,23.00000000000003
2008-03-12,15.0,2008,3,12,2,8,15.0,28.0,29.0,29.0,38.00000000000003
2008-03-13,0.0,2008,3,13,2,8,0.0,28.0,29.0,29.0,37.00000000000003
2008-03-14,1.0,2008,3,14,2,8,1.0,16.0,29.0,30.0,34.00000000000003
2008-03-15,0.0,2008,3,15,2,8,0.0,1.0,29.0,30.0,30.00000000000003
2008-03-16,8.0,2008,3,16,2,8,8.0,9.0,24.0,37.0,38.00000000000003
2008-03-17,0.0,2008,3,17,2,8,0.0,8.0,9.0,37.0,38.00000000000003
2008-03-18,0.0,2008,3,18,2,8,0.0,8.0,9.0,24.0,38.00000000000003
2008-03-19,0.0,2008,3,19,2,8,0.0,0.0,8.0,9.0,37.00000000000003
2008-03-20,39.0,2008,3,20,2,8,39.0,39.0,47.0,48.0,76.00000000000003
2008-03-21,0.0,2008,3,21,3,9,0.0,39.0,39.0,47.0,63.00000000000003
2008-03-22,4.0,2008,3,22,3,9,4.0,43.0,43.0,51.0,52.00000000000003
2008-03-23,0.0,2008,3,23,3,9,0.0,4.0,43.0,43.0,52.00000000000003
2008-03-24,1.0,2008,3,24,3,9,1.0,5.0,44.0,44.0,52.00000000000003
2008-03-25,0.0,2008,3,25,3,9,0.0,1.0,5.0,44.0,52.00000000000003
2008-03-26,0.0,2008,3,26,3,9,0.0,1.0,5.0,44.0,44.00000000000003
2008-03-27,0.0,2008,3,27,3,9,0.0,0.0,1.0,5.0,44.00000000000003
2008-03-28,3.0,2008,3,28,3,9,3.0,3.0,4.0,8.0,47.00000000000003
2008-03-29,0.0,2008,3,29,3,9,0.0,3.0,3.0,4.0,47.00000000000003
2008-03-30,0.0,2008,3,30,3,9,0.0,3.0,3.0,4.0,8.000000000000028
2008-03-31,0.0,2008,3,31,3,9,0.0,0.0,3.0,3.0,8.000000000000028
2008-04-01,0.0,2008,4,1,1,10,0.0,0.0,3.0,3.0,4.000000000000028
2008-04-02,0.0,2008,4,2,1,10,0.0,0.0,0.0,3.0,4.000000000000028
2008-04-03,0.0,2008,4,3,1,10,0.0,0.0,0.0,3.0,3.0000000000000284
2008-04-04,0.0,2008,4,4,1,10,0.0,0.0,0.0,0.0,3.0000000000000284
2008-04-05,13.0,2008,4,5,1,10,13.0,13.0,13.0,13.0,16.00000000000003
2008-04-06,0.0,2008,4,6,1,10,0.0,13.0,13.0,13.0,16.00000000000003
2008-04-07,0.0,2008,4,7,1,10,0.0,13.0,13.0,13.0,13.000000000000028
2008-04-08,0.0,2008,4,8,1,10,0.0,0.0,13.0,13.0,13.000000000000028
2008-04-09,0.0,2008,4,9,1,10,0.0,0.0,13.0,13.0,13.000000000000028
2008-04-10,2.0,2008,4,10,1,10,2.0,2.0,2.0,15.0,15.000000000000028
2008-04-11,26.0,2008,4,11,2,11,26.0,28.0,28.0,41.0,41.00000000000003
2008-04-12,5.0,2008,4,12,2,11,5.0,33.0,33.0,33.0,46.00000000000003
2008-04-13,4.0,2008,4,13,2,11,4.0,35.0,37.0,37.0,50.00000000000003
2008-04-14,0.0,2008,4,14,2,11,0.0,9.0,37.0,37.0,50.00000000000003
2008-04-15,0.0,2008,4,15,2,11,0.0,4.0,35.0,37.0,37.00000000000003
2008-04-16,9.0,2008,4,16,2,11,9.0,9.0,18.0,46.0,46.00000000000003
2008-04-17,0.0,2008,4,17,2,11,0.0,9.0,13.0,44.0,46.00000000000003
2008-04-18,0.0,2008,4,18,2,11,0.0,9.0,9.0,18.0,46.00000000000003
2008-04-19,0.0,2008,4,19,2,11,0.0,0.0,9.0,13.0,46.00000000000003
2008-04-20,6.0,2008,4,20,2,11,6.0,6.0,15.0,15.0,50.00000000000003
2008-04-21,15.0,2008,4,21,3,12,15.0,21.0,21.0,30.0,39.00000000000003
2008-04-22,6.0,2008,4,22,3,12,6.0,27.0,27.0,36.0,40.00000000000003
2008-04-23,1.0,2008,4,23,3,12,1.0,22.0,28.0,28.0,37.00000000000003
2008-04-24,0.0,2008,4,24,3,12,0.0,7.0,28.0,28.0,37.00000000000003
2008-04-25,0.0,2008,4,25,3,12,0.0,1.0,22.0,28.0,37.00000000000003
2008-04-26,0.0,2008,4,26,3,12,0.0,0.0,7.0,28.0,28.00000000000003
2008-04-27,0.0,2008,4,27,3,12,0.0,0.0,1.0,22.0,28.00000000000003
2008-04-28,0.0,2008,4,28,3,12,0.0,0.0,0.0,7.0,28.00000000000003
2008-04-29,0.0,2008,4,29,3,12,0.0,0.0,0.0,1.0,28.00000000000003
2008-04-30,2.0,2008,4,30,3,12,2.0,2.0,2.0,2.0,24.00000000000003
2008-05-01,0.0,2008,5,1,1,13,0.0,2.0,2.0,2.0,9.000000000000028
2008-05-02,0.0,2008,5,2,1,13,0.0,2.0,2.0,2.0,3.0000000000000284
2008-05-03,0.0,2008,5,3,1,13,0.0,0.0,2.0,2.0,2.0000000000000284
2008-05-04,0.0,2008,5,4,1,13,0.0,0.0,2.0,2.0,2.0000000000000284
2008-05-05,7.0,2008,5,5,1,13,7.0,7.0,7.0,9.0,9.000000000000028
2008-05-06,0.0,2008,5,6,1,13,0.0,7.0,7.0,9.0,9.000000000000028
2008-05-07,30.0,2008,5,7,1,13,30.0,37.0,37.0,37.0,39.00000000000003
2008-05-08,0.0,2008,5,8,1,13,0.0,30.0,37.0,37.0,39.00000000000003
2008-05-09,0.0,2008,5,9,1,13,0.0,30.0,37.0,37.0,39.00000000000003
2008-05-10,0.0,2008,5,10,1,13,0.0,0.0,30.0,37.0,37.00000000000003
2008-05-11,0.0,2008,5,11,2,14,0.0,0.0,30.0,37.0,37.00000000000003
2008-05-12,0.0,2008,5,12,2,14,0.0,0.0,0.0,30.0,37.00000000000003
2008-05-13,0.0,2008,5,13,2,14,0.0,0.0,0.0,30.0,37.00000000000003
2008-05-14,0.0,2008,5,14,2,14,0.0,0.0,0.0,0.0,37.00000000000003
2008-05-15,0.0,2008,5,15,2,14,0.0,0.0,0.0,0.0,30.00000000000003
2008-05-16,3.0,2008,5,16,2,14,3.0,3.0,3.0,3.0,33.00000000000003
2008-05-17,0.0,2008,5,17,2,14,0.0,3.0,3.0,3.0,3.0000000000000284
2008-05-18,0.0,2008,5,18,2,14,0.0,3.0,3.0,3.0,3.0000000000000284
2008-05-19,0.0,2008,5,19,2,14,0.0,0.0,3.0,3.0,3.0000000000000284
2008-05-20,1.0,2008,5,20,2,14,1.0,1.0,4.0,4.0,4.000000000000028
2008-05-21,15.0,2008,5,21,3,15,15.0,16.0,16.0,19.0,19.00000000000003
2008-05-22,0.0,2008,5,22,3,15,0.0,16.0,16.0,19.0,19.00000000000003
2008-05-23,1.0,2008,5,23,3,15,1.0,16.0,17.0,17.0,20.00000000000003
2008-05-24,0.0,2008,5,24,3,15,0.0,1.0,17.0,17.0,20.00000000000003
2008-05-25,37.0,2008,5,25,3,15,37.0,38.0,53.0,54.0,57.00000000000003
2008-05-26,0.0,2008,5,26,3,15,0.0,37.0,38.0,54.0,54.00000000000003
2008-05-27,0.0,2008,5,27,3,15,0.0,37.0,38.0,53.0,54.00000000000003
2008-05-28,0.0,2008,5,28,3,15,0.0,0.0,37.0,38.0,54.00000000000003
2008-05-29,0.0,2008,5,29,3,15,0.0,0.0,37.0,38.0,54.00000000000003
2008-05-30,0.0,2008,5,30,3,15,0.0,0.0,0.0,37.0,53.00000000000003
2008-05-31,1.0,2008,5,31,3,15,1.0,1.0,1.0,38.0,39.00000000000003
2008-06-01,0.0,2008,6,1,1,16,0.0,1.0,1.0,1.0,39.00000000000003
2008-06-02,0.0,2008,6,2,1,16,0.0,1.0,1.0,1.0,38.00000000000003
2008-06-03,0.0,2008,6,3,1,16,0.0,0.0,1.0,1.0,38.00000000000003
2008-06-04,0.0,2008,6,4,1,16,0.0,0.0,1.0,1.0,1.0000000000000284
2008-06-05,0.0,2008,6,5,1,16,0.0,0.0,0.0,1.0,1.0000000000000284
2008-06-06,4.0,2008,6,6,1,16,4.0,4.0,4.0,5.0,5.000000000000028
2008-06-07,4.0,2008,6,7,1,16,4.0,8.0,8.0,8.0,9.000000000000028
2008-06-08,0.0,2008,6,8,1,16,0.0,8.0,8.0,8.0,9.000000000000028
2008-06-09,0.0,2008,6,9,1,16,0.0,4.0,8.0,8.0,9.000000000000028
2008-06-10,2.0,2008,6,10,1,16,2.0,2.0,10.0,10.0,10.000000000000028
2008-06-11,0.0,2008,6,11,2,17,0.0,2.0,6.0,10.0,10.000000000000028
2008-06-12,0.0,2008,6,12,2,17,0.0,2.0,2.0,10.0,10.000000000000028
2008-06-13,0.0,2008,6,13,2,17,0.0,0.0,2.0,6.0,10.000000000000028
2008-06-14,19.0,2008,6,14,2,17,19.0,19.0,21.0,21.0,29.00000000000003
2008-06-15,4.0,2008,6,15,2,17,4.0,23.0,23.0,25.0,33.00000000000003
2008-06-16,1.0,2008,6,16,2,17,1.0,24.0,24.0,26.0,30.00000000000003
2008-06-17,0.0,2008,6,17,2,17,0.0,5.0,24.0,24.0,26.00000000000003
2008-06-18,0.0,2008,6,18,2,17,0.0,1.0,24.0,24.0,26.00000000000003
2008-06-19,0.0,2008,6,19,2,17,0.0,0.0,5.0,24.0,26.00000000000003
2008-06-20,14.0,2008,6,20,2,17,14.0,14.0,15.0,38.0,38.00000000000003
2008-06-21,0.0,2008,6,21,3,18,0.0,14.0,14.0,19.0,38.00000000000003
2008-06-22,0.0,2008,6,22,3,18,0.0,14.0,14.0,15.0,38.00000000000003
2008-06-23,0.0,2008,6,23,3,18,0.0,0.0,14.0,14.0,38.00000000000003
2008-06-24,0.0,2008,6,24,3,18,0.0,0.0,14.0,14.0,19.00000000000003
2008-06-25,6.0,2008,6,25,3,18,6.0,6.0,6.0,20.0,21.00000000000003
2008-06-26,0.0,2008,6,26,3,18,0.0,6.0,6.0,20.0,20.00000000000003
2008-06-27,0.0,2008,6,27,3,18,0.0,6.0,6.0,6.0,20.00000000000003
2008-06-28,0.0,2008,6,28,3,18,0.0,0.0,6.0,6.0,20.00000000000003
2008-06-29,0.0,2008,6,29,3,18,0.0,0.0,6.0,6.0,20.00000000000003
2008-06-30,0.0,2008,6,30,3,18,0.0,0.0,0.0,6.0,6.000000000000028
2008-07-01,0.0,2008,7,1,1,19,0.0,0.0,0.0,6.0,6.000000000000028
2008-07-02,0.2,2008,7,2,1,19,0.2,0.2,0.2,0.2,6.200000000000029
2008-07-03,0.0,2008,7,3,1,19,0.0,0.2,0.2,0.2,6.200000000000029
2008-07-04,0.0,2008,7,4,1,19,0.0,0.2,0.2,0.2,6.200000000000029
2008-07-05,0.0,2008,7,5,1,19,0.0,0.0,0.2,0.2,0.20000000000002843
2008-07-06,0.0,2008,7,6,1,19,0.0,0.0,0.2,0.2,0.20000000000002843
2008-07-07,0.0,2008,7,7,1,19,0.0,0.0,0.0,0.2,0.20000000000002843
2008-07-08,0.0,2008,7,8,1,19,0.0,0.0,0.0,0.2,0.20000000000002843
2008-07-09,0.0,2008,7,9,1,19,0.0,0.0,0.0,0.0,0.20000000000002843
2008-07-10,0.0,2008,7,10,1,19,0.0,0.0,0.0,0.0,0.20000000000002843
2008-07-11,0.0,2008,7,11,2,20,0.0,0.0,0.0,0.0,0.20000000000002843
2008-07-12,0.0,2008,7,12,2,20,0.0,0.0,0.0,0.0,0.0
2008-07-13,0.0,2008,7,13,2,20,0.0,0.0,0.0,0.0,0.0
2008-07-14,0.0,2008,7,14,2,20,0.0,0.0,0.0,0.0,0.0
2008-07-15,0.0,2008,7,15,2,20,0.0,0.0,0.0,0.0,0.0
2008-07-16,0.0,2008,7,16,2,20,0.0,0.0,0.0,0.0,0.0
2008-07-17,0.0,2008,7,17,2,20,0.0,0.0,0.0,0.0,0.0
2008-07-18,0.0,2008,7,18,2,20,0.0,0.0,0.0,0.0,0.0
2008-07-19,0.0,2008,7,19,2,20,0.0,0.0,0.0,0.0,0.0
2008-07-20,0.0,2008,7,20,2,20,0.0,0.0,0.0,0.0,0.0
2008-07-21,0.0,2008,7,21,3,21,0.0,0.0,0.0,0.0,0.0
2008-07-22,0.0,2008,7,22,3,21,0.0,0.0,0.0,0.0,0.0
2008-07-23,0.0,2008,7,23,3,21,0.0,0.0,0.0,0.0,0.0
2008-07-24,0.0,2008,7,24,3,21,0.0,0.0,0.0,0.0,0.0
2008-07-25,0.0,2008,7,25,3,21,0.0,0.0,0.0,0.0,0.0
2008-07-26,0.0,2008,7,26,3,21,0.0,0.0,0.0,0.0,0.0
2008-07-27,0.0,2008,7,27,3,21,0.0,0.0,0.0,0.0,0.0
2008-07-28,0.0,2008,7,28,3,21,0.0,0.0,0.0,0.0,0.0
2008-07-29,0.0,2008,7,29,3,21,0.0,0.0,0.0,0.0,0.0
2008-07-30,0.0,2008,7,30,3,21,0.0,0.0,0.0,0.0,0.0
2008-07-31,0.0,2008,7,31,3,21,0.0,0.0,0.0,0.0,0.0
2008-08-01,0.0,2008,8,1,1,22,0.0,0.0,0.0,0.0,0.0
2008-08-02,0.0,2008,8,2,1,22,0.0,0.0,0.0,0.0,0.0
2008-08-03,19.0,2008,8,3,1,22,19.0,19.0,19.0,19.0,19.00000000000003
2008-08-04,0.0,2008,8,4,1,22,0.0,19.0,19.0,19.0,19.00000000000003
2008-08-05,0.0,2008,8,5,1,22,0.0,19.0,19.0,19.0,19.00000000000003
2008-08-06,0.0,2008,8,6,1,22,0.0,0.0,19.0,19.0,19.00000000000003
2008-08-07,0.0,2008,8,7,1,22,0.0,0.0,19.0,19.0,19.00000000000003
2008-08-08,0.0,2008,8,8,1,22,0.0,0.0,0.0,19.0,19.00000000000003
2008-08-09,0.0,2008,8,9,1,22,0.0,0.0,0.0,19.0,19.00000000000003
2008-08-10,0.0,2008,8,10,1,22,0.0,0.0,0.0,0.0,19.00000000000003
2008-08-11,0.0,2008,8,11,2,23,0.0,0.0,0.0,0.0,19.00000000000003
2008-08-12,0.0,2008,8,12,2,23,0.0,0.0,0.0,0.0,19.00000000000003
2008-08-13,0.0,2008,8,13,2,23,0.0,0.0,0.0,0.0,0.0
2008-08-14,0.0,2008,8,14,2,23,0.0,0.0,0.0,0.0,0.0
2008-08-15,0.0,2008,8,15,2,23,0.0,0.0,0.0,0.0,0.0
2008-08-16,6.0,2008,8,16,2,23,6.0,6.0,6.0,6.0,6.000000000000028
2008-08-17,0.0,2008,8,17,2,23,0.0,6.0,6.0,6.0,6.000000000000028
2008-08-18,0.0,2008,8,18,2,23,0.0,6.0,6.0,6.0,6.000000000000028
2008-08-19,0.0,2008,8,19,2,23,0.0,0.0,6.0,6.0,6.000000000000028
2008-08-20,3.0,2008,8,20,2,23,3.0,3.0,9.0,9.0,9.000000000000028
2008-08-21,0.0,2008,8,21,3,24,0.0,3.0,3.0,9.0,9.000000000000028
2008-08-22,0.0,2008,8,22,3,24,0.0,3.0,3.0,9.0,9.000000000000028
2008-08-23,0.0,2008,8,23,3,24,0.0,0.0,3.0,3.0,9.000000000000028
2008-08-24,0.0,2008,8,24,3,24,0.0,0.0,3.0,3.0,9.000000000000028
2008-08-25,0.0,2008,8,25,3,24,0.0,0.0,0.0,3.0,9.000000000000028
2008-08-26,0.0,2008,8,26,3,24,0.0,0.0,0.0,3.0,3.0000000000000284
2008-08-27,0.0,2008,8,27,3,24,0.0,0.0,0.0,0.0,3.0000000000000284
2008-08-28,0.0,2008,8,28,3,24,0.0,0.0,0.0,0.0,3.0000000000000284
2008-08-29,3.0,2008,8,29,3,24,3.0,3.0,3.0,3.0,6.000000000000028
2008-08-30,8.0,2008,8,30,3,24,8.0,11.0,11.0,11.0,11.000000000000028
2008-08-31,34.0,2008,8,31,3,24,34.0,45.0,45.0,45.0,45.00000000000003
2008-09-01,0.0,2008,9,1,1,25,0.0,42.0,45.0,45.0,45.00000000000003
2008-09-02,0.0,2008,9,2,1,25,0.0,34.0,45.0,45.0,45.00000000000003
2008-09-03,0.0,2008,9,3,1,25,0.0,0.0,42.0,45.0,45.00000000000003
2008-09-04,0.0,2008,9,4,1,25,0.0,0.0,34.0,45.0,45.00000000000003
2008-09-05,0.0,2008,9,5,1,25,0.0,0.0,0.0,42.0,45.00000000000003
2008-09-06,0.0,2008,9,6,1,25,0.0,0.0,0.0,34.0,45.00000000000003
2008-09-07,0.0,2008,9,7,1,25,0.0,0.0,0.0,0.0,45.00000000000003
2008-09-08,0.0,2008,9,8,1,25,0.0,0.0,0.0,0.0,42.00000000000003
2008-09-09,0.0,2008,9,9,1,25,0.0,0.0,0.0,0.0,34.00000000000003
2008-09-10,0.0,2008,9,10,1,25,0.0,0.0,0.0,0.0,0.0
2008-09-11,2.0,2008,9,11,2,26,2.0,2.0,2.0,2.0,2.0000000000000284
2008-09-12,4.0,2008,9,12,2,26,4.0,6.0,6.0,6.0,6.000000000000028
2008-09-13,0.0,2008,9,13,2,26,0.0,6.0,6.0,6.0,6.000000000000028
2008-09-14,0.0,2008,9,14,2,26,0.0,4.0,6.0,6.0,6.000000000000028
2008-09-15,1.0,2008,9,15,2,26,1.0,1.0,7.0,7.0,7.000000000000028
2008-09-16,0.0,2008,9,16,2,26,0.0,1.0,5.0,7.0,7.000000000000028
2008-09-17,0.0,2008,9,17,2,26,0.0,1.0,1.0,7.0,7.000000000000028
2008-09-18,0.0,2008,9,18,2,26,0.0,0.0,1.0,5.0,7.000000000000028
2008-09-19,0.0,2008,9,19,2,26,0.0,0.0,1.0,1.0,7.000000000000028
2008-09-20,0.0,2008,9,20,2,26,0.0,0.0,0.0,1.0,7.000000000000028
2008-09-21,0.0,2008,9,21,3,27,0.0,0.0,0.0,1.0,5.000000000000028
2008-09-22,0.0,2008,9,22,3,27,0.0,0.0,0.0,0.0,1.0000000000000284
2008-09-23,0.0,2008,9,23,3,27,0.0,0.0,0.0,0.0,1.0000000000000284
2008-09-24,0.0,2008,9,24,3,27,0.0,0.0,0.0,0.0,1.0000000000000284
2008-09-25,23.0,2008,9,25,3,27,23.0,23.0,23.0,23.0,23.00000000000003
2008-09-26,0.0,2008,9,26,3,27,0.0,23.0,23.0,23.0,23.00000000000003
2008-09-27,0.0,2008,9,27,3,27,0.0,23.0,23.0,23.0,23.00000000000003
2008-09-28,0.0,2008,9,28,3,27,0.0,0.0,23.0,23.0,23.00000000000003
2008-09-29,0.0,2008,9,29,3,27,0.0,0.0,23.0,23.0,23.00000000000003
2008-09-30,3.0,2008,9,30,3,27,3.0,3.0,3.0,26.0,26.00000000000003
2008-10-01,0.0,2008,10,1,1,28,0.0,3.0,3.0,26.0,26.00000000000003
2008-10-02,0.0,2008,10,2,1,28,0.0,3.0,3.0,3.0,26.00000000000003
2008-10-03,0.0,2008,10,3,1,28,0.0,0.0,3.0,3.0,26.00000000000003
2008-10-04,2.0,2008,10,4,1,28,2.0,2.0,5.0,5.0,28.00000000000003
2008-10-05,0.0,2008,10,5,1,28,0.0,2.0,2.0,5.0,5.000000000000028
2008-10-06,0.0,2008,10,6,1,28,0.0,2.0,2.0,5.0,5.000000000000028
2008-10-07,0.0,2008,10,7,1,28,0.0,0.0,2.0,2.0,5.000000000000028
2008-10-08,0.0,2008,10,8,1,28,0.0,0.0,2.0,2.0,5.000000000000028
2008-10-09,0.0,2008,10,9,1,28,0.0,0.0,0.0,2.0,5.000000000000028
2008-10-10,0.0,2008,10,10,1,28,0.0,0.0,0.0,2.0,2.0000000000000284
2008-10-11,5.0,2008,10,11,2,29,5.0,5.0,5.0,5.0,7.000000000000028
2008-10-12,1.0,2008,10,12,2,29,1.0,6.0,6.0,6.0,8.000000000000028
2008-10-13,0.0,2008,10,13,2,29,0.0,6.0,6.0,6.0,8.000000000000028
2008-10-14,0.0,2008,10,14,2,29,0.0,1.0,6.0,6.0,6.000000000000028
2008-10-15,0.0,2008,10,15,2,29,0.0,0.0,6.0,6.0,6.000000000000028
2008-10-16,0.0,2008,10,16,2,29,0.0,0.0,1.0,6.0,6.000000000000028
2008-10-17,0.0,2008,10,17,2,29,0.0,0.0,0.0,6.0,6.000000000000028
2008-10-18,0.0,2008,10,18,2,29,0.0,0.0,0.0,1.0,6.000000000000028
2008-10-19,0.0,2008,10,19,2,29,0.0,0.0,0.0,0.0,6.000000000000028
2008-10-20,0.0,2008,10,20,2,29,0.0,0.0,0.0,0.0,6.000000000000028
2008-10-21,0.0,2008,10,21,3,30,0.0,0.0,0.0,0.0,1.0000000000000284
2008-10-22,5.0,2008,10,22,3,30,5.0,5.0,5.0,5.0,5.000000000000028
2008-10-23,0.0,2008,10,23,3,30,0.0,5.0,5.0,5.0,5.000000000000028
2008-10-24,1.0,2008,10,24,3,30,1.0,6.0,6.0,6.0,6.000000000000028
2008-10-25,0.0,2008,10,25,3,30,0.0,1.0,6.0,6.0,6.000000000000028
2008-10-26,39.0,2008,10,26,3,30,39.0,40.0,45.0,45.0,45.00000000000003
2008-10-27,6.0,2008,10,27,3,30,6.0,45.0,46.0,51.0,51.00000000000003
2008-10-28,0.0,2008,10,28,3,30,0.0,45.0,46.0,51.0,51.00000000000003
2008-10-29,12.0,2008,10,29,3,30,12.0,18.0,57.0,58.0,63.00000000000003
2008-10-30,0.0,2008,10,30,3,30,0.0,12.0,57.0,58.0,63.00000000000003
2008-10-31,0.0,2008,10,31,3,30,0.0,12.0,18.0,57.0,63.00000000000003
2008-11-01,0.0,2008,11,1,1,31,0.0,0.0,12.0,57.0,58.00000000000003
2008-11-02,1.0,2008,11,2,1,31,1.0,1.0,13.0,19.0,59.00000000000003
2008-11-03,0.0,2008,11,3,1,31,0.0,1.0,1.0,13.0,58.00000000000003
2008-11-04,12.0,2008,11,4,1,31,12.0,13.0,13.0,25.0,70.00000000000003
2008-11-05,0.0,2008,11,5,1,31,0.0,12.0,13.0,13.0,31.00000000000003
2008-11-06,1.0,2008,11,6,1,31,1.0,13.0,14.0,14.0,26.00000000000003
2008-11-07,11.0,2008,11,7,1,31,11.0,12.0,24.0,25.0,37.00000000000003
2008-11-08,30.0,2008,11,8,1,31,30.0,42.0,54.0,55.0,55.00000000000003
2008-11-09,0.0,2008,11,9,1,31,0.0,41.0,42.0,54.0,55.00000000000003
2008-11-10,0.0,2008,11,10,1,31,0.0,30.0,42.0,54.0,55.00000000000003
2008-11-11,36.0,2008,11,11,2,32,36.0,36.0,77.0,78.0,91.00000000000003
2008-11-12,0.0,2008,11,12,2,32,0.0,36.0,66.0,78.0,90.00000000000003
2008-11-13,0.0,2008,11,13,2,32,0.0,36.0,36.0,77.0,90.00000000000003
2008-11-14,0.0,2008,11,14,2,32,0.0,0.0,36.0,66.0,78.00000000000003
2008-11-15,2.0,2008,11,15,2,32,2.0,2.0,38.0,38.0,80.00000000000003
2008-11-16,0.0,2008,11,16,2,32,0.0,2.0,2.0,38.0,79.00000000000003
2008-11-17,5.0,2008,11,17,2,32,5.0,7.0,7.0,43.0,73.00000000000003
2008-11-18,16.0,2008,11,18,2,32,16.0,21.0,23.0,23.0,59.00000000000003
2008-11-19,1.0,2008,11,19,2,32,1.0,22.0,24.0,24.0,60.00000000000003
2008-11-20,20.0,2008,11,20,2,32,20.0,37.0,42.0,44.0,80.00000000000003
2008-11-21,0.0,2008,11,21,3,33,0.0,21.0,42.0,44.0,44.00000000000003
2008-11-22,0.0,2008,11,22,3,33,0.0,20.0,37.0,42.0,44.00000000000003
2008-11-23,0.0,2008,11,23,3,33,0.0,0.0,21.0,42.0,44.00000000000003
2008-11-24,94.0,2008,11,24,3,33,94.0,94.0,114.0,131.0,138.00000000000003
2008-11-25,7.0,2008,11,25,3,33,7.0,101.0,101.0,122.0,143.00000000000003
2008-11-26,1.0,2008,11,26,3,33,1.0,102.0,102.0,122.0,144.00000000000003
2008-11-27,8.0,2008,11,27,3,33,8.0,16.0,110.0,110.0,147.00000000000003
2008-11-28,0.0,2008,11,28,3,33,0.0,9.0,110.0,110.0,131.00000000000003
2008-11-29,0.0,2008,11,29,3,33,0.0,8.0,16.0,110.0,130.00000000000003
2008-11-30,0.0,2008,11,30,3,33,0.0,0.0,9.0,110.0,110.00000000000003
2008-12-01,19.0,2008,12,1,1,34,19.0,19.0,27.0,35.0,129.00000000000003
2008-12-02,0.0,2008,12,2,1,34,0.0,19.0,19.0,28.0,129.00000000000003
2008-12-03,0.0,2008,12,3,1,34,0.0,19.0,19.0,27.0,129.00000000000003
2008-12-04,0.0,2008,12,4,1,34,0.0,0.0,19.0,19.0,35.00000000000003
2008-12-05,12.0,2008,12,5,1,34,12.0,12.0,31.0,31.0,40.00000000000003
2008-12-06,0.0,2008,12,6,1,34,0.0,12.0,12.0,31.0,39.00000000000003
2008-12-07,0.0,2008,12,7,1,34,0.0,12.0,12.0,31.0,31.00000000000003
2008-12-08,0.0,2008,12,8,1,34,0.0,0.0,12.0,12.0,31.00000000000003
2008-12-09,0.0,2008,12,9,1,34,0.0,0.0,12.0,12.0,31.00000000000003
2008-12-10,3.0,2008,12,10,1,34,3.0,3.0,3.0,15.0,34.00000000000003
2008-12-11,10.0,2008,12,11,2,35,10.0,13.0,13.0,25.0,25.00000000000003
2008-12-12,19.0,2008,12,12,2,35,19.0,32.0,32.0,32.0,44.00000000000003
2008-12-13,0.0,2008,12,13,2,35,0.0,29.0,32.0,32.0,44.00000000000003
2008-12-14,3.0,2008,12,14,2,35,3.0,22.0,35.0,35.0,47.00000000000003
2008-12-15,9.0,2008,12,15,2,35,9.0,12.0,41.0,44.0,44.00000000000003
2008-12-16,0.0,2008,12,16,2,35,0.0,12.0,31.0,44.0,44.00000000000003
2008-12-17,0.0,2008,12,17,2,35,0.0,9.0,12.0,41.0,44.00000000000003
2008-12-18,0.0,2008,12,18,2,35,0.0,0.0,12.0,31.0,44.00000000000003
2008-12-19,3.0,2008,12,19,2,35,3.0,3.0,12.0,15.0,47.00000000000003
2008-12-20,0.0,2008,12,20,2,35,0.0,3.0,3.0,15.0,44.00000000000003
2008-12-21,0.0,2008,12,21,3,36,0.0,3.0,3.0,12.0,34.00000000000003
2008-12-22,0.0,2008,12,22,3,36,0.0,0.0,3.0,3.0,15.000000000000028
2008-12-23,18.0,2008,12,23,3,36,18.0,18.0,21.0,21.0,33.00000000000003
2008-12-24,11.0,2008,12,24,3,36,11.0,29.0,29.0,32.0,41.00000000000003
2008-12-25,0.0,2008,12,25,3,36,0.0,29.0,29.0,32.0,32.00000000000003
2008-12-26,13.0,2008,12,26,3,36,13.0,24.0,42.0,42.0,45.00000000000003
2008-12-27,0.0,2008,12,27,3,36,0.0,13.0,42.0,42.0,45.00000000000003
2008-12-28,0.0,2008,12,28,3,36,0.0,13.0,24.0,42.0,45.00000000000003
2008-12-29,3.0,2008,12,29,3,36,3.0,3.0,16.0,45.0,45.00000000000003
2008-12-30,2.0,2008,12,30,3,36,2.0,5.0,18.0,29.0,47.00000000000003
2008-12-31,0.0,2008,12,31,3,36,0.0,5.0,5.0,18.0,47.00000000000003
2009-01-01,0.0,2009,1,1,1,1,0.0,2.0,5.0,18.0,47.00000000000003
2009-01-02,0.0,2009,1,2,1,1,0.0,0.0,5.0,5.0,29.00000000000003
2009-01-03,0.0,2009,1,3,1,1,0.0,0.0,2.0,5.0,18.00000000000003
2009-01-04,0.0,2009,1,4,1,1,0.0,0.0,0.0,5.0,18.00000000000003
2009-01-05,0.0,2009,1,5,1,1,0.0,0.0,0.0,2.0,5.000000000000028
2009-01-06,0.0,2009,1,6,1,1,0.0,0.0,0.0,0.0,5.000000000000028
2009-01-07,22.0,2009,1,7,1,1,22.0,22.0,22.0,22.0,27.00000000000003
2009-01-08,7.0,2009,1,8,1,1,7.0,29.0,29.0,29.0,31.00000000000003
2009-01-09,9.0,2009,1,9,1,1,9.0,38.0,38.0,38.0,38.00000000000003
2009-01-10,36.0,2009,1,10,1,1,36.0,52.0,74.0,74.0,74.00000000000003
2009-01-11,6.0,2009,1,11,2,2,6.0,51.0,80.0,80.0,80.00000000000003
2009-01-12,7.0,2009,1,12,2,2,7.0,49.0,65.0,87.0,87.00000000000003
2009-01-13,20.0,2009,1,13,2,2,20.0,33.0,78.0,107.0,107.00000000000003
2009-01-14,20.0,2009,1,14,2,2,20.0,47.0,89.0,105.0,127.00000000000003
2009-01-15,39.0,2009,1,15,2,2,39.0,79.0,92.0,137.0,166.00000000000003
2009-01-16,2.0,2009,1,16,2,2,2.0,61.0,88.0,130.0,168.00000000000003
2009-01-17,0.0,2009,1,17,2,2,0.0,41.0,81.0,94.0,146.00000000000003
2009-01-18,1.0,2009,1,18,2,2,1.0,3.0,62.0,89.0,140.00000000000003
2009-01-19,17.0,2009,1,19,2,2,17.0,18.0,59.0,99.0,148.00000000000003
2009-01-20,2.0,2009,1,20,2,2,2.0,20.0,22.0,81.0,114.00000000000003
2009-01-21,0.0,2009,1,21,3,3,0.0,19.0,20.0,61.0,108.00000000000003
2009-01-22,34.0,2009,1,22,3,3,34.0,36.0,54.0,56.0,135.00000000000003
2009-01-23,53.0,2009,1,23,3,3,53.0,87.0,106.0,107.0,168.00000000000003
2009-01-24,0.0,2009,1,24,3,3,0.0,87.0,89.0,107.0,148.00000000000003
2009-01-25,10.0,2009,1,25,3,3,10.0,63.0,97.0,116.0,119.00000000000003
2009-01-26,0.0,2009,1,26,3,3,0.0,10.0,97.0,99.0,117.00000000000003
2009-01-27,3.0,2009,1,27,3,3,3.0,13.0,66.0,100.0,120.00000000000003
2009-01-28,10.0,2009,1,28,3,3,10.0,13.0,23.0,110.0,129.00000000000003
2009-01-29,15.0,2009,1,29,3,3,15.0,28.0,38.0,91.0,127.00000000000003
2009-01-30,17.0,2009,1,30,3,3,17.0,42.0,45.0,55.0,142.00000000000003
2009-01-31,9.0,2009,1,31,3,3,9.0,41.0,54.0,64.0,151.00000000000003
2009-02-01,20.0,2009,2,1,1,4,20.0,46.0,71.0,74.0,137.00000000000003
2009-02-02,33.0,2009,2,2,1,4,33.0,62.0,94.0,107.0,117.00000000000003
2009-02-03,10.0,2009,2,3,1,4,10.0,63.0,89.0,114.0,127.00000000000003
2009-02-04,39.0,2009,2,4,1,4,39.0,82.0,111.0,143.0,156.00000000000003
2009-02-05,0.0,2009,2,5,1,4,0.0,49.0,102.0,128.0,156.00000000000003
2009-02-06,6.0,2009,2,6,1,4,6.0,45.0,88.0,117.0,159.00000000000003
2009-02-07,13.0,2009,2,7,1,4,13.0,19.0,68.0,121.0,162.00000000000003
2009-02-08,0.0,2009,2,8,1,4,0.0,19.0,58.0,101.0,147.00000000000003
2009-02-09,5.0,2009,2,9,1,4,5.0,18.0,24.0,73.0,135.00000000000003
2009-02-10,49.0,2009,2,10,1,4,49.0,54.0,73.0,112.0,175.00000000000003
2009-02-11,0.0,2009,2,11,2,5,0.0,54.0,67.0,73.0,155.00000000000003
2009-02-12,2.0,2009,2,12,2,5,2.0,51.0,56.0,75.0,124.00000000000003
2009-02-13,2.0,2009,2,13,2,5,2.0,4.0,58.0,71.0,116.00000000000003
2009-02-14,2.0,2009,2,14,2,5,2.0,6.0,55.0,60.0,79.00000000000003
2009-02-15,12.0,2009,2,15,2,5,12.0,16.0,18.0,72.0,91.00000000000003
2009-02-16,25.0,2009,2,16,2,5,25.0,39.0,43.0,92.0,110.00000000000003
2009-02-17,10.0,2009,2,17,2,5,10.0,47.0,51.0,53.0,107.00000000000003
2009-02-18,4.0,2009,2,18,2,5,4.0,39.0,53.0,57.0,111.00000000000003
2009-02-19,0.0,2009,2,19,2,5,0.0,14.0,51.0,55.0,106.00000000000003
2009-02-20,9.0,2009,2,20,2,5,9.0,13.0,48.0,62.0,66.00000000000003
2009-02-21,15.0,2009,2,21,3,6,15.0,24.0,38.0,75.0,81.00000000000003
2009-02-22,0.0,2009,2,22,3,6,0.0,24.0,28.0,63.0,79.00000000000003
2009-02-23,0.0,2009,2,23,3,6,0.0,15.0,24.0,38.0,77.00000000000003
2009-02-24,1.0,2009,2,24,3,6,1.0,1.0,25.0,29.0,76.00000000000003
2009-02-25,0.0,2009,2,25,3,6,0.0,1.0,16.0,25.0,64.00000000000003
2009-02-26,1.0,2009,2,26,3,6,1.0,2.0,2.0,26.0,40.00000000000003
2009-02-27,18.0,2009,2,27,3,6,18.0,19.0,20.0,35.0,48.00000000000003
2009-02-28,30.0,2009,2,28,3,6,30.0,49.0,50.0,50.0,74.00000000000003
2009-03-01,5.0,2009,3,1,1,7,5.0,53.0,54.0,55.0,79.00000000000003
2009-03-02,0.0,2009,3,2,1,7,0.0,35.0,54.0,55.0,70.00000000000003
2009-03-03,2.0,2009,3,3,1,7,2.0,7.0,55.0,56.0,57.00000000000003
2009-03-04,1.0,2009,3,4,1,7,1.0,3.0,38.0,57.0,58.00000000000003
2009-03-05,0.0,2009,3,5,1,7,0.0,3.0,8.0,56.0,58.00000000000003
2009-03-06,30.0,2009,3,6,1,7,30.0,31.0,33.0,68.0,87.00000000000003
2009-03-07,0.0,2009,3,7,1,7,0.0,30.0,33.0,38.0,87.00000000000003
2009-03-08,3.0,2009,3,8,1,7,3.0,33.0,34.0,36.0,89.00000000000003
2009-03-09,0.0,2009,3,9,1,7,0.0,3.0,33.0,36.0,71.00000000000003
2009-03-10,0.0,2009,3,10,1,7,0.0,3.0,33.0,34.0,41.00000000000003
2009-03-11,0.0,2009,3,11,2,8,0.0,0.0,3.0,33.0,36.00000000000003
2009-03-12,17.0,2009,3,12,2,8,17.0,17.0,20.0,50.0,53.00000000000003
2009-03-13,0.0,2009,3,13,2,8,0.0,17.0,17.0,20.0,51.00000000000003
2009-03-14,0.0,2009,3,14,2,8,0.0,17.0,17.0,20.0,50.00000000000003
2009-03-15,28.0,2009,3,15,2,8,28.0,28.0,45.0,45.0,78.00000000000003
2009-03-16,30.0,2009,3,16,2,8,30.0,58.0,75.0,75.0,78.00000000000003
2009-03-17,2.0,2009,3,17,2,8,2.0,60.0,60.0,77.0,80.00000000000003
2009-03-18,0.0,2009,3,18,2,8,0.0,32.0,60.0,77.0,77.00000000000003
2009-03-19,0.0,2009,3,19,2,8,0.0,2.0,60.0,60.0,77.00000000000003
2009-03-20,0.0,2009,3,20,2,8,0.0,0.0,32.0,60.0,77.00000000000003
2009-03-21,0.0,2009,3,21,3,9,0.0,0.0,2.0,60.0,77.00000000000003
2009-03-22,4.0,2009,3,22,3,9,4.0,4.0,4.0,36.0,64.00000000000003
2009-03-23,2.0,2009,3,23,3,9,2.0,6.0,6.0,8.0,66.00000000000003
2009-03-24,0.0,2009,3,24,3,9,0.0,6.0,6.0,6.0,66.00000000000003
2009-03-25,0.0,2009,3,25,3,9,0.0,2.0,6.0,6.0,38.00000000000003
2009-03-26,0.0,2009,3,26,3,9,0.0,0.0,6.0,6.0,8.000000000000028
2009-03-27,0.0,2009,3,27,3,9,0.0,0.0,2.0,6.0,6.000000000000028
2009-03-28,5.0,2009,3,28,3,9,5.0,5.0,5.0,11.0,11.000000000000028
2009-03-29,1.0,2009,3,29,3,9,1.0,6.0,6.0,8.0,12.000000000000028
2009-03-30,1.0,2009,3,30,3,9,1.0,7.0,7.0,7.0,13.000000000000028
2009-03-31,0.0,2009,3,31,3,9,0.0,2.0,7.0,7.0,13.000000000000028
2009-04-01,3.0,2009,4,1,1,10,3.0,4.0,10.0,10.0,12.000000000000028
2009-04-02,4.0,2009,4,2,1,10,4.0,7.0,9.0,14.0,14.000000000000028
2009-04-03,1.0,2009,4,3,1,10,1.0,8.0,9.0,15.0,15.000000000000028
2009-04-04,15.0,2009,4,4,1,10,15.0,20.0,23.0,25.0,30.00000000000003
2009-04-05,1.0,2009,4,5,1,10,1.0,17.0,24.0,25.0,31.00000000000003
2009-04-06,0.0,2009,4,6,1,10,0.0,16.0,21.0,24.0,31.00000000000003
2009-04-07,21.0,2009,4,7,1,10,21.0,22.0,38.0,45.0,47.00000000000003
2009-04-08,21.0,2009,4,8,1,10,21.0,42.0,58.0,63.0,67.00000000000003
2009-04-09,2.0,2009,4,9,1,10,2.0,44.0,45.0,61.0,68.00000000000003
2009-04-10,3.0,2009,4,10,1,10,3.0,26.0,47.0,63.0,71.00000000000003
2009-04-11,1.0,2009,4,11,2,11,1.0,6.0,48.0,49.0,69.00000000000003
2009-04-12,0.0,2009,4,12,2,11,0.0,4.0,27.0,48.0,65.00000000000003
2009-04-13,0.0,2009,4,13,2,11,0.0,1.0,6.0,48.0,64.00000000000003
2009-04-14,0.0,2009,4,14,2,11,0.0,0.0,4.0,27.0,49.00000000000003
2009-04-15,0.0,2009,4,15,2,11,0.0,0.0,1.0,6.0,48.00000000000003
2009-04-16,0.0,2009,4,16,2,11,0.0,0.0,0.0,4.0,48.00000000000003
2009-04-17,5.0,2009,4,17,2,11,5.0,5.0,5.0,6.0,32.00000000000003
2009-04-18,17.0,2009,4,18,2,11,17.0,22.0,22.0,22.0,28.00000000000003
2009-04-19,0.0,2009,4,19,2,11,0.0,22.0,22.0,22.0,26.00000000000003
2009-04-20,0.0,2009,4,20,2,11,0.0,17.0,22.0,22.0,23.00000000000003
2009-04-21,0.0,2009,4,21,3,12,0.0,0.0,22.0,22.0,22.00000000000003
2009-04-22,0.0,2009,4,22,3,12,0.0,0.0,17.0,22.0,22.00000000000003
2009-04-23,0.0,2009,4,23,3,12,0.0,0.0,0.0,22.0,22.00000000000003
2009-04-24,0.0,2009,4,24,3,12,0.0,0.0,0.0,17.0,22.00000000000003
2009-04-25,0.0,2009,4,25,3,12,0.0,0.0,0.0,0.0,22.00000000000003
2009-04-26,0.0,2009,4,26,3,12,0.0,0.0,0.0,0.0,22.00000000000003
2009-04-27,2.0,2009,4,27,3,12,2.0,2.0,2.0,2.0,19.00000000000003
2009-04-28,15.0,2009,4,28,3,12,15.0,17.0,17.0,17.0,17.00000000000003
2009-04-29,0.0,2009,4,29,3,12,0.0,17.0,17.0,17.0,17.00000000000003
2009-04-30,2.0,2009,4,30,3,12,2.0,17.0,19.0,19.0,19.00000000000003
2009-05-01,0.0,2009,5,1,1,13,0.0,2.0,19.0,19.0,19.00000000000003
2009-05-02,40.0,2009,5,2,1,13,40.0,42.0,57.0,59.0,59.00000000000003
2009-05-03,0.0,2009,5,3,1,13,0.0,40.0,42.0,59.0,59.00000000000003
2009-05-04,1.0,2009,5,4,1,13,1.0,41.0,43.0,58.0,60.00000000000003
2009-05-05,0.0,2009,5,5,1,13,0.0,1.0,41.0,43.0,60.00000000000003
2009-05-06,0.0,2009,5,6,1,13,0.0,1.0,41.0,43.0,60.00000000000003
2009-05-07,0.0,2009,5,7,1,13,0.0,0.0,1.0,41.0,58.00000000000003
2009-05-08,5.0,2009,5,8,1,13,5.0,5.0,6.0,46.0,48.00000000000003
2009-05-09,0.0,2009,5,9,1,13,0.0,5.0,5.0,6.0,48.00000000000003
2009-05-10,19.0,2009,5,10,1,13,19.0,24.0,24.0,25.0,65.00000000000003
2009-05-11,4.0,2009,5,11,2,14,4.0,23.0,28.0,28.0,69.00000000000003
2009-05-12,19.0,2009,5,12,2,14,19.0,42.0,47.0,47.0,48.00000000000003
2009-05-13,0.0,2009,5,13,2,14,0.0,23.0,42.0,47.0,48.00000000000003
2009-05-14,6.0,2009,5,14,2,14,6.0,25.0,48.0,53.0,53.00000000000003
2009-05-15,3.0,2009,5,15,2,14,3.0,9.0,32.0,51.0,56.00000000000003
2009-05-16,5.0,2009,5,16,2,14,5.0,14.0,33.0,56.0,61.00000000000003
2009-05-17,0.0,2009,5,17,2,14,0.0,8.0,14.0,37.0,61.00000000000003
2009-05-18,0.0,2009,5,18,2,14,0.0,5.0,14.0,33.0,56.00000000000003
2009-05-19,0.0,2009,5,19,2,14,0.0,0.0,8.0,14.0,56.00000000000003
2009-05-20,0.0,2009,5,20,2,14,0.0,0.0,5.0,14.0,37.00000000000003
2009-05-21,0.0,2009,5,21,3,15,0.0,0.0,0.0,8.0,33.00000000000003
2009-05-22,0.0,2009,5,22,3,15,0.0,0.0,0.0,5.0,14.000000000000028
2009-05-23,0.0,2009,5,23,3,15,0.0,0.0,0.0,0.0,14.000000000000028
2009-05-24,0.0,2009,5,24,3,15,0.0,0.0,0.0,0.0,8.000000000000028
2009-05-25,0.0,2009,5,25,3,15,0.0,0.0,0.0,0.0,5.000000000000028
2009-05-26,0.0,2009,5,26,3,15,0.0,0.0,0.0,0.0,0.0
2009-05-27,0.0,2009,5,27,3,15,0.0,0.0,0.0,0.0,0.0
2009-05-28,0.0,2009,5,28,3,15,0.0,0.0,0.0,0.0,0.0
2009-05-29,0.0,2009,5,29,3,15,0.0,0.0,0.0,0.0,0.0
2009-05-30,0.0,2009,5,30,3,15,0.0,0.0,0.0,0.0,0.0
2009-05-31,0.0,2009,5,31,3,15,0.0,0.0,0.0,0.0,0.0
2009-06-01,0.0,2009,6,1,1,16,0.0,0.0,0.0,0.0,0.0
2009-06-02,0.0,2009,6,2,1,16,0.0,0.0,0.0,0.0,0.0
2009-06-03,0.0,2009,6,3,1,16,0.0,0.0,0.0,0.0,0.0
2009-06-04,0.0,2009,6,4,1,16,0.0,0.0,0.0,0.0,0.0
2009-06-05,0.0,2009,6,5,1,16,0.0,0.0,0.0,0.0,0.0
2009-06-06,0.0,2009,6,6,1,16,0.0,0.0,0.0,0.0,0.0
2009-06-07,0.0,2009,6,7,1,16,0.0,0.0,0.0,0.0,0.0
2009-06-08,0.0,2009,6,8,1,16,0.0,0.0,0.0,0.0,0.0
2009-06-09,0.0,2009,6,9,1,16,0.0,0.0,0.0,0.0,0.0
2009-06-10,0.0,2009,6,10,1,16,0.0,0.0,0.0,0.0,0.0
2009-06-11,0.0,2009,6,11,2,17,0.0,0.0,0.0,0.0,0.0
2009-06-12,0.0,2009,6,12,2,17,0.0,0.0,0.0,0.0,0.0
2009-06-13,2.0,2009,6,13,2,17,2.0,2.0,2.0,2.0,2.0000000000000284
2009-06-14,0.0,2009,6,14,2,17,0.0,2.0,2.0,2.0,2.0000000000000284
2009-06-15,0.0,2009,6,15,2,17,0.0,2.0,2.0,2.0,2.0000000000000284
2009-06-16,2.0,2009,6,16,2,17,2.0,2.0,4.0,4.0,4.000000000000028
2009-06-17,0.0,2009,6,17,2,17,0.0,2.0,4.0,4.0,4.000000000000028
2009-06-18,6.0,2009,6,18,2,17,6.0,8.0,8.0,10.0,10.000000000000028
2009-06-19,0.0,2009,6,19,2,17,0.0,6.0,8.0,10.0,10.000000000000028
2009-06-20,0.0,2009,6,20,2,17,0.0,6.0,8.0,8.0,10.000000000000028
2009-06-21,1.0,2009,6,21,3,18,1.0,1.0,7.0,9.0,11.000000000000028
2009-06-22,0.0,2009,6,22,3,18,0.0,1.0,7.0,9.0,11.000000000000028
2009-06-23,0.0,2009,6,23,3,18,0.0,1.0,1.0,7.0,9.000000000000028
2009-06-24,0.0,2009,6,24,3,18,0.0,0.0,1.0,7.0,9.000000000000028
2009-06-25,2.0,2009,6,25,3,18,2.0,2.0,3.0,3.0,11.000000000000028
2009-06-26,0.0,2009,6,26,3,18,0.0,2.0,2.0,3.0,9.000000000000028
2009-06-27,0.0,2009,6,27,3,18,0.0,2.0,2.0,3.0,9.000000000000028
2009-06-28,0.0,2009,6,28,3,18,0.0,0.0,2.0,2.0,3.0000000000000284
2009-06-29,2.0,2009,6,29,3,18,2.0,2.0,4.0,4.0,5.000000000000028
2009-06-30,14.1,2009,6,30,3,18,14.1,16.1,16.1,18.1,19.10000000000003
2009-07-01,0.0,2009,7,1,1,19,0.0,16.1,16.1,18.1,18.10000000000003
2009-07-02,0.0,2009,7,2,1,19,0.0,14.1,16.1,16.1,18.10000000000003
2009-07-03,0.0,2009,7,3,1,19,0.0,0.0,16.1,16.1,18.10000000000003
2009-07-04,0.0,2009,7,4,1,19,0.0,0.0,14.1,16.1,18.10000000000003
2009-07-05,0.0,2009,7,5,1,19,0.0,0.0,0.0,16.1,16.10000000000003
2009-07-06,0.0,2009,7,6,1,19,0.0,0.0,0.0,14.1,16.10000000000003
2009-07-07,0.0,2009,7,7,1,19,0.0,0.0,0.0,0.0,16.10000000000003
2009-07-08,0.0,2009,7,8,1,19,0.0,0.0,0.0,0.0,16.10000000000003
2009-07-09,0.0,2009,7,9,1,19,0.0,0.0,0.0,0.0,14.100000000000028
2009-07-10,0.0,2009,7,10,1,19,0.0,0.0,0.0,0.0,0.0
2009-07-11,0.0,2009,7,11,2,20,0.0,0.0,0.0,0.0,0.0
2009-07-12,0.0,2009,7,12,2,20,0.0,0.0,0.0,0.0,0.0
2009-07-13,0.0,2009,7,13,2,20,0.0,0.0,0.0,0.0,0.0
2009-07-14,0.0,2009,7,14,2,20,0.0,0.0,0.0,0.0,0.0
2009-07-15,0.0,2009,7,15,2,20,0.0,0.0,0.0,0.0,0.0
2009-07-16,0.0,2009,7,16,2,20,0.0,0.0,0.0,0.0,0.0
2009-07-17,0.0,2009,7,17,2,20,0.0,0.0,0.0,0.0,0.0
2009-07-18,0.0,2009,7,18,2,20,0.0,0.0,0.0,0.0,0.0
2009-07-19,0.0,2009,7,19,2,20,0.0,0.0,0.0,0.0,0.0
2009-07-20,0.0,2009,7,20,2,20,0.0,0.0,0.0,0.0,0.0
2009-07-21,0.0,2009,7,21,3,21,0.0,0.0,0.0,0.0,0.0
2009-07-22,0.0,2009,7,22,3,21,0.0,0.0,0.0,0.0,0.0
2009-07-23,0.0,2009,7,23,3,21,0.0,0.0,0.0,0.0,0.0
2009-07-24,0.0,2009,7,24,3,21,0.0,0.0,0.0,0.0,0.0
2009-07-25,0.6,2009,7,25,3,21,0.6,0.6,0.6,0.6,0.6000000000000284
2009-07-26,0.0,2009,7,26,3,21,0.0,0.6,0.6,0.6,0.6000000000000284
2009-07-27,0.0,2009,7,27,3,21,0.0,0.6,0.6,0.6,0.6000000000000284
2009-07-28,2.5,2009,7,28,3,21,2.5,2.5,3.1,3.1,3.1000000000000285
2009-07-29,0.0,2009,7,29,3,21,0.0,2.5,3.1,3.1,3.1000000000000285
2009-07-30,0.0,2009,7,30,3,21,0.0,2.5,2.5,3.1,3.1000000000000285
2009-07-31,0.0,2009,7,31,3,21,0.0,0.0,2.5,3.1,3.1000000000000285
2009-08-01,0.0,2009,8,1,1,22,0.0,0.0,2.5,2.5,3.1000000000000285
2009-08-02,0.0,2009,8,2,1,22,0.0,0.0,0.0,2.5,3.1000000000000285
2009-08-03,0.0,2009,8,3,1,22,0.0,0.0,0.0,2.5,3.1000000000000285
2009-08-04,0.0,2009,8,4,1,22,0.0,0.0,0.0,0.0,2.5000000000000284
2009-08-05,0.0,2009,8,5,1,22,0.0,0.0,0.0,0.0,2.5000000000000284
2009-08-06,0.0,2009,8,6,1,22,0.0,0.0,0.0,0.0,2.5000000000000284
2009-08-07,0.0,2009,8,7,1,22,0.0,0.0,0.0,0.0,0.0
2009-08-08,0.0,2009,8,8,1,22,0.0,0.0,0.0,0.0,0.0
2009-08-09,0.0,2009,8,9,1,22,0.0,0.0,0.0,0.0,0.0
2009-08-10,0.0,2009,8,10,1,22,0.0,0.0,0.0,0.0,0.0
2009-08-11,0.0,2009,8,11,2,23,0.0,0.0,0.0,0.0,0.0
2009-08-12,0.0,2009,8,12,2,23,0.0,0.0,0.0,0.0,0.0
2009-08-13,0.0,2009,8,13,2,23,0.0,0.0,0.0,0.0,0.0
2009-08-14,0.0,2009,8,14,2,23,0.0,0.0,0.0,0.0,0.0
2009-08-15,0.0,2009,8,15,2,23,0.0,0.0,0.0,0.0,0.0
2009-08-16,0.0,2009,8,16,2,23,0.0,0.0,0.0,0.0,0.0
2009-08-17,0.0,2009,8,17,2,23,0.0,0.0,0.0,0.0,0.0
2009-08-18,0.0,2009,8,18,2,23,0.0,0.0,0.0,0.0,0.0
2009-08-19,0.0,2009,8,19,2,23,0.0,0.0,0.0,0.0,0.0
2009-08-20,0.0,2009,8,20,2,23,0.0,0.0,0.0,0.0,0.0
2009-08-21,0.0,2009,8,21,3,24,0.0,0.0,0.0,0.0,0.0
2009-08-22,0.0,2009,8,22,3,24,0.0,0.0,0.0,0.0,0.0
2009-08-23,0.0,2009,8,23,3,24,0.0,0.0,0.0,0.0,0.0
2009-08-24,0.0,2009,8,24,3,24,0.0,0.0,0.0,0.0,0.0
2009-08-25,0.0,2009,8,25,3,24,0.0,0.0,0.0,0.0,0.0
2009-08-26,0.0,2009,8,26,3,24,0.0,0.0,0.0,0.0,0.0
2009-08-27,1.0,2009,8,27,3,24,1.0,1.0,1.0,1.0,1.0000000000000284
2009-08-28,1.0,2009,8,28,3,24,1.0,2.0,2.0,2.0,2.0000000000000284
2009-08-29,0.0,2009,8,29,3,24,0.0,2.0,2.0,2.0,2.0000000000000284
2009-08-30,0.0,2009,8,30,3,24,0.0,1.0,2.0,2.0,2.0000000000000284
2009-08-31,0.0,2009,8,31,3,24,0.0,0.0,2.0,2.0,2.0000000000000284
2009-09-01,0.0,2009,9,1,1,25,0.0,0.0,1.0,2.0,2.0000000000000284
2009-09-02,0.0,2009,9,2,1,25,0.0,0.0,0.0,2.0,2.0000000000000284
2009-09-03,0.0,2009,9,3,1,25,0.0,0.0,0.0,1.0,2.0000000000000284
2009-09-04,0.0,2009,9,4,1,25,0.0,0.0,0.0,0.0,2.0000000000000284
2009-09-05,0.0,2009,9,5,1,25,0.0,0.0,0.0,0.0,2.0000000000000284
2009-09-06,0.0,2009,9,6,1,25,0.0,0.0,0.0,0.0,1.0000000000000284
2009-09-07,0.0,2009,9,7,1,25,0.0,0.0,0.0,0.0,0.0
2009-09-08,0.0,2009,9,8,1,25,0.0,0.0,0.0,0.0,0.0
2009-09-09,0.0,2009,9,9,1,25,0.0,0.0,0.0,0.0,0.0
2009-09-10,0.0,2009,9,10,1,25,0.0,0.0,0.0,0.0,0.0
2009-09-11,2.0,2009,9,11,2,26,2.0,2.0,2.0,2.0,2.0000000000000284
2009-09-12,0.0,2009,9,12,2,26,0.0,2.0,2.0,2.0,2.0000000000000284
2009-09-13,0.0,2009,9,13,2,26,0.0,2.0,2.0,2.0,2.0000000000000284
2009-09-14,0.0,2009,9,14,2,26,0.0,0.0,2.0,2.0,2.0000000000000284
2009-09-15,0.0,2009,9,15,2,26,0.0,0.0,2.0,2.0,2.0000000000000284
2009-09-16,0.0,2009,9,16,2,26,0.0,0.0,0.0,2.0,2.0000000000000284
2009-09-17,0.0,2009,9,17,2,26,0.0,0.0,0.0,2.0,2.0000000000000284
2009-09-18,0.0,2009,9,18,2,26,0.0,0.0,0.0,0.0,2.0000000000000284
2009-09-19,0.0,2009,9,19,2,26,0.0,0.0,0.0,0.0,2.0000000000000284
2009-09-20,15.0,2009,9,20,2,26,15.0,15.0,15.0,15.0,17.00000000000003
2009-09-21,0.0,2009,9,21,3,27,0.0,15.0,15.0,15.0,15.000000000000028
2009-09-22,0.0,2009,9,22,3,27,0.0,15.0,15.0,15.0,15.000000000000028
2009-09-23,0.0,2009,9,23,3,27,0.0,0.0,15.0,15.0,15.000000000000028
2009-09-24,0.0,2009,9,24,3,27,0.0,0.0,15.0,15.0,15.000000000000028
2009-09-25,0.0,2009,9,25,3,27,0.0,0.0,0.0,15.0,15.000000000000028
2009-09-26,0.0,2009,9,26,3,27,0.0,0.0,0.0,15.0,15.000000000000028
2009-09-27,0.0,2009,9,27,3,27,0.0,0.0,0.0,0.0,15.000000000000028
2009-09-28,0.0,2009,9,28,3,27,0.0,0.0,0.0,0.0,15.000000000000028
2009-09-29,0.0,2009,9,29,3,27,0.0,0.0,0.0,0.0,15.000000000000028
2009-09-30,0.0,2009,9,30,3,27,0.0,0.0,0.0,0.0,0.0
2009-10-01,1.0,2009,10,1,1,28,1.0,1.0,1.0,1.0,1.0000000000000284
2009-10-02,1.0,2009,10,2,1,28,1.0,2.0,2.0,2.0,2.0000000000000284
2009-10-03,2.0,2009,10,3,1,28,2.0,4.0,4.0,4.0,4.000000000000028
2009-10-04,0.0,2009,10,4,1,28,0.0,3.0,4.0,4.0,4.000000000000028
2009-10-05,0.0,2009,10,5,1,28,0.0,2.0,4.0,4.0,4.000000000000028
2009-10-06,1.0,2009,10,6,1,28,1.0,1.0,4.0,5.0,5.000000000000028
2009-10-07,0.0,2009,10,7,1,28,0.0,1.0,3.0,5.0,5.000000000000028
2009-10-08,0.0,2009,10,8,1,28,0.0,1.0,1.0,4.0,5.000000000000028
2009-10-09,0.0,2009,10,9,1,28,0.0,0.0,1.0,3.0,5.000000000000028
2009-10-10,0.0,2009,10,10,1,28,0.0,0.0,1.0,1.0,5.000000000000028
2009-10-11,3.0,2009,10,11,2,29,3.0,3.0,3.0,4.0,7.000000000000028
2009-10-12,0.0,2009,10,12,2,29,0.0,3.0,3.0,4.0,6.000000000000028
2009-10-13,0.0,2009,10,13,2,29,0.0,3.0,3.0,3.0,4.000000000000028
2009-10-14,0.0,2009,10,14,2,29,0.0,0.0,3.0,3.0,4.000000000000028
2009-10-15,0.0,2009,10,15,2,29,0.0,0.0,3.0,3.0,4.000000000000028
2009-10-16,12.0,2009,10,16,2,29,12.0,12.0,12.0,15.0,15.000000000000028
2009-10-17,0.0,2009,10,17,2,29,0.0,12.0,12.0,15.0,15.000000000000028
2009-10-18,0.0,2009,10,18,2,29,0.0,12.0,12.0,12.0,15.000000000000028
2009-10-19,0.0,2009,10,19,2,29,0.0,0.0,12.0,12.0,15.000000000000028
2009-10-20,0.0,2009,10,20,2,29,0.0,0.0,12.0,12.0,15.000000000000028
2009-10-21,0.0,2009,10,21,3,30,0.0,0.0,0.0,12.0,12.000000000000028
2009-10-22,0.0,2009,10,22,3,30,0.0,0.0,0.0,12.0,12.000000000000028
2009-10-23,0.0,2009,10,23,3,30,0.0,0.0,0.0,0.0,12.000000000000028
2009-10-24,0.0,2009,10,24,3,30,0.0,0.0,0.0,0.0,12.000000000000028
2009-10-25,0.0,2009,10,25,3,30,0.0,0.0,0.0,0.0,12.000000000000028
2009-10-26,0.0,2009,10,26,3,30,0.0,0.0,0.0,0.0,0.0
2009-10-27,0.0,2009,10,27,3,30,0.0,0.0,0.0,0.0,0.0
2009-10-28,0.0,2009,10,28,3,30,0.0,0.0,0.0,0.0,0.0
2009-10-29,0.0,2009,10,29,3,30,0.0,0.0,0.0,0.0,0.0
2009-10-30,0.0,2009,10,30,3,30,0.0,0.0,0.0,0.0,0.0
2009-10-31,0.0,2009,10,31,3,30,0.0,0.0,0.0,0.0,0.0
2009-11-01,0.0,2009,11,1,1,31,0.0,0.0,0.0,0.0,0.0
2009-11-02,0.0,2009,11,2,1,31,0.0,0.0,0.0,0.0,0.0
2009-11-03,0.0,2009,11,3,1,31,0.0,0.0,0.0,0.0,0.0
2009-11-04,19.0,2009,11,4,1,31,19.0,19.0,19.0,19.0,19.00000000000003
2009-11-05,0.0,2009,11,5,1,31,0.0,19.0,19.0,19.0,19.00000000000003
2009-11-06,0.0,2009,11,6,1,31,0.0,19.0,19.0,19.0,19.00000000000003
2009-11-07,13.0,2009,11,7,1,31,13.0,13.0,32.0,32.0,32.00000000000003
2009-11-08,0.0,2009,11,8,1,31,0.0,13.0,32.0,32.0,32.00000000000003
2009-11-09,0.0,2009,11,9,1,31,0.0,13.0,13.0,32.0,32.00000000000003
2009-11-10,39.0,2009,11,10,1,31,39.0,39.0,52.0,71.0,71.00000000000003
2009-11-11,12.0,2009,11,11,2,32,12.0,51.0,64.0,64.0,83.00000000000003
2009-11-12,1.0,2009,11,12,2,32,1.0,52.0,52.0,65.0,84.00000000000003
2009-11-13,28.0,2009,11,13,2,32,28.0,41.0,80.0,93.0,112.00000000000003
2009-11-14,32.0,2009,11,14,2,32,32.0,61.0,112.0,112.0,125.00000000000003
2009-11-15,0.0,2009,11,15,2,32,0.0,60.0,73.0,112.0,125.00000000000003
2009-11-16,2.0,2009,11,16,2,32,2.0,34.0,63.0,114.0,127.00000000000003
2009-11-17,2.0,2009,11,17,2,32,2.0,4.0,64.0,77.0,116.00000000000003
2009-11-18,16.0,2009,11,18,2,32,16.0,20.0,52.0,81.0,132.00000000000003
2009-11-19,8.0,2009,11,19,2,32,8.0,26.0,28.0,88.0,140.00000000000003
2009-11-20,5.0,2009,11,20,2,32,5.0,29.0,33.0,65.0,106.00000000000003
2009-11-21,37.0,2009,11,21,3,33,37.0,50.0,68.0,70.0,131.00000000000003
2009-11-22,0.0,2009,11,22,3,33,0.0,42.0,66.0,70.0,130.00000000000003
2009-11-23,0.0,2009,11,23,3,33,0.0,37.0,50.0,68.0,102.00000000000003
2009-11-24,0.0,2009,11,24,3,33,0.0,0.0,42.0,66.0,70.00000000000003
2009-11-25,13.0,2009,11,25,3,33,13.0,13.0,50.0,63.0,83.00000000000003
2009-11-26,24.0,2009,11,26,3,33,24.0,37.0,37.0,79.0,105.00000000000003
2009-11-27,8.0,2009,11,27,3,33,8.0,45.0,45.0,82.0,111.00000000000003
2009-11-28,1.0,2009,11,28,3,33,1.0,33.0,46.0,46.0,96.00000000000003
2009-11-29,19.0,2009,11,29,3,33,19.0,28.0,65.0,65.0,107.00000000000003
2009-11-30,0.0,2009,11,30,3,33,0.0,20.0,52.0,65.0,102.00000000000003
2009-12-01,0.0,2009,12,1,1,34,0.0,19.0,28.0,65.0,65.00000000000003
2009-12-02,10.0,2009,12,2,1,34,10.0,10.0,30.0,62.0,75.00000000000003
2009-12-03,1.0,2009,12,3,1,34,1.0,11.0,30.0,39.0,76.00000000000003
2009-12-04,0.0,2009,12,4,1,34,0.0,11.0,11.0,31.0,76.00000000000003
2009-12-05,1.0,2009,12,5,1,34,1.0,2.0,12.0,31.0,64.00000000000003
2009-12-06,0.0,2009,12,6,1,34,0.0,1.0,12.0,12.0,40.00000000000003
2009-12-07,1.0,2009,12,7,1,34,1.0,2.0,3.0,13.0,33.00000000000003
2009-12-08,0.0,2009,12,8,1,34,0.0,1.0,2.0,13.0,32.00000000000003
2009-12-09,5.0,2009,12,9,1,34,5.0,6.0,7.0,8.0,18.00000000000003
2009-12-10,0.0,2009,12,10,1,34,0.0,5.0,6.0,7.0,18.00000000000003
2009-12-11,0.0,2009,12,11,2,35,0.0,5.0,6.0,7.0,18.00000000000003
2009-12-12,0.0,2009,12,12,2,35,0.0,0.0,5.0,6.0,8.000000000000028
2009-12-13,0.0,2009,12,13,2,35,0.0,0.0,5.0,6.0,7.000000000000028
2009-12-14,0.0,2009,12,14,2,35,0.0,0.0,0.0,5.0,7.000000000000028
2009-12-15,4.0,2009,12,15,2,35,4.0,4.0,4.0,9.0,10.000000000000028
2009-12-16,0.0,2009,12,16,2,35,0.0,4.0,4.0,4.0,10.000000000000028
2009-12-17,5.0,2009,12,17,2,35,5.0,9.0,9.0,9.0,14.000000000000028
2009-12-18,1.0,2009,12,18,2,35,1.0,6.0,10.0,10.0,15.000000000000028
2009-12-19,0.0,2009,12,19,2,35,0.0,6.0,10.0,10.0,10.000000000000028
2009-12-20,0.0,2009,12,20,2,35,0.0,1.0,6.0,10.0,10.000000000000028
2009-12-21,0.0,2009,12,21,3,36,0.0,0.0,6.0,10.0,10.000000000000028
2009-12-22,1.0,2009,12,22,3,36,1.0,1.0,2.0,7.0,11.000000000000028
2009-12-23,1.0,2009,12,23,3,36,1.0,2.0,2.0,8.0,12.000000000000028
2009-12-24,1.0,2009,12,24,3,36,1.0,3.0,3.0,4.0,13.000000000000028
2009-12-25,4.0,2009,12,25,3,36,4.0,6.0,7.0,7.0,13.000000000000028
2009-12-26,2.0,2009,12,26,3,36,2.0,7.0,9.0,9.0,15.000000000000028
2009-12-27,3.0,2009,12,27,3,36,3.0,9.0,11.0,12.0,13.000000000000028
2009-12-28,0.0,2009,12,28,3,36,0.0,5.0,10.0,12.0,12.000000000000028
2009-12-29,0.0,2009,12,29,3,36,0.0,3.0,9.0,11.0,12.000000000000028
2009-12-30,3.0,2009,12,30,3,36,3.0,3.0,8.0,13.0,15.000000000000028
2009-12-31,2.0,2009,12,31,3,36,2.0,5.0,8.0,14.0,17.00000000000003
2010-01-01,0.0,2010,1,1,1,1,0.0,5.0,5.0,10.0,16.00000000000003
2010-01-02,0.0,2010,1,2,1,1,0.0,2.0,5.0,8.0,15.000000000000028
2010-01-03,0.0,2010,1,3,1,1,0.0,0.0,5.0,5.0,14.000000000000028
2010-01-04,0.0,2010,1,4,1,1,0.0,0.0,2.0,5.0,10.000000000000028
2010-01-05,0.0,2010,1,5,1,1,0.0,0.0,0.0,5.0,8.000000000000028
2010-01-06,1.0,2010,1,6,1,1,1.0,1.0,1.0,3.0,6.000000000000028
2010-01-07,1.0,2010,1,7,1,1,1.0,2.0,2.0,2.0,7.000000000000028
2010-01-08,0.0,2010,1,8,1,1,0.0,2.0,2.0,2.0,7.000000000000028
2010-01-09,4.0,2010,1,9,1,1,4.0,5.0,6.0,6.0,8.000000000000028
2010-01-10,52.0,2010,1,10,1,1,52.0,56.0,58.0,58.0,58.00000000000003
2010-01-11,1.0,2010,1,11,2,2,1.0,57.0,58.0,59.0,59.00000000000003
2010-01-12,14.0,2010,1,12,2,2,14.0,67.0,71.0,73.0,73.00000000000003
2010-01-13,6.0,2010,1,13,2,2,6.0,21.0,77.0,78.0,79.00000000000003
2010-01-14,11.0,2010,1,14,2,2,11.0,31.0,84.0,88.0,90.00000000000003
2010-01-15,29.0,2010,1,15,2,2,29.0,46.0,61.0,117.0,119.00000000000003
2010-01-16,6.0,2010,1,16,2,2,6.0,46.0,66.0,119.0,124.00000000000003
2010-01-17,9.0,2010,1,17,2,2,9.0,44.0,61.0,76.0,132.00000000000003
2010-01-18,19.0,2010,1,18,2,2,19.0,34.0,74.0,94.0,151.00000000000003
2010-01-19,16.0,2010,1,19,2,2,16.0,44.0,79.0,96.0,163.00000000000003
2010-01-20,2.0,2010,1,20,2,2,2.0,37.0,52.0,92.0,113.00000000000003
2010-01-21,44.0,2010,1,21,3,3,44.0,62.0,90.0,125.0,156.00000000000003
2010-01-22,1.0,2010,1,22,3,3,1.0,47.0,82.0,97.0,143.00000000000003
2010-01-23,1.0,2010,1,23,3,3,1.0,46.0,64.0,92.0,138.00000000000003
2010-01-24,0.0,2010,1,24,3,3,0.0,2.0,48.0,83.0,127.00000000000003
2010-01-25,15.0,2010,1,25,3,3,15.0,16.0,61.0,79.0,113.00000000000003
2010-01-26,41.0,2010,1,26,3,3,41.0,56.0,58.0,104.0,148.00000000000003
2010-01-27,28.0,2010,1,27,3,3,28.0,84.0,85.0,130.0,167.00000000000003
2010-01-28,0.0,2010,1,28,3,3,0.0,69.0,84.0,86.0,148.00000000000003
2010-01-29,1.0,2010,1,29,3,3,1.0,29.0,85.0,86.0,133.00000000000003
2010-01-30,2.0,2010,1,30,3,3,2.0,3.0,72.0,87.0,133.00000000000003
2010-01-31,18.0,2010,1,31,3,3,18.0,21.0,49.0,105.0,107.00000000000003
2010-02-01,4.0,2010,2,1,1,4,4.0,24.0,25.0,94.0,110.00000000000003
2010-02-02,0.0,2010,2,2,1,4,0.0,22.0,25.0,53.0,109.00000000000003
2010-02-03,0.0,2010,2,3,1,4,0.0,4.0,24.0,25.0,109.00000000000003
2010-02-04,1.0,2010,2,4,1,4,1.0,1.0,23.0,26.0,95.00000000000003
2010-02-05,2.0,2010,2,5,1,4,2.0,3.0,7.0,27.0,56.00000000000003
2010-02-06,0.0,2010,2,6,1,4,0.0,3.0,3.0,25.0,28.00000000000003
2010-02-07,0.0,2010,2,7,1,4,0.0,2.0,3.0,7.0,28.00000000000003
2010-02-08,0.0,2010,2,8,1,4,0.0,0.0,3.0,3.0,27.00000000000003
2010-02-09,8.0,2010,2,9,1,4,8.0,8.0,10.0,11.0,33.00000000000003
2010-02-10,0.0,2010,2,10,1,4,0.0,8.0,8.0,11.0,15.000000000000028
2010-02-11,0.0,2010,2,11,2,5,0.0,8.0,8.0,10.0,11.000000000000028
2010-02-12,0.0,2010,2,12,2,5,0.0,0.0,8.0,8.0,11.000000000000028
2010-02-13,0.0,2010,2,13,2,5,0.0,0.0,8.0,8.0,11.000000000000028
2010-02-14,8.0,2010,2,14,2,5,8.0,8.0,8.0,16.0,18.00000000000003
2010-02-15,38.0,2010,2,15,2,5,38.0,46.0,46.0,54.0,54.00000000000003
2010-02-16,0.0,2010,2,16,2,5,0.0,46.0,46.0,46.0,54.00000000000003
2010-02-17,0.0,2010,2,17,2,5,0.0,38.0,46.0,46.0,54.00000000000003
2010-02-18,23.0,2010,2,18,2,5,23.0,23.0,69.0,69.0,77.00000000000003
2010-02-19,50.0,2010,2,19,2,5,50.0,73.0,111.0,119.0,119.00000000000003
2010-02-20,0.0,2010,2,20,2,5,0.0,73.0,73.0,119.0,119.00000000000003
2010-02-21,0.0,2010,2,21,3,6,0.0,50.0,73.0,111.0,119.00000000000003
2010-02-22,0.0,2010,2,22,3,6,0.0,0.0,73.0,73.0,119.00000000000003
2010-02-23,42.0,2010,2,23,3,6,42.0,42.0,92.0,115.0,161.00000000000003
2010-02-24,0.0,2010,2,24,3,6,0.0,42.0,42.0,115.0,153.00000000000003
2010-02-25,17.0,2010,2,25,3,6,17.0,59.0,59.0,109.0,132.00000000000003
2010-02-26,0.0,2010,2,26,3,6,0.0,17.0,59.0,59.0,132.00000000000003
2010-02-27,2.0,2010,2,27,3,6,2.0,19.0,61.0,61.0,134.00000000000003
2010-02-28,0.0,2010,2,28,3,6,0.0,2.0,19.0,61.0,111.00000000000003
2010-03-01,3.0,2010,3,1,1,7,3.0,5.0,22.0,64.0,64.00000000000003
2010-03-02,0.0,2010,3,2,1,7,0.0,3.0,5.0,22.0,64.00000000000003
2010-03-03,0.0,2010,3,3,1,7,0.0,3.0,5.0,22.0,64.00000000000003
2010-03-04,0.0,2010,3,4,1,7,0.0,0.0,3.0,5.0,64.00000000000003
2010-03-05,16.0,2010,3,5,1,7,16.0,16.0,19.0,21.0,38.00000000000003
2010-03-06,0.0,2010,3,6,1,7,0.0,16.0,16.0,19.0,38.00000000000003
2010-03-07,0.0,2010,3,7,1,7,0.0,16.0,16.0,19.0,21.00000000000003
2010-03-08,0.0,2010,3,8,1,7,0.0,0.0,16.0,16.0,21.00000000000003
2010-03-09,24.0,2010,3,9,1,7,24.0,24.0,40.0,40.0,43.00000000000003
2010-03-10,0.0,2010,3,10,1,7,0.0,24.0,24.0,40.0,43.00000000000003
2010-03-11,0.0,2010,3,11,2,8,0.0,24.0,24.0,40.0,40.00000000000003
2010-03-12,0.0,2010,3,12,2,8,0.0,0.0,24.0,24.0,40.00000000000003
2010-03-13,0.0,2010,3,13,2,8,0.0,0.0,24.0,24.0,40.00000000000003
2010-03-14,0.0,2010,3,14,2,8,0.0,0.0,0.0,24.0,40.00000000000003
2010-03-15,0.0,2010,3,15,2,8,0.0,0.0,0.0,24.0,24.00000000000003
2010-03-16,0.0,2010,3,16,2,8,0.0,0.0,0.0,0.0,24.00000000000003
2010-03-17,18.0,2010,3,17,2,8,18.0,18.0,18.0,18.0,42.00000000000003
2010-03-18,0.0,2010,3,18,2,8,0.0,18.0,18.0,18.0,42.00000000000003
2010-03-19,0.0,2010,3,19,2,8,0.0,18.0,18.0,18.0,18.00000000000003
2010-03-20,11.0,2010,3,20,2,8,11.0,11.0,29.0,29.0,29.00000000000003
2010-03-21,0.0,2010,3,21,3,9,0.0,11.0,29.0,29.0,29.00000000000003
2010-03-22,0.0,2010,3,22,3,9,0.0,11.0,11.0,29.0,29.00000000000003
2010-03-23,0.0,2010,3,23,3,9,0.0,0.0,11.0,29.0,29.00000000000003
2010-03-24,0.0,2010,3,24,3,9,0.0,0.0,11.0,11.0,29.00000000000003
2010-03-25,30.0,2010,3,25,3,9,30.0,30.0,30.0,41.0,59.00000000000003
2010-03-26,0.0,2010,3,26,3,9,0.0,30.0,30.0,41.0,59.00000000000003
2010-03-27,28.0,2010,3,27,3,9,28.0,58.0,58.0,58.0,69.00000000000003
2010-03-28,0.0,2010,3,28,3,9,0.0,28.0,58.0,58.0,69.00000000000003
2010-03-29,0.0,2010,3,29,3,9,0.0,28.0,58.0,58.0,69.00000000000003
2010-03-30,28.0,2010,3,30,3,9,28.0,28.0,56.0,86.0,86.00000000000003
2010-03-31,8.0,2010,3,31,3,9,8.0,36.0,64.0,94.0,94.00000000000003
2010-04-01,0.0,2010,4,1,1,10,0.0,36.0,36.0,64.0,94.00000000000003
2010-04-02,0.0,2010,4,2,1,10,0.0,8.0,36.0,64.0,94.00000000000003
2010-04-03,0.0,2010,4,3,1,10,0.0,0.0,36.0,36.0,94.00000000000003
2010-04-04,0.0,2010,4,4,1,10,0.0,0.0,8.0,36.0,64.00000000000003
2010-04-05,0.0,2010,4,5,1,10,0.0,0.0,0.0,36.0,64.00000000000003
2010-04-06,2.0,2010,4,6,1,10,2.0,2.0,2.0,10.0,38.00000000000003
2010-04-07,0.0,2010,4,7,1,10,0.0,2.0,2.0,2.0,38.00000000000003
2010-04-08,2.0,2010,4,8,1,10,2.0,4.0,4.0,4.0,40.00000000000003
2010-04-09,3.0,2010,4,9,1,10,3.0,5.0,7.0,7.0,15.000000000000028
2010-04-10,0.0,2010,4,10,1,10,0.0,5.0,7.0,7.0,7.000000000000028
2010-04-11,9.0,2010,4,11,2,11,9.0,12.0,14.0,16.0,16.00000000000003
2010-04-12,2.0,2010,4,12,2,11,2.0,11.0,16.0,18.0,18.00000000000003
2010-04-13,0.0,2010,4,13,2,11,0.0,11.0,14.0,16.0,18.00000000000003
2010-04-14,13.0,2010,4,14,2,11,13.0,15.0,24.0,29.0,31.00000000000003
2010-04-15,27.0,2010,4,15,2,11,27.0,40.0,51.0,54.0,58.00000000000003
2010-04-16,0.0,2010,4,16,2,11,0.0,40.0,42.0,51.0,56.00000000000003
2010-04-17,10.0,2010,4,17,2,11,10.0,37.0,50.0,61.0,66.00000000000003
2010-04-18,0.0,2010,4,18,2,11,0.0,10.0,50.0,52.0,64.00000000000003
2010-04-19,0.0,2010,4,19,2,11,0.0,10.0,37.0,50.0,61.00000000000003
2010-04-20,1.0,2010,4,20,2,11,1.0,1.0,11.0,51.0,62.00000000000003
2010-04-21,0.0,2010,4,21,3,12,0.0,1.0,11.0,38.0,53.00000000000003
2010-04-22,0.0,2010,4,22,3,12,0.0,1.0,1.0,11.0,51.00000000000003
2010-04-23,1.2,2010,4,23,3,12,1.2,1.2,2.2,12.2,52.20000000000003
2010-04-24,0.0,2010,4,24,3,12,0.0,1.2,2.2,2.2,39.20000000000003
2010-04-25,1.8,2010,4,25,3,12,1.8,3.0,3.0,4.0,14.000000000000028
2010-04-26,0.0,2010,4,26,3,12,0.0,1.8,3.0,4.0,14.000000000000028
2010-04-27,0.0,2010,4,27,3,12,0.0,1.8,3.0,3.0,4.000000000000028
2010-04-28,0.0,2010,4,28,3,12,0.0,0.0,1.8,3.0,4.000000000000028
2010-04-29,0.0,2010,4,29,3,12,0.0,0.0,1.8,3.0,4.000000000000028
2010-04-30,0.0,2010,4,30,3,12,0.0,0.0,0.0,1.8,3.0000000000000284
2010-05-01,0.0,2010,5,1,1,13,0.0,0.0,0.0,1.8,3.0000000000000284
2010-05-02,0.0,2010,5,2,1,13,0.0,0.0,0.0,0.0,3.0000000000000284
2010-05-03,0.0,2010,5,3,1,13,0.0,0.0,0.0,0.0,1.8000000000000285
2010-05-04,0.3,2010,5,4,1,13,0.3,0.3,0.3,0.3,2.1000000000000285
2010-05-05,0.0,2010,5,5,1,13,0.0,0.3,0.3,0.3,0.3000000000000284
2010-05-06,0.0,2010,5,6,1,13,0.0,0.3,0.3,0.3,0.3000000000000284
2010-05-07,0.0,2010,5,7,1,13,0.0,0.0,0.3,0.3,0.3000000000000284
2010-05-08,0.0,2010,5,8,1,13,0.0,0.0,0.3,0.3,0.3000000000000284
2010-05-09,2.0,2010,5,9,1,13,2.0,2.0,2.0,2.3,2.3000000000000282
2010-05-10,0.0,2010,5,10,1,13,0.0,2.0,2.0,2.3,2.3000000000000282
2010-05-11,0.0,2010,5,11,2,14,0.0,2.0,2.0,2.0,2.3000000000000282
2010-05-12,3.0,2010,5,12,2,14,3.0,3.0,5.0,5.0,5.300000000000028
2010-05-13,10.0,2010,5,13,2,14,10.0,13.0,15.0,15.0,15.30000000000003
2010-05-14,3.0,2010,5,14,2,14,3.0,16.0,16.0,18.0,18.00000000000003
2010-05-15,0.0,2010,5,15,2,14,0.0,13.0,16.0,18.0,18.00000000000003
2010-05-16,15.0,2010,5,16,2,14,15.0,18.0,31.0,31.0,33.00000000000003
2010-05-17,29.0,2010,5,17,2,14,29.0,44.0,57.0,60.0,62.00000000000003
2010-05-18,0.0,2010,5,18,2,14,0.0,44.0,47.0,60.0,62.00000000000003
2010-05-19,0.0,2010,5,19,2,14,0.0,29.0,44.0,57.0,60.00000000000003
2010-05-20,0.0,2010,5,20,2,14,0.0,0.0,44.0,47.0,60.00000000000003
2010-05-21,18.0,2010,5,21,3,15,18.0,18.0,47.0,62.0,78.00000000000003
2010-05-22,0.0,2010,5,22,3,15,0.0,18.0,18.0,62.0,75.00000000000003
2010-05-23,0.0,2010,5,23,3,15,0.0,18.0,18.0,47.0,65.00000000000003
2010-05-24,0.0,2010,5,24,3,15,0.0,0.0,18.0,18.0,62.00000000000003
2010-05-25,29.0,2010,5,25,3,15,29.0,29.0,47.0,47.0,91.00000000000003
2010-05-26,4.0,2010,5,26,3,15,4.0,33.0,33.0,51.0,80.00000000000003
2010-05-27,0.0,2010,5,27,3,15,0.0,33.0,33.0,51.0,51.00000000000003
2010-05-28,0.0,2010,5,28,3,15,0.0,4.0,33.0,33.0,51.00000000000003
2010-05-29,0.0,2010,5,29,3,15,0.0,0.0,33.0,33.0,51.00000000000003
2010-05-30,0.0,2010,5,30,3,15,0.0,0.0,4.0,33.0,51.00000000000003
2010-05-31,0.0,2010,5,31,3,15,0.0,0.0,0.0,33.0,33.00000000000003
2010-06-01,0.0,2010,6,1,1,16,0.0,0.0,0.0,4.0,33.00000000000003
2010-06-02,0.0,2010,6,2,1,16,0.0,0.0,0.0,0.0,33.00000000000003
2010-06-03,0.0,2010,6,3,1,16,0.0,0.0,0.0,0.0,33.00000000000003
2010-06-04,11.0,2010,6,4,1,16,11.0,11.0,11.0,11.0,15.000000000000028
2010-06-05,33.0,2010,6,5,1,16,33.0,44.0,44.0,44.0,44.00000000000003
2010-06-06,13.0,2010,6,6,1,16,13.0,57.0,57.0,57.0,57.00000000000003
2010-06-07,0.0,2010,6,7,1,16,0.0,46.0,57.0,57.0,57.00000000000003
2010-06-08,28.0,2010,6,8,1,16,28.0,41.0,85.0,85.0,85.00000000000003
2010-06-09,1.0,2010,6,9,1,16,1.0,29.0,75.0,86.0,86.00000000000003
2010-06-10,0.0,2010,6,10,1,16,0.0,29.0,42.0,86.0,86.00000000000003
2010-06-11,0.0,2010,6,11,2,17,0.0,1.0,29.0,75.0,86.00000000000003
2010-06-12,0.0,2010,6,12,2,17,0.0,0.0,29.0,42.0,86.00000000000003
2010-06-13,0.0,2010,6,13,2,17,0.0,0.0,1.0,29.0,86.00000000000003
2010-06-14,0.0,2010,6,14,2,17,0.0,0.0,0.0,29.0,75.00000000000003
2010-06-15,1.0,2010,6,15,2,17,1.0,1.0,1.0,2.0,43.00000000000003
2010-06-16,8.0,2010,6,16,2,17,8.0,9.0,9.0,9.0,38.00000000000003
2010-06-17,1.0,2010,6,17,2,17,1.0,10.0,10.0,10.0,39.00000000000003
2010-06-18,0.0,2010,6,18,2,17,0.0,9.0,10.0,10.0,11.000000000000028
2010-06-19,6.0,2010,6,19,2,17,6.0,7.0,16.0,16.0,16.00000000000003
2010-06-20,0.0,2010,6,20,2,17,0.0,6.0,15.0,16.0,16.00000000000003
2010-06-21,1.0,2010,6,21,3,18,1.0,7.0,8.0,17.0,17.00000000000003
2010-06-22,0.0,2010,6,22,3,18,0.0,1.0,7.0,16.0,17.00000000000003
2010-06-23,0.0,2010,6,23,3,18,0.0,1.0,7.0,8.0,17.00000000000003
2010-06-24,0.0,2010,6,24,3,18,0.0,0.0,1.0,7.0,17.00000000000003
2010-06-25,59.0,2010,6,25,3,18,59.0,59.0,60.0,66.0,75.00000000000003
2010-06-26,1.0,2010,6,26,3,18,1.0,60.0,60.0,61.0,68.00000000000003
2010-06-27,1.0,2010,6,27,3,18,1.0,61.0,61.0,62.0,68.00000000000003
2010-06-28,0.0,2010,6,28,3,18,0.0,2.0,61.0,61.0,68.00000000000003
2010-06-29,1.0,2010,6,29,3,18,1.0,2.0,62.0,62.0,63.00000000000003
2010-06-30,2.0,2010,6,30,3,18,2.0,3.0,5.0,64.0,65.00000000000003
2010-07-01,0.0,2010,7,1,1,19,0.0,3.0,4.0,64.0,64.00000000000003
2010-07-02,0.0,2010,7,2,1,19,0.0,2.0,3.0,5.0,64.00000000000003
2010-07-03,0.0,2010,7,3,1,19,0.0,0.0,3.0,4.0,64.00000000000003
2010-07-04,3.0,2010,7,4,1,19,3.0,3.0,5.0,6.0,67.00000000000003
2010-07-05,0.0,2010,7,5,1,19,0.0,3.0,3.0,6.0,8.000000000000028
2010-07-06,0.0,2010,7,6,1,19,0.0,3.0,3.0,5.0,7.000000000000028
2010-07-07,0.0,2010,7,7,1,19,0.0,0.0,3.0,3.0,6.000000000000028
2010-07-08,0.0,2010,7,8,1,19,0.0,0.0,3.0,3.0,6.000000000000028
2010-07-09,28.0,2010,7,9,1,19,28.0,28.0,28.0,31.0,33.00000000000003
2010-07-10,0.0,2010,7,10,1,19,0.0,28.0,28.0,31.0,31.00000000000003
2010-07-11,0.0,2010,7,11,2,20,0.0,28.0,28.0,28.0,31.00000000000003
2010-07-12,0.0,2010,7,12,2,20,0.0,0.0,28.0,28.0,31.00000000000003
2010-07-13,2.0,2010,7,13,2,20,2.0,2.0,30.0,30.0,33.00000000000003
2010-07-14,70.0,2010,7,14,2,20,70.0,72.0,72.0,100.0,100.00000000000003
2010-07-15,0.0,2010,7,15,2,20,0.0,72.0,72.0,100.0,100.00000000000003
2010-07-16,9.0,2010,7,16,2,20,9.0,79.0,81.0,81.0,109.00000000000003
2010-07-17,8.0,2010,7,17,2,20,8.0,17.0,89.0,89.0,117.00000000000003
2010-07-18,20.0,2010,7,18,2,20,20.0,37.0,107.0,109.0,137.00000000000003
2010-07-19,1.0,2010,7,19,2,20,1.0,29.0,38.0,110.0,110.00000000000003
2010-07-20,15.0,2010,7,20,2,20,15.0,36.0,53.0,123.0,125.00000000000003
2010-07-21,0.0,2010,7,21,3,21,0.0,16.0,44.0,53.0,125.00000000000003
2010-07-22,5.0,2010,7,22,3,21,5.0,20.0,41.0,58.0,130.00000000000003
2010-07-23,0.0,2010,7,23,3,21,0.0,5.0,21.0,49.0,128.00000000000003
2010-07-24,0.0,2010,7,24,3,21,0.0,5.0,20.0,41.0,58.00000000000003
2010-07-25,0.0,2010,7,25,3,21,0.0,0.0,5.0,21.0,58.00000000000003
2010-07-26,0.0,2010,7,26,3,21,0.0,0.0,5.0,20.0,49.00000000000003
2010-07-27,13.0,2010,7,27,3,21,13.0,13.0,13.0,18.0,54.00000000000003
2010-07-28,30.0,2010,7,28,3,21,30.0,43.0,43.0,48.0,64.00000000000003
2010-07-29,4.0,2010,7,29,3,21,4.0,47.0,47.0,47.0,67.00000000000003
2010-07-30,0.0,2010,7,30,3,21,0.0,34.0,47.0,47.0,52.00000000000003
2010-07-31,0.0,2010,7,31,3,21,0.0,4.0,47.0,47.0,52.00000000000003
2010-08-01,1.0,2010,8,1,1,22,1.0,1.0,35.0,48.0,48.00000000000003
2010-08-02,0.0,2010,8,2,1,22,0.0,1.0,5.0,48.0,48.00000000000003
2010-08-03,0.0,2010,8,3,1,22,0.0,1.0,1.0,35.0,48.00000000000003
2010-08-04,0.0,2010,8,4,1,22,0.0,0.0,1.0,5.0,48.00000000000003
2010-08-05,0.0,2010,8,5,1,22,0.0,0.0,1.0,1.0,48.00000000000003
2010-08-06,18.0,2010,8,6,1,22,18.0,18.0,18.0,19.0,53.00000000000003
2010-08-07,5.0,2010,8,7,1,22,5.0,23.0,23.0,24.0,28.00000000000003
2010-08-08,4.0,2010,8,8,1,22,4.0,27.0,27.0,27.0,28.00000000000003
2010-08-09,5.0,2010,8,9,1,22,5.0,14.0,32.0,32.0,33.00000000000003
2010-08-10,0.0,2010,8,10,1,22,0.0,9.0,32.0,32.0,33.00000000000003
2010-08-11,0.0,2010,8,11,2,23,0.0,5.0,14.0,32.0,32.00000000000003
2010-08-12,14.0,2010,8,12,2,23,14.0,14.0,23.0,46.0,46.00000000000003
2010-08-13,0.0,2010,8,13,2,23,0.0,14.0,19.0,28.0,46.00000000000003
2010-08-14,0.0,2010,8,14,2,23,0.0,14.0,14.0,23.0,46.00000000000003
2010-08-15,7.0,2010,8,15,2,23,7.0,7.0,21.0,26.0,53.00000000000003
2010-08-16,1.0,2010,8,16,2,23,1.0,8.0,22.0,22.0,36.00000000000003
2010-08-17,46.0,2010,8,17,2,23,46.0,54.0,54.0,68.0,77.00000000000003
2010-08-18,1.0,2010,8,18,2,23,1.0,48.0,55.0,69.0,74.00000000000003
2010-08-19,0.0,2010,8,19,2,23,0.0,47.0,55.0,55.0,69.00000000000003
2010-08-20,0.0,2010,8,20,2,23,0.0,1.0,48.0,55.0,69.00000000000003
2010-08-21,13.0,2010,8,21,3,24,13.0,13.0,60.0,68.0,82.00000000000003
2010-08-22,0.0,2010,8,22,3,24,0.0,13.0,14.0,61.0,68.00000000000003
2010-08-23,0.0,2010,8,23,3,24,0.0,13.0,13.0,60.0,68.00000000000003
2010-08-24,0.0,2010,8,24,3,24,0.0,0.0,13.0,14.0,68.00000000000003
2010-08-25,1.0,2010,8,25,3,24,1.0,1.0,14.0,14.0,62.00000000000003
2010-08-26,0.0,2010,8,26,3,24,0.0,1.0,1.0,14.0,61.00000000000003
2010-08-27,0.0,2010,8,27,3,24,0.0,1.0,1.0,14.0,15.000000000000028
2010-08-28,1.0,2010,8,28,3,24,1.0,1.0,2.0,2.0,15.000000000000028
2010-08-29,0.0,2010,8,29,3,24,0.0,1.0,2.0,2.0,15.000000000000028
2010-08-30,4.0,2010,8,30,3,24,4.0,5.0,5.0,6.0,19.00000000000003
2010-08-31,2.0,2010,8,31,3,24,2.0,6.0,7.0,8.0,8.000000000000028
2010-09-01,0.0,2010,9,1,1,25,0.0,6.0,7.0,7.0,8.000000000000028
2010-09-02,0.0,2010,9,2,1,25,0.0,2.0,6.0,7.0,8.000000000000028
2010-09-03,44.0,2010,9,3,1,25,44.0,44.0,50.0,51.0,52.00000000000003
2010-09-04,37.0,2010,9,4,1,25,37.0,81.0,83.0,87.0,88.00000000000003
2010-09-05,0.0,2010,9,5,1,25,0.0,81.0,81.0,87.0,88.00000000000003
2010-09-06,16.0,2010,9,6,1,25,16.0,53.0,97.0,99.0,104.00000000000003
2010-09-07,1.0,2010,9,7,1,25,1.0,17.0,98.0,98.0,104.00000000000003
2010-09-08,0.0,2010,9,8,1,25,0.0,17.0,54.0,98.0,104.00000000000003
2010-09-09,13.0,2010,9,9,1,25,13.0,14.0,30.0,111.0,113.00000000000003
2010-09-10,0.0,2010,9,10,1,25,0.0,13.0,30.0,67.0,111.00000000000003
2010-09-11,5.0,2010,9,11,2,26,5.0,18.0,19.0,35.0,116.00000000000003
2010-09-12,0.0,2010,9,12,2,26,0.0,5.0,18.0,35.0,116.00000000000003
2010-09-13,0.0,2010,9,13,2,26,0.0,5.0,18.0,19.0,72.00000000000003
2010-09-14,9.0,2010,9,14,2,26,9.0,9.0,14.0,27.0,44.00000000000003
2010-09-15,7.0,2010,9,15,2,26,7.0,16.0,21.0,34.0,51.00000000000003
2010-09-16,29.0,2010,9,16,2,26,29.0,45.0,45.0,50.0,64.00000000000003
2010-09-17,0.0,2010,9,17,2,26,0.0,36.0,45.0,50.0,63.00000000000003
2010-09-18,52.0,2010,9,18,2,26,52.0,81.0,97.0,97.0,115.00000000000003
2010-09-19,0.0,2010,9,19,2,26,0.0,52.0,88.0,97.0,102.00000000000003
2010-09-20,0.0,2010,9,20,2,26,0.0,52.0,81.0,97.0,102.00000000000003
2010-09-21,0.0,2010,9,21,3,27,0.0,0.0,52.0,88.0,97.00000000000003
2010-09-22,5.0,2010,9,22,3,27,5.0,5.0,57.0,86.0,102.00000000000003
2010-09-23,51.0,2010,9,23,3,27,51.0,56.0,56.0,108.0,153.00000000000003
2010-09-24,16.0,2010,9,24,3,27,16.0,72.0,72.0,124.0,160.00000000000003
2010-09-25,15.0,2010,9,25,3,27,15.0,82.0,87.0,87.0,168.00000000000003
2010-09-26,24.0,2010,9,26,3,27,24.0,55.0,111.0,111.0,163.00000000000003
2010-09-27,0.0,2010,9,27,3,27,0.0,39.0,106.0,111.0,163.00000000000003
2010-09-28,4.0,2010,9,28,3,27,4.0,28.0,59.0,115.0,115.00000000000003
2010-09-29,0.0,2010,9,29,3,27,0.0,4.0,43.0,110.0,115.00000000000003
2010-09-30,0.0,2010,9,30,3,27,0.0,4.0,28.0,59.0,115.00000000000003
2010-10-01,0.2,2010,10,1,1,28,0.2,0.2,4.2,43.2,115.20000000000003
2010-10-02,0.0,2010,10,2,1,28,0.0,0.2,4.2,28.2,110.20000000000003
2010-10-03,44.1,2010,10,3,1,28,44.1,44.300000000000004,44.300000000000004,48.3,103.30000000000004
2010-10-04,37.3,2010,10,4,1,28,37.3,81.4,81.6,85.6,124.60000000000002
2010-10-05,0.0,2010,10,5,1,28,0.0,81.4,81.6,81.6,109.60000000000002
2010-10-06,15.6,2010,10,6,1,28,15.6,52.9,97.0,97.2,101.20000000000003
2010-10-07,0.9,2010,10,7,1,28,0.9,16.5,97.89999999999999,98.1,102.10000000000002
2010-10-08,0.1,2010,10,8,1,28,0.1,16.6,53.9,98.0,98.20000000000003
2010-10-09,13.1,2010,10,9,1,28,13.1,14.1,29.7,111.1,111.30000000000003
2010-10-10,0.4,2010,10,10,1,28,0.4,13.6,30.099999999999998,67.4,111.70000000000003
2010-10-11,4.7,2010,10,11,2,29,4.7,18.2,19.2,34.8,116.20000000000003
2010-10-12,0.0,2010,10,12,2,29,0.0,5.1000000000000005,18.3,34.8,116.20000000000003
2010-10-13,0.0,2010,10,13,2,29,0.0,4.7,18.2,19.2,72.10000000000002
2010-10-14,9.3,2010,10,14,2,29,9.3,9.3,14.4,27.6,44.10000000000003
2010-10-15,7.2,2010,10,15,2,29,7.2,16.5,21.2,34.7,51.30000000000003
2010-10-16,0.0,2010,10,16,2,29,0.0,16.5,16.5,21.6,35.70000000000003
2010-10-17,0.0,2010,10,17,2,29,0.0,7.2,16.5,21.200000000000003,34.80000000000003
2010-10-18,0.0,2010,10,18,2,29,0.0,0.0,16.5,16.5,34.70000000000003
2010-10-19,0.0,2010,10,19,2,29,0.0,0.0,7.2,16.5,21.60000000000003
2010-10-20,0.0,2010,10,20,2,29,0.0,0.0,0.0,16.5,21.20000000000003
2010-10-21,0.0,2010,10,21,3,30,0.0,0.0,0.0,7.2,16.50000000000003
2010-10-22,4.0,2010,10,22,3,30,4.0,4.0,4.0,4.0,20.50000000000003
2010-10-23,0.0,2010,10,23,3,30,0.0,4.0,4.0,4.0,20.50000000000003
2010-10-24,0.0,2010,10,24,3,30,0.0,4.0,4.0,4.0,11.200000000000028
2010-10-25,2.0,2010,10,25,3,30,2.0,2.0,6.0,6.0,6.000000000000028
2010-10-26,13.0,2010,10,26,3,30,13.0,15.0,19.0,19.0,19.00000000000003
2010-10-27,0.0,2010,10,27,3,30,0.0,15.0,15.0,19.0,19.00000000000003
2010-10-28,4.0,2010,10,28,3,30,4.0,17.0,19.0,23.0,23.00000000000003
2010-10-29,24.0,2010,10,29,3,30,24.0,28.0,43.0,43.0,47.00000000000003
2010-10-30,5.0,2010,10,30,3,30,5.0,33.0,46.0,48.0,52.00000000000003
2010-10-31,1.0,2010,10,31,3,30,1.0,30.0,34.0,49.0,53.00000000000003
2010-11-01,0.0,2010,11,1,1,31,0.0,6.0,34.0,47.0,49.00000000000003
2010-11-02,0.0,2010,11,2,1,31,0.0,1.0,30.0,34.0,49.00000000000003
2010-11-03,0.0,2010,11,3,1,31,0.0,0.0,6.0,34.0,49.00000000000003
2010-11-04,1.0,2010,11,4,1,31,1.0,1.0,2.0,31.0,48.00000000000003
2010-11-05,2.0,2010,11,5,1,31,2.0,3.0,3.0,9.0,37.00000000000003
2010-11-06,0.0,2010,11,6,1,31,0.0,3.0,3.0,4.0,37.00000000000003
2010-11-07,0.0,2010,11,7,1,31,0.0,2.0,3.0,3.0,33.00000000000003
2010-11-08,0.0,2010,11,8,1,31,0.0,0.0,3.0,3.0,9.000000000000028
2010-11-09,0.0,2010,11,9,1,31,0.0,0.0,2.0,3.0,4.000000000000028
2010-11-10,0.0,2010,11,10,1,31,0.0,0.0,0.0,3.0,3.0000000000000284
2010-11-11,0.0,2010,11,11,2,32,0.0,0.0,0.0,2.0,3.0000000000000284
2010-11-12,0.0,2010,11,12,2,32,0.0,0.0,0.0,0.0,3.0000000000000284
2010-11-13,29.0,2010,11,13,2,32,29.0,29.0,29.0,29.0,32.00000000000003
2010-11-14,2.0,2010,11,14,2,32,2.0,31.0,31.0,31.0,33.00000000000003
2010-11-15,0.0,2010,11,15,2,32,0.0,31.0,31.0,31.0,31.00000000000003
2010-11-16,0.0,2010,11,16,2,32,0.0,2.0,31.0,31.0,31.00000000000003
2010-11-17,3.0,2010,11,17,2,32,3.0,3.0,34.0,34.0,34.00000000000003
2010-11-18,0.0,2010,11,18,2,32,0.0,3.0,5.0,34.0,34.00000000000003
2010-11-19,1.0,2010,11,19,2,32,1.0,4.0,4.0,35.0,35.00000000000003
2010-11-20,4.0,2010,11,20,2,32,4.0,5.0,8.0,10.0,39.00000000000003
2010-11-21,0.0,2010,11,21,3,33,0.0,5.0,8.0,8.0,39.00000000000003
2010-11-22,0.0,2010,11,22,3,33,0.0,4.0,5.0,8.0,39.00000000000003
2010-11-23,0.0,2010,11,23,3,33,0.0,0.0,5.0,8.0,10.000000000000028
2010-11-24,0.0,2010,11,24,3,33,0.0,0.0,4.0,5.0,8.000000000000028
2010-11-25,20.0,2010,11,25,3,33,20.0,20.0,20.0,25.0,28.00000000000003
2010-11-26,1.0,2010,11,26,3,33,1.0,21.0,21.0,25.0,29.00000000000003
2010-11-27,37.0,2010,11,27,3,33,37.0,58.0,58.0,58.0,63.00000000000003
2010-11-28,44.0,2010,11,28,3,33,44.0,82.0,102.0,102.0,107.00000000000003
2010-11-29,4.0,2010,11,29,3,33,4.0,85.0,106.0,106.0,110.00000000000003
2010-11-30,0.0,2010,11,30,3,33,0.0,48.0,86.0,106.0,106.00000000000003
2010-12-01,1.0,2010,12,1,1,34,1.0,5.0,86.0,107.0,107.00000000000003
2010-12-02,9.0,2010,12,2,1,34,9.0,10.0,58.0,96.0,116.00000000000003
2010-12-03,6.0,2010,12,3,1,34,6.0,16.0,20.0,101.0,122.00000000000003
2010-12-04,2.0,2010,12,4,1,34,2.0,17.0,18.0,66.0,124.00000000000003
2010-12-05,0.0,2010,12,5,1,34,0.0,8.0,18.0,22.0,104.00000000000003
2010-12-06,1.0,2010,12,6,1,34,1.0,3.0,18.0,19.0,104.00000000000003
2010-12-07,4.0,2010,12,7,1,34,4.0,5.0,13.0,23.0,71.00000000000003
2010-12-08,0.0,2010,12,8,1,34,0.0,5.0,7.0,22.0,27.00000000000003
2010-12-09,1.0,2010,12,9,1,34,1.0,5.0,6.0,14.0,24.00000000000003
2010-12-10,0.0,2010,12,10,1,34,0.0,1.0,6.0,8.0,24.00000000000003
2010-12-11,1.0,2010,12,11,2,35,1.0,2.0,6.0,7.0,24.00000000000003
2010-12-12,33.0,2010,12,12,2,35,33.0,34.0,35.0,40.0,48.00000000000003
2010-12-13,0.0,2010,12,13,2,35,0.0,34.0,35.0,39.0,42.00000000000003
2010-12-14,0.0,2010,12,14,2,35,0.0,33.0,34.0,35.0,40.00000000000003
2010-12-15,4.0,2010,12,15,2,35,4.0,4.0,38.0,39.0,44.00000000000003
2010-12-16,1.0,2010,12,16,2,35,1.0,5.0,38.0,39.0,44.00000000000003
2010-12-17,0.0,2010,12,17,2,35,0.0,5.0,5.0,39.0,40.00000000000003
2010-12-18,0.0,2010,12,18,2,35,0.0,1.0,5.0,38.0,40.00000000000003
2010-12-19,0.0,2010,12,19,2,35,0.0,0.0,5.0,5.0,39.00000000000003
2010-12-20,8.0,2010,12,20,2,35,8.0,8.0,9.0,13.0,47.00000000000003
2010-12-21,2.0,2010,12,21,3,36,2.0,10.0,10.0,15.0,48.00000000000003
2010-12-22,4.0,2010,12,22,3,36,4.0,14.0,14.0,15.0,19.00000000000003
2010-12-23,14.0,2010,12,23,3,36,14.0,20.0,28.0,28.0,33.00000000000003
2010-12-24,0.0,2010,12,24,3,36,0.0,18.0,28.0,28.0,33.00000000000003
2010-12-25,0.0,2010,12,25,3,36,0.0,14.0,20.0,28.0,29.00000000000003
2010-12-26,0.0,2010,12,26,3,36,0.0,0.0,18.0,28.0,28.00000000000003
2010-12-27,1.0,2010,12,27,3,36,1.0,1.0,15.0,21.0,29.00000000000003
2010-12-28,4.0,2010,12,28,3,36,4.0,5.0,5.0,23.0,33.00000000000003
2010-12-29,9.0,2010,12,29,3,36,9.0,14.0,14.0,28.0,42.00000000000003
2010-12-30,4.0,2010,12,30,3,36,4.0,17.0,18.0,18.0,38.00000000000003
2010-12-31,0.0,2010,12,31,3,36,0.0,13.0,18.0,18.0,36.00000000000003
2011-01-01,0.0,2011,1,1,1,1,0.0,4.0,17.0,18.0,32.00000000000003
2011-01-02,0.0,2011,1,2,1,1,0.0,0.0,13.0,18.0,18.00000000000003
2011-01-03,0.0,2011,1,3,1,1,0.0,0.0,4.0,17.0,18.00000000000003
2011-01-04,0.0,2011,1,4,1,1,0.0,0.0,0.0,13.0,18.00000000000003
2011-01-05,1.0,2011,1,5,1,1,1.0,1.0,1.0,5.0,19.00000000000003
2011-01-06,49.0,2011,1,6,1,1,49.0,50.0,50.0,50.0,67.00000000000003
2011-01-07,3.0,2011,1,7,1,1,3.0,53.0,53.0,53.0,66.00000000000003
2011-01-08,1.0,2011,1,8,1,1,1.0,53.0,54.0,54.0,58.00000000000003
2011-01-09,5.0,2011,1,9,1,1,5.0,9.0,59.0,59.0,59.00000000000003
2011-01-10,68.0,2011,1,10,1,1,68.0,74.0,126.0,127.0,127.00000000000003
2011-01-11,2.0,2011,1,11,2,2,2.0,75.0,79.0,129.0,129.00000000000003
2011-01-12,3.0,2011,1,12,2,2,3.0,73.0,79.0,131.0,132.00000000000003
2011-01-13,1.0,2011,1,13,2,2,1.0,6.0,79.0,83.0,133.00000000000003
2011-01-14,0.0,2011,1,14,2,2,0.0,4.0,74.0,80.0,133.00000000000003
2011-01-15,3.0,2011,1,15,2,2,3.0,4.0,9.0,82.0,135.00000000000003
2011-01-16,4.0,2011,1,16,2,2,4.0,7.0,11.0,81.0,90.00000000000003
2011-01-17,5.0,2011,1,17,2,2,5.0,12.0,13.0,18.0,92.00000000000003
2011-01-18,1.0,2011,1,18,2,2,1.0,10.0,13.0,17.0,92.00000000000003
2011-01-19,13.0,2011,1,19,2,2,13.0,19.0,26.0,27.0,100.00000000000003
2011-01-20,5.0,2011,1,20,2,2,5.0,19.0,28.0,31.0,37.00000000000003
2011-01-21,3.0,2011,1,21,3,3,3.0,21.0,27.0,34.0,38.00000000000003
2011-01-22,9.0,2011,1,22,3,3,9.0,17.0,31.0,40.0,44.00000000000003
2011-01-23,5.0,2011,1,23,3,3,5.0,17.0,35.0,41.0,48.00000000000003
2011-01-24,0.0,2011,1,24,3,3,0.0,14.0,22.0,36.0,48.00000000000003
2011-01-25,0.0,2011,1,25,3,3,0.0,5.0,17.0,35.0,45.00000000000003
2011-01-26,15.0,2011,1,26,3,3,15.0,15.0,29.0,37.0,56.00000000000003
2011-01-27,0.0,2011,1,27,3,3,0.0,15.0,20.0,32.0,51.00000000000003
2011-01-28,5.0,2011,1,28,3,3,5.0,20.0,20.0,34.0,55.00000000000003
2011-01-29,34.0,2011,1,29,3,3,34.0,39.0,54.0,59.0,76.00000000000003
2011-01-30,8.0,2011,1,30,3,3,8.0,47.0,62.0,62.0,79.00000000000003
2011-01-31,0.0,2011,1,31,3,3,0.0,42.0,47.0,62.0,76.00000000000003
2011-02-01,5.0,2011,2,1,1,4,5.0,13.0,52.0,67.0,72.00000000000003
2011-02-02,1.0,2011,2,2,1,4,1.0,6.0,48.0,53.0,68.00000000000003
2011-02-03,1.0,2011,2,3,1,4,1.0,7.0,15.0,54.0,69.00000000000003
2011-02-04,8.0,2011,2,4,1,4,8.0,10.0,15.0,57.0,77.00000000000003
2011-02-05,22.0,2011,2,5,1,4,22.0,31.0,37.0,45.0,84.00000000000003
2011-02-06,2.0,2011,2,6,1,4,2.0,32.0,34.0,39.0,86.00000000000003
2011-02-07,4.0,2011,2,7,1,4,4.0,28.0,37.0,43.0,85.00000000000003
2011-02-08,4.0,2011,2,8,1,4,4.0,10.0,40.0,42.0,55.00000000000003
2011-02-09,0.0,2011,2,9,1,4,0.0,8.0,32.0,41.0,47.00000000000003
2011-02-10,0.0,2011,2,10,1,4,0.0,4.0,10.0,40.0,47.00000000000003
2011-02-11,0.0,2011,2,11,2,5,0.0,0.0,8.0,32.0,42.00000000000003
2011-02-12,1.0,2011,2,12,2,5,1.0,1.0,5.0,11.0,42.00000000000003
2011-02-13,0.0,2011,2,13,2,5,0.0,1.0,1.0,9.0,41.00000000000003
2011-02-14,0.0,2011,2,14,2,5,0.0,1.0,1.0,5.0,33.00000000000003
2011-02-15,0.0,2011,2,15,2,5,0.0,0.0,1.0,1.0,11.000000000000028
2011-02-16,0.0,2011,2,16,2,5,0.0,0.0,1.0,1.0,9.000000000000028
2011-02-17,1.0,2011,2,17,2,5,1.0,1.0,1.0,2.0,6.000000000000028
2011-02-18,0.0,2011,2,18,2,5,0.0,1.0,1.0,2.0,2.0000000000000284
2011-02-19,0.0,2011,2,19,2,5,0.0,1.0,1.0,1.0,2.0000000000000284
2011-02-20,2.0,2011,2,20,2,5,2.0,2.0,3.0,3.0,4.000000000000028
2011-02-21,0.0,2011,2,21,3,6,0.0,2.0,3.0,3.0,4.000000000000028
2011-02-22,4.0,2011,2,22,3,6,4.0,6.0,6.0,7.0,7.000000000000028
2011-02-23,0.0,2011,2,23,3,6,0.0,4.0,6.0,7.0,7.000000000000028
2011-02-24,0.0,2011,2,24,3,6,0.0,4.0,6.0,6.0,7.000000000000028
2011-02-25,0.0,2011,2,25,3,6,0.0,0.0,4.0,6.0,7.000000000000028
2011-02-26,6.0,2011,2,26,3,6,6.0,6.0,10.0,12.0,13.000000000000028
2011-02-27,12.0,2011,2,27,3,6,12.0,18.0,18.0,22.0,24.00000000000003
2011-02-28,18.0,2011,2,28,3,6,18.0,36.0,36.0,40.0,42.00000000000003
2011-03-01,20.0,2011,3,1,1,7,20.0,50.0,56.0,56.0,62.00000000000003
2011-03-02,0.0,2011,3,2,1,7,0.0,38.0,56.0,56.0,60.00000000000003
2011-03-03,4.0,2011,3,3,1,7,4.0,24.0,54.0,60.0,64.00000000000003
2011-03-04,6.0,2011,3,4,1,7,6.0,10.0,48.0,66.0,66.00000000000003
2011-03-05,20.0,2011,3,5,1,7,20.0,30.0,50.0,80.0,86.00000000000003
2011-03-06,2.0,2011,3,6,1,7,2.0,28.0,32.0,70.0,88.00000000000003
2011-03-07,1.0,2011,3,7,1,7,1.0,23.0,33.0,53.0,89.00000000000003
2011-03-08,2.0,2011,3,8,1,7,2.0,5.0,31.0,35.0,85.00000000000003
2011-03-09,2.0,2011,3,9,1,7,2.0,5.0,27.0,37.0,75.00000000000003
2011-03-10,11.0,2011,3,10,1,7,11.0,15.0,18.0,44.0,68.00000000000003
2011-03-11,2.0,2011,3,11,2,8,2.0,15.0,18.0,40.0,50.00000000000003
2011-03-12,0.0,2011,3,12,2,8,0.0,13.0,17.0,20.0,50.00000000000003
2011-03-13,0.0,2011,3,13,2,8,0.0,2.0,15.0,18.0,46.00000000000003
2011-03-14,38.0,2011,3,14,2,8,38.0,38.0,51.0,55.0,78.00000000000003
2011-03-15,0.0,2011,3,15,2,8,0.0,38.0,40.0,53.0,58.00000000000003
2011-03-16,19.0,2011,3,16,2,8,19.0,57.0,57.0,70.0,75.00000000000003
2011-03-17,0.0,2011,3,17,2,8,0.0,19.0,57.0,59.0,74.00000000000003
2011-03-18,9.0,2011,3,18,2,8,9.0,28.0,66.0,66.0,81.00000000000003
2011-03-19,17.0,2011,3,19,2,8,17.0,26.0,45.0,83.0,96.00000000000003
2011-03-20,0.0,2011,3,20,2,8,0.0,26.0,45.0,83.0,85.00000000000003
2011-03-21,0.0,2011,3,21,3,9,0.0,17.0,26.0,45.0,83.00000000000003
2011-03-22,0.0,2011,3,22,3,9,0.0,0.0,26.0,45.0,83.00000000000003
2011-03-23,22.0,2011,3,23,3,9,22.0,22.0,39.0,48.0,105.00000000000003
2011-03-24,1.0,2011,3,24,3,9,1.0,23.0,23.0,49.0,68.00000000000003
2011-03-25,0.0,2011,3,25,3,9,0.0,23.0,23.0,40.0,68.00000000000003
2011-03-26,0.0,2011,3,26,3,9,0.0,1.0,23.0,23.0,49.00000000000003
2011-03-27,0.0,2011,3,27,3,9,0.0,0.0,23.0,23.0,49.00000000000003
2011-03-28,5.0,2011,3,28,3,9,5.0,5.0,6.0,28.0,45.00000000000003
2011-03-29,6.0,2011,3,29,3,9,6.0,11.0,11.0,34.0,34.00000000000003
2011-03-30,7.3,2011,3,30,3,9,7.3,18.3,18.3,19.3,41.300000000000026
2011-03-31,10.1,2011,3,31,3,9,10.1,23.4,28.4,28.4,51.40000000000003
2011-04-01,20.0,2011,4,1,1,10,20.0,37.4,48.4,48.4,71.40000000000003
2011-04-02,2.0,2011,4,2,1,10,2.0,32.099999999999994,45.4,50.4,51.40000000000003
2011-04-03,0.0,2011,4,3,1,10,0.0,22.0,39.4,50.4,50.40000000000003
2011-04-04,43.0,2011,4,4,1,10,43.0,45.0,75.1,88.4,93.40000000000003
2011-04-05,0.0,2011,4,5,1,10,0.0,43.0,65.0,82.4,93.40000000000003
2011-04-06,0.0,2011,4,6,1,10,0.0,43.0,45.0,75.1,93.40000000000003
2011-04-07,0.0,2011,4,7,1,10,0.0,0.0,43.0,65.0,88.40000000000003
2011-04-08,0.0,2011,4,8,1,10,0.0,0.0,43.0,45.0,82.40000000000003
2011-04-09,6.0,2011,4,9,1,10,6.0,6.0,6.0,49.0,81.10000000000002
2011-04-10,9.0,2011,4,10,1,10,9.0,15.0,15.0,58.0,80.00000000000003
2011-04-11,0.0,2011,4,11,2,11,0.0,15.0,15.0,15.0,60.00000000000003
2011-04-12,1.0,2011,4,12,2,11,1.0,10.0,16.0,16.0,59.00000000000003
2011-04-13,0.0,2011,4,13,2,11,0.0,1.0,16.0,16.0,59.00000000000003
2011-04-14,0.0,2011,4,14,2,11,0.0,1.0,10.0,16.0,16.00000000000003
2011-04-15,0.0,2011,4,15,2,11,0.0,0.0,1.0,16.0,16.00000000000003
2011-04-16,0.0,2011,4,16,2,11,0.0,0.0,1.0,10.0,16.00000000000003
2011-04-17,0.0,2011,4,17,2,11,0.0,0.0,0.0,1.0,16.00000000000003
2011-04-18,0.0,2011,4,18,2,11,0.0,0.0,0.0,1.0,16.00000000000003
2011-04-19,0.0,2011,4,19,2,11,0.0,0.0,0.0,0.0,10.000000000000028
2011-04-20,0.0,2011,4,20,2,11,0.0,0.0,0.0,0.0,1.0000000000000284
2011-04-21,0.0,2011,4,21,3,12,0.0,0.0,0.0,0.0,1.0000000000000284
2011-04-22,0.0,2011,4,22,3,12,0.0,0.0,0.0,0.0,0.0
2011-04-23,0.0,2011,4,23,3,12,0.0,0.0,0.0,0.0,0.0
2011-04-24,0.0,2011,4,24,3,12,0.0,0.0,0.0,0.0,0.0
2011-04-25,2.0,2011,4,25,3,12,2.0,2.0,2.0,2.0,2.0000000000000284
2011-04-26,1.0,2011,4,26,3,12,1.0,3.0,3.0,3.0,3.0000000000000284
2011-04-27,15.0,2011,4,27,3,12,15.0,18.0,18.0,18.0,18.00000000000003
2011-04-28,8.0,2011,4,28,3,12,8.0,24.0,26.0,26.0,26.00000000000003
2011-04-29,0.0,2011,4,29,3,12,0.0,23.0,26.0,26.0,26.00000000000003
2011-04-30,0.0,2011,4,30,3,12,0.0,8.0,24.0,26.0,26.00000000000003
2011-05-01,19.0,2011,5,1,1,13,19.0,19.0,42.0,45.0,45.00000000000003
2011-05-02,0.0,2011,5,2,1,13,0.0,19.0,27.0,43.0,45.00000000000003
2011-05-03,0.0,2011,5,3,1,13,0.0,19.0,19.0,42.0,45.00000000000003
2011-05-04,1.3,2011,5,4,1,13,1.3,1.3,20.3,28.3,46.300000000000026
2011-05-05,0.0,2011,5,5,1,13,0.0,1.3,20.3,20.3,44.300000000000026
2011-05-06,28.0,2011,5,6,1,13,28.0,29.3,29.3,48.3,71.30000000000003
2011-05-07,1.0,2011,5,7,1,13,1.0,29.0,30.3,49.3,57.300000000000026
2011-05-08,4.0,2011,5,8,1,13,4.0,33.0,34.3,34.3,53.300000000000026
2011-05-09,0.0,2011,5,9,1,13,0.0,5.0,33.0,34.3,53.300000000000026
2011-05-10,0.0,2011,5,10,1,13,0.0,4.0,33.0,34.3,53.300000000000026
2011-05-11,0.0,2011,5,11,2,14,0.0,0.0,5.0,33.0,34.300000000000026
2011-05-12,0.0,2011,5,12,2,14,0.0,0.0,4.0,33.0,34.300000000000026
2011-05-13,0.0,2011,5,13,2,14,0.0,0.0,0.0,5.0,34.300000000000026
2011-05-14,0.0,2011,5,14,2,14,0.0,0.0,0.0,4.0,33.00000000000003
2011-05-15,6.0,2011,5,15,2,14,6.0,6.0,6.0,6.0,39.00000000000003
2011-05-16,4.0,2011,5,16,2,14,4.0,10.0,10.0,10.0,15.000000000000028
2011-05-17,0.0,2011,5,17,2,14,0.0,10.0,10.0,10.0,14.000000000000028
2011-05-18,0.0,2011,5,18,2,14,0.0,4.0,10.0,10.0,10.000000000000028
2011-05-19,0.0,2011,5,19,2,14,0.0,0.0,10.0,10.0,10.000000000000028
2011-05-20,0.0,2011,5,20,2,14,0.0,0.0,4.0,10.0,10.000000000000028
2011-05-21,8.0,2011,5,21,3,15,8.0,8.0,8.0,18.0,18.00000000000003
2011-05-22,0.0,2011,5,22,3,15,0.0,8.0,8.0,12.0,18.00000000000003
2011-05-23,0.0,2011,5,23,3,15,0.0,8.0,8.0,8.0,18.00000000000003
2011-05-24,9.0,2011,5,24,3,15,9.0,9.0,17.0,17.0,27.00000000000003
2011-05-25,0.0,2011,5,25,3,15,0.0,9.0,17.0,17.0,21.00000000000003
2011-05-26,5.0,2011,5,26,3,15,5.0,14.0,14.0,22.0,22.00000000000003
2011-05-27,0.0,2011,5,27,3,15,0.0,5.0,14.0,22.0,22.00000000000003
2011-05-28,0.0,2011,5,28,3,15,0.0,5.0,14.0,14.0,22.00000000000003
2011-05-29,0.0,2011,5,29,3,15,0.0,0.0,5.0,14.0,22.00000000000003
2011-05-30,0.0,2011,5,30,3,15,0.0,0.0,5.0,14.0,22.00000000000003
2011-05-31,0.0,2011,5,31,3,15,0.0,0.0,0.0,5.0,14.000000000000028
2011-06-01,0.0,2011,6,1,1,16,0.0,0.0,0.0,5.0,14.000000000000028
2011-06-02,4.0,2011,6,2,1,16,4.0,4.0,4.0,4.0,18.00000000000003
2011-06-03,0.0,2011,6,3,1,16,0.0,4.0,4.0,4.0,9.000000000000028
2011-06-04,0.0,2011,6,4,1,16,0.0,4.0,4.0,4.0,9.000000000000028
2011-06-05,0.0,2011,6,5,1,16,0.0,0.0,4.0,4.0,4.000000000000028
2011-06-06,0.0,2011,6,6,1,16,0.0,0.0,4.0,4.0,4.000000000000028
2011-06-07,0.0,2011,6,7,1,16,0.0,0.0,0.0,4.0,4.000000000000028
2011-06-08,8.0,2011,6,8,1,16,8.0,8.0,8.0,12.0,12.000000000000028
2011-06-09,0.0,2011,6,9,1,16,0.0,8.0,8.0,8.0,12.000000000000028
2011-06-10,0.0,2011,6,10,1,16,0.0,8.0,8.0,8.0,12.000000000000028
2011-06-11,0.0,2011,6,11,2,17,0.0,0.0,8.0,8.0,12.000000000000028
2011-06-12,0.0,2011,6,12,2,17,0.0,0.0,8.0,8.0,8.000000000000028
2011-06-13,3.0,2011,6,13,2,17,3.0,3.0,3.0,11.0,11.000000000000028
2011-06-14,0.0,2011,6,14,2,17,0.0,3.0,3.0,11.0,11.000000000000028
2011-06-15,0.0,2011,6,15,2,17,0.0,3.0,3.0,3.0,11.000000000000028
2011-06-16,0.0,2011,6,16,2,17,0.0,0.0,3.0,3.0,11.000000000000028
2011-06-17,0.0,2011,6,17,2,17,0.0,0.0,3.0,3.0,11.000000000000028
2011-06-18,0.0,2011,6,18,2,17,0.0,0.0,0.0,3.0,3.0000000000000284
2011-06-19,0.0,2011,6,19,2,17,0.0,0.0,0.0,3.0,3.0000000000000284
2011-06-20,0.0,2011,6,20,2,17,0.0,0.0,0.0,0.0,3.0000000000000284
2011-06-21,0.0,2011,6,21,3,18,0.0,0.0,0.0,0.0,3.0000000000000284
2011-06-22,0.0,2011,6,22,3,18,0.0,0.0,0.0,0.0,3.0000000000000284
2011-06-23,0.0,2011,6,23,3,18,0.0,0.0,0.0,0.0,0.0
2011-06-24,0.0,2011,6,24,3,18,0.0,0.0,0.0,0.0,0.0
2011-06-25,0.0,2011,6,25,3,18,0.0,0.0,0.0,0.0,0.0
2011-06-26,0.0,2011,6,26,3,18,0.0,0.0,0.0,0.0,0.0
2011-06-27,0.0,2011,6,27,3,18,0.0,0.0,0.0,0.0,0.0
2011-06-28,7.0,2011,6,28,3,18,7.0,7.0,7.0,7.0,7.000000000000028
2011-06-29,16.0,2011,6,29,3,18,16.0,23.0,23.0,23.0,23.00000000000003
2011-06-30,0.0,2011,6,30,3,18,0.0,23.0,23.0,23.0,23.00000000000003
2011-07-01,5.0,2011,7,1,1,19,5.0,21.0,28.0,28.0,28.00000000000003
2011-07-02,0.0,2011,7,2,1,19,0.0,5.0,28.0,28.0,28.00000000000003
2011-07-03,0.0,2011,7,3,1,19,0.0,5.0,21.0,28.0,28.00000000000003
2011-07-04,0.0,2011,7,4,1,19,0.0,0.0,5.0,28.0,28.00000000000003
2011-07-05,0.0,2011,7,5,1,19,0.0,0.0,5.0,21.0,28.00000000000003
2011-07-06,25.0,2011,7,6,1,19,25.0,25.0,25.0,30.0,53.00000000000003
2011-07-07,0.0,2011,7,7,1,19,0.0,25.0,25.0,30.0,53.00000000000003
2011-07-08,0.0,2011,7,8,1,19,0.0,25.0,25.0,25.0,46.00000000000003
2011-07-09,0.0,2011,7,9,1,19,0.0,0.0,25.0,25.0,30.00000000000003
2011-07-10,0.0,2011,7,10,1,19,0.0,0.0,25.0,25.0,30.00000000000003
2011-07-11,0.0,2011,7,11,2,20,0.0,0.0,0.0,25.0,25.00000000000003
2011-07-12,0.0,2011,7,12,2,20,0.0,0.0,0.0,25.0,25.00000000000003
2011-07-13,0.0,2011,7,13,2,20,0.0,0.0,0.0,0.0,25.00000000000003
2011-07-14,1.0,2011,7,14,2,20,1.0,1.0,1.0,1.0,26.00000000000003
2011-07-15,0.0,2011,7,15,2,20,0.0,1.0,1.0,1.0,26.00000000000003
2011-07-16,0.0,2011,7,16,2,20,0.0,1.0,1.0,1.0,1.0000000000000284
2011-07-17,0.0,2011,7,17,2,20,0.0,0.0,1.0,1.0,1.0000000000000284
2011-07-18,0.0,2011,7,18,2,20,0.0,0.0,1.0,1.0,1.0000000000000284
2011-07-19,0.0,2011,7,19,2,20,0.0,0.0,0.0,1.0,1.0000000000000284
2011-07-20,2.0,2011,7,20,2,20,2.0,2.0,2.0,3.0,3.0000000000000284
2011-07-21,0.0,2011,7,21,3,21,0.0,2.0,2.0,2.0,3.0000000000000284
2011-07-22,34.0,2011,7,22,3,21,34.0,36.0,36.0,36.0,37.00000000000003
2011-07-23,12.0,2011,7,23,3,21,12.0,46.0,48.0,48.0,49.00000000000003
2011-07-24,0.0,2011,7,24,3,21,0.0,46.0,48.0,48.0,48.00000000000003
2011-07-25,0.0,2011,7,25,3,21,0.0,12.0,46.0,48.0,48.00000000000003
2011-07-26,0.0,2011,7,26,3,21,0.0,0.0,46.0,48.0,48.00000000000003
2011-07-27,0.0,2011,7,27,3,21,0.0,0.0,12.0,46.0,48.00000000000003
2011-07-28,0.0,2011,7,28,3,21,0.0,0.0,0.0,46.0,48.00000000000003
2011-07-29,0.0,2011,7,29,3,21,0.0,0.0,0.0,12.0,48.00000000000003
2011-07-30,0.0,2011,7,30,3,21,0.0,0.0,0.0,0.0,46.00000000000003
2011-07-31,0.0,2011,7,31,3,21,0.0,0.0,0.0,0.0,46.00000000000003
2011-08-01,0.0,2011,8,1,1,22,0.0,0.0,0.0,0.0,12.000000000000028
2011-08-02,0.0,2011,8,2,1,22,0.0,0.0,0.0,0.0,0.0
2011-08-03,0.0,2011,8,3,1,22,0.0,0.0,0.0,0.0,0.0
2011-08-04,0.0,2011,8,4,1,22,0.0,0.0,0.0,0.0,0.0
2011-08-05,0.0,2011,8,5,1,22,0.0,0.0,0.0,0.0,0.0
2011-08-06,0.0,2011,8,6,1,22,0.0,0.0,0.0,0.0,0.0
2011-08-07,0.0,2011,8,7,1,22,0.0,0.0,0.0,0.0,0.0
2011-08-08,0.0,2011,8,8,1,22,0.0,0.0,0.0,0.0,0.0
2011-08-09,0.0,2011,8,9,1,22,0.0,0.0,0.0,0.0,0.0
2011-08-10,0.0,2011,8,10,1,22,0.0,0.0,0.0,0.0,0.0
2011-08-11,0.0,2011,8,11,2,23,0.0,0.0,0.0,0.0,0.0
2011-08-12,0.0,2011,8,12,2,23,0.0,0.0,0.0,0.0,0.0
2011-08-13,0.0,2011,8,13,2,23,0.0,0.0,0.0,0.0,0.0
2011-08-14,0.0,2011,8,14,2,23,0.0,0.0,0.0,0.0,0.0
2011-08-15,0.0,2011,8,15,2,23,0.0,0.0,0.0,0.0,0.0
2011-08-16,0.0,2011,8,16,2,23,0.0,0.0,0.0,0.0,0.0
2011-08-17,0.0,2011,8,17,2,23,0.0,0.0,0.0,0.0,0.0
2011-08-18,0.0,2011,8,18,2,23,0.0,0.0,0.0,0.0,0.0
2011-08-19,0.0,2011,8,19,2,23,0.0,0.0,0.0,0.0,0.0
2011-08-20,0.0,2011,8,20,2,23,0.0,0.0,0.0,0.0,0.0
2011-08-21,0.0,2011,8,21,3,24,0.0,0.0,0.0,0.0,0.0
2011-08-22,0.0,2011,8,22,3,24,0.0,0.0,0.0,0.0,0.0
2011-08-23,0.0,2011,8,23,3,24,0.0,0.0,0.0,0.0,0.0
2011-08-24,0.0,2011,8,24,3,24,0.0,0.0,0.0,0.0,0.0
2011-08-25,0.0,2011,8,25,3,24,0.0,0.0,0.0,0.0,0.0
2011-08-26,0.0,2011,8,26,3,24,0.0,0.0,0.0,0.0,0.0
2011-08-27,0.0,2011,8,27,3,24,0.0,0.0,0.0,0.0,0.0
2011-08-28,0.0,2011,8,28,3,24,0.0,0.0,0.0,0.0,0.0
2011-08-29,0.0,2011,8,29,3,24,0.0,0.0,0.0,0.0,0.0
2011-08-30,0.0,2011,8,30,3,24,0.0,0.0,0.0,0.0,0.0
2011-08-31,0.0,2011,8,31,3,24,0.0,0.0,0.0,0.0,0.0
2011-09-01,1.1,2011,9,1,1,25,1.1,1.1,1.1,1.1,1.1000000000000285
2011-09-02,0.0,2011,9,2,1,25,0.0,1.1,1.1,1.1,1.1000000000000285
2011-09-03,0.0,2011,9,3,1,25,0.0,1.1,1.1,1.1,1.1000000000000285
2011-09-04,0.0,2011,9,4,1,25,0.0,0.0,1.1,1.1,1.1000000000000285
2011-09-05,0.0,2011,9,5,1,25,0.0,0.0,1.1,1.1,1.1000000000000285
2011-09-06,0.0,2011,9,6,1,25,0.0,0.0,0.0,1.1,1.1000000000000285
2011-09-07,0.0,2011,9,7,1,25,0.0,0.0,0.0,1.1,1.1000000000000285
2011-09-08,0.0,2011,9,8,1,25,0.0,0.0,0.0,0.0,1.1000000000000285
2011-09-09,0.0,2011,9,9,1,25,0.0,0.0,0.0,0.0,1.1000000000000285
2011-09-10,0.0,2011,9,10,1,25,0.0,0.0,0.0,0.0,1.1000000000000285
2011-09-11,0.0,2011,9,11,2,26,0.0,0.0,0.0,0.0,0.0
2011-09-12,0.0,2011,9,12,2,26,0.0,0.0,0.0,0.0,0.0
2011-09-13,0.0,2011,9,13,2,26,0.0,0.0,0.0,0.0,0.0
2011-09-14,0.0,2011,9,14,2,26,0.0,0.0,0.0,0.0,0.0
2011-09-15,0.0,2011,9,15,2,26,0.0,0.0,0.0,0.0,0.0
2011-09-16,1.0,2011,9,16,2,26,1.0,1.0,1.0,1.0,1.0000000000000284
2011-09-17,29.0,2011,9,17,2,26,29.0,30.0,30.0,30.0,30.00000000000003
2011-09-18,0.0,2011,9,18,2,26,0.0,30.0,30.0,30.0,30.00000000000003
2011-09-19,0.0,2011,9,19,2,26,0.0,29.0,30.0,30.0,30.00000000000003
2011-09-20,1.0,2011,9,20,2,26,1.0,1.0,31.0,31.0,31.00000000000003
2011-09-21,0.0,2011,9,21,3,27,0.0,1.0,30.0,31.0,31.00000000000003
2011-09-22,0.0,2011,9,22,3,27,0.0,1.0,1.0,31.0,31.00000000000003
2011-09-23,0.0,2011,9,23,3,27,0.0,0.0,1.0,30.0,31.00000000000003
2011-09-24,0.0,2011,9,24,3,27,0.0,0.0,1.0,1.0,31.00000000000003
2011-09-25,0.0,2011,9,25,3,27,0.0,0.0,0.0,1.0,31.00000000000003
2011-09-26,0.0,2011,9,26,3,27,0.0,0.0,0.0,1.0,30.00000000000003
2011-09-27,0.0,2011,9,27,3,27,0.0,0.0,0.0,0.0,1.0000000000000284
2011-09-28,0.0,2011,9,28,3,27,0.0,0.0,0.0,0.0,1.0000000000000284
2011-09-29,0.0,2011,9,29,3,27,0.0,0.0,0.0,0.0,1.0000000000000284
2011-09-30,0.0,2011,9,30,3,27,0.0,0.0,0.0,0.0,0.0
2011-10-01,0.0,2011,10,1,1,28,0.0,0.0,0.0,0.0,0.0
2011-10-02,0.0,2011,10,2,1,28,0.0,0.0,0.0,0.0,0.0
2011-10-03,0.0,2011,10,3,1,28,0.0,0.0,0.0,0.0,0.0
2011-10-04,0.0,2011,10,4,1,28,0.0,0.0,0.0,0.0,0.0
2011-10-05,0.0,2011,10,5,1,28,0.0,0.0,0.0,0.0,0.0
2011-10-06,0.0,2011,10,6,1,28,0.0,0.0,0.0,0.0,0.0
2011-10-07,0.0,2011,10,7,1,28,0.0,0.0,0.0,0.0,0.0
2011-10-08,13.0,2011,10,8,1,28,13.0,13.0,13.0,13.0,13.000000000000028
2011-10-09,10.0,2011,10,9,1,28,10.0,23.0,23.0,23.0,23.00000000000003
2011-10-10,0.0,2011,10,10,1,28,0.0,23.0,23.0,23.0,23.00000000000003
2011-10-11,0.0,2011,10,11,2,29,0.0,10.0,23.0,23.0,23.00000000000003
2011-10-12,0.0,2011,10,12,2,29,0.0,0.0,23.0,23.0,23.00000000000003
2011-10-13,5.0,2011,10,13,2,29,5.0,5.0,15.0,28.0,28.00000000000003
2011-10-14,0.0,2011,10,14,2,29,0.0,5.0,5.0,28.0,28.00000000000003
2011-10-15,0.0,2011,10,15,2,29,0.0,5.0,5.0,15.0,28.00000000000003
2011-10-16,0.0,2011,10,16,2,29,0.0,0.0,5.0,5.0,28.00000000000003
2011-10-17,0.0,2011,10,17,2,29,0.0,0.0,5.0,5.0,28.00000000000003
2011-10-18,0.0,2011,10,18,2,29,0.0,0.0,0.0,5.0,15.000000000000028
2011-10-19,0.0,2011,10,19,2,29,0.0,0.0,0.0,5.0,5.000000000000028
2011-10-20,0.0,2011,10,20,2,29,0.0,0.0,0.0,0.0,5.000000000000028
2011-10-21,5.0,2011,10,21,3,30,5.0,5.0,5.0,5.0,10.000000000000028
2011-10-22,0.0,2011,10,22,3,30,0.0,5.0,5.0,5.0,10.000000000000028
2011-10-23,0.0,2011,10,23,3,30,0.0,5.0,5.0,5.0,5.000000000000028
2011-10-24,5.0,2011,10,24,3,30,5.0,5.0,10.0,10.0,10.000000000000028
2011-10-25,2.0,2011,10,25,3,30,2.0,7.0,12.0,12.0,12.000000000000028
2011-10-26,1.0,2011,10,26,3,30,1.0,8.0,8.0,13.0,13.000000000000028
2011-10-27,9.0,2011,10,27,3,30,9.0,12.0,17.0,22.0,22.00000000000003
2011-10-28,0.0,2011,10,28,3,30,0.0,10.0,17.0,17.0,22.00000000000003
2011-10-29,3.0,2011,10,29,3,30,3.0,12.0,15.0,20.0,25.00000000000003
2011-10-30,0.0,2011,10,30,3,30,0.0,3.0,13.0,20.0,25.00000000000003
2011-10-31,18.0,2011,10,31,3,30,18.0,21.0,30.0,33.0,38.00000000000003
2011-11-01,0.0,2011,11,1,1,31,0.0,18.0,21.0,31.0,38.00000000000003
2011-11-02,0.0,2011,11,2,1,31,0.0,18.0,21.0,30.0,38.00000000000003
2011-11-03,0.0,2011,11,3,1,31,0.0,0.0,18.0,21.0,33.00000000000003
2011-11-04,7.0,2011,11,4,1,31,7.0,7.0,25.0,28.0,38.00000000000003
2011-11-05,0.0,2011,11,5,1,31,0.0,7.0,7.0,25.0,37.00000000000003
2011-11-06,0.0,2011,11,6,1,31,0.0,7.0,7.0,25.0,28.00000000000003
2011-11-07,0.0,2011,11,7,1,31,0.0,0.0,7.0,7.0,28.00000000000003
2011-11-08,0.0,2011,11,8,1,31,0.0,0.0,7.0,7.0,25.00000000000003
2011-11-09,0.0,2011,11,9,1,31,0.0,0.0,0.0,7.0,25.00000000000003
2011-11-10,0.0,2011,11,10,1,31,0.0,0.0,0.0,7.0,7.000000000000028
2011-11-11,0.0,2011,11,11,2,32,0.0,0.0,0.0,0.0,7.000000000000028
2011-11-12,0.0,2011,11,12,2,32,0.0,0.0,0.0,0.0,7.000000000000028
2011-11-13,0.0,2011,11,13,2,32,0.0,0.0,0.0,0.0,7.000000000000028
2011-11-14,0.0,2011,11,14,2,32,0.0,0.0,0.0,0.0,0.0
2011-11-15,0.0,2011,11,15,2,32,0.0,0.0,0.0,0.0,0.0
2011-11-16,1.0,2011,11,16,2,32,1.0,1.0,1.0,1.0,1.0000000000000284
2011-11-17,2.0,2011,11,17,2,32,2.0,3.0,3.0,3.0,3.0000000000000284
2011-11-18,2.0,2011,11,18,2,32,2.0,5.0,5.0,5.0,5.000000000000028
2011-11-19,2.0,2011,11,19,2,32,2.0,6.0,7.0,7.0,7.000000000000028
2011-11-20,0.0,2011,11,20,2,32,0.0,4.0,7.0,7.0,7.000000000000028
2011-11-21,0.0,2011,11,21,3,33,0.0,2.0,6.0,7.0,7.000000000000028
2011-11-22,0.0,2011,11,22,3,33,0.0,0.0,4.0,7.0,7.000000000000028
2011-11-23,2.0,2011,11,23,3,33,2.0,2.0,4.0,8.0,9.000000000000028
2011-11-24,4.0,2011,11,24,3,33,4.0,6.0,6.0,10.0,13.000000000000028
2011-11-25,0.0,2011,11,25,3,33,0.0,6.0,6.0,8.0,13.000000000000028
2011-11-26,53.0,2011,11,26,3,33,53.0,57.0,59.0,59.0,65.00000000000003
2011-11-27,0.0,2011,11,27,3,33,0.0,53.0,59.0,59.0,63.00000000000003
2011-11-28,0.0,2011,11,28,3,33,0.0,53.0,57.0,59.0,61.00000000000003
2011-11-29,6.0,2011,11,29,3,33,6.0,6.0,59.0,65.0,65.00000000000003
2011-11-30,0.0,2011,11,30,3,33,0.0,6.0,59.0,63.0,65.00000000000003
2011-12-01,2.0,2011,12,1,1,34,2.0,8.0,8.0,61.0,67.00000000000003
2011-12-02,2.0,2011,12,2,1,34,2.0,4.0,10.0,63.0,69.00000000000003
2011-12-03,28.0,2011,12,3,1,34,28.0,32.0,38.0,38.0,95.00000000000003
2011-12-04,0.0,2011,12,4,1,34,0.0,30.0,32.0,38.0,91.00000000000003
2011-12-05,2.0,2011,12,5,1,34,2.0,30.0,34.0,40.0,93.00000000000003
2011-12-06,0.0,2011,12,6,1,34,0.0,2.0,32.0,34.0,40.00000000000003
2011-12-07,0.0,2011,12,7,1,34,0.0,2.0,30.0,34.0,40.00000000000003
2011-12-08,0.0,2011,12,8,1,34,0.0,0.0,2.0,32.0,40.00000000000003
2011-12-09,0.0,2011,12,9,1,34,0.0,0.0,2.0,30.0,34.00000000000003
2011-12-10,0.0,2011,12,10,1,34,0.0,0.0,0.0,2.0,34.00000000000003
2011-12-11,8.0,2011,12,11,2,35,8.0,8.0,8.0,10.0,40.00000000000003
2011-12-12,0.0,2011,12,12,2,35,0.0,8.0,8.0,8.0,38.00000000000003
2011-12-13,0.0,2011,12,13,2,35,0.0,8.0,8.0,8.0,10.000000000000028
2011-12-14,0.0,2011,12,14,2,35,0.0,0.0,8.0,8.0,10.000000000000028
2011-12-15,0.0,2011,12,15,2,35,0.0,0.0,8.0,8.0,8.000000000000028
2011-12-16,1.0,2011,12,16,2,35,1.0,1.0,1.0,9.0,9.000000000000028
2011-12-17,0.0,2011,12,17,2,35,0.0,1.0,1.0,9.0,9.000000000000028
2011-12-18,3.0,2011,12,18,2,35,3.0,4.0,4.0,4.0,12.000000000000028
2011-12-19,0.0,2011,12,19,2,35,0.0,3.0,4.0,4.0,12.000000000000028
2011-12-20,7.0,2011,12,20,2,35,7.0,10.0,11.0,11.0,19.00000000000003
2011-12-21,1.0,2011,12,21,3,36,1.0,8.0,11.0,12.0,12.000000000000028
2011-12-22,0.0,2011,12,22,3,36,0.0,8.0,11.0,12.0,12.000000000000028
2011-12-23,0.0,2011,12,23,3,36,0.0,1.0,8.0,11.0,12.000000000000028
2011-12-24,0.0,2011,12,24,3,36,0.0,0.0,8.0,11.0,12.000000000000028
2011-12-25,0.0,2011,12,25,3,36,0.0,0.0,1.0,8.0,12.000000000000028
2011-12-26,2.0,2011,12,26,3,36,2.0,2.0,2.0,10.0,13.000000000000028
2011-12-27,0.0,2011,12,27,3,36,0.0,2.0,2.0,3.0,13.000000000000028
2011-12-28,2.0,2011,12,28,3,36,2.0,4.0,4.0,4.0,12.000000000000028
2011-12-29,2.0,2011,12,29,3,36,2.0,4.0,6.0,6.0,14.000000000000028
2011-12-30,3.0,2011,12,30,3,36,3.0,7.0,9.0,9.0,10.000000000000028
2011-12-31,49.0,2011,12,31,3,36,49.0,54.0,56.0,58.0,58.00000000000003
2012-01-01,4.0,2012,1,1,1,1,4.0,56.0,60.0,62.0,62.00000000000003
2012-01-02,4.0,2012,1,2,1,1,4.0,57.0,62.0,64.0,66.00000000000003
2012-01-03,2.0,2012,1,3,1,1,2.0,10.0,62.0,66.0,68.00000000000003
2012-01-04,2.0,2012,1,4,1,1,2.0,8.0,61.0,66.0,70.00000000000003
2012-01-05,0.0,2012,1,5,1,1,0.0,4.0,12.0,64.0,68.00000000000003
2012-01-06,1.0,2012,1,6,1,1,1.0,3.0,9.0,62.0,69.00000000000003
2012-01-07,0.0,2012,1,7,1,1,0.0,1.0,5.0,13.0,67.00000000000003
2012-01-08,54.0,2012,1,8,1,1,54.0,55.0,57.0,63.0,119.00000000000003
2012-01-09,36.0,2012,1,9,1,1,36.0,90.0,91.0,95.0,152.00000000000003
2012-01-10,41.0,2012,1,10,1,1,41.0,131.0,132.0,134.0,144.00000000000003
2012-01-11,8.0,2012,1,11,2,2,8.0,85.0,139.0,140.0,148.00000000000003
2012-01-12,16.0,2012,1,12,2,2,16.0,65.0,155.0,156.0,160.00000000000003
2012-01-13,6.0,2012,1,13,2,2,6.0,30.0,107.0,161.0,164.00000000000003
2012-01-14,14.0,2012,1,14,2,2,14.0,36.0,85.0,175.0,176.00000000000003
2012-01-15,1.0,2012,1,15,2,2,1.0,21.0,45.0,122.0,177.00000000000003
2012-01-16,6.0,2012,1,16,2,2,6.0,21.0,43.0,92.0,182.00000000000003
2012-01-17,0.0,2012,1,17,2,2,0.0,7.0,27.0,51.0,182.00000000000003
2012-01-18,18.0,2012,1,18,2,2,18.0,24.0,39.0,61.0,146.00000000000003
2012-01-19,1.0,2012,1,19,2,2,1.0,19.0,26.0,46.0,111.00000000000003
2012-01-20,3.0,2012,1,20,2,2,3.0,22.0,28.0,43.0,73.00000000000003
2012-01-21,0.0,2012,1,21,3,3,0.0,4.0,22.0,29.0,65.00000000000003
2012-01-22,0.0,2012,1,22,3,3,0.0,3.0,22.0,28.0,49.00000000000003
2012-01-23,0.0,2012,1,23,3,3,0.0,0.0,4.0,22.0,43.00000000000003
2012-01-24,0.0,2012,1,24,3,3,0.0,0.0,3.0,22.0,29.00000000000003
2012-01-25,10.0,2012,1,25,3,3,10.0,10.0,10.0,14.0,38.00000000000003
2012-01-26,6.0,2012,1,26,3,3,6.0,16.0,16.0,19.0,38.00000000000003
2012-01-27,5.0,2012,1,27,3,3,5.0,21.0,21.0,21.0,43.00000000000003
2012-01-28,5.0,2012,1,28,3,3,5.0,16.0,26.0,26.0,30.00000000000003
2012-01-29,7.0,2012,1,29,3,3,7.0,17.0,33.0,33.0,36.00000000000003
2012-01-30,36.0,2012,1,30,3,3,36.0,48.0,59.0,69.0,69.00000000000003
2012-01-31,16.0,2012,1,31,3,3,16.0,59.0,69.0,85.0,85.00000000000003
2012-02-01,0.0,2012,2,1,1,4,0.0,52.0,64.0,75.0,85.00000000000003
2012-02-02,3.0,2012,2,2,1,4,3.0,19.0,62.0,72.0,88.00000000000003
2012-02-03,3.0,2012,2,3,1,4,3.0,6.0,58.0,70.0,91.00000000000003
2012-02-04,2.0,2012,2,4,1,4,2.0,8.0,24.0,67.0,83.00000000000003
2012-02-05,0.0,2012,2,5,1,4,0.0,5.0,8.0,60.0,77.00000000000003
2012-02-06,12.0,2012,2,6,1,4,12.0,14.0,20.0,36.0,84.00000000000003
2012-02-07,13.0,2012,2,7,1,4,13.0,25.0,30.0,33.0,92.00000000000003
2012-02-08,4.0,2012,2,8,1,4,4.0,29.0,31.0,37.0,89.00000000000003
2012-02-09,13.0,2012,2,9,1,4,13.0,30.0,42.0,47.0,66.00000000000003
2012-02-10,2.0,2012,2,10,1,4,2.0,19.0,44.0,46.0,52.00000000000003
2012-02-11,33.0,2012,2,11,2,5,33.0,48.0,65.0,77.0,85.00000000000003
2012-02-12,14.0,2012,2,12,2,5,14.0,49.0,66.0,91.0,96.00000000000003
2012-02-13,4.0,2012,2,13,2,5,4.0,51.0,66.0,83.0,97.00000000000003
2012-02-14,0.0,2012,2,14,2,5,0.0,18.0,53.0,70.0,95.00000000000003
2012-02-15,0.0,2012,2,15,2,5,0.0,4.0,51.0,66.0,95.00000000000003
2012-02-16,4.0,2012,2,16,2,5,4.0,4.0,22.0,57.0,87.00000000000003
2012-02-17,0.0,2012,2,17,2,5,0.0,4.0,8.0,55.0,74.00000000000003
2012-02-18,2.0,2012,2,18,2,5,2.0,6.0,6.0,24.0,72.00000000000003
2012-02-19,0.0,2012,2,19,2,5,0.0,2.0,6.0,10.0,59.00000000000003
2012-02-20,21.0,2012,2,20,2,5,21.0,23.0,27.0,27.0,78.00000000000003
2012-02-21,1.0,2012,2,21,3,6,1.0,22.0,24.0,28.0,46.00000000000003
2012-02-22,0.0,2012,2,22,3,6,0.0,22.0,24.0,28.0,32.00000000000003
2012-02-23,0.0,2012,2,23,3,6,0.0,1.0,22.0,24.0,28.00000000000003
2012-02-24,0.0,2012,2,24,3,6,0.0,0.0,22.0,24.0,28.00000000000003
2012-02-25,0.0,2012,2,25,3,6,0.0,0.0,1.0,22.0,28.00000000000003
2012-02-26,2.0,2012,2,26,3,6,2.0,2.0,2.0,24.0,26.00000000000003
2012-02-27,58.0,2012,2,27,3,6,58.0,60.0,60.0,61.0,84.00000000000003
2012-02-28,0.0,2012,2,28,3,6,0.0,60.0,60.0,60.0,82.00000000000003
2012-02-29,0.0,2012,2,29,3,6,0.0,58.0,60.0,60.0,82.00000000000003
2012-03-01,25.0,2012,3,1,1,7,25.0,25.0,85.0,85.0,86.00000000000003
2012-03-02,6.0,2012,3,2,1,7,6.0,31.0,89.0,91.0,91.00000000000003
2012-03-03,0.0,2012,3,3,1,7,0.0,31.0,31.0,91.0,91.00000000000003
2012-03-04,3.0,2012,3,4,1,7,3.0,9.0,34.0,92.0,94.00000000000003
2012-03-05,9.0,2012,3,5,1,7,9.0,12.0,43.0,43.0,103.00000000000003
2012-03-06,2.0,2012,3,6,1,7,2.0,14.0,20.0,45.0,105.00000000000003
2012-03-07,0.0,2012,3,7,1,7,0.0,11.0,14.0,45.0,103.00000000000003
2012-03-08,9.0,2012,3,8,1,7,9.0,11.0,23.0,29.0,54.00000000000003
2012-03-09,0.0,2012,3,9,1,7,0.0,9.0,20.0,23.0,54.00000000000003
2012-03-10,1.0,2012,3,10,1,7,1.0,10.0,12.0,24.0,55.00000000000003
2012-03-11,0.0,2012,3,11,2,8,0.0,1.0,10.0,21.0,30.00000000000003
2012-03-12,0.0,2012,3,12,2,8,0.0,1.0,10.0,12.0,24.00000000000003
2012-03-13,0.0,2012,3,13,2,8,0.0,0.0,1.0,10.0,24.00000000000003
2012-03-14,21.0,2012,3,14,2,8,21.0,21.0,22.0,31.0,42.00000000000003
2012-03-15,0.0,2012,3,15,2,8,0.0,21.0,21.0,22.0,33.00000000000003
2012-03-16,0.0,2012,3,16,2,8,0.0,21.0,21.0,22.0,31.00000000000003
2012-03-17,0.0,2012,3,17,2,8,0.0,0.0,21.0,21.0,31.00000000000003
2012-03-18,0.0,2012,3,18,2,8,0.0,0.0,21.0,21.0,22.00000000000003
2012-03-19,8.0,2012,3,19,2,8,8.0,8.0,8.0,29.0,30.00000000000003
2012-03-20,2.0,2012,3,20,2,8,2.0,10.0,10.0,31.0,31.00000000000003
2012-03-21,4.0,2012,3,21,3,9,4.0,14.0,14.0,14.0,35.00000000000003
2012-03-22,0.0,2012,3,22,3,9,0.0,6.0,14.0,14.0,35.00000000000003
2012-03-23,0.0,2012,3,23,3,9,0.0,4.0,14.0,14.0,35.00000000000003
2012-03-24,0.0,2012,3,24,3,9,0.0,0.0,6.0,14.0,14.000000000000028
2012-03-25,0.0,2012,3,25,3,9,0.0,0.0,4.0,14.0,14.000000000000028
2012-03-26,0.0,2012,3,26,3,9,0.0,0.0,0.0,6.0,14.000000000000028
2012-03-27,0.0,2012,3,27,3,9,0.0,0.0,0.0,4.0,14.000000000000028
2012-03-28,0.0,2012,3,28,3,9,0.0,0.0,0.0,0.0,14.000000000000028
2012-03-29,0.0,2012,3,29,3,9,0.0,0.0,0.0,0.0,6.000000000000028
2012-03-30,1.0,2012,3,30,3,9,1.0,1.0,1.0,1.0,5.000000000000028
2012-03-31,0.0,2012,3,31,3,9,0.0,1.0,1.0,1.0,1.0000000000000284
2012-04-01,0.0,2012,4,1,1,10,0.0,1.0,1.0,1.0,1.0000000000000284
2012-04-02,1.0,2012,4,2,1,10,1.0,1.0,2.0,2.0,2.0000000000000284
2012-04-03,36.0,2012,4,3,1,10,36.0,37.0,38.0,38.0,38.00000000000003
2012-04-04,54.0,2012,4,4,1,10,54.0,91.0,91.0,92.0,92.00000000000003
2012-04-05,3.0,2012,4,5,1,10,3.0,93.0,94.0,95.0,95.00000000000003
2012-04-06,7.0,2012,4,6,1,10,7.0,64.0,101.0,101.0,102.00000000000003
2012-04-07,11.0,2012,4,7,1,10,11.0,21.0,111.0,112.0,113.00000000000003
2012-04-08,0.0,2012,4,8,1,10,0.0,18.0,75.0,112.0,113.00000000000003
2012-04-09,0.0,2012,4,9,1,10,0.0,11.0,21.0,111.0,112.00000000000003
2012-04-10,0.0,2012,4,10,1,10,0.0,0.0,18.0,75.0,112.00000000000003
2012-04-11,0.0,2012,4,11,2,11,0.0,0.0,11.0,21.0,112.00000000000003
2012-04-12,14.0,2012,4,12,2,11,14.0,14.0,14.0,32.0,125.00000000000003
2012-04-13,0.0,2012,4,13,2,11,0.0,14.0,14.0,25.0,89.00000000000003
2012-04-14,0.0,2012,4,14,2,11,0.0,14.0,14.0,14.0,35.00000000000003
2012-04-15,0.0,2012,4,15,2,11,0.0,0.0,14.0,14.0,32.00000000000003
2012-04-16,0.0,2012,4,16,2,11,0.0,0.0,14.0,14.0,25.00000000000003
2012-04-17,25.0,2012,4,17,2,11,25.0,25.0,25.0,39.0,39.00000000000003
2012-04-18,12.0,2012,4,18,2,11,12.0,37.0,37.0,51.0,51.00000000000003
2012-04-19,0.0,2012,4,19,2,11,0.0,37.0,37.0,37.0,51.00000000000003
2012-04-20,0.0,2012,4,20,2,11,0.0,12.0,37.0,37.0,51.00000000000003
2012-04-21,16.0,2012,4,21,3,12,16.0,16.0,53.0,53.0,67.00000000000003
2012-04-22,4.0,2012,4,22,3,12,4.0,20.0,32.0,57.0,57.00000000000003
2012-04-23,0.0,2012,4,23,3,12,0.0,20.0,20.0,57.0,57.00000000000003
2012-04-24,0.0,2012,4,24,3,12,0.0,4.0,20.0,32.0,57.00000000000003
2012-04-25,0.0,2012,4,25,3,12,0.0,0.0,20.0,20.0,57.00000000000003
2012-04-26,0.0,2012,4,26,3,12,0.0,0.0,4.0,20.0,57.00000000000003
2012-04-27,0.0,2012,4,27,3,12,0.0,0.0,0.0,20.0,32.00000000000003
2012-04-28,0.0,2012,4,28,3,12,0.0,0.0,0.0,4.0,20.00000000000003
2012-04-29,0.0,2012,4,29,3,12,0.0,0.0,0.0,0.0,20.00000000000003
2012-04-30,1.0,2012,4,30,3,12,1.0,1.0,1.0,1.0,21.00000000000003
2012-05-01,2.0,2012,5,1,1,13,2.0,3.0,3.0,3.0,7.000000000000028
2012-05-02,0.0,2012,5,2,1,13,0.0,3.0,3.0,3.0,3.0000000000000284
2012-05-03,2.0,2012,5,3,1,13,2.0,4.0,5.0,5.0,5.000000000000028
2012-05-04,0.0,2012,5,4,1,13,0.0,2.0,5.0,5.0,5.000000000000028
2012-05-05,0.0,2012,5,5,1,13,0.0,2.0,4.0,5.0,5.000000000000028
2012-05-06,12.0,2012,5,6,1,13,12.0,12.0,14.0,17.0,17.00000000000003
2012-05-07,3.0,2012,5,7,1,13,3.0,15.0,17.0,19.0,20.00000000000003
2012-05-08,51.0,2012,5,8,1,13,51.0,66.0,66.0,68.0,71.00000000000003
2012-05-09,0.0,2012,5,9,1,13,0.0,54.0,66.0,68.0,71.00000000000003
2012-05-10,0.0,2012,5,10,1,13,0.0,51.0,66.0,66.0,70.00000000000003
2012-05-11,0.0,2012,5,11,2,14,0.0,0.0,54.0,66.0,68.00000000000003
2012-05-12,0.0,2012,5,12,2,14,0.0,0.0,51.0,66.0,68.00000000000003
2012-05-13,0.0,2012,5,13,2,14,0.0,0.0,0.0,54.0,66.00000000000003
2012-05-14,0.0,2012,5,14,2,14,0.0,0.0,0.0,51.0,66.00000000000003
2012-05-15,0.0,2012,5,15,2,14,0.0,0.0,0.0,0.0,66.00000000000003
2012-05-16,0.0,2012,5,16,2,14,0.0,0.0,0.0,0.0,54.00000000000003
2012-05-17,0.0,2012,5,17,2,14,0.0,0.0,0.0,0.0,51.00000000000003
2012-05-18,0.0,2012,5,18,2,14,0.0,0.0,0.0,0.0,0.0
2012-05-19,0.0,2012,5,19,2,14,0.0,0.0,0.0,0.0,0.0
2012-05-20,0.0,2012,5,20,2,14,0.0,0.0,0.0,0.0,0.0
2012-05-21,0.0,2012,5,21,3,15,0.0,0.0,0.0,0.0,0.0
2012-05-22,5.0,2012,5,22,3,15,5.0,5.0,5.0,5.0,5.000000000000028
2012-05-23,8.0,2012,5,23,3,15,8.0,13.0,13.0,13.0,13.000000000000028
2012-05-24,0.0,2012,5,24,3,15,0.0,13.0,13.0,13.0,13.000000000000028
2012-05-25,0.0,2012,5,25,3,15,0.0,8.0,13.0,13.0,13.000000000000028
2012-05-26,0.0,2012,5,26,3,15,0.0,0.0,13.0,13.0,13.000000000000028
2012-05-27,0.0,2012,5,27,3,15,0.0,0.0,8.0,13.0,13.000000000000028
2012-05-28,0.0,2012,5,28,3,15,0.0,0.0,0.0,13.0,13.000000000000028
2012-05-29,0.0,2012,5,29,3,15,0.0,0.0,0.0,8.0,13.000000000000028
2012-05-30,0.0,2012,5,30,3,15,0.0,0.0,0.0,0.0,13.000000000000028
2012-05-31,15.0,2012,5,31,3,15,15.0,15.0,15.0,15.0,28.00000000000003
2012-06-01,14.0,2012,6,1,1,16,14.0,29.0,29.0,29.0,37.00000000000003
2012-06-02,1.0,2012,6,2,1,16,1.0,30.0,30.0,30.0,30.00000000000003
2012-06-03,0.0,2012,6,3,1,16,0.0,15.0,30.0,30.0,30.00000000000003
2012-06-04,0.0,2012,6,4,1,16,0.0,1.0,30.0,30.0,30.00000000000003
2012-06-05,5.0,2012,6,5,1,16,5.0,5.0,20.0,35.0,35.00000000000003
2012-06-06,2.0,2012,6,6,1,16,2.0,7.0,8.0,37.0,37.00000000000003
2012-06-07,12.0,2012,6,7,1,16,12.0,19.0,19.0,34.0,49.00000000000003
2012-06-08,0.0,2012,6,8,1,16,0.0,14.0,19.0,20.0,49.00000000000003
2012-06-09,0.0,2012,6,9,1,16,0.0,12.0,19.0,19.0,49.00000000000003
2012-06-10,0.0,2012,6,10,1,16,0.0,0.0,14.0,19.0,34.00000000000003
2012-06-11,0.0,2012,6,11,2,17,0.0,0.0,12.0,19.0,20.00000000000003
2012-06-12,0.0,2012,6,12,2,17,0.0,0.0,0.0,14.0,19.00000000000003
2012-06-13,0.0,2012,6,13,2,17,0.0,0.0,0.0,12.0,19.00000000000003
2012-06-14,0.0,2012,6,14,2,17,0.0,0.0,0.0,0.0,19.00000000000003
2012-06-15,0.0,2012,6,15,2,17,0.0,0.0,0.0,0.0,14.000000000000028
2012-06-16,0.0,2012,6,16,2,17,0.0,0.0,0.0,0.0,12.000000000000028
2012-06-17,0.0,2012,6,17,2,17,0.0,0.0,0.0,0.0,0.0
2012-06-18,0.0,2012,6,18,2,17,0.0,0.0,0.0,0.0,0.0
2012-06-19,0.0,2012,6,19,2,17,0.0,0.0,0.0,0.0,0.0
2012-06-20,0.0,2012,6,20,2,17,0.0,0.0,0.0,0.0,0.0
2012-06-21,0.0,2012,6,21,3,18,0.0,0.0,0.0,0.0,0.0
2012-06-22,2.0,2012,6,22,3,18,2.0,2.0,2.0,2.0,2.0000000000000284
2012-06-23,0.0,2012,6,23,3,18,0.0,2.0,2.0,2.0,2.0000000000000284
2012-06-24,0.0,2012,6,24,3,18,0.0,2.0,2.0,2.0,2.0000000000000284
2012-06-25,0.0,2012,6,25,3,18,0.0,0.0,2.0,2.0,2.0000000000000284
2012-06-26,0.0,2012,6,26,3,18,0.0,0.0,2.0,2.0,2.0000000000000284
2012-06-27,0.0,2012,6,27,3,18,0.0,0.0,0.0,2.0,2.0000000000000284
2012-06-28,0.0,2012,6,28,3,18,0.0,0.0,0.0,2.0,2.0000000000000284
2012-06-29,0.0,2012,6,29,3,18,0.0,0.0,0.0,0.0,2.0000000000000284
2012-06-30,0.0,2012,6,30,3,18,0.0,0.0,0.0,0.0,2.0000000000000284
2012-07-01,0.0,2012,7,1,1,19,0.0,0.0,0.0,0.0,2.0000000000000284
2012-07-02,0.0,2012,7,2,1,19,0.0,0.0,0.0,0.0,0.0
2012-07-03,0.0,2012,7,3,1,19,0.0,0.0,0.0,0.0,0.0
2012-07-04,0.0,2012,7,4,1,19,0.0,0.0,0.0,0.0,0.0
2012-07-05,15.0,2012,7,5,1,19,15.0,15.0,15.0,15.0,15.000000000000028
2012-07-06,0.0,2012,7,6,1,19,0.0,15.0,15.0,15.0,15.000000000000028
2012-07-07,0.0,2012,7,7,1,19,0.0,15.0,15.0,15.0,15.000000000000028
2012-07-08,0.0,2012,7,8,1,19,0.0,0.0,15.0,15.0,15.000000000000028
2012-07-09,0.0,2012,7,9,1,19,0.0,0.0,15.0,15.0,15.000000000000028
2012-07-10,0.0,2012,7,10,1,19,0.0,0.0,0.0,15.0,15.000000000000028
2012-07-11,0.0,2012,7,11,2,20,0.0,0.0,0.0,15.0,15.000000000000028
2012-07-12,0.0,2012,7,12,2,20,0.0,0.0,0.0,0.0,15.000000000000028
2012-07-13,0.0,2012,7,13,2,20,0.0,0.0,0.0,0.0,15.000000000000028
2012-07-14,0.0,2012,7,14,2,20,0.0,0.0,0.0,0.0,15.000000000000028
2012-07-15,0.0,2012,7,15,2,20,0.0,0.0,0.0,0.0,0.0
2012-07-16,0.0,2012,7,16,2,20,0.0,0.0,0.0,0.0,0.0
2012-07-17,0.0,2012,7,17,2,20,0.0,0.0,0.0,0.0,0.0
2012-07-18,0.0,2012,7,18,2,20,0.0,0.0,0.0,0.0,0.0
2012-07-19,0.0,2012,7,19,2,20,0.0,0.0,0.0,0.0,0.0
2012-07-20,1.0,2012,7,20,2,20,1.0,1.0,1.0,1.0,1.0000000000000284
2012-07-21,0.0,2012,7,21,3,21,0.0,1.0,1.0,1.0,1.0000000000000284
2012-07-22,0.0,2012,7,22,3,21,0.0,1.0,1.0,1.0,1.0000000000000284
2012-07-23,0.0,2012,7,23,3,21,0.0,0.0,1.0,1.0,1.0000000000000284
2012-07-24,0.0,2012,7,24,3,21,0.0,0.0,1.0,1.0,1.0000000000000284
2012-07-25,0.0,2012,7,25,3,21,0.0,0.0,0.0,1.0,1.0000000000000284
2012-07-26,0.0,2012,7,26,3,21,0.0,0.0,0.0,1.0,1.0000000000000284
2012-07-27,0.0,2012,7,27,3,21,0.0,0.0,0.0,0.0,1.0000000000000284
2012-07-28,0.0,2012,7,28,3,21,0.0,0.0,0.0,0.0,1.0000000000000284
2012-07-29,0.0,2012,7,29,3,21,0.0,0.0,0.0,0.0,1.0000000000000284
2012-07-30,0.0,2012,7,30,3,21,0.0,0.0,0.0,0.0,0.0
2012-07-31,0.0,2012,7,31,3,21,0.0,0.0,0.0,0.0,0.0
2012-08-01,0.0,2012,8,1,1,22,0.0,0.0,0.0,0.0,0.0
2012-08-02,0.0,2012,8,2,1,22,0.0,0.0,0.0,0.0,0.0
2012-08-03,0.0,2012,8,3,1,22,0.0,0.0,0.0,0.0,0.0
2012-08-04,0.0,2012,8,4,1,22,0.0,0.0,0.0,0.0,0.0
2012-08-05,0.0,2012,8,5,1,22,0.0,0.0,0.0,0.0,0.0
2012-08-06,0.0,2012,8,6,1,22,0.0,0.0,0.0,0.0,0.0
2012-08-07,0.0,2012,8,7,1,22,0.0,0.0,0.0,0.0,0.0
2012-08-08,0.0,2012,8,8,1,22,0.0,0.0,0.0,0.0,0.0
2012-08-09,0.0,2012,8,9,1,22,0.0,0.0,0.0,0.0,0.0
2012-08-10,0.0,2012,8,10,1,22,0.0,0.0,0.0,0.0,0.0
2012-08-11,0.0,2012,8,11,2,23,0.0,0.0,0.0,0.0,0.0
2012-08-12,0.0,2012,8,12,2,23,0.0,0.0,0.0,0.0,0.0
2012-08-13,0.0,2012,8,13,2,23,0.0,0.0,0.0,0.0,0.0
2012-08-14,0.0,2012,8,14,2,23,0.0,0.0,0.0,0.0,0.0
2012-08-15,0.0,2012,8,15,2,23,0.0,0.0,0.0,0.0,0.0
2012-08-16,0.0,2012,8,16,2,23,0.0,0.0,0.0,0.0,0.0
2012-08-17,0.0,2012,8,17,2,23,0.0,0.0,0.0,0.0,0.0
2012-08-18,0.0,2012,8,18,2,23,0.0,0.0,0.0,0.0,0.0
2012-08-19,0.0,2012,8,19,2,23,0.0,0.0,0.0,0.0,0.0
2012-08-20,0.0,2012,8,20,2,23,0.0,0.0,0.0,0.0,0.0
2012-08-21,0.0,2012,8,21,3,24,0.0,0.0,0.0,0.0,0.0
2012-08-22,0.0,2012,8,22,3,24,0.0,0.0,0.0,0.0,0.0
2012-08-23,0.0,2012,8,23,3,24,0.0,0.0,0.0,0.0,0.0
2012-08-24,0.0,2012,8,24,3,24,0.0,0.0,0.0,0.0,0.0
2012-08-25,0.0,2012,8,25,3,24,0.0,0.0,0.0,0.0,0.0
2012-08-26,0.0,2012,8,26,3,24,0.0,0.0,0.0,0.0,0.0
2012-08-27,0.0,2012,8,27,3,24,0.0,0.0,0.0,0.0,0.0
2012-08-28,0.0,2012,8,28,3,24,0.0,0.0,0.0,0.0,0.0
2012-08-29,0.0,2012,8,29,3,24,0.0,0.0,0.0,0.0,0.0
2012-08-30,0.0,2012,8,30,3,24,0.0,0.0,0.0,0.0,0.0
2012-08-31,0.0,2012,8,31,3,24,0.0,0.0,0.0,0.0,0.0
2012-09-01,0.0,2012,9,1,1,25,0.0,0.0,0.0,0.0,0.0
2012-09-02,0.0,2012,9,2,1,25,0.0,0.0,0.0,0.0,0.0
2012-09-03,0.0,2012,9,3,1,25,0.0,0.0,0.0,0.0,0.0
2012-09-04,0.0,2012,9,4,1,25,0.0,0.0,0.0,0.0,0.0
2012-09-05,0.0,2012,9,5,1,25,0.0,0.0,0.0,0.0,0.0
2012-09-06,0.0,2012,9,6,1,25,0.0,0.0,0.0,0.0,0.0
2012-09-07,0.0,2012,9,7,1,25,0.0,0.0,0.0,0.0,0.0
2012-09-08,0.0,2012,9,8,1,25,0.0,0.0,0.0,0.0,0.0
2012-09-09,0.0,2012,9,9,1,25,0.0,0.0,0.0,0.0,0.0
2012-09-10,0.0,2012,9,10,1,25,0.0,0.0,0.0,0.0,0.0
2012-09-11,7.0,2012,9,11,2,26,7.0,7.0,7.0,7.0,7.000000000000028
2012-09-12,0.0,2012,9,12,2,26,0.0,7.0,7.0,7.0,7.000000000000028
2012-09-13,0.0,2012,9,13,2,26,0.0,7.0,7.0,7.0,7.000000000000028
2012-09-14,0.0,2012,9,14,2,26,0.0,0.0,7.0,7.0,7.000000000000028
2012-09-15,0.0,2012,9,15,2,26,0.0,0.0,7.0,7.0,7.000000000000028
2012-09-16,0.0,2012,9,16,2,26,0.0,0.0,0.0,7.0,7.000000000000028
2012-09-17,0.0,2012,9,17,2,26,0.0,0.0,0.0,7.0,7.000000000000028
2012-09-18,0.0,2012,9,18,2,26,0.0,0.0,0.0,0.0,7.000000000000028
2012-09-19,0.0,2012,9,19,2,26,0.0,0.0,0.0,0.0,7.000000000000028
2012-09-20,0.0,2012,9,20,2,26,0.0,0.0,0.0,0.0,7.000000000000028
2012-09-21,0.0,2012,9,21,3,27,0.0,0.0,0.0,0.0,0.0
2012-09-22,0.0,2012,9,22,3,27,0.0,0.0,0.0,0.0,0.0
2012-09-23,0.0,2012,9,23,3,27,0.0,0.0,0.0,0.0,0.0
2012-09-24,0.0,2012,9,24,3,27,0.0,0.0,0.0,0.0,0.0
2012-09-25,0.0,2012,9,25,3,27,0.0,0.0,0.0,0.0,0.0
2012-09-26,0.0,2012,9,26,3,27,0.0,0.0,0.0,0.0,0.0
2012-09-27,0.0,2012,9,27,3,27,0.0,0.0,0.0,0.0,0.0
2012-09-28,0.0,2012,9,28,3,27,0.0,0.0,0.0,0.0,0.0
2012-09-29,0.0,2012,9,29,3,27,0.0,0.0,0.0,0.0,0.0
2012-09-30,0.0,2012,9,30,3,27,0.0,0.0,0.0,0.0,0.0
2012-10-01,0.0,2012,10,1,1,28,0.0,0.0,0.0,0.0,0.0
2012-10-02,0.0,2012,10,2,1,28,0.0,0.0,0.0,0.0,0.0
2012-10-03,0.0,2012,10,3,1,28,0.0,0.0,0.0,0.0,0.0
2012-10-04,0.0,2012,10,4,1,28,0.0,0.0,0.0,0.0,0.0
2012-10-05,5.0,2012,10,5,1,28,5.0,5.0,5.0,5.0,5.000000000000028
2012-10-06,0.0,2012,10,6,1,28,0.0,5.0,5.0,5.0,5.000000000000028
2012-10-07,3.0,2012,10,7,1,28,3.0,8.0,8.0,8.0,8.000000000000028
2012-10-08,0.0,2012,10,8,1,28,0.0,3.0,8.0,8.0,8.000000000000028
2012-10-09,0.0,2012,10,9,1,28,0.0,3.0,8.0,8.0,8.000000000000028
2012-10-10,0.0,2012,10,10,1,28,0.0,0.0,3.0,8.0,8.000000000000028
2012-10-11,0.0,2012,10,11,2,29,0.0,0.0,3.0,8.0,8.000000000000028
2012-10-12,0.0,2012,10,12,2,29,0.0,0.0,0.0,3.0,8.000000000000028
2012-10-13,0.0,2012,10,13,2,29,0.0,0.0,0.0,3.0,8.000000000000028
2012-10-14,0.0,2012,10,14,2,29,0.0,0.0,0.0,0.0,8.000000000000028
2012-10-15,2.0,2012,10,15,2,29,2.0,2.0,2.0,2.0,5.000000000000028
2012-10-16,0.0,2012,10,16,2,29,0.0,2.0,2.0,2.0,5.000000000000028
2012-10-17,12.4,2012,10,17,2,29,12.4,14.4,14.4,14.4,14.400000000000029
2012-10-18,0.0,2012,10,18,2,29,0.0,12.4,14.4,14.4,14.400000000000029
2012-10-19,4.0,2012,10,19,2,29,4.0,16.4,18.4,18.4,18.400000000000027
2012-10-20,22.0,2012,10,20,2,29,22.0,26.0,38.4,40.4,40.40000000000003
2012-10-21,2.0,2012,10,21,3,30,2.0,28.0,40.4,42.4,42.40000000000003
2012-10-22,0.0,2012,10,22,3,30,0.0,24.0,28.0,40.4,42.40000000000003
2012-10-23,0.0,2012,10,23,3,30,0.0,2.0,28.0,40.4,42.40000000000003
2012-10-24,0.0,2012,10,24,3,30,0.0,0.0,24.0,28.0,42.40000000000003
2012-10-25,0.0,2012,10,25,3,30,0.0,0.0,2.0,28.0,40.40000000000003
2012-10-26,0.0,2012,10,26,3,30,0.0,0.0,0.0,24.0,40.40000000000003
2012-10-27,0.0,2012,10,27,3,30,0.0,0.0,0.0,2.0,28.00000000000003
2012-10-28,46.0,2012,10,28,3,30,46.0,46.0,46.0,46.0,74.00000000000003
2012-10-29,0.0,2012,10,29,3,30,0.0,46.0,46.0,46.0,70.00000000000003
2012-10-30,0.0,2012,10,30,3,30,0.0,46.0,46.0,46.0,48.00000000000003
2012-10-31,30.0,2012,10,31,3,30,30.0,30.0,76.0,76.0,76.00000000000003
2012-11-01,0.0,2012,11,1,1,31,0.0,30.0,76.0,76.0,76.00000000000003
2012-11-02,0.0,2012,11,2,1,31,0.0,30.0,30.0,76.0,76.00000000000003
2012-11-03,0.0,2012,11,3,1,31,0.0,0.0,30.0,76.0,76.00000000000003
2012-11-04,0.0,2012,11,4,1,31,0.0,0.0,30.0,30.0,76.00000000000003
2012-11-05,1.0,2012,11,5,1,31,1.0,1.0,1.0,31.0,77.00000000000003
2012-11-06,0.0,2012,11,6,1,31,0.0,1.0,1.0,31.0,77.00000000000003
2012-11-07,0.0,2012,11,7,1,31,0.0,1.0,1.0,1.0,31.00000000000003
2012-11-08,3.0,2012,11,8,1,31,3.0,3.0,4.0,4.0,34.00000000000003
2012-11-09,0.0,2012,11,9,1,31,0.0,3.0,4.0,4.0,34.00000000000003
2012-11-10,0.0,2012,11,10,1,31,0.0,3.0,3.0,4.0,4.000000000000028
2012-11-11,0.0,2012,11,11,2,32,0.0,0.0,3.0,4.0,4.000000000000028
2012-11-12,1.0,2012,11,12,2,32,1.0,1.0,4.0,4.0,5.000000000000028
2012-11-13,1.0,2012,11,13,2,32,1.0,2.0,2.0,5.0,6.000000000000028
2012-11-14,1.0,2012,11,14,2,32,1.0,3.0,3.0,6.0,7.000000000000028
2012-11-15,4.0,2012,11,15,2,32,4.0,6.0,7.0,7.0,10.000000000000028
2012-11-16,0.0,2012,11,16,2,32,0.0,5.0,7.0,7.0,10.000000000000028
2012-11-17,0.0,2012,11,17,2,32,0.0,4.0,6.0,7.0,10.000000000000028
2012-11-18,1.0,2012,11,18,2,32,1.0,1.0,6.0,8.0,8.000000000000028
2012-11-19,10.0,2012,11,19,2,32,10.0,11.0,15.0,17.0,18.00000000000003
2012-11-20,1.0,2012,11,20,2,32,1.0,12.0,12.0,17.0,19.00000000000003
2012-11-21,0.0,2012,11,21,3,33,0.0,11.0,12.0,16.0,19.00000000000003
2012-11-22,0.0,2012,11,22,3,33,0.0,1.0,12.0,12.0,18.00000000000003
2012-11-23,0.0,2012,11,23,3,33,0.0,0.0,11.0,12.0,17.00000000000003
2012-11-24,0.0,2012,11,24,3,33,0.0,0.0,1.0,12.0,16.00000000000003
2012-11-25,1.0,2012,11,25,3,33,1.0,1.0,1.0,12.0,13.000000000000028
2012-11-26,2.0,2012,11,26,3,33,2.0,3.0,3.0,4.0,15.000000000000028
2012-11-27,2.8,2012,11,27,3,33,2.8,5.8,5.8,5.8,17.80000000000003
2012-11-28,0.0,2012,11,28,3,33,0.0,4.8,5.8,5.8,16.80000000000003
2012-11-29,0.0,2012,11,29,3,33,0.0,2.8,5.8,5.8,6.800000000000028
2012-11-30,22.0,2012,11,30,3,33,22.0,22.0,26.8,27.8,27.80000000000003
2012-12-01,3.3,2012,12,1,1,34,3.3,25.3,28.1,31.1,31.10000000000003
2012-12-02,0.0,2012,12,2,1,34,0.0,25.3,25.3,30.1,31.10000000000003
2012-12-03,6.9,2012,12,3,1,34,6.9,10.2,32.2,35.0,38.00000000000003
2012-12-04,1.0,2012,12,4,1,34,1.0,7.9,33.2,33.2,39.00000000000003
2012-12-05,7.2,2012,12,5,1,34,7.2,15.100000000000001,18.4,40.400000000000006,45.20000000000003
2012-12-06,0.0,2012,12,6,1,34,0.0,8.2,15.1,40.400000000000006,43.20000000000003
2012-12-07,0.0,2012,12,7,1,34,0.0,7.2,15.100000000000001,18.4,40.400000000000034
2012-12-08,0.6,2012,12,8,1,34,0.6,0.6,8.799999999999999,15.7,41.000000000000036
2012-12-09,25.8,2012,12,9,1,34,25.8,26.400000000000002,33.6,41.5,66.80000000000004
2012-12-10,0.0,2012,12,10,1,34,0.0,26.400000000000002,26.400000000000002,34.6,44.80000000000003
2012-12-11,2.9,2012,12,11,2,35,2.9,28.7,29.3,36.5,44.40000000000003
2012-12-12,3.0,2012,12,12,2,35,3.0,5.9,32.300000000000004,32.3,47.40000000000003
2012-12-13,0.3,2012,12,13,2,35,0.3,6.2,32.0,32.6,40.80000000000003
2012-12-14,0.7,2012,12,14,2,35,0.7,4.0,6.9,33.3,40.50000000000003
2012-12-15,0.0,2012,12,15,2,35,0.0,1.0,6.9,32.699999999999996,33.300000000000026
2012-12-16,0.0,2012,12,16,2,35,0.0,0.7,3.9999999999999996,6.9,33.300000000000026
2012-12-17,4.3,2012,12,17,2,35,4.3,4.3,5.3,11.2,37.60000000000002
2012-12-18,4.0,2012,12,18,2,35,4.0,8.3,9.0,12.299999999999999,41.00000000000003
2012-12-19,0.0,2012,12,19,2,35,0.0,8.3,8.3,9.299999999999999,15.200000000000028
2012-12-20,0.0,2012,12,20,2,35,0.0,4.0,8.3,9.0,15.200000000000028
2012-12-21,8.0,2012,12,21,3,36,8.0,8.0,16.3,16.299999999999997,20.300000000000026
2012-12-22,10.0,2012,12,22,3,36,10.0,18.0,22.0,26.299999999999997,27.300000000000026
2012-12-23,3.0,2012,12,23,3,36,3.0,21.0,21.0,29.299999999999997,30.00000000000003
2012-12-24,0.0,2012,12,24,3,36,0.0,13.0,21.0,25.0,29.300000000000026
2012-12-25,0.0,2012,12,25,3,36,0.0,3.0,21.0,21.0,29.300000000000026
2012-12-26,2.0,2012,12,26,3,36,2.0,2.0,15.0,23.0,31.300000000000026
2012-12-27,0.0,2012,12,27,3,36,0.0,2.0,5.0,23.0,27.00000000000003
2012-12-28,0.0,2012,12,28,3,36,0.0,2.0,2.0,15.0,23.00000000000003
2012-12-29,1.0,2012,12,29,3,36,1.0,1.0,3.0,6.0,24.00000000000003
2012-12-30,11.0,2012,12,30,3,36,11.0,12.0,14.0,14.0,35.00000000000003
2012-12-31,0.0,2012,12,31,3,36,0.0,12.0,12.0,14.0,27.00000000000003
2013-01-01,1.0,2013,1,1,1,1,1.0,12.0,13.0,15.0,18.00000000000003
2013-01-02,5.0,2013,1,2,1,1,5.0,6.0,18.0,18.0,20.00000000000003
2013-01-03,0.0,2013,1,3,1,1,0.0,6.0,17.0,18.0,20.00000000000003
2013-01-04,0.0,2013,1,4,1,1,0.0,5.0,6.0,18.0,20.00000000000003
2013-01-05,5.0,2013,1,5,1,1,5.0,5.0,11.0,22.0,23.00000000000003
2013-01-06,20.0,2013,1,6,1,1,20.0,25.0,30.0,31.0,43.00000000000003
2013-01-07,14.0,2013,1,7,1,1,14.0,39.0,39.0,45.0,57.00000000000003
2013-01-08,5.0,2013,1,8,1,1,5.0,39.0,44.0,49.0,61.00000000000003
2013-01-09,41.0,2013,1,9,1,1,41.0,60.0,85.0,85.0,91.00000000000003
2013-01-10,23.0,2013,1,10,1,1,23.0,69.0,103.0,108.0,114.00000000000003
2013-01-11,17.0,2013,1,11,2,2,17.0,81.0,100.0,125.0,130.00000000000003
2013-01-12,1.0,2013,1,12,2,2,1.0,41.0,87.0,121.0,126.00000000000003
2013-01-13,55.0,2013,1,13,2,2,55.0,73.0,137.0,156.0,181.00000000000003
2013-01-14,14.0,2013,1,14,2,2,14.0,70.0,110.0,156.0,195.00000000000003
2013-01-15,64.0,2013,1,15,2,2,64.0,133.0,151.0,215.0,254.00000000000003
2013-01-16,35.0,2013,1,16,2,2,35.0,113.0,169.0,209.0,269.0
2013-01-17,20.0,2013,1,17,2,2,20.0,119.0,188.0,206.0,275.0
2013-01-18,0.0,2013,1,18,2,2,0.0,55.0,133.0,189.0,270.0
2013-01-19,0.0,2013,1,19,2,2,0.0,20.0,119.0,188.0,229.00000000000003
2013-01-20,5.0,2013,1,20,2,2,5.0,5.0,60.0,138.0,211.00000000000003
2013-01-21,1.0,2013,1,21,3,3,1.0,6.0,26.0,125.0,195.00000000000003
2013-01-22,0.0,2013,1,22,3,3,0.0,6.0,6.0,61.0,194.00000000000003
2013-01-23,12.0,2013,1,23,3,3,12.0,13.0,18.0,38.0,151.00000000000003
2013-01-24,40.0,2013,1,24,3,3,40.0,52.0,58.0,58.0,177.00000000000003
2013-01-25,7.0,2013,1,25,3,3,7.0,59.0,60.0,65.0,120.00000000000003
2013-01-26,36.0,2013,1,26,3,3,36.0,83.0,95.0,101.0,121.00000000000003
2013-01-27,1.0,2013,1,27,3,3,1.0,44.0,96.0,97.0,102.00000000000003
2013-01-28,0.0,2013,1,28,3,3,0.0,37.0,84.0,96.0,102.00000000000003
2013-01-29,0.0,2013,1,29,3,3,0.0,1.0,44.0,96.0,102.00000000000003
2013-01-30,2.0,2013,1,30,3,3,2.0,2.0,39.0,86.0,99.00000000000003
2013-01-31,0.0,2013,1,31,3,3,0.0,2.0,3.0,46.0,98.00000000000003
2013-02-01,0.0,2013,2,1,1,4,0.0,2.0,2.0,39.0,98.00000000000003
2013-02-02,34.8,2013,2,2,1,4,34.8,34.8,36.8,37.8,120.80000000000003
2013-02-03,2.5,2013,2,3,1,4,2.5,37.3,39.3,39.3,83.30000000000003
2013-02-04,19.0,2013,2,4,1,4,19.0,56.3,56.3,58.3,95.30000000000003
2013-02-05,17.5,2013,2,5,1,4,17.5,39.0,73.8,75.8,76.80000000000003
2013-02-06,1.0,2013,2,6,1,4,1.0,37.5,74.8,74.8,76.80000000000003
2013-02-07,4.8,2013,2,7,1,4,4.8,23.3,44.8,79.6,81.60000000000002
2013-02-08,0.0,2013,2,8,1,4,0.0,5.8,42.3,79.6,81.60000000000002
2013-02-09,0.0,2013,2,9,1,4,0.0,4.8,23.3,44.8,79.60000000000002
2013-02-10,2.0,2013,2,10,1,4,2.0,2.0,7.8,44.3,81.60000000000002
2013-02-11,0.3,2013,2,11,2,5,0.3,2.3,7.1,25.6,81.90000000000002
2013-02-12,0.0,2013,2,12,2,5,0.0,2.3,2.3,8.1,47.10000000000003
2013-02-13,0.0,2013,2,13,2,5,0.0,0.3,2.3,7.1,44.60000000000003
2013-02-14,0.0,2013,2,14,2,5,0.0,0.0,2.3,2.3,25.60000000000003
2013-02-15,1.0,2013,2,15,2,5,1.0,1.0,1.3,3.3,9.100000000000028
2013-02-16,8.1,2013,2,16,2,5,8.1,9.1,9.1,11.399999999999999,16.200000000000028
2013-02-17,32.6,2013,2,17,2,5,32.6,41.7,41.7,42.0,44.00000000000003
2013-02-18,19.7,2013,2,18,2,5,19.7,60.400000000000006,61.400000000000006,61.400000000000006,63.70000000000003
2013-02-19,31.3,2013,2,19,2,5,31.3,83.6,92.7,92.7,95.00000000000003
2013-02-20,0.8,2013,2,20,2,5,0.8,51.8,92.5,93.5,93.80000000000003
2013-02-21,7.0,2013,2,21,3,6,7.0,39.099999999999994,91.4,100.5,100.50000000000003
2013-02-22,7.5,2013,2,22,3,6,7.5,15.3,66.3,107.0,108.00000000000003
2013-02-23,6.1,2013,2,23,3,6,6.1,20.599999999999998,52.699999999999996,105.0,114.10000000000004
2013-02-24,16.0,2013,2,24,3,6,16.0,29.599999999999998,37.4,88.4,130.10000000000002
2013-02-25,0.0,2013,2,25,3,6,0.0,22.099999999999998,36.6,68.69999999999999,129.10000000000002
2013-02-26,0.0,2013,2,26,3,6,0.0,16.0,29.599999999999998,37.4,121.00000000000003
2013-02-27,0.0,2013,2,27,3,6,0.0,0.0,22.099999999999998,36.6,88.40000000000003
2013-02-28,0.0,2013,2,28,3,6,0.0,0.0,16.0,29.599999999999998,68.70000000000002
2013-03-01,0.0,2013,3,1,1,7,0.0,0.0,0.0,22.099999999999998,37.40000000000003
2013-03-02,0.0,2013,3,2,1,7,0.0,0.0,0.0,16.0,36.60000000000003
2013-03-03,0.0,2013,3,3,1,7,0.0,0.0,0.0,0.0,29.600000000000026
2013-03-04,70.0,2013,3,4,1,7,70.0,70.0,70.0,70.0,92.10000000000002
2013-03-05,101.0,2013,3,5,1,7,101.0,171.0,171.0,171.0,187.00000000000003
2013-03-06,0.0,2013,3,6,1,7,0.0,171.0,171.0,171.0,171.00000000000003
2013-03-07,0.0,2013,3,7,1,7,0.0,101.0,171.0,171.0,171.00000000000003
2013-03-08,0.0,2013,3,8,1,7,0.0,0.0,171.0,171.0,171.00000000000003
2013-03-09,1.0,2013,3,9,1,7,1.0,1.0,102.0,172.0,172.00000000000003
2013-03-10,3.0,2013,3,10,1,7,3.0,4.0,4.0,175.0,175.00000000000003
2013-03-11,0.0,2013,3,11,2,8,0.0,4.0,4.0,105.0,175.00000000000003
2013-03-12,0.0,2013,3,12,2,8,0.0,3.0,4.0,4.0,175.00000000000003
2013-03-13,0.0,2013,3,13,2,8,0.0,0.0,4.0,4.0,175.00000000000003
2013-03-14,0.0,2013,3,14,2,8,0.0,0.0,3.0,4.0,105.00000000000003
2013-03-15,0.0,2013,3,15,2,8,0.0,0.0,0.0,4.0,4.000000000000028
2013-03-16,22.0,2013,3,16,2,8,22.0,22.0,22.0,25.0,26.00000000000003
2013-03-17,18.0,2013,3,17,2,8,18.0,40.0,40.0,40.0,44.00000000000003
2013-03-18,0.0,2013,3,18,2,8,0.0,40.0,40.0,40.0,44.00000000000003
2013-03-19,1.0,2013,3,19,2,8,1.0,19.0,41.0,41.0,44.00000000000003
2013-03-20,4.0,2013,3,20,2,8,4.0,5.0,45.0,45.0,45.00000000000003
2013-03-21,0.0,2013,3,21,3,9,0.0,5.0,23.0,45.0,45.00000000000003
2013-03-22,0.0,2013,3,22,3,9,0.0,4.0,5.0,45.0,45.00000000000003
2013-03-23,1.0,2013,3,23,3,9,1.0,1.0,6.0,24.0,46.00000000000003
2013-03-24,0.0,2013,3,24,3,9,0.0,1.0,5.0,6.0,46.00000000000003
2013-03-25,0.0,2013,3,25,3,9,0.0,1.0,1.0,6.0,46.00000000000003
2013-03-26,0.0,2013,3,26,3,9,0.0,0.0,1.0,5.0,24.00000000000003
2013-03-27,0.0,2013,3,27,3,9,0.0,0.0,1.0,1.0,6.000000000000028
2013-03-28,0.0,2013,3,28,3,9,0.0,0.0,0.0,1.0,6.000000000000028
2013-03-29,2.0,2013,3,29,3,9,2.0,2.0,2.0,3.0,7.000000000000028
2013-03-30,0.0,2013,3,30,3,9,0.0,2.0,2.0,2.0,3.0000000000000284
2013-03-31,1.0,2013,3,31,3,9,1.0,3.0,3.0,3.0,4.000000000000028
2013-04-01,0.0,2013,4,1,1,10,0.0,1.0,3.0,3.0,4.000000000000028
2013-04-02,0.0,2013,4,2,1,10,0.0,1.0,3.0,3.0,3.0000000000000284
2013-04-03,0.0,2013,4,3,1,10,0.0,0.0,1.0,3.0,3.0000000000000284
2013-04-04,14.2,2013,4,4,1,10,14.2,14.2,15.2,17.2,17.200000000000028
2013-04-05,6.8,2013,4,5,1,10,6.8,21.0,21.0,22.0,24.00000000000003
2013-04-06,0.0,2013,4,6,1,10,0.0,21.0,21.0,22.0,24.00000000000003
2013-04-07,35.6,2013,4,7,1,10,35.6,42.400000000000006,56.6,56.6,59.60000000000003
2013-04-08,0.0,2013,4,8,1,10,0.0,35.6,56.6,56.6,57.60000000000003
2013-04-09,9.6,2013,4,9,1,10,9.6,45.2,52.00000000000001,66.2,67.20000000000003
2013-04-10,1.1,2013,4,10,1,10,1.1,10.7,46.300000000000004,67.3,67.30000000000003
2013-04-11,8.8,2013,4,11,2,11,8.8,19.5,55.1,61.9,76.10000000000002
2013-04-12,0.0,2013,4,12,2,11,0.0,9.9,19.5,55.1,76.10000000000002
2013-04-13,4.0,2013,4,13,2,11,4.0,12.8,23.5,59.1,80.10000000000002
2013-04-14,0.0,2013,4,14,2,11,0.0,4.0,13.9,23.5,65.90000000000003
2013-04-15,0.0,2013,4,15,2,11,0.0,4.0,12.8,23.5,59.10000000000003
2013-04-16,0.0,2013,4,16,2,11,0.0,0.0,4.0,13.9,59.10000000000003
2013-04-17,0.0,2013,4,17,2,11,0.0,0.0,4.0,12.8,23.50000000000003
2013-04-18,0.0,2013,4,18,2,11,0.0,0.0,0.0,4.0,23.50000000000003
2013-04-19,0.0,2013,4,19,2,11,0.0,0.0,0.0,4.0,13.900000000000029
2013-04-20,0.0,2013,4,20,2,11,0.0,0.0,0.0,0.0,12.80000000000003
2013-04-21,0.0,2013,4,21,3,12,0.0,0.0,0.0,0.0,4.000000000000028
2013-04-22,12.8,2013,4,22,3,12,12.8,12.8,12.8,12.8,16.80000000000003
2013-04-23,1.8,2013,4,23,3,12,1.8,14.600000000000001,14.600000000000001,14.600000000000001,14.60000000000003
2013-04-24,0.0,2013,4,24,3,12,0.0,14.600000000000001,14.600000000000001,14.600000000000001,14.60000000000003
2013-04-25,0.0,2013,4,25,3,12,0.0,1.8,14.600000000000001,14.600000000000001,14.60000000000003
2013-04-26,8.9,2013,4,26,3,12,8.9,8.9,23.5,23.5,23.50000000000003
2013-04-27,0.0,2013,4,27,3,12,0.0,8.9,10.700000000000001,23.5,23.50000000000003
2013-04-28,0.0,2013,4,28,3,12,0.0,8.9,8.9,23.5,23.50000000000003
2013-04-29,0.0,2013,4,29,3,12,0.0,0.0,8.9,10.700000000000001,23.50000000000003
2013-04-30,0.0,2013,4,30,3,12,0.0,0.0,8.9,8.9,23.50000000000003
2013-05-01,0.0,2013,5,1,1,13,0.0,0.0,0.0,8.9,23.50000000000003
2013-05-02,85.0,2013,5,2,1,13,85.0,85.0,85.0,93.9,95.70000000000003
2013-05-03,0.0,2013,5,3,1,13,0.0,85.0,85.0,85.0,93.90000000000003
2013-05-04,0.0,2013,5,4,1,13,0.0,85.0,85.0,85.0,93.90000000000003
2013-05-05,0.0,2013,5,5,1,13,0.0,0.0,85.0,85.0,93.90000000000003
2013-05-06,0.0,2013,5,6,1,13,0.0,0.0,85.0,85.0,85.00000000000003
2013-05-07,0.0,2013,5,7,1,13,0.0,0.0,0.0,85.0,85.00000000000003
2013-05-08,1.0,2013,5,8,1,13,1.0,1.0,1.0,86.0,86.00000000000003
2013-05-09,0.0,2013,5,9,1,13,0.0,1.0,1.0,1.0,86.00000000000003
2013-05-10,31.0,2013,5,10,1,13,31.0,32.0,32.0,32.0,117.00000000000003
2013-05-11,1.0,2013,5,11,2,14,1.0,32.0,33.0,33.0,118.00000000000003
2013-05-12,44.0,2013,5,12,2,14,44.0,76.0,77.0,77.0,77.00000000000003
2013-05-13,0.0,2013,5,13,2,14,0.0,45.0,76.0,77.0,77.00000000000003
2013-05-14,2.0,2013,5,14,2,14,2.0,46.0,78.0,79.0,79.00000000000003
2013-05-15,2.0,2013,5,15,2,14,2.0,4.0,49.0,80.0,81.00000000000003
2013-05-16,2.0,2013,5,16,2,14,2.0,6.0,50.0,82.0,83.00000000000003
2013-05-17,0.0,2013,5,17,2,14,0.0,4.0,6.0,51.0,83.00000000000003
2013-05-18,0.0,2013,5,18,2,14,0.0,2.0,6.0,50.0,82.00000000000003
2013-05-19,0.0,2013,5,19,2,14,0.0,0.0,4.0,6.0,82.00000000000003
2013-05-20,11.0,2013,5,20,2,14,11.0,11.0,13.0,17.0,62.00000000000003
2013-05-21,36.0,2013,5,21,3,15,36.0,47.0,47.0,51.0,97.00000000000003
2013-05-22,2.0,2013,5,22,3,15,2.0,49.0,49.0,51.0,55.00000000000003
2013-05-23,0.0,2013,5,23,3,15,0.0,38.0,49.0,49.0,55.00000000000003
2013-05-24,0.0,2013,5,24,3,15,0.0,2.0,49.0,49.0,53.00000000000003
2013-05-25,0.0,2013,5,25,3,15,0.0,0.0,38.0,49.0,51.00000000000003
2013-05-26,7.0,2013,5,26,3,15,7.0,7.0,9.0,56.0,56.00000000000003
2013-05-27,3.0,2013,5,27,3,15,3.0,10.0,10.0,48.0,59.00000000000003
2013-05-28,10.0,2013,5,28,3,15,10.0,20.0,20.0,22.0,69.00000000000003
2013-05-29,2.0,2013,5,29,3,15,2.0,15.0,22.0,22.0,71.00000000000003
2013-05-30,19.0,2013,5,30,3,15,19.0,31.0,41.0,41.0,79.00000000000003
2013-05-31,3.0,2013,5,31,3,15,3.0,24.0,37.0,44.0,46.00000000000003
2013-06-01,9.0,2013,6,1,1,16,9.0,31.0,43.0,53.0,53.00000000000003
2013-06-02,0.0,2013,6,2,1,16,0.0,12.0,33.0,46.0,53.00000000000003
2013-06-03,0.0,2013,6,3,1,16,0.0,9.0,31.0,43.0,53.00000000000003
2013-06-04,3.0,2013,6,4,1,16,3.0,3.0,15.0,36.0,56.00000000000003
2013-06-05,0.0,2013,6,5,1,16,0.0,3.0,12.0,34.0,49.00000000000003
2013-06-06,0.0,2013,6,6,1,16,0.0,3.0,3.0,15.0,46.00000000000003
2013-06-07,0.0,2013,6,7,1,16,0.0,0.0,3.0,12.0,36.00000000000003
2013-06-08,0.0,2013,6,8,1,16,0.0,0.0,3.0,3.0,34.00000000000003
2013-06-09,0.0,2013,6,9,1,16,0.0,0.0,0.0,3.0,15.000000000000028
2013-06-10,0.0,2013,6,10,1,16,0.0,0.0,0.0,3.0,12.000000000000028
2013-06-11,0.0,2013,6,11,2,17,0.0,0.0,0.0,0.0,3.0000000000000284
2013-06-12,14.0,2013,6,12,2,17,14.0,14.0,14.0,14.0,17.00000000000003
2013-06-13,0.0,2013,6,13,2,17,0.0,14.0,14.0,14.0,17.00000000000003
2013-06-14,11.0,2013,6,14,2,17,11.0,25.0,25.0,25.0,25.00000000000003
2013-06-15,3.0,2013,6,15,2,17,3.0,14.0,28.0,28.0,28.00000000000003
2013-06-16,0.0,2013,6,16,2,17,0.0,14.0,28.0,28.0,28.00000000000003
2013-06-17,2.0,2013,6,17,2,17,2.0,5.0,16.0,30.0,30.00000000000003
2013-06-18,11.0,2013,6,18,2,17,11.0,13.0,27.0,41.0,41.00000000000003
2013-06-19,0.0,2013,6,19,2,17,0.0,13.0,16.0,27.0,41.00000000000003
2013-06-20,0.0,2013,6,20,2,17,0.0,11.0,13.0,27.0,41.00000000000003
2013-06-21,0.0,2013,6,21,3,18,0.0,0.0,13.0,16.0,41.00000000000003
2013-06-22,0.0,2013,6,22,3,18,0.0,0.0,11.0,13.0,27.00000000000003
2013-06-23,0.0,2013,6,23,3,18,0.0,0.0,0.0,13.0,27.00000000000003
2013-06-24,0.0,2013,6,24,3,18,0.0,0.0,0.0,11.0,16.00000000000003
2013-06-25,0.0,2013,6,25,3,18,0.0,0.0,0.0,0.0,13.000000000000028
2013-06-26,0.0,2013,6,26,3,18,0.0,0.0,0.0,0.0,13.000000000000028
2013-06-27,5.0,2013,6,27,3,18,5.0,5.0,5.0,5.0,16.00000000000003
2013-06-28,1.0,2013,6,28,3,18,1.0,6.0,6.0,6.0,6.000000000000028
2013-06-29,0.0,2013,6,29,3,18,0.0,6.0,6.0,6.0,6.000000000000028
2013-06-30,1.0,2013,6,30,3,18,1.0,2.0,7.0,7.0,7.000000000000028
2013-07-01,4.0,2013,7,1,1,19,4.0,5.0,11.0,11.0,11.000000000000028
2013-07-02,0.2,2013,7,2,1,19,0.2,5.2,6.2,11.2,11.200000000000028
2013-07-03,10.7,2013,7,3,1,19,10.7,14.899999999999999,15.899999999999999,21.9,21.900000000000027
2013-07-04,0.0,2013,7,4,1,19,0.0,10.899999999999999,15.899999999999999,16.9,21.900000000000027
2013-07-05,33.0,2013,7,5,1,19,33.0,43.7,47.9,48.9,54.90000000000003
2013-07-06,25.0,2013,7,6,1,19,25.0,58.0,68.9,73.9,79.90000000000003
2013-07-07,0.0,2013,7,7,1,19,0.0,58.0,68.69999999999999,72.9,74.90000000000003
2013-07-08,0.0,2013,7,8,1,19,0.0,25.0,58.0,68.9,73.90000000000003
2013-07-09,5.0,2013,7,9,1,19,5.0,5.0,63.0,73.69999999999999,78.90000000000003
2013-07-10,36.0,2013,7,10,1,19,36.0,41.0,66.0,99.0,113.90000000000003
2013-07-11,0.0,2013,7,11,2,20,0.0,41.0,41.0,99.0,109.90000000000003
2013-07-12,1.0,2013,7,12,2,20,1.0,37.0,42.0,67.0,110.70000000000002
2013-07-13,0.0,2013,7,13,2,20,0.0,1.0,42.0,42.0,100.00000000000003
2013-07-14,64.0,2013,7,14,2,20,64.0,65.0,101.0,106.0,164.00000000000003
2013-07-15,0.0,2013,7,15,2,20,0.0,64.0,65.0,106.0,131.00000000000003
2013-07-16,36.0,2013,7,16,2,20,36.0,100.0,101.0,137.0,142.00000000000003
2013-07-17,2.0,2013,7,17,2,20,2.0,38.0,102.0,103.0,144.00000000000003
2013-07-18,0.0,2013,7,18,2,20,0.0,38.0,102.0,103.0,144.00000000000003
2013-07-19,4.0,2013,7,19,2,20,4.0,6.0,42.0,106.0,143.00000000000003
2013-07-20,2.0,2013,7,20,2,20,2.0,6.0,44.0,108.0,109.00000000000003
2013-07-21,1.0,2013,7,21,3,21,1.0,7.0,9.0,45.0,110.00000000000003
2013-07-22,1.0,2013,7,22,3,21,1.0,4.0,8.0,46.0,110.00000000000003
2013-07-23,0.0,2013,7,23,3,21,0.0,2.0,8.0,10.0,110.00000000000003
2013-07-24,4.0,2013,7,24,3,21,4.0,5.0,8.0,12.0,50.00000000000003
2013-07-25,0.0,2013,7,25,3,21,0.0,4.0,6.0,12.0,50.00000000000003
2013-07-26,11.0,2013,7,26,3,21,11.0,15.0,16.0,19.0,25.00000000000003
2013-07-27,1.0,2013,7,27,3,21,1.0,12.0,16.0,18.0,24.00000000000003
2013-07-28,0.0,2013,7,28,3,21,0.0,12.0,16.0,17.0,24.00000000000003
2013-07-29,0.0,2013,7,29,3,21,0.0,1.0,12.0,16.0,20.00000000000003
2013-07-30,2.0,2013,7,30,3,21,2.0,2.0,14.0,18.0,20.00000000000003
2013-07-31,0.7,2013,7,31,3,21,0.7,2.7,3.7,14.7,19.700000000000028
2013-08-01,0.0,2013,8,1,1,22,0.0,2.7,2.7,14.7,18.700000000000028
2013-08-02,1.0,2013,8,2,1,22,1.0,1.7,3.7,4.7,19.700000000000028
2013-08-03,0.0,2013,8,3,1,22,0.0,1.0,3.7,3.7,15.700000000000028
2013-08-04,1.1,2013,8,4,1,22,1.1,2.1,2.8,4.8,16.80000000000003
2013-08-05,0.7,2013,8,5,1,22,0.7,1.8,2.8,5.5,6.500000000000028
2013-08-06,0.0,2013,8,6,1,22,0.0,1.8,2.8,3.5,5.500000000000028
2013-08-07,0.0,2013,8,7,1,22,0.0,0.7,1.8,2.8,5.500000000000028
2013-08-08,33.0,2013,8,8,1,22,33.0,33.0,34.8,35.8,38.50000000000003
2013-08-09,0.0,2013,8,9,1,22,0.0,33.0,33.699999999999996,34.8,36.50000000000003
2013-08-10,0.0,2013,8,10,1,22,0.0,33.0,33.0,34.8,35.800000000000026
2013-08-11,6.0,2013,8,11,2,23,6.0,6.0,39.0,39.699999999999996,41.800000000000026
2013-08-12,0.0,2013,8,12,2,23,0.0,6.0,39.0,39.0,40.800000000000026
2013-08-13,0.0,2013,8,13,2,23,0.0,6.0,6.0,39.0,40.800000000000026
2013-08-14,0.0,2013,8,14,2,23,0.0,0.0,6.0,39.0,39.70000000000003
2013-08-15,0.0,2013,8,15,2,23,0.0,0.0,6.0,6.0,39.00000000000003
2013-08-16,0.0,2013,8,16,2,23,0.0,0.0,0.0,6.0,39.00000000000003
2013-08-17,0.0,2013,8,17,2,23,0.0,0.0,0.0,6.0,39.00000000000003
2013-08-18,0.0,2013,8,18,2,23,0.0,0.0,0.0,0.0,6.000000000000028
2013-08-19,46.0,2013,8,19,2,23,46.0,46.0,46.0,46.0,52.00000000000003
2013-08-20,34.0,2013,8,20,2,23,34.0,80.0,80.0,80.0,86.00000000000003
2013-08-21,0.0,2013,8,21,3,24,0.0,80.0,80.0,80.0,80.00000000000003
2013-08-22,0.0,2013,8,22,3,24,0.0,34.0,80.0,80.0,80.00000000000003
2013-08-23,0.0,2013,8,23,3,24,0.0,0.0,80.0,80.0,80.00000000000003
2013-08-24,0.0,2013,8,24,3,24,0.0,0.0,34.0,80.0,80.00000000000003
2013-08-25,0.0,2013,8,25,3,24,0.0,0.0,0.0,80.0,80.00000000000003
2013-08-26,0.0,2013,8,26,3,24,0.0,0.0,0.0,34.0,80.00000000000003
2013-08-27,0.0,2013,8,27,3,24,0.0,0.0,0.0,0.0,80.00000000000003
2013-08-28,0.0,2013,8,28,3,24,0.0,0.0,0.0,0.0,80.00000000000003
2013-08-29,0.0,2013,8,29,3,24,0.0,0.0,0.0,0.0,34.00000000000003
2013-08-30,0.0,2013,8,30,3,24,0.0,0.0,0.0,0.0,0.0
2013-08-31,0.0,2013,8,31,3,24,0.0,0.0,0.0,0.0,0.0
2013-09-01,0.0,2013,9,1,1,25,0.0,0.0,0.0,0.0,0.0
2013-09-02,0.0,2013,9,2,1,25,0.0,0.0,0.0,0.0,0.0
2013-09-03,0.0,2013,9,3,1,25,0.0,0.0,0.0,0.0,0.0
2013-09-04,9.0,2013,9,4,1,25,9.0,9.0,9.0,9.0,9.000000000000028
2013-09-05,6.0,2013,9,5,1,25,6.0,15.0,15.0,15.0,15.000000000000028
2013-09-06,1.0,2013,9,6,1,25,1.0,16.0,16.0,16.0,16.00000000000003
2013-09-07,0.0,2013,9,7,1,25,0.0,7.0,16.0,16.0,16.00000000000003
2013-09-08,0.0,2013,9,8,1,25,0.0,1.0,16.0,16.0,16.00000000000003
2013-09-09,0.0,2013,9,9,1,25,0.0,0.0,7.0,16.0,16.00000000000003
2013-09-10,0.0,2013,9,10,1,25,0.0,0.0,1.0,16.0,16.00000000000003
2013-09-11,1.0,2013,9,11,2,26,1.0,1.0,1.0,8.0,17.00000000000003
2013-09-12,0.0,2013,9,12,2,26,0.0,1.0,1.0,2.0,17.00000000000003
2013-09-13,0.0,2013,9,13,2,26,0.0,1.0,1.0,1.0,17.00000000000003
2013-09-14,0.0,2013,9,14,2,26,0.0,0.0,1.0,1.0,8.000000000000028
2013-09-15,0.0,2013,9,15,2,26,0.0,0.0,1.0,1.0,2.0000000000000284
2013-09-16,1.0,2013,9,16,2,26,1.0,1.0,1.0,2.0,2.0000000000000284
2013-09-17,1.0,2013,9,17,2,26,1.0,2.0,2.0,3.0,3.0000000000000284
2013-09-18,0.0,2013,9,18,2,26,0.0,2.0,2.0,2.0,3.0000000000000284
2013-09-19,9.0,2013,9,19,2,26,9.0,10.0,11.0,11.0,12.000000000000028
2013-09-20,0.0,2013,9,20,2,26,0.0,9.0,11.0,11.0,12.000000000000028
2013-09-21,0.0,2013,9,21,3,27,0.0,9.0,10.0,11.0,11.000000000000028
2013-09-22,0.0,2013,9,22,3,27,0.0,0.0,9.0,11.0,11.000000000000028
2013-09-23,0.0,2013,9,23,3,27,0.0,0.0,9.0,10.0,11.000000000000028
2013-09-24,0.0,2013,9,24,3,27,0.0,0.0,0.0,9.0,11.000000000000028
2013-09-25,0.0,2013,9,25,3,27,0.0,0.0,0.0,9.0,11.000000000000028
2013-09-26,0.0,2013,9,26,3,27,0.0,0.0,0.0,0.0,10.000000000000028
2013-09-27,0.0,2013,9,27,3,27,0.0,0.0,0.0,0.0,9.000000000000028
2013-09-28,0.0,2013,9,28,3,27,0.0,0.0,0.0,0.0,9.000000000000028
2013-09-29,0.0,2013,9,29,3,27,0.0,0.0,0.0,0.0,0.0
2013-09-30,7.0,2013,9,30,3,27,7.0,7.0,7.0,7.0,7.000000000000028
2013-10-01,0.0,2013,10,1,1,28,0.0,7.0,7.0,7.0,7.000000000000028
2013-10-02,0.0,2013,10,2,1,28,0.0,7.0,7.0,7.0,7.000000000000028
2013-10-03,0.0,2013,10,3,1,28,0.0,0.0,7.0,7.0,7.000000000000028
2013-10-04,0.0,2013,10,4,1,28,0.0,0.0,7.0,7.0,7.000000000000028
2013-10-05,0.0,2013,10,5,1,28,0.0,0.0,0.0,7.0,7.000000000000028
2013-10-06,30.2,2013,10,6,1,28,30.2,30.2,30.2,37.2,37.20000000000003
2013-10-07,0.0,2013,10,7,1,28,0.0,30.2,30.2,30.2,37.20000000000003
2013-10-08,38.5,2013,10,8,1,28,38.5,68.7,68.7,68.7,75.70000000000003
2013-10-09,0.0,2013,10,9,1,28,0.0,38.5,68.7,68.7,75.70000000000003
2013-10-10,1.7,2013,10,10,1,28,1.7,40.2,70.4,70.4,70.40000000000003
2013-10-11,0.0,2013,10,11,2,29,0.0,1.7,40.2,70.4,70.40000000000003
2013-10-12,0.0,2013,10,12,2,29,0.0,1.7,40.2,70.4,70.40000000000003
2013-10-13,0.0,2013,10,13,2,29,0.0,0.0,1.7,40.2,70.40000000000003
2013-10-14,0.0,2013,10,14,2,29,0.0,0.0,1.7,40.2,70.40000000000003
2013-10-15,0.0,2013,10,15,2,29,0.0,0.0,0.0,1.7,70.40000000000003
2013-10-16,0.0,2013,10,16,2,29,0.0,0.0,0.0,1.7,40.20000000000003
2013-10-17,0.0,2013,10,17,2,29,0.0,0.0,0.0,0.0,40.20000000000003
2013-10-18,0.0,2013,10,18,2,29,0.0,0.0,0.0,0.0,1.7000000000000284
2013-10-19,0.8,2013,10,19,2,29,0.8,0.8,0.8,0.8,2.5000000000000284
2013-10-20,3.7,2013,10,20,2,29,3.7,4.5,4.5,4.5,4.500000000000028
2013-10-21,0.0,2013,10,21,3,30,0.0,4.5,4.5,4.5,4.500000000000028
2013-10-22,0.0,2013,10,22,3,30,0.0,3.7,4.5,4.5,4.500000000000028
2013-10-23,0.0,2013,10,23,3,30,0.0,0.0,4.5,4.5,4.500000000000028
2013-10-24,2.8,2013,10,24,3,30,2.8,2.8,6.5,7.3,7.300000000000028
2013-10-25,0.0,2013,10,25,3,30,0.0,2.8,2.8,7.3,7.300000000000028
2013-10-26,0.0,2013,10,26,3,30,0.0,2.8,2.8,6.5,7.300000000000028
2013-10-27,0.0,2013,10,27,3,30,0.0,0.0,2.8,2.8,7.300000000000028
2013-10-28,2.8,2013,10,28,3,30,2.8,2.8,5.6,5.6,10.100000000000028
2013-10-29,3.0,2013,10,29,3,30,3.0,5.8,5.8,8.6,12.300000000000027
2013-10-30,0.0,2013,10,30,3,30,0.0,5.8,5.8,8.6,8.600000000000028
2013-10-31,0.0,2013,10,31,3,30,0.0,3.0,5.8,5.8,8.600000000000028
2013-11-01,0.0,2013,11,1,1,31,0.0,0.0,5.8,5.8,8.600000000000028
2013-11-02,0.0,2013,11,2,1,31,0.0,0.0,3.0,5.8,8.600000000000028
2013-11-03,0.0,2013,11,3,1,31,0.0,0.0,0.0,5.8,5.800000000000028
2013-11-04,0.0,2013,11,4,1,31,0.0,0.0,0.0,3.0,5.800000000000028
2013-11-05,0.0,2013,11,5,1,31,0.0,0.0,0.0,0.0,5.800000000000028
2013-11-06,18.0,2013,11,6,1,31,18.0,18.0,18.0,18.0,23.80000000000003
2013-11-07,1.0,2013,11,7,1,31,1.0,19.0,19.0,19.0,22.00000000000003
2013-11-08,0.0,2013,11,8,1,31,0.0,19.0,19.0,19.0,19.00000000000003
2013-11-09,8.0,2013,11,9,1,31,8.0,9.0,27.0,27.0,27.00000000000003
2013-11-10,1.0,2013,11,10,1,31,1.0,9.0,28.0,28.0,28.00000000000003
2013-11-11,0.0,2013,11,11,2,32,0.0,9.0,10.0,28.0,28.00000000000003
2013-11-12,2.0,2013,11,12,2,32,2.0,3.0,11.0,30.0,30.00000000000003
2013-11-13,84.0,2013,11,13,2,32,84.0,86.0,95.0,96.0,114.00000000000003
2013-11-14,0.0,2013,11,14,2,32,0.0,86.0,87.0,95.0,114.00000000000003
2013-11-15,3.0,2013,11,15,2,32,3.0,87.0,89.0,98.0,117.00000000000003
2013-11-16,4.0,2013,11,16,2,32,4.0,7.0,93.0,94.0,103.00000000000003
2013-11-17,21.0,2013,11,17,2,32,21.0,28.0,112.0,114.0,123.00000000000003
2013-11-18,1.0,2013,11,18,2,32,1.0,26.0,29.0,115.0,124.00000000000003
2013-11-19,0.0,2013,11,19,2,32,0.0,22.0,29.0,113.0,116.00000000000003
2013-11-20,0.0,2013,11,20,2,32,0.0,1.0,26.0,29.0,115.00000000000003
2013-11-21,0.0,2013,11,21,3,33,0.0,0.0,22.0,29.0,115.00000000000003
2013-11-22,0.0,2013,11,22,3,33,0.0,0.0,1.0,26.0,113.00000000000003
2013-11-23,0.0,2013,11,23,3,33,0.0,0.0,0.0,22.0,29.00000000000003
2013-11-24,0.0,2013,11,24,3,33,0.0,0.0,0.0,1.0,29.00000000000003
2013-11-25,0.0,2013,11,25,3,33,0.0,0.0,0.0,0.0,26.00000000000003
2013-11-26,0.0,2013,11,26,3,33,0.0,0.0,0.0,0.0,22.00000000000003
2013-11-27,6.0,2013,11,27,3,33,6.0,6.0,6.0,6.0,7.000000000000028
2013-11-28,0.0,2013,11,28,3,33,0.0,6.0,6.0,6.0,6.000000000000028
2013-11-29,0.0,2013,11,29,3,33,0.0,6.0,6.0,6.0,6.000000000000028
2013-11-30,0.0,2013,11,30,3,33,0.0,0.0,6.0,6.0,6.000000000000028
2013-12-01,0.0,2013,12,1,1,34,0.0,0.0,6.0,6.0,6.000000000000028
2013-12-02,63.0,2013,12,2,1,34,63.0,63.0,63.0,69.0,69.00000000000003
2013-12-03,2.0,2013,12,3,1,34,2.0,65.0,65.0,71.0,71.00000000000003
2013-12-04,1.0,2013,12,4,1,34,1.0,66.0,66.0,66.0,72.00000000000003
2013-12-05,0.0,2013,12,5,1,34,0.0,3.0,66.0,66.0,72.00000000000003
2013-12-06,15.0,2013,12,6,1,34,15.0,16.0,81.0,81.0,87.00000000000003
2013-12-07,3.0,2013,12,7,1,34,3.0,18.0,21.0,84.0,84.00000000000003
2013-12-08,0.0,2013,12,8,1,34,0.0,18.0,19.0,84.0,84.00000000000003
2013-12-09,4.0,2013,12,9,1,34,4.0,7.0,22.0,25.0,88.00000000000003
2013-12-10,0.0,2013,12,10,1,34,0.0,4.0,22.0,23.0,88.00000000000003
2013-12-11,0.0,2013,12,11,2,35,0.0,4.0,7.0,22.0,88.00000000000003
2013-12-12,0.0,2013,12,12,2,35,0.0,0.0,4.0,22.0,25.00000000000003
2013-12-13,0.0,2013,12,13,2,35,0.0,0.0,4.0,7.0,23.00000000000003
2013-12-14,70.0,2013,12,14,2,35,70.0,70.0,70.0,74.0,92.00000000000003
2013-12-15,6.0,2013,12,15,2,35,6.0,76.0,76.0,80.0,98.00000000000003
2013-12-16,8.0,2013,12,16,2,35,8.0,84.0,84.0,84.0,91.00000000000003
2013-12-17,80.0,2013,12,17,2,35,80.0,94.0,164.0,164.0,168.00000000000003
2013-12-18,0.0,2013,12,18,2,35,0.0,88.0,164.0,164.0,168.00000000000003
2013-12-19,6.0,2013,12,19,2,35,6.0,86.0,100.0,170.0,170.00000000000003
2013-12-20,0.0,2013,12,20,2,35,0.0,6.0,94.0,170.0,170.00000000000003
2013-12-21,5.0,2013,12,21,3,36,5.0,11.0,91.0,105.0,175.00000000000003
2013-12-22,31.0,2013,12,22,3,36,31.0,36.0,42.0,130.0,206.00000000000003
2013-12-23,13.0,2013,12,23,3,36,13.0,49.0,55.0,135.0,219.00000000000003
2013-12-24,5.0,2013,12,24,3,36,5.0,49.0,54.0,60.0,154.00000000000003
2013-12-25,6.0,2013,12,25,3,36,6.0,24.0,60.0,66.0,154.00000000000003
2013-12-26,0.0,2013,12,26,3,36,0.0,11.0,55.0,60.0,146.00000000000003
2013-12-27,0.0,2013,12,27,3,36,0.0,6.0,24.0,60.0,66.00000000000003
2013-12-28,0.0,2013,12,28,3,36,0.0,0.0,11.0,55.0,66.00000000000003
2013-12-29,0.0,2013,12,29,3,36,0.0,0.0,6.0,24.0,60.00000000000003
2013-12-30,2.0,2013,12,30,3,36,2.0,2.0,2.0,13.0,62.00000000000003
2013-12-31,61.0,2013,12,31,3,36,61.0,63.0,63.0,69.0,118.00000000000003
2014-01-01,31.3,2014,1,1,1,1,31.3,94.3,94.3,94.3,118.30000000000003
2014-01-02,0.0,2014,1,2,1,1,0.0,92.3,94.3,94.3,105.30000000000003
2014-01-03,0.0,2014,1,3,1,1,0.0,31.3,94.3,94.3,100.30000000000003
2014-01-04,0.0,2014,1,4,1,1,0.0,0.0,92.3,94.3,94.30000000000003
2014-01-05,17.0,2014,1,5,1,1,17.0,17.0,48.3,111.3,111.30000000000003
2014-01-06,13.0,2014,1,6,1,1,13.0,30.0,30.0,122.3,124.30000000000003
2014-01-07,11.0,2014,1,7,1,1,11.0,41.0,41.0,72.3,135.30000000000004
2014-01-08,40.0,2014,1,8,1,1,40.0,64.0,81.0,81.0,175.3
2014-01-09,6.0,2014,1,9,1,1,6.0,57.0,87.0,87.0,179.3
2014-01-10,0.0,2014,1,10,1,1,0.0,46.0,70.0,87.0,118.30000000000003
2014-01-11,0.0,2014,1,11,2,2,0.0,6.0,57.0,87.0,87.00000000000003
2014-01-12,27.0,2014,1,12,2,2,27.0,27.0,73.0,97.0,114.00000000000003
2014-01-13,20.0,2014,1,13,2,2,20.0,47.0,53.0,104.0,134.00000000000003
2014-01-14,22.0,2014,1,14,2,2,22.0,69.0,69.0,115.0,156.00000000000003
2014-01-15,42.0,2014,1,15,2,2,42.0,84.0,111.0,117.0,181.00000000000003
2014-01-16,14.0,2014,1,16,2,2,14.0,78.0,125.0,125.0,182.00000000000003
2014-01-17,17.0,2014,1,17,2,2,17.0,73.0,115.0,142.0,188.00000000000003
2014-01-18,5.0,2014,1,18,2,2,5.0,36.0,100.0,147.0,153.00000000000003
2014-01-19,7.0,2014,1,19,2,2,7.0,29.0,85.0,127.0,154.00000000000003
2014-01-20,1.0,2014,1,20,2,2,1.0,13.0,44.0,108.0,155.00000000000003
2014-01-21,44.0,2014,1,21,3,3,44.0,52.0,74.0,130.0,199.00000000000003
2014-01-22,27.0,2014,1,22,3,3,27.0,72.0,84.0,115.0,199.00000000000003
2014-01-23,0.0,2014,1,23,3,3,0.0,71.0,79.0,101.0,179.00000000000003
2014-01-24,2.0,2014,1,24,3,3,2.0,29.0,74.0,86.0,159.00000000000003
2014-01-25,16.0,2014,1,25,3,3,16.0,18.0,89.0,97.0,133.00000000000003
2014-01-26,0.0,2014,1,26,3,3,0.0,18.0,45.0,90.0,119.00000000000003
2014-01-27,0.0,2014,1,27,3,3,0.0,16.0,18.0,89.0,102.00000000000003
2014-01-28,13.0,2014,1,28,3,3,13.0,13.0,31.0,58.0,110.00000000000003
2014-01-29,1.0,2014,1,29,3,3,1.0,14.0,30.0,32.0,104.00000000000003
2014-01-30,0.0,2014,1,30,3,3,0.0,14.0,14.0,32.0,103.00000000000003
2014-01-31,0.0,2014,1,31,3,3,0.0,1.0,14.0,30.0,59.00000000000003
2014-02-01,0.0,2014,2,1,1,4,0.0,0.0,14.0,14.0,32.00000000000003
2014-02-02,9.0,2014,2,2,1,4,9.0,9.0,10.0,23.0,41.00000000000003
2014-02-03,7.0,2014,2,3,1,4,7.0,16.0,16.0,30.0,46.00000000000003
2014-02-04,9.6,2014,2,4,1,4,9.6,25.6,25.6,26.6,39.60000000000003
2014-02-05,0.0,2014,2,5,1,4,0.0,16.6,25.6,25.6,39.60000000000003
2014-02-06,10.3,2014,2,6,1,4,10.3,19.9,35.9,35.9,49.90000000000003
2014-02-07,1.2,2014,2,7,1,4,1.2,11.5,28.1,37.1,38.10000000000003
2014-02-08,10.9,2014,2,8,1,4,10.9,22.4,32.0,48.0,48.00000000000003
2014-02-09,37.5,2014,2,9,1,4,37.5,49.599999999999994,59.9,76.5,85.50000000000003
2014-02-10,3.5,2014,2,10,1,4,3.5,51.89999999999999,63.4,73.0,89.00000000000003
2014-02-11,8.0,2014,2,11,2,5,8.0,48.99999999999999,61.1,71.4,97.00000000000003
2014-02-12,0.0,2014,2,12,2,5,0.0,11.499999999999993,59.9,71.4,88.00000000000003
2014-02-13,0.0,2014,2,13,2,5,0.0,7.999999999999993,49.0,61.1,81.00000000000003
2014-02-14,6.3,2014,2,14,2,5,6.3,6.299999999999993,17.8,66.2,77.70000000000003
2014-02-15,29.0,2014,2,15,2,5,29.0,35.29999999999999,43.3,84.3,106.70000000000003
2014-02-16,1.1,2014,2,16,2,5,1.1,36.39999999999999,36.4,47.9,97.50000000000003
2014-02-17,0.0,2014,2,17,2,5,0.0,30.099999999999994,36.4,44.4,96.30000000000004
2014-02-18,5.3,2014,2,18,2,5,5.3,6.399999999999993,41.7,41.7,90.70000000000003
2014-02-19,0.0,2014,2,19,2,5,0.0,5.299999999999994,35.400000000000006,41.7,53.20000000000003
2014-02-20,0.0,2014,2,20,2,5,0.0,5.299999999999994,6.4,41.7,49.70000000000003
2014-02-21,0.0,2014,2,21,3,6,0.0,0.0,5.300000000000001,35.400000000000006,41.70000000000003
2014-02-22,18.5,2014,2,22,3,6,18.5,18.499999999999993,23.8,24.900000000000002,60.20000000000003
2014-02-23,3.0,2014,2,23,3,6,3.0,21.499999999999993,21.5,26.8,63.20000000000003
2014-02-24,3.0,2014,2,24,3,6,3.0,24.499999999999993,24.5,29.8,59.900000000000034
2014-02-25,10.5,2014,2,25,3,6,10.5,16.499999999999993,35.0,35.0,41.400000000000034
2014-02-26,27.2,2014,2,26,3,6,27.2,40.69999999999999,62.2,62.2,67.50000000000003
2014-02-27,11.1,2014,2,27,3,6,11.1,48.79999999999999,54.8,73.3,78.60000000000002
2014-02-28,0.0,2014,2,28,3,6,0.0,38.29999999999999,51.8,73.3,73.30000000000003
2014-03-01,0.3,2014,3,1,1,7,0.3,11.399999999999993,49.1,55.1,73.60000000000004
2014-03-02,2.1,2014,3,2,1,7,2.1,2.399999999999993,40.699999999999996,54.199999999999996,75.70000000000003
2014-03-03,0.0,2014,3,3,1,7,0.0,2.399999999999993,13.5,51.199999999999996,75.70000000000003
2014-03-04,0.0,2014,3,4,1,7,0.0,2.099999999999993,2.4,40.699999999999996,57.20000000000003
2014-03-05,1.5,2014,3,5,1,7,1.5,1.499999999999993,3.9,15.0,55.70000000000003
2014-03-06,6.0,2014,3,6,1,7,6.0,7.499999999999993,9.6,9.9,58.70000000000003
2014-03-07,1.6,2014,3,7,1,7,1.6,9.099999999999993,9.1,11.5,49.80000000000003
2014-03-08,0.0,2014,3,8,1,7,0.0,7.5999999999999925,9.1,11.2,22.600000000000033
2014-03-09,0.0,2014,3,9,1,7,0.0,1.599999999999993,9.1,9.1,11.500000000000032
2014-03-10,2.5,2014,3,10,1,7,2.5,2.499999999999993,10.1,11.6,14.000000000000032
2014-03-11,8.6,2014,3,11,2,8,8.6,11.099999999999993,12.7,20.2,22.300000000000033
2014-03-12,48.1,2014,3,12,2,8,48.1,59.199999999999996,59.2,66.8,68.30000000000004
2014-03-13,1.5,2014,3,13,2,8,1.5,58.199999999999996,60.7,62.300000000000004,69.80000000000004
2014-03-14,5.0,2014,3,14,2,8,5.0,54.599999999999994,65.7,65.7,74.80000000000004
2014-03-15,6.1,2014,3,15,2,8,6.1,12.599999999999993,69.3,71.8,79.40000000000003
2014-03-16,0.0,2014,3,16,2,8,0.0,11.099999999999993,60.7,71.8,73.40000000000003
2014-03-17,0.0,2014,3,17,2,8,0.0,6.0999999999999925,12.6,69.3,71.80000000000003
2014-03-18,0.0,2014,3,18,2,8,0.0,0.0,11.1,60.70000000000001,71.80000000000003
2014-03-19,0.0,2014,3,19,2,8,0.0,0.0,6.1,12.6,71.80000000000003
2014-03-20,0.0,2014,3,20,2,8,0.0,0.0,0.0,11.1,69.30000000000003
2014-03-21,0.3,2014,3,21,3,9,0.3,0.2999999999999929,0.3,6.3999999999999995,61.00000000000003
2014-03-22,0.2,2014,3,22,3,9,0.2,0.4999999999999929,0.5,0.5,13.100000000000028
2014-03-23,4.1,2014,3,23,3,9,4.1,4.5999999999999925,4.6,4.6,15.700000000000028
2014-03-24,0.1,2014,3,24,3,9,0.1,4.399999999999992,4.699999999999999,4.699999999999999,10.800000000000027
2014-03-25,0.0,2014,3,25,3,9,0.0,4.199999999999992,4.699999999999999,4.699999999999999,4.700000000000028
2014-03-26,14.6,2014,3,26,3,9,14.6,14.699999999999992,19.0,19.299999999999997,19.300000000000026
2014-03-27,0.0,2014,3,27,3,9,0.0,14.599999999999993,18.799999999999997,19.299999999999997,19.300000000000026
2014-03-28,0.0,2014,3,28,3,9,0.0,14.599999999999993,14.699999999999998,19.0,19.300000000000026
2014-03-29,0.0,2014,3,29,3,9,0.0,0.0,14.599999999999998,18.799999999999997,19.300000000000026
2014-03-30,0.0,2014,3,30,3,9,0.0,0.0,14.599999999999998,14.7,19.300000000000026
2014-03-31,0.0,2014,3,31,3,9,0.0,0.0,0.0,14.6,19.00000000000003
2014-04-01,0.0,2014,4,1,1,10,0.0,0.0,0.0,14.6,18.800000000000026
2014-04-02,0.0,2014,4,2,1,10,0.0,0.0,0.0,0.0,14.700000000000028
2014-04-03,0.0,2014,4,3,1,10,0.0,0.0,0.0,0.0,14.600000000000028
2014-04-04,0.0,2014,4,4,1,10,0.0,0.0,0.0,0.0,14.600000000000028
2014-04-05,0.0,2014,4,5,1,10,0.0,0.0,0.0,0.0,0.0
2014-04-06,0.0,2014,4,6,1,10,0.0,0.0,0.0,0.0,0.0
2014-04-07,5.3,2014,4,7,1,10,5.3,5.299999999999993,5.299999999999998,5.3,5.300000000000028
2014-04-08,11.3,2014,4,8,1,10,11.3,16.599999999999994,16.599999999999998,16.6,16.60000000000003
2014-04-09,0.0,2014,4,9,1,10,0.0,16.599999999999994,16.599999999999998,16.6,16.60000000000003
2014-04-10,0.0,2014,4,10,1,10,0.0,11.299999999999994,16.599999999999998,16.6,16.60000000000003
2014-04-11,0.0,2014,4,11,2,11,0.0,0.0,16.599999999999998,16.6,16.60000000000003
2014-04-12,2.7,2014,4,12,2,11,2.7,2.699999999999993,13.999999999999996,19.3,19.30000000000003
2014-04-13,0.0,2014,4,13,2,11,0.0,2.699999999999993,2.6999999999999966,19.3,19.30000000000003
2014-04-14,1.8,2014,4,14,2,11,1.8,4.499999999999993,4.4999999999999964,15.8,21.10000000000003
2014-04-15,0.2,2014,4,15,2,11,0.2,1.999999999999993,4.699999999999997,4.7,21.30000000000003
2014-04-16,0.0,2014,4,16,2,11,0.0,1.999999999999993,4.699999999999997,4.7,21.30000000000003
2014-04-17,0.0,2014,4,17,2,11,0.0,0.1999999999999929,1.9999999999999964,4.7,16.00000000000003
2014-04-18,0.0,2014,4,18,2,11,0.0,0.0,1.9999999999999964,4.7,4.700000000000029
2014-04-19,0.0,2014,4,19,2,11,0.0,0.0,0.19999999999999646,2.0,4.700000000000029
2014-04-20,0.0,2014,4,20,2,11,0.0,0.0,0.0,2.0,4.700000000000029
2014-04-21,0.0,2014,4,21,3,12,0.0,0.0,0.0,0.2,4.700000000000029
2014-04-22,0.0,2014,4,22,3,12,0.0,0.0,0.0,0.0,2.0000000000000284
2014-04-23,0.0,2014,4,23,3,12,0.0,0.0,0.0,0.0,2.0000000000000284
2014-04-24,0.0,2014,4,24,3,12,0.0,0.0,0.0,0.0,0.20000000000002843
2014-04-25,0.0,2014,4,25,3,12,0.0,0.0,0.0,0.0,0.0
2014-04-26,0.0,2014,4,26,3,12,0.0,0.0,0.0,0.0,0.0
2014-04-27,35.8,2014,4,27,3,12,35.8,35.79999999999999,35.8,35.8,35.800000000000026
2014-04-28,12.8,2014,4,28,3,12,12.8,48.599999999999994,48.599999999999994,48.599999999999994,48.60000000000002
2014-04-29,0.0,2014,4,29,3,12,0.0,48.599999999999994,48.599999999999994,48.599999999999994,48.60000000000002
2014-04-30,2.0,2014,4,30,3,12,2.0,14.799999999999994,50.599999999999994,50.599999999999994,50.60000000000002
2014-05-01,0.4,2014,5,1,1,13,0.4,2.399999999999993,51.0,51.0,51.00000000000003
2014-05-02,0.0,2014,5,2,1,13,0.0,2.399999999999993,15.200000000000001,51.0,51.00000000000003
2014-05-03,0.1,2014,5,3,1,13,0.1,0.4999999999999929,2.5,51.1,51.10000000000003
2014-05-04,0.0,2014,5,4,1,13,0.0,0.0999999999999929,2.5,15.3,51.10000000000003
2014-05-05,0.0,2014,5,5,1,13,0.0,0.0999999999999929,0.5,2.5,51.10000000000003
2014-05-06,0.0,2014,5,6,1,13,0.0,0.0,0.1,2.5,51.10000000000003
2014-05-07,0.4,2014,5,7,1,13,0.4,0.3999999999999929,0.5,0.9,15.70000000000003
2014-05-08,0.0,2014,5,8,1,13,0.0,0.3999999999999929,0.4,0.5,2.9000000000000283
2014-05-09,0.0,2014,5,9,1,13,0.0,0.3999999999999929,0.4,0.5,2.9000000000000283
2014-05-10,0.0,2014,5,10,1,13,0.0,0.0,0.4,0.4,0.9000000000000284
2014-05-11,0.0,2014,5,11,2,14,0.0,0.0,0.4,0.4,0.5000000000000284
2014-05-12,4.1,2014,5,12,2,14,4.1,4.0999999999999925,4.1,4.5,4.600000000000028
2014-05-13,11.4,2014,5,13,2,14,11.4,15.499999999999993,15.5,15.9,15.900000000000029
2014-05-14,4.5,2014,5,14,2,14,4.5,19.999999999999993,20.0,20.0,20.400000000000027
2014-05-15,0.0,2014,5,15,2,14,0.0,15.899999999999993,20.0,20.0,20.400000000000027
2014-05-16,0.0,2014,5,16,2,14,0.0,4.499999999999993,20.0,20.0,20.400000000000027
2014-05-17,4.8,2014,5,17,2,14,4.8,4.799999999999993,20.7,24.8,24.80000000000003
2014-05-18,1.0,2014,5,18,2,14,1.0,5.799999999999993,10.3,25.8,25.800000000000026
2014-05-19,1.0,2014,5,19,2,14,1.0,6.799999999999993,6.8,22.700000000000003,26.800000000000026
2014-05-20,0.7,2014,5,20,2,14,0.7,2.699999999999993,7.5,12.0,27.500000000000025
2014-05-21,0.0,2014,5,21,3,15,0.0,1.6999999999999929,7.5,7.5,27.50000000000003
2014-05-22,0.0,2014,5,22,3,15,0.0,0.6999999999999929,2.7,7.5,23.400000000000027
2014-05-23,4.1,2014,5,23,3,15,4.1,4.0999999999999925,5.8,11.6,16.10000000000003
2014-05-24,0.0,2014,5,24,3,15,0.0,4.0999999999999925,4.8,6.8,11.600000000000028
2014-05-25,0.0,2014,5,25,3,15,0.0,4.0999999999999925,4.1,5.8,11.600000000000028
2014-05-26,9.0,2014,5,26,3,15,9.0,8.999999999999993,13.1,13.8,20.60000000000003
2014-05-27,48.6,2014,5,27,3,15,48.6,57.599999999999994,61.7,61.7,64.40000000000003
2014-05-28,20.9,2014,5,28,3,15,20.9,78.5,78.5,82.6,84.30000000000003
2014-05-29,1.8,2014,5,29,3,15,1.8,71.3,80.3,84.4,85.10000000000002
2014-05-30,0.0,2014,5,30,3,15,0.0,22.699999999999992,80.3,80.30000000000001,84.40000000000002
2014-05-31,0.3,2014,5,31,3,15,0.3,2.099999999999993,71.6,80.60000000000001,84.70000000000002
2014-06-01,0.0,2014,6,1,1,16,0.0,0.2999999999999929,23.0,80.60000000000001,84.70000000000002
2014-06-02,0.0,2014,6,2,1,16,0.0,0.2999999999999929,2.1,71.6,80.60000000000002
2014-06-03,0.0,2014,6,3,1,16,0.0,0.0,0.3,23.0,80.60000000000002
2014-06-04,0.0,2014,6,4,1,16,0.0,0.0,0.3,2.1,80.60000000000002
2014-06-05,0.0,2014,6,5,1,16,0.0,0.0,0.0,0.3,71.60000000000002
2014-06-06,3.9,2014,6,6,1,16,3.9,3.899999999999993,3.9,4.2,26.900000000000027
2014-06-07,0.0,2014,6,7,1,16,0.0,3.899999999999993,3.9,3.9,6.000000000000028
2014-06-08,0.0,2014,6,8,1,16,0.0,3.899999999999993,3.9,3.9,4.200000000000029
2014-06-09,0.0,2014,6,9,1,16,0.0,0.0,3.9,3.9,4.200000000000029
2014-06-10,0.0,2014,6,10,1,16,0.0,0.0,3.9,3.9,3.9000000000000283
2014-06-11,1.5,2014,6,11,2,17,1.5,1.499999999999993,1.5,5.4,5.400000000000029
2014-06-12,0.0,2014,6,12,2,17,0.0,1.499999999999993,1.5,5.4,5.400000000000029
2014-06-13,24.6,2014,6,13,2,17,24.6,26.099999999999994,26.1,26.1,30.00000000000003
2014-06-14,0.0,2014,6,14,2,17,0.0,24.599999999999994,26.1,26.1,30.00000000000003
2014-06-15,0.4,2014,6,15,2,17,0.4,24.999999999999993,26.5,26.5,30.400000000000027
2014-06-16,6.5,2014,6,16,2,17,6.5,6.899999999999993,31.5,33.0,33.00000000000003
2014-06-17,0.0,2014,6,17,2,17,0.0,6.899999999999993,31.5,33.0,33.00000000000003
2014-06-18,0.0,2014,6,18,2,17,0.0,6.499999999999993,6.9,31.5,33.00000000000003
2014-06-19,0.0,2014,6,19,2,17,0.0,0.0,6.9,31.5,33.00000000000003
2014-06-20,0.0,2014,6,20,2,17,0.0,0.0,6.5,6.9,33.00000000000003
2014-06-21,0.0,2014,6,21,3,18,0.0,0.0,0.0,6.9,31.50000000000003
2014-06-22,1.5,2014,6,22,3,18,1.5,1.499999999999993,1.5,8.0,33.00000000000003
2014-06-23,0.0,2014,6,23,3,18,0.0,1.499999999999993,1.5,1.5,8.400000000000029
2014-06-24,2.3,2014,6,24,3,18,2.3,3.7999999999999927,3.8,3.8,10.700000000000028
2014-06-25,1.0,2014,6,25,3,18,1.0,3.2999999999999927,4.8,4.8,11.30000000000003
2014-06-26,22.0,2014,6,26,3,18,22.0,25.299999999999994,26.8,26.8,26.80000000000003
2014-06-27,0.0,2014,6,27,3,18,0.0,22.999999999999993,25.3,26.8,26.80000000000003
2014-06-28,0.0,2014,6,28,3,18,0.0,21.999999999999993,25.3,26.8,26.80000000000003
2014-06-29,0.0,2014,6,29,3,18,0.0,0.0,23.0,25.3,26.80000000000003
2014-06-30,1.0,2014,6,30,3,18,1.0,0.9999999999999929,23.0,26.3,27.80000000000003
2014-07-01,0.0,2014,7,1,1,19,0.0,0.9999999999999929,1.0,24.0,27.80000000000003
2014-07-02,0.0,2014,7,2,1,19,0.0,0.9999999999999929,1.0,23.0,26.30000000000003
2014-07-03,0.0,2014,7,3,1,19,0.0,0.0,1.0,1.0,26.30000000000003
2014-07-04,0.0,2014,7,4,1,19,0.0,0.0,1.0,1.0,24.00000000000003
2014-07-05,0.0,2014,7,5,1,19,0.0,0.0,0.0,1.0,23.00000000000003
2014-07-06,45.3,2014,7,6,1,19,45.3,45.29999999999999,45.3,46.3,46.300000000000026
2014-07-07,4.0,2014,7,7,1,19,4.0,49.29999999999999,49.3,49.3,50.300000000000026
2014-07-08,0.0,2014,7,8,1,19,0.0,49.29999999999999,49.3,49.3,50.300000000000026
2014-07-09,16.0,2014,7,9,1,19,16.0,19.999999999999993,65.3,65.3,66.30000000000003
2014-07-10,0.0,2014,7,10,1,19,0.0,15.999999999999993,65.3,65.3,65.30000000000003
2014-07-11,30.3,2014,7,11,2,20,30.3,46.3,50.3,95.6,95.60000000000002
2014-07-12,0.0,2014,7,12,2,20,0.0,30.299999999999994,46.3,95.6,95.60000000000002
2014-07-13,0.0,2014,7,13,2,20,0.0,30.299999999999994,46.3,50.3,95.60000000000002
2014-07-14,8.0,2014,7,14,2,20,8.0,7.999999999999993,38.3,54.3,103.60000000000002
2014-07-15,61.0,2014,7,15,2,20,61.0,69.0,99.3,115.3,164.60000000000002
2014-07-16,0.0,2014,7,16,2,20,0.0,69.0,69.0,99.3,119.30000000000003
2014-07-17,8.0,2014,7,17,2,20,8.0,69.0,77.0,107.3,123.30000000000003
2014-07-18,32.0,2014,7,18,2,20,32.0,39.99999999999999,109.0,109.0,155.3
2014-07-19,0.0,2014,7,19,2,20,0.0,39.99999999999999,101.0,109.0,139.3
2014-07-20,0.0,2014,7,20,2,20,0.0,31.999999999999993,40.0,109.0,139.3
2014-07-21,9.8,2014,7,21,3,21,9.8,9.799999999999994,49.8,110.8,118.80000000000003
2014-07-22,1.2,2014,7,22,3,21,1.2,10.999999999999993,43.0,51.0,120.00000000000003
2014-07-23,13.1,2014,7,23,3,21,13.1,24.099999999999994,24.1,64.1,133.10000000000002
2014-07-24,0.0,2014,7,24,3,21,0.0,14.299999999999992,24.1,56.1,125.10000000000002
2014-07-25,0.0,2014,7,25,3,21,0.0,13.099999999999993,24.1,24.1,64.10000000000002
2014-07-26,0.0,2014,7,26,3,21,0.0,0.0,14.299999999999999,24.1,64.10000000000002
2014-07-27,0.0,2014,7,27,3,21,0.0,0.0,13.1,24.1,56.10000000000003
2014-07-28,0.1,2014,7,28,3,21,0.1,0.0999999999999929,0.1,14.399999999999999,24.200000000000028
2014-07-29,3.8,2014,7,29,3,21,3.8,3.899999999999993,3.9,17.0,28.00000000000003
2014-07-30,0.0,2014,7,30,3,21,0.0,3.899999999999993,3.9,3.9,28.00000000000003
2014-07-31,0.0,2014,7,31,3,21,0.0,3.7999999999999927,3.9,3.9,18.200000000000028
2014-08-01,0.0,2014,8,1,1,22,0.0,0.0,3.9,3.9,17.00000000000003
2014-08-02,0.0,2014,8,2,1,22,0.0,0.0,3.8,3.9,3.9000000000000283
2014-08-03,0.0,2014,8,3,1,22,0.0,0.0,0.0,3.9,3.9000000000000283
2014-08-04,0.0,2014,8,4,1,22,0.0,0.0,0.0,3.8,3.9000000000000283
2014-08-05,0.0,2014,8,5,1,22,0.0,0.0,0.0,0.0,3.9000000000000283
2014-08-06,0.0,2014,8,6,1,22,0.0,0.0,0.0,0.0,3.9000000000000283
2014-08-07,0.0,2014,8,7,1,22,0.0,0.0,0.0,0.0,3.8000000000000282
2014-08-08,0.0,2014,8,8,1,22,0.0,0.0,0.0,0.0,0.0
2014-08-09,0.0,2014,8,9,1,22,0.0,0.0,0.0,0.0,0.0
2014-08-10,0.0,2014,8,10,1,22,0.0,0.0,0.0,0.0,0.0
2014-08-11,0.0,2014,8,11,2,23,0.0,0.0,0.0,0.0,0.0
2014-08-12,0.0,2014,8,12,2,23,0.0,0.0,0.0,0.0,0.0
2014-08-13,9.2,2014,8,13,2,23,9.2,9.199999999999992,9.2,9.2,9.200000000000028
2014-08-14,0.0,2014,8,14,2,23,0.0,9.199999999999992,9.2,9.2,9.200000000000028
2014-08-15,0.4,2014,8,15,2,23,0.4,9.599999999999993,9.6,9.6,9.600000000000028
2014-08-16,0.0,2014,8,16,2,23,0.0,0.3999999999999929,9.6,9.6,9.600000000000028
2014-08-17,0.0,2014,8,17,2,23,0.0,0.3999999999999929,9.6,9.6,9.600000000000028
2014-08-18,0.0,2014,8,18,2,23,0.0,0.0,0.4,9.6,9.600000000000028
2014-08-19,0.0,2014,8,19,2,23,0.0,0.0,0.4,9.6,9.600000000000028
2014-08-20,0.0,2014,8,20,2,23,0.0,0.0,0.0,0.4,9.600000000000028
2014-08-21,0.0,2014,8,21,3,24,0.0,0.0,0.0,0.4,9.600000000000028
2014-08-22,0.0,2014,8,22,3,24,0.0,0.0,0.0,0.0,9.600000000000028
2014-08-23,0.0,2014,8,23,3,24,0.0,0.0,0.0,0.0,0.40000000000002844
2014-08-24,0.0,2014,8,24,3,24,0.0,0.0,0.0,0.0,0.40000000000002844
2014-08-25,0.0,2014,8,25,3,24,0.0,0.0,0.0,0.0,0.0
2014-08-26,0.0,2014,8,26,3,24,0.0,0.0,0.0,0.0,0.0
2014-08-27,0.0,2014,8,27,3,24,0.0,0.0,0.0,0.0,0.0
2014-08-28,0.0,2014,8,28,3,24,0.0,0.0,0.0,0.0,0.0
2014-08-29,0.0,2014,8,29,3,24,0.0,0.0,0.0,0.0,0.0
2014-08-30,0.0,2014,8,30,3,24,0.0,0.0,0.0,0.0,0.0
2014-08-31,0.0,2014,8,31,3,24,0.0,0.0,0.0,0.0,0.0
2014-09-01,0.0,2014,9,1,1,25,0.0,0.0,0.0,0.0,0.0
2014-09-02,0.0,2014,9,2,1,25,0.0,0.0,0.0,0.0,0.0
2014-09-03,5.4,2014,9,3,1,25,5.4,5.399999999999993,5.4,5.4,5.400000000000029
2014-09-04,0.0,2014,9,4,1,25,0.0,5.399999999999993,5.4,5.4,5.400000000000029
2014-09-05,0.0,2014,9,5,1,25,0.0,5.399999999999993,5.4,5.4,5.400000000000029
2014-09-06,0.0,2014,9,6,1,25,0.0,0.0,5.4,5.4,5.400000000000029
2014-09-07,0.0,2014,9,7,1,25,0.0,0.0,5.4,5.4,5.400000000000029
2014-09-08,0.0,2014,9,8,1,25,0.0,0.0,0.0,5.4,5.400000000000029
2014-09-09,0.0,2014,9,9,1,25,0.0,0.0,0.0,5.4,5.400000000000029
2014-09-10,0.0,2014,9,10,1,25,0.0,0.0,0.0,0.0,5.400000000000029
2014-09-11,0.0,2014,9,11,2,26,0.0,0.0,0.0,0.0,5.400000000000029
2014-09-12,0.0,2014,9,12,2,26,0.0,0.0,0.0,0.0,5.400000000000029
2014-09-13,0.0,2014,9,13,2,26,0.0,0.0,0.0,0.0,0.0
2014-09-14,0.0,2014,9,14,2,26,0.0,0.0,0.0,0.0,0.0
2014-09-15,0.0,2014,9,15,2,26,0.0,0.0,0.0,0.0,0.0
2014-09-16,0.0,2014,9,16,2,26,0.0,0.0,0.0,0.0,0.0
2014-09-17,0.0,2014,9,17,2,26,0.0,0.0,0.0,0.0,0.0
2014-09-18,0.0,2014,9,18,2,26,0.0,0.0,0.0,0.0,0.0
2014-09-19,16.4,2014,9,19,2,26,16.4,16.39999999999999,16.4,16.4,16.400000000000027
2014-09-20,0.0,2014,9,20,2,26,0.0,16.39999999999999,16.4,16.4,16.400000000000027
2014-09-21,0.0,2014,9,21,3,27,0.0,16.39999999999999,16.4,16.4,16.400000000000027
2014-09-22,0.0,2014,9,22,3,27,0.0,0.0,16.4,16.4,16.400000000000027
2014-09-23,0.0,2014,9,23,3,27,0.0,0.0,16.4,16.4,16.400000000000027
2014-09-24,0.0,2014,9,24,3,27,0.0,0.0,0.0,16.4,16.400000000000027
2014-09-25,0.0,2014,9,25,3,27,0.0,0.0,0.0,16.4,16.400000000000027
2014-09-26,0.0,2014,9,26,3,27,0.0,0.0,0.0,0.0,16.400000000000027
2014-09-27,0.0,2014,9,27,3,27,0.0,0.0,0.0,0.0,16.400000000000027
2014-09-28,0.0,2014,9,28,3,27,0.0,0.0,0.0,0.0,16.400000000000027
2014-09-29,0.0,2014,9,29,3,27,0.0,0.0,0.0,0.0,0.0
2014-09-30,0.0,2014,9,30,3,27,0.0,0.0,0.0,0.0,0.0
2014-10-01,0.0,2014,10,1,1,28,0.0,0.0,0.0,0.0,0.0
2014-10-02,0.0,2014,10,2,1,28,0.0,0.0,0.0,0.0,0.0
2014-10-03,0.0,2014,10,3,1,28,0.0,0.0,0.0,0.0,0.0
2014-10-04,0.0,2014,10,4,1,28,0.0,0.0,0.0,0.0,0.0
2014-10-05,0.0,2014,10,5,1,28,0.0,0.0,0.0,0.0,0.0
2014-10-06,0.0,2014,10,6,1,28,0.0,0.0,0.0,0.0,0.0
2014-10-07,0.0,2014,10,7,1,28,0.0,0.0,0.0,0.0,0.0
2014-10-08,0.0,2014,10,8,1,28,0.0,0.0,0.0,0.0,0.0
2014-10-09,0.0,2014,10,9,1,28,0.0,0.0,0.0,0.0,0.0
2014-10-10,0.0,2014,10,10,1,28,0.0,0.0,0.0,0.0,0.0
2014-10-11,0.0,2014,10,11,2,29,0.0,0.0,0.0,0.0,0.0
2014-10-12,0.0,2014,10,12,2,29,0.0,0.0,0.0,0.0,0.0
2014-10-13,0.0,2014,10,13,2,29,0.0,0.0,0.0,0.0,0.0
2014-10-14,0.0,2014,10,14,2,29,0.0,0.0,0.0,0.0,0.0
2014-10-15,0.0,2014,10,15,2,29,0.0,0.0,0.0,0.0,0.0
2014-10-16,0.0,2014,10,16,2,29,0.0,0.0,0.0,0.0,0.0
2014-10-17,0.0,2014,10,17,2,29,0.0,0.0,0.0,0.0,0.0
2014-10-18,0.0,2014,10,18,2,29,0.0,0.0,0.0,0.0,0.0
2014-10-19,0.0,2014,10,19,2,29,0.0,0.0,0.0,0.0,0.0
2014-10-20,0.0,2014,10,20,2,29,0.0,0.0,0.0,0.0,0.0
2014-10-21,0.0,2014,10,21,3,30,0.0,0.0,0.0,0.0,0.0
2014-10-22,0.0,2014,10,22,3,30,0.0,0.0,0.0,0.0,0.0
2014-10-23,0.0,2014,10,23,3,30,0.0,0.0,0.0,0.0,0.0
2014-10-24,0.0,2014,10,24,3,30,0.0,0.0,0.0,0.0,0.0
2014-10-25,0.0,2014,10,25,3,30,0.0,0.0,0.0,0.0,0.0
2014-10-26,0.0,2014,10,26,3,30,0.0,0.0,0.0,0.0,0.0
2014-10-27,20.4,2014,10,27,3,30,20.4,20.39999999999999,20.4,20.4,20.400000000000027
2014-10-28,0.0,2014,10,28,3,30,0.0,20.39999999999999,20.4,20.4,20.400000000000027
2014-10-29,0.0,2014,10,29,3,30,0.0,20.39999999999999,20.4,20.4,20.400000000000027
2014-10-30,0.6,2014,10,30,3,30,0.6,0.5999999999999929,21.0,21.0,21.00000000000003
2014-10-31,0.0,2014,10,31,3,30,0.0,0.5999999999999929,21.0,21.0,21.00000000000003
2014-11-01,0.0,2014,11,1,1,31,0.0,0.5999999999999929,0.6,21.0,21.00000000000003
2014-11-02,0.0,2014,11,2,1,31,0.0,0.0,0.6,21.0,21.00000000000003
2014-11-03,7.0,2014,11,3,1,31,7.0,6.999999999999993,7.6,7.6,28.00000000000003
2014-11-04,0.0,2014,11,4,1,31,0.0,6.999999999999993,7.0,7.6,28.00000000000003
2014-11-05,0.0,2014,11,5,1,31,0.0,6.999999999999993,7.0,7.6,28.00000000000003
2014-11-06,0.0,2014,11,6,1,31,0.0,0.0,7.0,7.0,7.600000000000028
2014-11-07,0.0,2014,11,7,1,31,0.0,0.0,7.0,7.0,7.600000000000028
2014-11-08,0.0,2014,11,8,1,31,0.0,0.0,0.0,7.0,7.600000000000028
2014-11-09,0.0,2014,11,9,1,31,0.0,0.0,0.0,7.0,7.000000000000028
2014-11-10,0.0,2014,11,10,1,31,0.0,0.0,0.0,0.0,7.000000000000028
2014-11-11,0.0,2014,11,11,2,32,0.0,0.0,0.0,0.0,7.000000000000028
2014-11-12,36.7,2014,11,12,2,32,36.7,36.699999999999996,36.7,36.7,43.70000000000003
2014-11-13,0.0,2014,11,13,2,32,0.0,36.699999999999996,36.7,36.7,36.70000000000003
2014-11-14,5.5,2014,11,14,2,32,5.5,42.199999999999996,42.2,42.2,42.20000000000003
2014-11-15,0.0,2014,11,15,2,32,0.0,5.499999999999993,42.2,42.2,42.20000000000003
2014-11-16,6.9,2014,11,16,2,32,6.9,12.399999999999993,49.1,49.1,49.10000000000003
2014-11-17,1.0,2014,11,17,2,32,1.0,7.899999999999993,13.4,50.1,50.10000000000003
2014-11-18,0.0,2014,11,18,2,32,0.0,7.899999999999993,13.4,50.1,50.10000000000003
2014-11-19,5.0,2014,11,19,2,32,5.0,5.999999999999993,12.9,18.4,55.10000000000003
2014-11-20,5.5,2014,11,20,2,32,5.5,10.499999999999993,18.4,23.9,60.60000000000003
2014-11-21,0.0,2014,11,21,3,33,0.0,10.499999999999993,11.5,18.4,60.60000000000003
2014-11-22,0.0,2014,11,22,3,33,0.0,5.499999999999993,10.5,18.4,23.900000000000027
2014-11-23,0.0,2014,11,23,3,33,0.0,0.0,10.5,11.5,23.900000000000027
2014-11-24,0.0,2014,11,24,3,33,0.0,0.0,5.5,10.5,18.400000000000027
2014-11-25,11.0,2014,11,25,3,33,11.0,10.999999999999993,11.0,21.5,29.400000000000027
2014-11-26,2.6,2014,11,26,3,33,2.6,13.599999999999993,13.6,19.1,25.10000000000003
2014-11-27,0.0,2014,11,27,3,33,0.0,13.599999999999993,13.6,13.6,24.10000000000003
2014-11-28,0.0,2014,11,28,3,33,0.0,2.599999999999993,13.6,13.6,24.10000000000003
2014-11-29,36.0,2014,11,29,3,33,36.0,35.99999999999999,49.6,49.6,55.10000000000003
2014-11-30,37.8,2014,11,30,3,33,37.8,73.79999999999998,76.4,87.4,87.40000000000003
2014-12-01,0.4,2014,12,1,1,34,0.4,74.19999999999999,74.2,87.8,87.80000000000003
2014-12-02,0.0,2014,12,2,1,34,0.0,38.19999999999999,74.2,76.8,87.80000000000003
2014-12-03,0.0,2014,12,3,1,34,0.0,0.3999999999999929,74.2,74.2,87.80000000000003
2014-12-04,19.7,2014,12,4,1,34,19.7,19.699999999999992,57.89999999999999,93.9,107.50000000000003
2014-12-05,0.0,2014,12,5,1,34,0.0,19.699999999999992,20.099999999999998,93.9,96.50000000000003
2014-12-06,0.0,2014,12,6,1,34,0.0,19.699999999999992,19.7,57.89999999999999,93.90000000000002
2014-12-07,1.0,2014,12,7,1,34,1.0,0.9999999999999929,20.7,21.099999999999998,94.90000000000002
2014-12-08,1.0,2014,12,8,1,34,1.0,1.999999999999993,21.7,21.7,95.90000000000002
2014-12-09,23.6,2014,12,9,1,34,23.6,25.599999999999994,25.6,45.3,83.50000000000003
2014-12-10,0.0,2014,12,10,1,34,0.0,24.599999999999994,25.6,45.3,45.70000000000003
2014-12-11,0.0,2014,12,11,2,35,0.0,23.599999999999994,25.6,25.6,45.300000000000026
2014-12-12,0.0,2014,12,12,2,35,0.0,0.0,24.6,25.6,45.300000000000026
2014-12-13,0.5,2014,12,13,2,35,0.5,0.4999999999999929,24.1,26.1,45.800000000000026
2014-12-14,17.8,2014,12,14,2,35,17.8,18.299999999999994,18.3,42.900000000000006,43.900000000000034
2014-12-15,0.2,2014,12,15,2,35,0.2,18.499999999999993,18.5,42.1,44.10000000000003
2014-12-16,1.3,2014,12,16,2,35,1.3,19.299999999999994,19.8,19.8,45.400000000000034
2014-12-17,0.0,2014,12,17,2,35,0.0,1.499999999999993,19.8,19.8,44.400000000000034
2014-12-18,0.0,2014,12,18,2,35,0.0,1.299999999999993,19.3,19.8,43.400000000000034
2014-12-19,0.0,2014,12,19,2,35,0.0,0.0,1.5,19.8,19.80000000000003
2014-12-20,1.7,2014,12,20,2,35,1.7,1.6999999999999929,3.0,21.0,21.50000000000003
2014-12-21,0.0,2014,12,21,3,36,0.0,1.6999999999999929,1.7,3.2,21.50000000000003
2014-12-22,7.3,2014,12,22,3,36,7.3,8.999999999999993,9.0,10.3,28.80000000000003
2014-12-23,29.5,2014,12,23,3,36,29.5,36.79999999999999,38.5,38.5,57.800000000000026
2014-12-24,0.0,2014,12,24,3,36,0.0,36.8,38.5,38.5,40.00000000000003
2014-12-25,0.7,2014,12,25,3,36,0.7,30.199999999999992,37.5,39.2,40.50000000000003
2014-12-26,0.0,2014,12,26,3,36,0.0,0.6999999999999929,37.5,39.2,39.20000000000003
2014-12-27,12.6,2014,12,27,3,36,12.6,13.299999999999992,42.8,50.1,51.80000000000003
2014-12-28,15.9,2014,12,28,3,36,15.9,28.499999999999993,29.2,66.0,67.70000000000002
2014-12-29,1.8,2014,12,29,3,36,1.8,30.299999999999994,31.0,60.5,69.50000000000003
2014-12-30,0.9,2014,12,30,3,36,0.9,18.599999999999994,31.2,31.9,68.70000000000002
2014-12-31,3.0,2014,12,31,3,36,3.0,5.699999999999993,34.2,34.9,71.70000000000002
2015-01-01,60.8,2015,1,1,1,1,60.8,64.69999999999999,82.4,95.0,125.20000000000002
2015-01-02,37.4,2015,1,2,1,1,37.4,101.19999999999999,103.89999999999999,132.39999999999998,133.10000000000002
2015-01-03,12.4,2015,1,3,1,1,12.4,110.6,114.5,132.2,145.50000000000003
2015-01-04,42.4,2015,1,4,1,1,42.4,92.19999999999999,156.0,158.7,187.20000000000005
2015-01-05,25.8,2015,1,5,1,1,25.8,80.6,178.8,182.70000000000002,213.00000000000003
2015-01-06,0.2,2015,1,6,1,1,0.2,68.39999999999999,118.19999999999999,182.0,200.60000000000005
2015-01-07,0.0,2015,1,7,1,1,0.0,25.999999999999993,80.8,179.0,184.70000000000005
2015-01-08,0.0,2015,1,8,1,1,0.0,0.1999999999999929,68.39999999999999,118.19999999999999,182.90000000000003
2015-01-09,2.4,2015,1,9,1,1,2.4,2.399999999999993,28.400000000000002,83.2,184.4
2015-01-10,1.5,2015,1,10,1,1,1.5,3.899999999999993,4.1,72.3,182.9
2015-01-11,0.0,2015,1,11,2,2,0.0,3.899999999999993,3.9,29.900000000000002,122.10000000000004
2015-01-12,2.8,2015,1,12,2,2,2.8,4.299999999999993,6.699999999999999,6.9,87.50000000000003
2015-01-13,48.3,2015,1,13,2,2,48.3,51.09999999999999,55.0,55.0,123.40000000000002
2015-01-14,22.9,2015,1,14,2,2,22.9,73.99999999999999,75.5,77.9,103.90000000000003
2015-01-15,32.0,2015,1,15,2,2,32.0,103.19999999999999,106.0,109.9,110.10000000000002
2015-01-16,17.0,2015,1,16,2,2,17.0,71.89999999999999,123.0,124.5,126.90000000000003
2015-01-17,0.5,2015,1,17,2,2,0.5,49.49999999999999,120.7,123.5,127.40000000000003
2015-01-18,0.0,2015,1,18,2,2,0.0,17.499999999999993,72.4,123.5,127.40000000000003
2015-01-19,0.0,2015,1,19,2,2,0.0,0.4999999999999929,49.5,120.69999999999999,125.00000000000003
2015-01-20,8.0,2015,1,20,2,2,8.0,7.999999999999993,25.5,80.4,131.50000000000003
2015-01-21,22.2,2015,1,21,3,3,22.2,30.199999999999992,30.7,79.7,153.70000000000002
2015-01-22,10.7,2015,1,22,3,3,10.7,40.89999999999999,40.9,58.4,161.60000000000002
2015-01-23,2.3,2015,1,23,3,3,2.3,35.19999999999999,43.199999999999996,43.699999999999996,115.60000000000002
2015-01-24,4.7,2015,1,24,3,3,4.7,17.699999999999992,47.9,47.9,97.40000000000002
2015-01-25,3.5,2015,1,25,3,3,3.5,10.499999999999993,43.4,51.4,68.90000000000003
2015-01-26,0.8,2015,1,26,3,3,0.8,8.999999999999993,22.0,52.199999999999996,52.700000000000024
2015-01-27,0.0,2015,1,27,3,3,0.0,4.299999999999993,11.3,44.199999999999996,52.200000000000024
2015-01-28,0.0,2015,1,28,3,3,0.0,0.7999999999999929,9.0,22.0,52.200000000000024
2015-01-29,2.0,2015,1,29,3,3,2.0,1.999999999999993,6.3,13.3,54.200000000000024
2015-01-30,1.5,2015,1,30,3,3,1.5,3.499999999999993,4.3,12.5,47.700000000000024
2015-01-31,0.6,2015,1,31,3,3,0.6,4.0999999999999925,4.1000000000000005,8.4,26.100000000000026
2015-02-01,14.6,2015,2,1,1,4,14.6,16.699999999999992,18.7,19.5,30.00000000000003
2015-02-02,18.2,2015,2,2,1,4,18.2,33.39999999999999,36.900000000000006,36.9,45.90000000000003
2015-02-03,0.0,2015,2,3,1,4,0.0,32.79999999999999,34.900000000000006,36.9,41.20000000000003
2015-02-04,0.0,2015,2,4,1,4,0.0,18.199999999999992,33.400000000000006,36.9,37.70000000000003
2015-02-05,0.0,2015,2,5,1,4,0.0,0.0,32.8,34.9,36.90000000000003
2015-02-06,37.1,2015,2,6,1,4,37.1,37.099999999999994,55.30000000000001,70.5,74.00000000000003
2015-02-07,2.7,2015,2,7,1,4,2.7,39.8,39.80000000000001,72.60000000000001,76.70000000000003
2015-02-08,24.0,2015,2,8,1,4,24.0,63.8,63.80000000000001,82.0,98.70000000000003
2015-02-09,26.0,2015,2,9,1,4,26.0,52.69999999999999,89.80000000000001,89.8,123.20000000000003
2015-02-10,31.2,2015,2,10,1,4,31.2,81.19999999999999,121.0,121.0,153.80000000000004
2015-02-11,0.5,2015,2,11,2,5,0.5,57.69999999999999,84.4,121.5,139.70000000000005
2015-02-12,10.0,2015,2,12,2,5,10.0,41.69999999999999,91.70000000000002,131.5,131.50000000000003
2015-02-13,16.2,2015,2,13,2,5,16.2,26.699999999999992,83.9,110.60000000000001,147.70000000000002
2015-02-14,3.0,2015,2,14,2,5,3.0,29.199999999999992,60.900000000000006,110.9,150.70000000000002
2015-02-15,0.0,2015,2,15,2,5,0.0,19.199999999999992,29.700000000000014,86.9,150.70000000000002
2015-02-16,0.0,2015,2,16,2,5,0.0,2.999999999999993,29.200000000000014,60.900000000000006,113.60000000000002
2015-02-17,8.5,2015,2,17,2,5,8.5,8.499999999999993,27.700000000000014,38.2,119.40000000000002
2015-02-18,0.6,2015,2,18,2,5,0.6,9.099999999999993,12.100000000000014,38.3,96.00000000000003
2015-02-19,15.5,2015,2,19,2,5,15.5,24.599999999999994,24.600000000000016,43.8,85.50000000000003
2015-02-20,0.0,2015,2,20,2,5,0.0,16.099999999999994,24.600000000000016,27.6,54.300000000000026
2015-02-21,0.0,2015,2,21,3,6,0.0,15.499999999999993,24.600000000000016,24.6,53.800000000000026
2015-02-22,0.0,2015,2,22,3,6,0.0,0.0,16.100000000000016,24.6,43.800000000000026
2015-02-23,0.0,2015,2,23,3,6,0.0,0.0,15.500000000000014,24.6,27.60000000000003
2015-02-24,0.0,2015,2,24,3,6,0.0,0.0,0.0,16.1,24.60000000000003
2015-02-25,0.0,2015,2,25,3,6,0.0,0.0,0.0,15.5,24.60000000000003
2015-02-26,0.0,2015,2,26,3,6,0.0,0.0,0.0,0.0,24.60000000000003
2015-02-27,16.8,2015,2,27,3,6,16.8,16.799999999999994,16.800000000000015,16.8,32.90000000000003
2015-02-28,16.5,2015,2,28,3,6,16.5,33.3,33.30000000000001,33.3,48.800000000000026
2015-03-01,15.0,2015,3,1,1,7,15.0,48.3,48.30000000000001,48.3,48.300000000000026
2015-03-02,19.5,2015,3,2,1,7,19.5,50.99999999999999,67.80000000000001,67.8,67.80000000000003
2015-03-03,28.4,2015,3,3,1,7,28.4,62.89999999999999,96.20000000000002,96.2,96.20000000000002
2015-03-04,0.5,2015,3,4,1,7,0.5,48.39999999999999,79.90000000000002,96.7,96.70000000000002
2015-03-05,0.0,2015,3,5,1,7,0.0,28.89999999999999,63.40000000000002,96.7,96.70000000000002
2015-03-06,1.0,2015,3,6,1,7,1.0,1.499999999999993,49.40000000000002,80.9,97.70000000000002
2015-03-07,5.9,2015,3,7,1,7,5.9,6.899999999999993,35.80000000000001,70.3,103.60000000000002
2015-03-08,4.3,2015,3,8,1,7,4.3,11.199999999999992,11.700000000000014,59.6,107.90000000000002
2015-03-09,0.3,2015,3,9,1,7,0.3,10.499999999999993,11.500000000000014,40.4,91.40000000000003
2015-03-10,34.3,2015,3,10,1,7,34.3,38.89999999999999,45.80000000000001,46.3,109.20000000000002
2015-03-11,12.8,2015,3,11,2,8,12.8,47.39999999999999,57.60000000000001,58.599999999999994,107.00000000000003
2015-03-12,15.5,2015,3,12,2,8,15.5,62.599999999999994,67.20000000000002,74.1,103.00000000000003
2015-03-13,5.5,2015,3,13,2,8,5.5,33.8,68.4,78.6,80.10000000000002
2015-03-14,0.1,2015,3,14,2,8,0.1,21.099999999999994,68.20000000000002,72.8,79.70000000000002
2015-03-15,0.0,2015,3,15,2,8,0.0,5.5999999999999925,33.90000000000001,68.5,79.70000000000002
2015-03-16,2.3,2015,3,16,2,8,2.3,2.399999999999993,23.400000000000013,70.5,81.00000000000001
2015-03-17,0.0,2015,3,17,2,8,0.0,2.2999999999999927,7.900000000000015,36.2,75.10000000000002
2015-03-18,0.0,2015,3,18,2,8,0.0,2.2999999999999927,2.400000000000014,23.4,70.80000000000003
2015-03-19,0.0,2015,3,19,2,8,0.0,0.0,2.300000000000014,7.9,70.50000000000001
2015-03-20,0.0,2015,3,20,2,8,0.0,0.0,2.300000000000014,2.4,36.20000000000003
2015-03-21,0.5,2015,3,21,3,9,0.5,0.4999999999999929,0.5000000000000142,2.8,23.900000000000027
2015-03-22,6.7,2015,3,22,3,9,6.7,7.199999999999993,7.200000000000014,9.5,15.100000000000028
2015-03-23,35.2,2015,3,23,3,9,35.2,42.4,42.40000000000002,42.400000000000006,44.80000000000003
2015-03-24,0.0,2015,3,24,3,9,0.0,41.9,42.40000000000002,42.400000000000006,44.70000000000003
2015-03-25,0.0,2015,3,25,3,9,0.0,35.199999999999996,42.40000000000002,42.400000000000006,44.70000000000003
2015-03-26,0.0,2015,3,26,3,9,0.0,0.0,41.90000000000002,42.400000000000006,42.400000000000034
2015-03-27,5.1,2015,3,27,3,9,5.1,5.0999999999999925,40.30000000000002,47.50000000000001,47.500000000000036
2015-03-28,0.2,2015,3,28,3,9,0.2,5.299999999999993,5.300000000000014,47.2,47.70000000000003
2015-03-29,0.0,2015,3,29,3,9,0.0,5.299999999999993,5.300000000000014,40.5,47.70000000000003
2015-03-30,0.4,2015,3,30,3,9,0.4,0.599999999999993,5.7000000000000135,5.699999999999999,48.10000000000004
2015-03-31,0.0,2015,3,31,3,9,0.0,0.3999999999999929,5.7000000000000135,5.699999999999999,47.60000000000004
2015-04-01,0.0,2015,4,1,1,10,0.0,0.3999999999999929,0.6000000000000143,5.699999999999999,40.900000000000034
2015-04-02,0.0,2015,4,2,1,10,0.0,0.0,0.40000000000001423,5.699999999999999,5.700000000000028
2015-04-03,3.0,2015,4,3,1,10,3.0,2.999999999999993,3.400000000000014,3.6,8.700000000000028
2015-04-04,0.0,2015,4,4,1,10,0.0,2.999999999999993,3.000000000000014,3.4,8.700000000000028
2015-04-05,5.0,2015,4,5,1,10,5.0,7.999999999999993,8.000000000000014,8.4,13.700000000000028
2015-04-06,0.0,2015,4,6,1,10,0.0,4.999999999999993,8.000000000000014,8.0,8.600000000000028
2015-04-07,0.0,2015,4,7,1,10,0.0,4.999999999999993,8.000000000000014,8.0,8.400000000000029
2015-04-08,0.2,2015,4,8,1,10,0.2,0.1999999999999929,5.200000000000014,8.2,8.600000000000028
2015-04-09,0.2,2015,4,9,1,10,0.2,0.3999999999999929,5.400000000000015,8.4,8.400000000000029
2015-04-10,0.0,2015,4,10,1,10,0.0,0.3999999999999929,0.40000000000001423,5.4,8.400000000000029
2015-04-11,0.0,2015,4,11,2,11,0.0,0.1999999999999929,0.40000000000001423,5.4,8.400000000000029
2015-04-12,0.1,2015,4,12,2,11,0.1,0.0999999999999929,0.5000000000000142,0.5,8.500000000000028
2015-04-13,0.0,2015,4,13,2,11,0.0,0.0999999999999929,0.30000000000001426,0.5,5.500000000000028
2015-04-14,0.0,2015,4,14,2,11,0.0,0.0999999999999929,0.10000000000001422,0.5,5.500000000000028
2015-04-15,7.8,2015,4,15,2,11,7.8,7.799999999999993,7.900000000000014,8.1,8.30000000000003
2015-04-16,0.0,2015,4,16,2,11,0.0,7.799999999999993,7.900000000000014,7.8999999999999995,8.30000000000003
2015-04-17,0.0,2015,4,17,2,11,0.0,7.799999999999993,7.800000000000014,7.8999999999999995,8.30000000000003
2015-04-18,32.0,2015,4,18,2,11,32.0,31.999999999999993,39.80000000000001,39.9,40.10000000000003
2015-04-19,0.0,2015,4,19,2,11,0.0,31.999999999999993,39.80000000000001,39.8,39.90000000000003
2015-04-20,0.0,2015,4,20,2,11,0.0,31.999999999999993,32.000000000000014,39.8,39.90000000000003
2015-04-21,27.0,2015,4,21,3,12,27.0,26.999999999999993,59.000000000000014,66.8,66.90000000000003
2015-04-22,0.2,2015,4,22,3,12,0.2,27.199999999999992,59.20000000000002,59.2,67.00000000000003
2015-04-23,0.0,2015,4,23,3,12,0.0,27.199999999999992,27.200000000000017,59.2,67.00000000000003
2015-04-24,0.0,2015,4,24,3,12,0.0,0.1999999999999929,27.200000000000017,59.2,67.00000000000003
2015-04-25,4.9,2015,4,25,3,12,4.9,4.899999999999993,32.100000000000016,32.1,64.10000000000002
2015-04-26,18.1,2015,4,26,3,12,18.1,22.999999999999993,23.20000000000002,50.2,82.20000000000003
2015-04-27,0.0,2015,4,27,3,12,0.0,22.999999999999993,23.00000000000002,50.2,82.20000000000003
2015-04-28,29.9,2015,4,28,3,12,29.9,47.99999999999999,52.90000000000002,53.1,80.10000000000002
2015-04-29,0.3,2015,4,29,3,12,0.3,30.199999999999992,53.20000000000002,53.199999999999996,80.40000000000003
2015-04-30,2.0,2015,4,30,3,12,2.0,32.19999999999999,50.30000000000002,55.199999999999996,82.40000000000003
2015-05-01,0.0,2015,5,1,1,13,0.0,2.2999999999999927,32.20000000000002,55.199999999999996,55.40000000000003
2015-05-02,0.0,2015,5,2,1,13,0.0,1.999999999999993,32.20000000000002,50.3,55.200000000000024
2015-05-03,0.0,2015,5,3,1,13,0.0,0.0,2.3000000000000176,32.199999999999996,55.200000000000024
2015-05-04,26.0,2015,5,4,1,13,26.0,25.999999999999993,28.000000000000018,58.2,81.20000000000003
2015-05-05,0.0,2015,5,5,1,13,0.0,25.999999999999993,26.000000000000018,28.3,76.30000000000004
2015-05-06,0.0,2015,5,6,1,13,0.0,25.999999999999993,26.000000000000018,28.0,58.20000000000003
2015-05-07,0.0,2015,5,7,1,13,0.0,0.0,26.000000000000018,26.0,58.20000000000003
2015-05-08,0.0,2015,5,8,1,13,0.0,0.0,26.000000000000018,26.0,28.30000000000003
2015-05-09,0.5,2015,5,9,1,13,0.5,0.4999999999999929,0.5000000000000178,26.5,28.50000000000003
2015-05-10,0.0,2015,5,10,1,13,0.0,0.4999999999999929,0.5000000000000178,26.5,26.50000000000003
2015-05-11,0.0,2015,5,11,2,14,0.0,0.4999999999999929,0.5000000000000178,0.5,26.50000000000003
2015-05-12,0.0,2015,5,12,2,14,0.0,0.0,0.5000000000000178,0.5,26.50000000000003
2015-05-13,0.0,2015,5,13,2,14,0.0,0.0,0.5000000000000178,0.5,26.50000000000003
2015-05-14,0.0,2015,5,14,2,14,0.0,0.0,0.0,0.5,0.5000000000000284
2015-05-15,4.0,2015,5,15,2,14,4.0,3.999999999999993,4.000000000000018,4.5,4.500000000000028
2015-05-16,8.4,2015,5,16,2,14,8.4,12.399999999999993,12.400000000000018,12.4,12.900000000000029
2015-05-17,0.2,2015,5,17,2,14,0.2,12.599999999999993,12.600000000000017,12.6,13.100000000000028
2015-05-18,0.0,2015,5,18,2,14,0.0,8.599999999999993,12.600000000000017,12.6,13.100000000000028
2015-05-19,0.0,2015,5,19,2,14,0.0,0.1999999999999929,12.600000000000017,12.6,12.600000000000028
2015-05-20,0.0,2015,5,20,2,14,0.0,0.0,8.600000000000017,12.6,12.600000000000028
2015-05-21,0.0,2015,5,21,3,15,0.0,0.0,0.20000000000001777,12.6,12.600000000000028
2015-05-22,0.0,2015,5,22,3,15,0.0,0.0,0.0,8.6,12.600000000000028
2015-05-23,0.0,2015,5,23,3,15,0.0,0.0,0.0,0.2,12.600000000000028
2015-05-24,0.0,2015,5,24,3,15,0.0,0.0,0.0,0.0,12.600000000000028
2015-05-25,0.0,2015,5,25,3,15,0.0,0.0,0.0,0.0,8.600000000000028
2015-05-26,0.0,2015,5,26,3,15,0.0,0.0,0.0,0.0,0.20000000000002843
2015-05-27,0.0,2015,5,27,3,15,0.0,0.0,0.0,0.0,0.0
2015-05-28,0.0,2015,5,28,3,15,0.0,0.0,0.0,0.0,0.0
2015-05-29,0.0,2015,5,29,3,15,0.0,0.0,0.0,0.0,0.0
2015-05-30,0.0,2015,5,30,3,15,0.0,0.0,0.0,0.0,0.0
2015-05-31,0.0,2015,5,31,3,15,0.0,0.0,0.0,0.0,0.0
2015-06-01,0.0,2015,6,1,1,16,0.0,0.0,0.0,0.0,0.0
2015-06-02,17.2,2015,6,2,1,16,17.2,17.199999999999992,17.200000000000017,17.2,17.200000000000028
2015-06-03,36.1,2015,6,3,1,16,36.1,53.3,53.30000000000002,53.3,53.300000000000026
2015-06-04,0.0,2015,6,4,1,16,0.0,53.29999999999999,53.30000000000002,53.300000000000004,53.30000000000003
2015-06-05,0.0,2015,6,5,1,16,0.0,36.099999999999994,53.30000000000002,53.300000000000004,53.30000000000003
2015-06-06,0.0,2015,6,6,1,16,0.0,0.0,53.30000000000002,53.300000000000004,53.30000000000003
2015-06-07,0.0,2015,6,7,1,16,0.0,0.0,36.10000000000002,53.300000000000004,53.30000000000003
2015-06-08,6.8,2015,6,8,1,16,6.8,6.799999999999986,6.800000000000014,60.1,60.10000000000003
2015-06-09,13.0,2015,6,9,1,16,13.0,19.799999999999986,19.800000000000015,55.900000000000006,73.10000000000004
2015-06-10,10.1,2015,6,10,1,16,10.1,29.899999999999984,29.900000000000013,29.9,83.20000000000003
2015-06-11,0.0,2015,6,11,2,17,0.0,23.099999999999987,29.900000000000013,29.9,83.20000000000003
2015-06-12,0.2,2015,6,12,2,17,0.2,10.299999999999985,30.100000000000016,30.1,66.20000000000003
2015-06-13,0.0,2015,6,13,2,17,0.0,0.1999999999999858,23.300000000000015,30.1,30.100000000000037
2015-06-14,0.0,2015,6,14,2,17,0.0,0.1999999999999858,10.300000000000013,30.1,30.100000000000037
2015-06-15,0.0,2015,6,15,2,17,0.0,0.0,0.20000000000001422,23.3,30.100000000000037
2015-06-16,0.0,2015,6,16,2,17,0.0,0.0,0.20000000000001422,10.299999999999999,30.100000000000037
2015-06-17,0.0,2015,6,17,2,17,0.0,0.0,0.0,0.2,30.100000000000037
2015-06-18,0.0,2015,6,18,2,17,0.0,0.0,0.0,0.2,23.300000000000036
2015-06-19,0.0,2015,6,19,2,17,0.0,0.0,0.0,0.0,10.300000000000034
2015-06-20,0.0,2015,6,20,2,17,0.0,0.0,0.0,0.0,0.20000000000003554
2015-06-21,0.0,2015,6,21,3,18,0.0,0.0,0.0,0.0,0.20000000000003554
2015-06-22,0.0,2015,6,22,3,18,0.0,0.0,0.0,0.0,0.0
2015-06-23,0.0,2015,6,23,3,18,0.0,0.0,0.0,0.0,0.0
2015-06-24,0.0,2015,6,24,3,18,0.0,0.0,0.0,0.0,0.0
2015-06-25,0.0,2015,6,25,3,18,0.0,0.0,0.0,0.0,0.0
2015-06-26,0.0,2015,6,26,3,18,0.0,0.0,0.0,0.0,0.0
2015-06-27,0.0,2015,6,27,3,18,0.0,0.0,0.0,0.0,0.0
2015-06-28,0.0,2015,6,28,3,18,0.0,0.0,0.0,0.0,0.0
2015-06-29,0.0,2015,6,29,3,18,0.0,0.0,0.0,0.0,0.0
2015-06-30,0.0,2015,6,30,3,18,0.0,0.0,0.0,0.0,0.0
2015-07-01,0.0,2015,7,1,1,19,0.0,0.0,0.0,0.0,0.0
2015-07-02,0.0,2015,7,2,1,19,0.0,0.0,0.0,0.0,0.0
2015-07-03,0.0,2015,7,3,1,19,0.0,0.0,0.0,0.0,0.0
2015-07-04,0.0,2015,7,4,1,19,0.0,0.0,0.0,0.0,0.0
2015-07-05,0.0,2015,7,5,1,19,0.0,0.0,0.0,0.0,0.0
2015-07-06,0.0,2015,7,6,1,19,0.0,0.0,0.0,0.0,0.0
2015-07-07,0.0,2015,7,7,1,19,0.0,0.0,0.0,0.0,0.0
2015-07-08,0.0,2015,7,8,1,19,0.0,0.0,0.0,0.0,0.0
2015-07-09,0.0,2015,7,9,1,19,0.0,0.0,0.0,0.0,0.0
2015-07-10,0.0,2015,7,10,1,19,0.0,0.0,0.0,0.0,0.0
2015-07-11,0.0,2015,7,11,2,20,0.0,0.0,0.0,0.0,0.0
2015-07-12,4.2,2015,7,12,2,20,4.2,4.199999999999986,4.200000000000014,4.2,4.200000000000036
2015-07-13,0.0,2015,7,13,2,20,0.0,4.199999999999986,4.200000000000014,4.2,4.200000000000036
2015-07-14,0.0,2015,7,14,2,20,0.0,4.199999999999986,4.200000000000014,4.2,4.200000000000036
2015-07-15,0.0,2015,7,15,2,20,0.0,0.0,4.200000000000014,4.2,4.200000000000036
2015-07-16,0.0,2015,7,16,2,20,0.0,0.0,4.200000000000014,4.2,4.200000000000036
2015-07-17,0.0,2015,7,17,2,20,0.0,0.0,0.0,4.2,4.200000000000036
2015-07-18,0.0,2015,7,18,2,20,0.0,0.0,0.0,4.2,4.200000000000036
2015-07-19,0.0,2015,7,19,2,20,0.0,0.0,0.0,0.0,4.200000000000036
2015-07-20,0.0,2015,7,20,2,20,0.0,0.0,0.0,0.0,4.200000000000036
2015-07-21,0.0,2015,7,21,3,21,0.0,0.0,0.0,0.0,4.200000000000036
2015-07-22,0.0,2015,7,22,3,21,0.0,0.0,0.0,0.0,0.0
2015-07-23,0.0,2015,7,23,3,21,0.0,0.0,0.0,0.0,0.0
2015-07-24,0.0,2015,7,24,3,21,0.0,0.0,0.0,0.0,0.0
2015-07-25,0.0,2015,7,25,3,21,0.0,0.0,0.0,0.0,0.0
2015-07-26,0.0,2015,7,26,3,21,0.0,0.0,0.0,0.0,0.0
2015-07-27,0.5,2015,7,27,3,21,0.5,0.4999999999999858,0.5000000000000142,0.5,0.5000000000000355
2015-07-28,0.0,2015,7,28,3,21,0.0,0.4999999999999858,0.5000000000000142,0.5,0.5000000000000355
2015-07-29,0.0,2015,7,29,3,21,0.0,0.4999999999999858,0.5000000000000142,0.5,0.5000000000000355
2015-07-30,0.0,2015,7,30,3,21,0.0,0.0,0.5000000000000142,0.5,0.5000000000000355
2015-07-31,0.0,2015,7,31,3,21,0.0,0.0,0.5000000000000142,0.5,0.5000000000000355
2015-08-01,0.5,2015,8,1,1,22,0.5,0.4999999999999858,0.5000000000000142,1.0,1.0000000000000355
2015-08-02,0.0,2015,8,2,1,22,0.0,0.4999999999999858,0.5000000000000142,1.0,1.0000000000000355
2015-08-03,0.5,2015,8,3,1,22,0.5,0.9999999999999858,1.0000000000000142,1.0,1.5000000000000355
2015-08-04,0.0,2015,8,4,1,22,0.0,0.4999999999999858,1.0000000000000142,1.0,1.5000000000000355
2015-08-05,0.0,2015,8,5,1,22,0.0,0.4999999999999858,1.0000000000000142,1.0,1.5000000000000355
2015-08-06,0.0,2015,8,6,1,22,0.0,0.0,0.5000000000000142,1.0,1.0000000000000355
2015-08-07,1.2,2015,8,7,1,22,1.2,1.1999999999999857,1.7000000000000142,2.2,2.2000000000000357
2015-08-08,0.0,2015,8,8,1,22,0.0,1.1999999999999857,1.2000000000000142,1.7,2.2000000000000357
2015-08-09,0.0,2015,8,9,1,22,0.0,1.1999999999999857,1.2000000000000142,1.7,2.2000000000000357
2015-08-10,0.0,2015,8,10,1,22,0.0,0.0,1.2000000000000142,1.2,2.2000000000000357
2015-08-11,2.0,2015,8,11,2,23,2.0,1.9999999999999858,3.2000000000000144,3.2,3.7000000000000357
2015-08-12,0.0,2015,8,12,2,23,0.0,1.9999999999999858,2.000000000000014,3.2,3.7000000000000357
2015-08-13,0.0,2015,8,13,2,23,0.0,1.9999999999999858,2.000000000000014,3.2,3.2000000000000357
2015-08-14,0.0,2015,8,14,2,23,0.0,0.0,2.000000000000014,2.0,3.2000000000000357
2015-08-15,0.0,2015,8,15,2,23,0.0,0.0,2.000000000000014,2.0,3.2000000000000357
2015-08-16,0.0,2015,8,16,2,23,0.0,0.0,0.0,2.0,3.2000000000000357
2015-08-17,0.0,2015,8,17,2,23,0.0,0.0,0.0,2.0,2.0000000000000355
2015-08-18,0.0,2015,8,18,2,23,0.0,0.0,0.0,0.0,2.0000000000000355
2015-08-19,0.0,2015,8,19,2,23,0.0,0.0,0.0,0.0,2.0000000000000355
2015-08-20,0.0,2015,8,20,2,23,0.0,0.0,0.0,0.0,2.0000000000000355
2015-08-21,0.0,2015,8,21,3,24,0.0,0.0,0.0,0.0,0.0
2015-08-22,0.0,2015,8,22,3,24,0.0,0.0,0.0,0.0,0.0
2015-08-23,0.0,2015,8,23,3,24,0.0,0.0,0.0,0.0,0.0
2015-08-24,0.0,2015,8,24,3,24,0.0,0.0,0.0,0.0,0.0
2015-08-25,0.0,2015,8,25,3,24,0.0,0.0,0.0,0.0,0.0
2015-08-26,0.0,2015,8,26,3,24,0.0,0.0,0.0,0.0,0.0
2015-08-27,0.0,2015,8,27,3,24,0.0,0.0,0.0,0.0,0.0
2015-08-28,0.0,2015,8,28,3,24,0.0,0.0,0.0,0.0,0.0
2015-08-29,0.0,2015,8,29,3,24,0.0,0.0,0.0,0.0,0.0
2015-08-30,7.5,2015,8,30,3,24,7.5,7.499999999999986,7.500000000000014,7.5,7.5000000000000355
2015-08-31,0.0,2015,8,31,3,24,0.0,7.499999999999986,7.500000000000014,7.5,7.5000000000000355
2015-09-01,0.0,2015,9,1,1,25,0.0,7.499999999999986,7.500000000000014,7.5,7.5000000000000355
2015-09-02,0.0,2015,9,2,1,25,0.0,0.0,7.500000000000014,7.5,7.5000000000000355
2015-09-03,0.0,2015,9,3,1,25,0.0,0.0,7.500000000000014,7.5,7.5000000000000355
2015-09-04,0.0,2015,9,4,1,25,0.0,0.0,0.0,7.5,7.5000000000000355
2015-09-05,0.0,2015,9,5,1,25,0.0,0.0,0.0,7.5,7.5000000000000355
2015-09-06,0.2,2015,9,6,1,25,0.2,0.1999999999999858,0.20000000000001422,0.2,7.700000000000036
2015-09-07,0.0,2015,9,7,1,25,0.0,0.1999999999999858,0.20000000000001422,0.2,7.700000000000036
2015-09-08,0.0,2015,9,8,1,25,0.0,0.1999999999999858,0.20000000000001422,0.2,7.700000000000036
2015-09-09,0.0,2015,9,9,1,25,0.0,0.0,0.20000000000001422,0.2,0.20000000000003554
2015-09-10,0.0,2015,9,10,1,25,0.0,0.0,0.20000000000001422,0.2,0.20000000000003554
2015-09-11,0.0,2015,9,11,2,26,0.0,0.0,0.0,0.2,0.20000000000003554
2015-09-12,0.0,2015,9,12,2,26,0.0,0.0,0.0,0.2,0.20000000000003554
2015-09-13,0.0,2015,9,13,2,26,0.0,0.0,0.0,0.0,0.20000000000003554
2015-09-14,0.0,2015,9,14,2,26,0.0,0.0,0.0,0.0,0.20000000000003554
2015-09-15,0.0,2015,9,15,2,26,0.0,0.0,0.0,0.0,0.20000000000003554
2015-09-16,0.0,2015,9,16,2,26,0.0,0.0,0.0,0.0,0.0
2015-09-17,0.0,2015,9,17,2,26,0.0,0.0,0.0,0.0,0.0
2015-09-18,0.0,2015,9,18,2,26,0.0,0.0,0.0,0.0,0.0
2015-09-19,0.0,2015,9,19,2,26,0.0,0.0,0.0,0.0,0.0
2015-09-20,0.0,2015,9,20,2,26,0.0,0.0,0.0,0.0,0.0
2015-09-21,0.0,2015,9,21,3,27,0.0,0.0,0.0,0.0,0.0
2015-09-22,0.0,2015,9,22,3,27,0.0,0.0,0.0,0.0,0.0
2015-09-23,0.0,2015,9,23,3,27,0.0,0.0,0.0,0.0,0.0
2015-09-24,0.0,2015,9,24,3,27,0.0,0.0,0.0,0.0,0.0
2015-09-25,0.0,2015,9,25,3,27,0.0,0.0,0.0,0.0,0.0
2015-09-26,0.0,2015,9,26,3,27,0.0,0.0,0.0,0.0,0.0
2015-09-27,0.0,2015,9,27,3,27,0.0,0.0,0.0,0.0,0.0
2015-09-28,0.0,2015,9,28,3,27,0.0,0.0,0.0,0.0,0.0
2015-09-29,0.0,2015,9,29,3,27,0.0,0.0,0.0,0.0,0.0
2015-09-30,0.0,2015,9,30,3,27,0.0,0.0,0.0,0.0,0.0
2015-10-01,0.0,2015,10,1,1,28,0.0,0.0,0.0,0.0,0.0
2015-10-02,0.0,2015,10,2,1,28,0.0,0.0,0.0,0.0,0.0
2015-10-03,0.0,2015,10,3,1,28,0.0,0.0,0.0,0.0,0.0
2015-10-04,0.0,2015,10,4,1,28,0.0,0.0,0.0,0.0,0.0
2015-10-05,0.0,2015,10,5,1,28,0.0,0.0,0.0,0.0,0.0
2015-10-06,0.0,2015,10,6,1,28,0.0,0.0,0.0,0.0,0.0
2015-10-07,0.0,2015,10,7,1,28,0.0,0.0,0.0,0.0,0.0
2015-10-08,28.5,2015,10,8,1,28,28.5,28.499999999999986,28.500000000000014,28.5,28.500000000000036
2015-10-09,0.0,2015,10,9,1,28,0.0,28.499999999999986,28.500000000000014,28.5,28.500000000000036
2015-10-10,0.0,2015,10,10,1,28,0.0,28.499999999999986,28.500000000000014,28.5,28.500000000000036
2015-10-11,0.0,2015,10,11,2,29,0.0,0.0,28.500000000000014,28.5,28.500000000000036
2015-10-12,4.2,2015,10,12,2,29,4.2,4.199999999999986,32.70000000000002,32.7,32.70000000000004
2015-10-13,0.0,2015,10,13,2,29,0.0,4.199999999999986,4.200000000000014,32.7,32.70000000000004
2015-10-14,0.0,2015,10,14,2,29,0.0,4.199999999999986,4.200000000000014,32.7,32.70000000000004
2015-10-15,0.0,2015,10,15,2,29,0.0,0.0,4.200000000000014,4.2,32.70000000000004
2015-10-16,0.0,2015,10,16,2,29,0.0,0.0,4.200000000000014,4.2,32.70000000000004
2015-10-17,0.0,2015,10,17,2,29,0.0,0.0,0.0,4.2,32.70000000000004
2015-10-18,0.0,2015,10,18,2,29,0.0,0.0,0.0,4.2,4.200000000000036
2015-10-19,0.0,2015,10,19,2,29,0.0,0.0,0.0,0.0,4.200000000000036
2015-10-20,0.0,2015,10,20,2,29,0.0,0.0,0.0,0.0,4.200000000000036
2015-10-21,0.0,2015,10,21,3,30,0.0,0.0,0.0,0.0,4.200000000000036
2015-10-22,0.0,2015,10,22,3,30,0.0,0.0,0.0,0.0,0.0
2015-10-23,0.0,2015,10,23,3,30,0.0,0.0,0.0,0.0,0.0
2015-10-24,0.0,2015,10,24,3,30,0.0,0.0,0.0,0.0,0.0
2015-10-25,0.0,2015,10,25,3,30,0.0,0.0,0.0,0.0,0.0
2015-10-26,0.0,2015,10,26,3,30,0.0,0.0,0.0,0.0,0.0
2015-10-27,0.5,2015,10,27,3,30,0.5,0.4999999999999858,0.5000000000000142,0.5,0.5000000000000355
2015-10-28,0.0,2015,10,28,3,30,0.0,0.4999999999999858,0.5000000000000142,0.5,0.5000000000000355
2015-10-29,0.0,2015,10,29,3,30,0.0,0.4999999999999858,0.5000000000000142,0.5,0.5000000000000355
2015-10-30,0.0,2015,10,30,3,30,0.0,0.0,0.5000000000000142,0.5,0.5000000000000355
2015-10-31,0.0,2015,10,31,3,30,0.0,0.0,0.5000000000000142,0.5,0.5000000000000355
2015-11-01,0.3,2015,11,1,1,31,0.3,0.2999999999999858,0.3000000000000142,0.8,0.8000000000000356
2015-11-02,0.0,2015,11,2,1,31,0.0,0.2999999999999858,0.3000000000000142,0.8,0.8000000000000356
2015-11-03,0.0,2015,11,3,1,31,0.0,0.2999999999999858,0.3000000000000142,0.3,0.8000000000000356
2015-11-04,0.0,2015,11,4,1,31,0.0,0.0,0.3000000000000142,0.3,0.8000000000000356
2015-11-05,0.0,2015,11,5,1,31,0.0,0.0,0.3000000000000142,0.3,0.8000000000000356
2015-11-06,0.0,2015,11,6,1,31,0.0,0.0,0.0,0.3,0.3000000000000355
2015-11-07,0.0,2015,11,7,1,31,0.0,0.0,0.0,0.3,0.3000000000000355
2015-11-08,5.2,2015,11,8,1,31,5.2,5.199999999999986,5.200000000000014,5.2,5.5000000000000355
2015-11-09,0.0,2015,11,9,1,31,0.0,5.199999999999986,5.200000000000014,5.2,5.5000000000000355
2015-11-10,0.0,2015,11,10,1,31,0.0,5.199999999999986,5.200000000000014,5.2,5.5000000000000355
2015-11-11,0.0,2015,11,11,2,32,0.0,0.0,5.200000000000014,5.2,5.200000000000036
2015-11-12,0.2,2015,11,12,2,32,0.2,0.1999999999999858,5.400000000000015,5.4,5.400000000000036
2015-11-13,0.0,2015,11,13,2,32,0.0,0.1999999999999858,0.20000000000001422,5.4,5.400000000000036
2015-11-14,0.0,2015,11,14,2,32,0.0,0.1999999999999858,0.20000000000001422,5.4,5.400000000000036
2015-11-15,0.0,2015,11,15,2,32,0.0,0.0,0.20000000000001422,0.2,5.400000000000036
2015-11-16,0.0,2015,11,16,2,32,0.0,0.0,0.20000000000001422,0.2,5.400000000000036
2015-11-17,0.0,2015,11,17,2,32,0.0,0.0,0.0,0.2,5.400000000000036
2015-11-18,0.0,2015,11,18,2,32,0.0,0.0,0.0,0.2,0.20000000000003554
2015-11-19,0.8,2015,11,19,2,32,0.8,0.7999999999999858,0.8000000000000143,0.8,1.0000000000000355
2015-11-20,0.6,2015,11,20,2,32,0.6,1.3999999999999857,1.4000000000000141,1.4,1.6000000000000356
2015-11-21,0.0,2015,11,21,3,33,0.0,1.3999999999999857,1.4000000000000141,1.4,1.6000000000000356
2015-11-22,0.5,2015,11,22,3,33,0.5,1.0999999999999859,1.9000000000000141,1.9,1.9000000000000354
2015-11-23,0.0,2015,11,23,3,33,0.0,0.4999999999999858,1.9000000000000141,1.9,1.9000000000000354
2015-11-24,26.6,2015,11,24,3,33,26.6,27.099999999999987,27.700000000000017,28.5,28.500000000000036
2015-11-25,2.1,2015,11,25,3,33,2.1,28.69999999999999,29.200000000000017,30.6,30.600000000000037
2015-11-26,0.0,2015,11,26,3,33,0.0,28.69999999999999,29.200000000000017,29.8,30.600000000000037
2015-11-27,0.0,2015,11,27,3,33,0.0,2.099999999999986,28.700000000000017,29.200000000000003,30.600000000000037
2015-11-28,2.6,2015,11,28,3,33,2.6,2.599999999999986,31.300000000000015,31.8,33.20000000000004
2015-11-29,0.0,2015,11,29,3,33,0.0,2.599999999999986,4.700000000000014,31.3,32.40000000000004
2015-11-30,15.2,2015,11,30,3,33,15.2,17.799999999999986,17.800000000000015,46.5,47.000000000000036
2015-12-01,6.1,2015,12,1,1,34,6.1,21.299999999999983,23.900000000000013,26.0,53.10000000000004
2015-12-02,0.4,2015,12,2,1,34,0.4,21.699999999999985,24.30000000000001,24.299999999999997,53.000000000000036
2015-12-03,0.0,2015,12,3,1,34,0.0,6.499999999999986,21.70000000000001,24.299999999999997,53.000000000000036
2015-12-04,0.0,2015,12,4,1,34,0.0,0.3999999999999858,21.70000000000001,24.299999999999997,26.400000000000034
2015-12-05,3.1,2015,12,5,1,34,3.1,3.099999999999986,9.600000000000014,24.799999999999997,27.400000000000034
2015-12-06,0.0,2015,12,6,1,34,0.0,3.099999999999986,3.500000000000014,24.799999999999997,27.400000000000034
2015-12-07,0.0,2015,12,7,1,34,0.0,3.099999999999986,3.1000000000000143,9.6,27.400000000000034
2015-12-08,0.0,2015,12,8,1,34,0.0,0.0,3.1000000000000143,3.5,24.800000000000033
2015-12-09,25.8,2015,12,9,1,34,25.8,25.799999999999986,28.900000000000016,28.900000000000002,50.60000000000004
2015-12-10,0.0,2015,12,10,1,34,0.0,25.799999999999986,25.800000000000015,28.900000000000002,35.400000000000034
2015-12-11,1.3,2015,12,11,2,35,1.3,27.099999999999987,27.100000000000016,30.200000000000003,30.60000000000004
2015-12-12,0.0,2015,12,12,2,35,0.0,1.2999999999999858,27.100000000000016,27.1,30.20000000000004
2015-12-13,0.0,2015,12,13,2,35,0.0,1.2999999999999858,27.100000000000016,27.1,30.20000000000004
2015-12-14,0.2,2015,12,14,2,35,0.2,0.1999999999999858,1.5000000000000142,27.3,30.400000000000038
2015-12-15,4.3,2015,12,15,2,35,4.3,4.499999999999986,5.800000000000014,31.6,31.60000000000004
2015-12-16,22.6,2015,12,16,2,35,22.6,27.099999999999987,27.100000000000016,28.400000000000002,54.20000000000004
2015-12-17,42.1,2015,12,17,2,35,42.1,68.99999999999999,69.20000000000002,70.5,96.30000000000004
2015-12-18,21.4,2015,12,18,2,35,21.4,86.1,90.60000000000002,90.60000000000001,117.70000000000005
2015-12-19,10.5,2015,12,19,2,35,10.5,73.99999999999999,100.9,101.10000000000001,102.40000000000003
2015-12-20,5.7,2015,12,20,2,35,5.7,37.599999999999994,102.30000000000001,106.80000000000001,108.10000000000004
2015-12-21,5.7,2015,12,21,3,36,5.7,21.89999999999999,85.40000000000002,112.30000000000001,112.50000000000004
2015-12-22,6.2,2015,12,22,3,36,6.2,17.599999999999994,49.500000000000014,114.2,118.70000000000005
2015-12-23,0.0,2015,12,23,3,36,0.0,11.899999999999995,28.100000000000016,91.6,118.70000000000005
2015-12-24,0.0,2015,12,24,3,36,0.0,6.199999999999993,17.600000000000016,49.50000000000001,118.50000000000004
2015-12-25,0.0,2015,12,25,3,36,0.0,0.0,11.900000000000016,28.10000000000001,114.20000000000005
2015-12-26,0.0,2015,12,26,3,36,0.0,0.0,6.200000000000014,17.60000000000001,91.60000000000004
2015-12-27,0.0,2015,12,27,3,36,0.0,0.0,0.0,11.90000000000001,49.50000000000004
2015-12-28,0.0,2015,12,28,3,36,0.0,0.0,0.0,6.200000000000007,28.100000000000044
2015-12-29,0.0,2015,12,29,3,36,0.0,0.0,0.0,0.0,17.600000000000044
2015-12-30,0.0,2015,12,30,3,36,0.0,0.0,0.0,0.0,11.900000000000045
2015-12-31,0.0,2015,12,31,3,36,0.0,0.0,0.0,0.0,6.200000000000043
2016-01-01,0.5,2016,1,1,1,1,0.5,0.4999999999999929,0.5000000000000142,0.5000000000000071,0.5000000000000426
2016-01-02,2.3,2016,1,2,1,1,2.3,2.7999999999999927,2.800000000000014,2.800000000000007,2.8000000000000425
2016-01-03,0.0,2016,1,3,1,1,0.0,2.7999999999999927,2.800000000000014,2.800000000000007,2.8000000000000425
2016-01-04,0.0,2016,1,4,1,1,0.0,2.2999999999999927,2.800000000000014,2.800000000000007,2.8000000000000425
2016-01-05,0.0,2016,1,5,1,1,0.0,0.0,2.800000000000014,2.800000000000007,2.8000000000000425
2016-01-06,0.0,2016,1,6,1,1,0.0,0.0,2.300000000000014,2.800000000000007,2.8000000000000425
2016-01-07,0.0,2016,1,7,1,1,0.0,0.0,0.0,2.800000000000007,2.8000000000000425
2016-01-08,0.0,2016,1,8,1,1,0.0,0.0,0.0,2.300000000000007,2.8000000000000425
2016-01-09,0.0,2016,1,9,1,1,0.0,0.0,0.0,0.0,2.8000000000000425
2016-01-10,0.0,2016,1,10,1,1,0.0,0.0,0.0,0.0,2.8000000000000425
2016-01-11,0.0,2016,1,11,2,2,0.0,0.0,0.0,0.0,2.3000000000000425
2016-01-12,0.0,2016,1,12,2,2,0.0,0.0,0.0,0.0,0.0
2016-01-13,0.0,2016,1,13,2,2,0.0,0.0,0.0,0.0,0.0
2016-01-14,2.0,2016,1,14,2,2,2.0,1.999999999999993,2.000000000000014,2.000000000000007,2.0000000000000426
2016-01-15,0.4,2016,1,15,2,2,0.4,2.399999999999993,2.400000000000014,2.400000000000007,2.4000000000000425
2016-01-16,2.5,2016,1,16,2,2,2.5,4.899999999999993,4.900000000000015,4.9000000000000075,4.900000000000043
2016-01-17,0.0,2016,1,17,2,2,0.0,2.899999999999993,4.900000000000015,4.9000000000000075,4.900000000000043
2016-01-18,0.2,2016,1,18,2,2,0.2,2.699999999999993,5.100000000000014,5.100000000000007,5.100000000000042
2016-01-19,0.0,2016,1,19,2,2,0.0,0.1999999999999929,3.1000000000000143,5.100000000000007,5.100000000000042
2016-01-20,11.0,2016,1,20,2,2,11.0,11.199999999999992,13.700000000000014,16.10000000000001,16.100000000000044
2016-01-21,0.0,2016,1,21,3,3,0.0,10.999999999999993,11.200000000000014,14.100000000000007,16.100000000000044
2016-01-22,0.0,2016,1,22,3,3,0.0,10.999999999999993,11.200000000000014,13.700000000000006,16.100000000000044
2016-01-23,26.5,2016,1,23,3,3,26.5,26.499999999999993,37.500000000000014,37.7,42.600000000000044
2016-01-24,0.4,2016,1,24,3,3,0.4,26.89999999999999,37.90000000000001,38.10000000000001,41.00000000000004
2016-01-25,33.8,2016,1,25,3,3,33.8,60.69999999999999,60.70000000000001,71.7,74.40000000000003
2016-01-26,25.2,2016,1,26,3,3,25.2,59.39999999999999,85.9,96.9,97.10000000000004
2016-01-27,0.0,2016,1,27,3,3,0.0,58.999999999999986,85.9,85.9,97.10000000000004
2016-01-28,0.5,2016,1,28,3,3,0.5,25.699999999999992,59.900000000000006,86.4,97.40000000000003
2016-01-29,0.0,2016,1,29,3,3,0.0,0.4999999999999929,59.500000000000014,86.4,97.40000000000003
2016-01-30,13.6,2016,1,30,3,3,13.6,14.099999999999993,39.30000000000001,73.5,100.00000000000004
2016-01-31,7.0,2016,1,31,3,3,7.0,20.599999999999994,21.100000000000016,80.10000000000001,107.00000000000004
2016-02-01,7.0,2016,2,1,1,4,7.0,27.599999999999994,28.100000000000016,53.300000000000004,114.00000000000004
2016-02-02,7.9,2016,2,2,1,4,7.9,21.89999999999999,35.500000000000014,36.00000000000001,95.40000000000003
2016-02-03,4.2,2016,2,3,1,4,4.2,19.099999999999994,39.70000000000002,40.20000000000001,99.20000000000003
2016-02-04,0.2,2016,2,4,1,4,0.2,12.299999999999994,26.30000000000001,39.900000000000006,65.60000000000004
2016-02-05,1.8,2016,2,5,1,4,1.8,6.199999999999993,21.100000000000012,41.70000000000001,42.200000000000045
2016-02-06,3.0,2016,2,6,1,4,3.0,4.999999999999993,17.100000000000016,31.100000000000005,45.200000000000045
2016-02-07,0.0,2016,2,7,1,4,0.0,4.799999999999993,9.200000000000014,24.10000000000001,44.700000000000045
2016-02-08,0.6,2016,2,8,1,4,0.6,3.599999999999993,5.600000000000014,17.70000000000001,45.30000000000005
2016-02-09,73.1,2016,2,9,1,4,73.1,73.69999999999999,78.50000000000001,82.9,104.80000000000004
2016-02-10,1.3,2016,2,10,1,4,1.3,74.99999999999999,78.00000000000001,80.0,99.10000000000004
2016-02-11,7.2,2016,2,11,2,5,7.2,81.6,82.20000000000002,87.0,99.30000000000004
2016-02-12,9.7,2016,2,12,2,5,9.7,18.2,91.90000000000002,94.9,101.10000000000004
2016-02-13,3.5,2016,2,13,2,5,3.5,20.4,94.80000000000001,95.4,100.40000000000003
2016-02-14,0.4,2016,2,14,2,5,0.4,13.6,22.100000000000012,95.8,100.60000000000004
2016-02-15,0.0,2016,2,15,2,5,0.0,3.9,20.80000000000001,95.2,98.80000000000003
2016-02-16,0.0,2016,2,16,2,5,0.0,0.4,13.600000000000014,22.100000000000012,95.80000000000003
2016-02-17,4.4,2016,2,17,2,5,4.4,4.4,8.300000000000015,25.200000000000014,100.20000000000003
2016-02-18,2.7,2016,2,18,2,5,2.7,7.1000000000000005,7.500000000000015,20.700000000000014,102.30000000000004
2016-02-19,0.0,2016,2,19,2,5,0.0,7.1000000000000005,7.100000000000015,11.000000000000014,29.200000000000042
2016-02-20,4.7,2016,2,20,2,5,4.7,7.4,11.800000000000015,12.200000000000015,32.600000000000044
2016-02-21,6.1,2016,2,21,3,6,6.1,10.8,17.900000000000013,17.900000000000013,31.500000000000043
2016-02-22,0.0,2016,2,22,3,6,0.0,10.8,13.500000000000014,17.900000000000013,21.800000000000043
2016-02-23,0.0,2016,2,23,3,6,0.0,6.1,10.800000000000015,17.900000000000013,18.300000000000043
2016-02-24,2.4,2016,2,24,3,6,2.4,2.4,13.200000000000015,15.900000000000015,20.300000000000043
2016-02-25,21.6,2016,2,25,3,6,21.6,24.0,30.100000000000016,34.80000000000001,41.90000000000005
2016-02-26,89.6,2016,2,26,3,6,89.6,113.6,113.60000000000001,124.4,131.50000000000006
2016-02-27,0.3,2016,2,27,3,6,0.3,111.49999999999999,113.9,120.0,127.40000000000003
2016-02-28,12.6,2016,2,28,3,6,12.6,102.5,126.50000000000001,126.50000000000001,137.30000000000004
2016-02-29,7.6,2016,2,29,3,6,7.6,20.5,131.70000000000002,134.10000000000002,144.90000000000003
2016-03-01,32.7,2016,3,1,1,7,32.7,52.900000000000006,142.8,166.8,172.90000000000003
2016-03-02,10.9,2016,3,2,1,7,10.9,51.2,64.10000000000002,175.3,177.70000000000005
2016-03-03,4.5,2016,3,3,1,7,4.5,48.10000000000001,68.30000000000003,158.20000000000002,182.20000000000005
2016-03-04,0.0,2016,3,4,1,7,0.0,15.400000000000007,55.70000000000002,68.60000000000002,182.20000000000005
2016-03-05,2.8,2016,3,5,1,7,2.8,7.300000000000007,50.90000000000002,71.10000000000002,182.60000000000005
2016-03-06,0.0,2016,3,6,1,7,0.0,2.800000000000007,18.200000000000014,58.50000000000002,161.00000000000006
2016-03-07,1.2,2016,3,7,1,7,1.2,4.000000000000007,8.500000000000014,52.100000000000016,72.60000000000005
2016-03-08,26.2,2016,3,8,1,7,26.2,27.400000000000006,30.200000000000014,45.60000000000001,98.50000000000004
2016-03-09,9.8,2016,3,9,1,7,9.8,37.2,40.000000000000014,44.500000000000014,95.70000000000005
2016-03-10,0.0,2016,3,10,1,7,0.0,36.0,37.20000000000002,40.000000000000014,88.10000000000005
2016-03-11,24.0,2016,3,11,2,8,24.0,33.80000000000001,61.20000000000002,64.00000000000001,79.40000000000003
2016-03-12,0.0,2016,3,12,2,8,0.0,24.000000000000007,60.000000000000014,61.20000000000001,68.50000000000003
2016-03-13,22.6,2016,3,13,2,8,22.6,46.60000000000001,56.40000000000001,83.80000000000001,86.60000000000004
2016-03-14,0.0,2016,3,14,2,8,0.0,22.60000000000001,46.600000000000016,82.60000000000001,86.60000000000004
2016-03-15,0.0,2016,3,15,2,8,0.0,22.60000000000001,46.600000000000016,56.40000000000002,83.80000000000004
2016-03-16,1.3,2016,3,16,2,8,1.3,1.3000000000000071,23.900000000000016,47.90000000000001,85.10000000000004
2016-03-17,0.9,2016,3,17,2,8,0.9,2.2000000000000073,24.800000000000015,48.80000000000002,84.80000000000004
2016-03-18,1.8,2016,3,18,2,8,1.8,4.000000000000007,4.000000000000014,26.600000000000016,60.40000000000005
2016-03-19,2.5,2016,3,19,2,8,2.5,5.200000000000007,6.500000000000014,29.100000000000016,53.100000000000044
2016-03-20,0.0,2016,3,20,2,8,0.0,4.300000000000007,6.500000000000014,6.500000000000014,53.100000000000044
2016-03-21,0.0,2016,3,21,3,9,0.0,2.500000000000007,5.200000000000014,6.500000000000014,29.100000000000044
2016-03-22,0.0,2016,3,22,3,9,0.0,0.0,4.300000000000014,6.500000000000014,29.100000000000044
2016-03-23,28.5,2016,3,23,3,9,28.5,28.500000000000007,31.000000000000014,33.70000000000002,35.00000000000004
2016-03-24,0.0,2016,3,24,3,9,0.0,28.500000000000007,28.500000000000014,32.80000000000001,35.00000000000004
2016-03-25,0.0,2016,3,25,3,9,0.0,28.500000000000007,28.500000000000014,31.000000000000014,35.00000000000004
2016-03-26,2.1,2016,3,26,3,9,2.1,2.100000000000007,30.600000000000016,30.600000000000016,35.80000000000005
2016-03-27,3.8,2016,3,27,3,9,3.8,5.9000000000000075,34.40000000000001,34.40000000000001,38.70000000000004
2016-03-28,6.8,2016,3,28,3,9,6.8,12.700000000000006,12.700000000000014,41.20000000000002,43.700000000000045
2016-03-29,0.0,2016,3,29,3,9,0.0,10.600000000000007,12.700000000000014,41.20000000000002,41.200000000000045
2016-03-30,44.6,2016,3,30,3,9,44.6,51.400000000000006,57.30000000000001,57.30000000000001,85.80000000000004
2016-03-31,1.8,2016,3,31,3,9,1.8,46.400000000000006,57.000000000000014,59.10000000000001,87.60000000000004
2016-04-01,0.0,2016,4,1,1,10,0.0,46.400000000000006,53.20000000000002,59.10000000000001,87.60000000000004
2016-04-02,16.1,2016,4,2,1,10,16.1,17.90000000000001,62.50000000000003,73.10000000000001,75.20000000000005
2016-04-03,0.0,2016,4,3,1,10,0.0,16.10000000000001,62.50000000000003,69.30000000000001,75.20000000000005
2016-04-04,0.0,2016,4,4,1,10,0.0,16.10000000000001,17.900000000000016,62.500000000000014,75.20000000000005
2016-04-05,0.0,2016,4,5,1,10,0.0,0.0,16.100000000000016,62.500000000000014,73.10000000000005
2016-04-06,0.0,2016,4,6,1,10,0.0,0.0,16.100000000000016,17.90000000000001,69.30000000000004
2016-04-07,0.0,2016,4,7,1,10,0.0,0.0,0.0,16.10000000000001,62.50000000000004
2016-04-08,0.0,2016,4,8,1,10,0.0,0.0,0.0,16.10000000000001,62.50000000000004
2016-04-09,0.0,2016,4,9,1,10,0.0,0.0,0.0,0.0,17.900000000000045
2016-04-10,0.0,2016,4,10,1,10,0.0,0.0,0.0,0.0,16.100000000000044
2016-04-11,2.6,2016,4,11,2,11,2.6,2.600000000000007,2.6000000000000143,2.600000000000007,18.700000000000045
2016-04-12,9.6,2016,4,12,2,11,9.6,12.200000000000006,12.200000000000014,12.200000000000006,12.200000000000042
2016-04-13,0.0,2016,4,13,2,11,0.0,12.200000000000006,12.200000000000014,12.200000000000006,12.200000000000042
2016-04-14,0.0,2016,4,14,2,11,0.0,9.600000000000007,12.200000000000014,12.200000000000006,12.200000000000042
2016-04-15,0.0,2016,4,15,2,11,0.0,0.0,12.200000000000014,12.200000000000006,12.200000000000042
2016-04-16,5.2,2016,4,16,2,11,5.2,5.200000000000007,14.800000000000015,17.400000000000006,17.40000000000004
2016-04-17,0.0,2016,4,17,2,11,0.0,5.200000000000007,5.200000000000014,17.400000000000006,17.40000000000004
2016-04-18,7.3,2016,4,18,2,11,7.3,12.500000000000007,12.500000000000014,22.10000000000001,24.700000000000042
2016-04-19,0.0,2016,4,19,2,11,0.0,7.300000000000007,12.500000000000014,12.500000000000007,24.700000000000042
2016-04-20,27.7,2016,4,20,2,11,27.7,35.00000000000001,40.20000000000002,40.2,52.40000000000004
2016-04-21,5.8,2016,4,21,3,12,5.8,33.50000000000001,40.80000000000001,46.00000000000001,55.60000000000004
2016-04-22,0.0,2016,4,22,3,12,0.0,33.50000000000001,40.80000000000001,46.00000000000001,46.00000000000004
2016-04-23,7.5,2016,4,23,3,12,7.5,13.300000000000008,41.000000000000014,48.300000000000004,53.50000000000004
2016-04-24,1.0,2016,4,24,3,12,1.0,8.500000000000007,42.000000000000014,49.300000000000004,54.50000000000004
2016-04-25,0.3,2016,4,25,3,12,0.3,8.800000000000008,14.600000000000014,42.300000000000004,54.80000000000005
2016-04-26,1.0,2016,4,26,3,12,1.0,2.300000000000007,9.800000000000015,43.300000000000004,50.600000000000044
2016-04-27,0.0,2016,4,27,3,12,0.0,1.3000000000000071,9.800000000000015,15.600000000000007,50.600000000000044
2016-04-28,0.0,2016,4,28,3,12,0.0,1.000000000000007,2.300000000000014,9.800000000000008,43.30000000000004
2016-04-29,0.1,2016,4,29,3,12,0.1,0.10000000000000711,1.4000000000000143,9.900000000000007,43.40000000000004
2016-04-30,3.8,2016,4,30,3,12,3.8,3.900000000000007,4.900000000000015,6.200000000000006,19.500000000000043
2016-05-01,54.2,2016,5,1,1,13,54.2,58.10000000000001,58.100000000000016,59.400000000000006,67.90000000000005
2016-05-02,0.0,2016,5,2,1,13,0.0,58.00000000000001,58.100000000000016,59.10000000000001,67.90000000000005
2016-05-03,22.6,2016,5,3,1,13,22.6,76.80000000000001,80.70000000000002,80.70000000000002,83.00000000000006
2016-05-04,0.0,2016,5,4,1,13,0.0,22.60000000000001,80.60000000000002,80.70000000000002,82.00000000000006
2016-05-05,0.0,2016,5,5,1,13,0.0,22.60000000000001,76.80000000000001,80.70000000000002,81.70000000000005
2016-05-06,4.3,2016,5,6,1,13,4.3,4.300000000000007,26.900000000000016,84.9,85.00000000000006
2016-05-07,0.0,2016,5,7,1,13,0.0,4.300000000000007,26.900000000000016,81.10000000000001,85.00000000000006
2016-05-08,0.0,2016,5,8,1,13,0.0,4.300000000000007,4.300000000000014,26.900000000000002,85.00000000000006
2016-05-09,5.1,2016,5,9,1,13,5.1,5.100000000000007,9.400000000000013,32.0,90.00000000000004
2016-05-10,0.0,2016,5,10,1,13,0.0,5.100000000000007,9.400000000000013,9.399999999999999,86.20000000000005
2016-05-11,0.0,2016,5,11,2,14,0.0,5.100000000000007,5.100000000000014,9.399999999999999,32.00000000000005
2016-05-12,0.4,2016,5,12,2,14,0.4,0.4000000000000071,5.500000000000014,9.799999999999999,32.40000000000005
2016-05-13,0.0,2016,5,13,2,14,0.0,0.4000000000000071,5.500000000000014,5.5,9.800000000000049
2016-05-14,1.6,2016,5,14,2,14,1.6,2.000000000000007,2.000000000000014,7.1,11.400000000000048
2016-05-15,0.0,2016,5,15,2,14,0.0,1.6000000000000072,2.000000000000014,7.1,11.400000000000048
2016-05-16,0.0,2016,5,16,2,14,0.0,1.6000000000000072,2.000000000000014,2.0,7.100000000000049
2016-05-17,0.0,2016,5,17,2,14,0.0,0.0,1.6000000000000143,2.0,7.100000000000049
2016-05-18,1.5,2016,5,18,2,14,1.5,1.500000000000007,3.1000000000000143,3.5,8.60000000000005
2016-05-19,0.0,2016,5,19,2,14,0.0,1.500000000000007,1.5000000000000142,3.1,3.5000000000000497
2016-05-20,0.0,2016,5,20,2,14,0.0,1.500000000000007,1.5000000000000142,3.1,3.5000000000000497
2016-05-21,6.0,2016,5,21,3,15,6.0,6.000000000000007,7.500000000000014,7.5,9.50000000000005
2016-05-22,5.1,2016,5,22,3,15,5.1,11.100000000000007,12.600000000000014,12.6,14.200000000000049
2016-05-23,5.8,2016,5,23,3,15,5.8,16.900000000000006,16.900000000000013,18.4,20.00000000000005
2016-05-24,2.5,2016,5,24,3,15,2.5,13.400000000000006,19.400000000000013,20.9,20.90000000000005
2016-05-25,21.8,2016,5,25,3,15,21.8,30.10000000000001,41.20000000000002,41.2,42.700000000000045
2016-05-26,0.0,2016,5,26,3,15,0.0,24.300000000000004,35.20000000000002,41.2,42.700000000000045
2016-05-27,8.8,2016,5,27,3,15,8.8,30.600000000000005,38.90000000000001,50.0,51.50000000000005
2016-05-28,0.0,2016,5,28,3,15,0.0,8.800000000000004,33.100000000000016,44.0,50.00000000000005
2016-05-29,0.0,2016,5,29,3,15,0.0,8.800000000000004,30.600000000000016,38.9,50.00000000000005
2016-05-30,0.8,2016,5,30,3,15,0.8,0.8000000000000036,9.600000000000016,33.9,50.80000000000005
2016-05-31,2.8,2016,5,31,3,15,2.8,3.600000000000003,12.400000000000015,34.2,47.60000000000005
2016-06-01,0.8,2016,6,1,1,16,0.8,4.400000000000003,4.400000000000014,13.200000000000001,43.300000000000054
2016-06-02,0.0,2016,6,2,1,16,0.0,3.600000000000003,4.400000000000014,13.200000000000001,37.50000000000005
2016-06-03,0.0,2016,6,3,1,16,0.0,0.8000000000000036,4.400000000000014,4.3999999999999995,35.00000000000005
2016-06-04,0.0,2016,6,4,1,16,0.0,0.0,3.600000000000014,4.3999999999999995,13.20000000000005
2016-06-05,0.0,2016,6,5,1,16,0.0,0.0,0.8000000000000143,4.3999999999999995,13.20000000000005
2016-06-06,0.4,2016,6,6,1,16,0.4,0.4000000000000036,0.40000000000001423,4.0,4.80000000000005
2016-06-07,6.2,2016,6,7,1,16,6.2,6.600000000000004,6.600000000000015,7.4,11.00000000000005
2016-06-08,0.0,2016,6,8,1,16,0.0,6.600000000000004,6.600000000000015,6.6000000000000005,11.00000000000005
2016-06-09,0.0,2016,6,9,1,16,0.0,6.200000000000004,6.600000000000015,6.6000000000000005,10.200000000000049
2016-06-10,16.5,2016,6,10,1,16,16.5,16.500000000000004,23.100000000000016,23.1,23.90000000000005
2016-06-11,0.0,2016,6,11,2,17,0.0,16.500000000000004,22.700000000000017,23.1,23.100000000000048
2016-06-12,0.0,2016,6,12,2,17,0.0,16.500000000000004,16.500000000000014,23.1,23.100000000000048
2016-06-13,0.0,2016,6,13,2,17,0.0,0.0,16.500000000000014,22.700000000000003,23.100000000000048
2016-06-14,1.8,2016,6,14,2,17,1.8,1.8000000000000036,18.300000000000015,18.3,24.90000000000005
2016-06-15,0.0,2016,6,15,2,17,0.0,1.8000000000000036,1.8000000000000143,18.3,24.90000000000005
2016-06-16,26.6,2016,6,16,2,17,26.6,28.400000000000006,28.400000000000016,44.900000000000006,51.10000000000005
2016-06-17,0.0,2016,6,17,2,17,0.0,26.600000000000005,28.400000000000016,28.400000000000002,44.90000000000005
2016-06-18,33.8,2016,6,18,2,17,33.8,60.400000000000006,62.20000000000002,62.2,78.70000000000005
2016-06-19,2.6,2016,6,19,2,17,2.6,36.400000000000006,63.00000000000002,64.8,81.30000000000004
2016-06-20,0.0,2016,6,20,2,17,0.0,36.400000000000006,63.00000000000002,64.8,64.80000000000004
2016-06-21,0.0,2016,6,21,3,18,0.0,2.600000000000007,36.40000000000002,63.00000000000001,64.80000000000004
2016-06-22,0.0,2016,6,22,3,18,0.0,0.0,36.40000000000002,63.00000000000001,64.80000000000004
2016-06-23,0.0,2016,6,23,3,18,0.0,0.0,2.6000000000000214,36.400000000000006,64.80000000000004
2016-06-24,0.0,2016,6,24,3,18,0.0,0.0,0.0,36.400000000000006,63.00000000000005
2016-06-25,0.8,2016,6,25,3,18,0.8,0.8000000000000071,0.8000000000000214,3.4000000000000075,63.80000000000005
2016-06-26,0.0,2016,6,26,3,18,0.0,0.8000000000000071,0.8000000000000214,0.8000000000000071,37.200000000000045
2016-06-27,2.3,2016,6,27,3,18,2.3,3.1000000000000068,3.100000000000021,3.1000000000000068,39.50000000000005
2016-06-28,0.0,2016,6,28,3,18,0.0,2.300000000000007,3.100000000000021,3.1000000000000068,5.70000000000005
2016-06-29,0.0,2016,6,29,3,18,0.0,2.300000000000007,3.100000000000021,3.1000000000000068,3.10000000000005
2016-06-30,1.2,2016,6,30,3,18,1.2,1.200000000000007,3.5000000000000213,4.300000000000007,4.30000000000005
2016-07-01,28.0,2016,7,1,1,19,28.0,29.200000000000006,31.50000000000002,32.300000000000004,32.30000000000005
2016-07-02,0.0,2016,7,2,1,19,0.0,29.200000000000006,29.20000000000002,31.500000000000007,32.300000000000054
2016-07-03,0.0,2016,7,3,1,19,0.0,28.000000000000007,29.20000000000002,31.500000000000007,32.300000000000054
2016-07-04,0.0,2016,7,4,1,19,0.0,0.0,29.20000000000002,29.20000000000001,32.300000000000054
2016-07-05,0.0,2016,7,5,1,19,0.0,0.0,28.00000000000002,29.20000000000001,31.50000000000005
2016-07-06,2.2,2016,7,6,1,19,2.2,2.2000000000000073,2.2000000000000215,31.40000000000001,33.70000000000005
2016-07-07,0.0,2016,7,7,1,19,0.0,2.2000000000000073,2.2000000000000215,30.200000000000006,31.400000000000052
2016-07-08,27.1,2016,7,8,1,19,27.1,29.300000000000008,29.300000000000022,29.300000000000008,58.50000000000005
2016-07-09,0.0,2016,7,9,1,19,0.0,27.10000000000001,29.300000000000022,29.300000000000008,58.50000000000005
2016-07-10,0.0,2016,7,10,1,19,0.0,27.10000000000001,29.300000000000022,29.300000000000008,57.300000000000054
2016-07-11,21.0,2016,7,11,2,20,21.0,21.000000000000007,48.10000000000002,50.30000000000001,50.300000000000054
2016-07-12,0.0,2016,7,12,2,20,0.0,21.000000000000007,48.10000000000002,50.30000000000001,50.300000000000054
2016-07-13,2.4,2016,7,13,2,20,2.4,23.400000000000006,23.40000000000002,50.50000000000001,52.70000000000005
2016-07-14,0.6,2016,7,14,2,20,0.6,3.000000000000007,24.00000000000002,51.1,53.30000000000005
2016-07-15,0.0,2016,7,15,2,20,0.0,3.000000000000007,24.00000000000002,24.000000000000007,53.30000000000005
2016-07-16,0.0,2016,7,16,2,20,0.0,0.6000000000000071,3.0000000000000213,24.000000000000007,51.100000000000044
2016-07-17,0.0,2016,7,17,2,20,0.0,0.0,3.0000000000000213,24.000000000000007,51.100000000000044
2016-07-18,37.5,2016,7,18,2,20,37.5,37.50000000000001,38.10000000000002,40.50000000000001,61.50000000000004
2016-07-19,6.0,2016,7,19,2,20,6.0,43.50000000000001,43.50000000000002,46.50000000000001,67.50000000000004
2016-07-20,1.5,2016,7,20,2,20,1.5,45.00000000000001,45.00000000000002,45.60000000000001,69.00000000000004
2016-07-21,1.0,2016,7,21,3,21,1.0,8.500000000000007,46.00000000000002,46.00000000000001,49.00000000000004
2016-07-22,0.0,2016,7,22,3,21,0.0,2.500000000000007,46.00000000000002,46.00000000000001,49.00000000000004
2016-07-23,0.0,2016,7,23,3,21,0.0,1.000000000000007,8.500000000000021,46.00000000000001,46.600000000000044
2016-07-24,0.0,2016,7,24,3,21,0.0,0.0,2.5000000000000213,46.00000000000001,46.00000000000004
2016-07-25,1.3,2016,7,25,3,21,1.3,1.3000000000000071,2.300000000000021,9.800000000000008,47.30000000000004
2016-07-26,0.0,2016,7,26,3,21,0.0,1.3000000000000071,1.3000000000000214,3.800000000000007,47.30000000000004
2016-07-27,3.2,2016,7,27,3,21,3.2,4.500000000000007,4.500000000000021,5.500000000000007,50.50000000000004
2016-07-28,0.0,2016,7,28,3,21,0.0,3.2000000000000073,4.500000000000021,4.500000000000007,13.000000000000043
2016-07-29,0.0,2016,7,29,3,21,0.0,3.2000000000000073,4.500000000000021,4.500000000000007,7.000000000000043
2016-07-30,3.0,2016,7,30,3,21,3.0,3.000000000000007,6.2000000000000215,7.500000000000007,8.500000000000043
2016-07-31,0.0,2016,7,31,3,21,0.0,3.000000000000007,6.2000000000000215,7.500000000000007,7.500000000000043
2016-08-01,8.9,2016,8,1,1,22,8.9,11.900000000000007,11.900000000000022,15.100000000000009,16.40000000000004
2016-08-02,0.0,2016,8,2,1,22,0.0,8.900000000000007,11.900000000000022,15.100000000000007,16.40000000000004
2016-08-03,3.6,2016,8,3,1,22,3.6,12.500000000000007,15.500000000000021,15.500000000000005,20.000000000000043
2016-08-04,0.0,2016,8,4,1,22,0.0,3.600000000000007,12.500000000000021,15.500000000000007,18.700000000000042
2016-08-05,0.0,2016,8,5,1,22,0.0,3.600000000000007,12.500000000000021,15.500000000000007,18.700000000000042
2016-08-06,0.0,2016,8,6,1,22,0.0,0.0,3.6000000000000214,12.500000000000007,15.500000000000043
2016-08-07,0.0,2016,8,7,1,22,0.0,0.0,3.6000000000000214,12.500000000000007,15.500000000000043
2016-08-08,0.0,2016,8,8,1,22,0.0,0.0,0.0,3.6000000000000054,15.500000000000043
2016-08-09,0.7,2016,8,9,1,22,0.7,0.7000000000000071,0.7000000000000213,4.300000000000005,13.200000000000044
2016-08-10,0.0,2016,8,10,1,22,0.0,0.7000000000000071,0.7000000000000213,0.7000000000000053,13.200000000000044
2016-08-11,0.0,2016,8,11,2,23,0.0,0.7000000000000071,0.7000000000000213,0.7000000000000053,4.3000000000000425
2016-08-12,0.0,2016,8,12,2,23,0.0,0.0,0.7000000000000213,0.7000000000000053,4.3000000000000425
2016-08-13,0.0,2016,8,13,2,23,0.0,0.0,0.7000000000000213,0.7000000000000053,0.7000000000000426
2016-08-14,11.5,2016,8,14,2,23,11.5,11.500000000000007,11.500000000000021,12.200000000000005,12.200000000000042
2016-08-15,6.7,2016,8,15,2,23,6.7,18.200000000000006,18.20000000000002,18.900000000000006,18.90000000000004
2016-08-16,1.7,2016,8,16,2,23,1.7,19.900000000000006,19.90000000000002,19.900000000000006,20.60000000000004
2016-08-17,1.0,2016,8,17,2,23,1.0,9.400000000000007,20.90000000000002,20.900000000000006,21.60000000000004
2016-08-18,0.0,2016,8,18,2,23,0.0,2.7000000000000073,20.90000000000002,20.900000000000006,21.60000000000004
2016-08-19,0.0,2016,8,19,2,23,0.0,1.000000000000007,9.400000000000022,20.900000000000006,20.90000000000004
2016-08-20,0.0,2016,8,20,2,23,0.0,0.0,2.7000000000000215,20.900000000000006,20.90000000000004
2016-08-21,0.0,2016,8,21,3,24,0.0,0.0,1.0000000000000213,9.400000000000006,20.90000000000004
2016-08-22,0.0,2016,8,22,3,24,0.0,0.0,0.0,2.7000000000000055,20.90000000000004
2016-08-23,0.0,2016,8,23,3,24,0.0,0.0,0.0,1.0000000000000053,20.90000000000004
2016-08-24,0.0,2016,8,24,3,24,0.0,0.0,0.0,0.0,9.400000000000043
2016-08-25,0.3,2016,8,25,3,24,0.3,0.3000000000000071,0.3000000000000213,0.3000000000000053,3.0000000000000426
2016-08-26,3.3,2016,8,26,3,24,3.3,3.6000000000000068,3.600000000000021,3.600000000000005,4.600000000000042
2016-08-27,0.0,2016,8,27,3,24,0.0,3.6000000000000068,3.600000000000021,3.600000000000005,3.6000000000000423
2016-08-28,0.0,2016,8,28,3,24,0.0,3.300000000000007,3.600000000000021,3.600000000000005,3.6000000000000423
2016-08-29,0.0,2016,8,29,3,24,0.0,0.0,3.600000000000021,3.600000000000005,3.6000000000000423
2016-08-30,18.7,2016,8,30,3,24,18.7,18.700000000000006,22.00000000000002,22.300000000000004,22.30000000000004
2016-08-31,30.2,2016,8,31,3,24,30.2,48.900000000000006,48.90000000000002,52.5,52.50000000000004
2016-09-01,0.0,2016,9,1,1,25,0.0,48.900000000000006,48.90000000000002,52.2,52.50000000000004
2016-09-02,0.3,2016,9,2,1,25,0.3,30.500000000000007,49.20000000000002,49.2,52.80000000000004
2016-09-03,23.3,2016,9,3,1,25,23.3,23.60000000000001,72.50000000000003,72.5,76.10000000000005
2016-09-04,12.4,2016,9,4,1,25,12.4,36.00000000000001,66.20000000000002,84.9,88.20000000000005
2016-09-05,0.7,2016,9,5,1,25,0.7,36.40000000000001,36.700000000000024,85.60000000000001,85.60000000000005
2016-09-06,1.1,2016,9,6,1,25,1.1,14.200000000000008,37.800000000000026,68.0,86.70000000000005
2016-09-07,0.0,2016,9,7,1,25,0.0,1.8000000000000071,37.50000000000003,37.80000000000001,86.70000000000005
2016-09-08,2.0,2016,9,8,1,25,2.0,3.100000000000007,16.20000000000002,39.80000000000001,88.70000000000005
2016-09-09,0.0,2016,9,9,1,25,0.0,2.000000000000007,3.800000000000021,39.50000000000001,70.00000000000004
2016-09-10,0.0,2016,9,10,1,25,0.0,2.000000000000007,3.100000000000021,16.200000000000006,39.80000000000005
2016-09-11,0.0,2016,9,11,2,26,0.0,0.0,2.0000000000000213,3.800000000000007,39.800000000000054
2016-09-12,14.0,2016,9,12,2,26,14.0,14.000000000000007,16.00000000000002,17.10000000000001,53.50000000000004
2016-09-13,0.0,2016,9,13,2,26,0.0,14.000000000000007,14.000000000000021,16.000000000000007,30.200000000000045
2016-09-14,0.0,2016,9,14,2,26,0.0,14.000000000000007,14.000000000000021,16.000000000000007,17.800000000000047
2016-09-15,0.0,2016,9,15,2,26,0.0,0.0,14.000000000000021,14.000000000000007,17.100000000000044
2016-09-16,8.8,2016,9,16,2,26,8.8,8.800000000000008,22.800000000000022,22.800000000000008,24.800000000000047
2016-09-17,0.0,2016,9,17,2,26,0.0,8.800000000000008,8.800000000000022,22.800000000000008,24.800000000000047
2016-09-18,1.9,2016,9,18,2,26,1.9,10.700000000000008,10.700000000000022,24.700000000000006,24.700000000000045
2016-09-19,0.0,2016,9,19,2,26,0.0,1.900000000000007,10.700000000000022,10.700000000000008,24.700000000000045
2016-09-20,40.0,2016,9,20,2,26,40.0,41.900000000000006,50.700000000000024,50.70000000000001,64.70000000000005
2016-09-21,0.0,2016,9,21,3,27,0.0,40.00000000000001,41.90000000000002,50.70000000000001,64.70000000000005
2016-09-22,3.2,2016,9,22,3,27,3.2,43.20000000000001,45.10000000000002,53.90000000000001,53.90000000000005
2016-09-23,0.0,2016,9,23,3,27,0.0,3.2000000000000073,43.200000000000024,45.10000000000001,53.90000000000005
2016-09-24,1.5,2016,9,24,3,27,1.5,4.700000000000007,44.700000000000024,46.60000000000001,55.40000000000005
2016-09-25,0.0,2016,9,25,3,27,0.0,1.500000000000007,4.7000000000000215,44.70000000000001,55.40000000000005
2016-09-26,19.4,2016,9,26,3,27,19.4,20.900000000000006,24.10000000000002,64.10000000000001,66.00000000000004
2016-09-27,0.0,2016,9,27,3,27,0.0,19.400000000000006,20.90000000000002,24.100000000000005,66.00000000000004
2016-09-28,10.1,2016,9,28,3,27,10.1,29.500000000000007,31.00000000000002,34.2,74.20000000000005
2016-09-29,10.4,2016,9,29,3,27,10.4,20.500000000000007,39.90000000000002,41.400000000000006,84.60000000000004
2016-09-30,9.8,2016,9,30,3,27,9.8,30.300000000000008,49.70000000000002,51.2,54.40000000000004
2016-10-01,3.5,2016,10,1,1,28,3.5,23.70000000000001,33.800000000000026,53.2,57.90000000000004
2016-10-02,0.0,2016,10,2,1,28,0.0,13.300000000000008,33.800000000000026,53.2,54.70000000000004
2016-10-03,31.2,2016,10,3,1,28,31.2,34.7,54.90000000000002,65.0,85.90000000000003
2016-10-04,0.0,2016,10,4,1,28,0.0,31.200000000000006,44.50000000000002,65.0,84.40000000000003
2016-10-05,1.8,2016,10,5,1,28,1.8,33.00000000000001,36.500000000000014,56.7,86.20000000000003
2016-10-06,0.7,2016,10,6,1,28,0.7,2.500000000000007,33.70000000000002,47.00000000000001,67.50000000000004
2016-10-07,0.0,2016,10,7,1,28,0.0,2.500000000000007,33.70000000000002,37.2,67.50000000000004
2016-10-08,10.4,2016,10,8,1,28,10.4,11.100000000000007,12.900000000000022,44.1,67.80000000000004
2016-10-09,0.6,2016,10,9,1,28,0.6,11.000000000000007,13.500000000000021,44.70000000000001,58.00000000000004
2016-10-10,0.2,2016,10,10,1,28,0.2,11.200000000000008,11.900000000000022,13.700000000000008,48.40000000000004
2016-10-11,0.9,2016,10,11,2,29,0.9,1.700000000000007,12.100000000000021,14.600000000000007,45.80000000000004
2016-10-12,2.8,2016,10,12,2,29,2.8,3.900000000000007,14.900000000000022,15.600000000000007,48.600000000000044
2016-10-13,0.0,2016,10,13,2,29,0.0,3.700000000000007,4.500000000000021,14.900000000000007,17.40000000000004
2016-10-14,12.2,2016,10,14,2,29,12.2,15.000000000000007,16.10000000000002,27.10000000000001,29.600000000000044
2016-10-15,0.0,2016,10,15,2,29,0.0,12.200000000000006,15.900000000000022,16.70000000000001,27.80000000000004
2016-10-16,0.0,2016,10,16,2,29,0.0,12.200000000000006,15.000000000000021,16.10000000000001,27.100000000000044
2016-10-17,0.0,2016,10,17,2,29,0.0,0.0,12.20000000000002,15.900000000000006,27.100000000000044
2016-10-18,0.0,2016,10,18,2,29,0.0,0.0,12.20000000000002,15.000000000000007,16.700000000000045
2016-10-19,1.1,2016,10,19,2,29,1.1,1.1000000000000072,1.1000000000000214,13.300000000000006,17.200000000000042
2016-10-20,2.0,2016,10,20,2,29,2.0,3.100000000000007,3.1000000000000214,15.300000000000006,19.000000000000043
2016-10-21,3.4,2016,10,21,3,30,3.4,6.500000000000007,6.500000000000021,6.500000000000007,21.500000000000043
2016-10-22,0.0,2016,10,22,3,30,0.0,5.4000000000000075,6.500000000000021,6.500000000000007,18.700000000000045
2016-10-23,49.6,2016,10,23,3,30,49.6,53.00000000000001,56.10000000000002,56.10000000000001,68.30000000000004
2016-10-24,13.8,2016,10,24,3,30,13.8,63.400000000000006,68.80000000000003,69.9,69.90000000000005
2016-10-25,4.2,2016,10,25,3,30,4.2,67.60000000000001,71.00000000000003,74.10000000000001,74.10000000000005
2016-10-26,10.6,2016,10,26,3,30,10.6,28.60000000000001,78.20000000000002,83.60000000000002,84.70000000000005
2016-10-27,9.4,2016,10,27,3,30,9.4,24.20000000000001,87.60000000000002,91.00000000000001,94.10000000000005
2016-10-28,2.0,2016,10,28,3,30,2.0,22.000000000000007,40.00000000000002,89.60000000000001,96.10000000000005
2016-10-29,1.0,2016,10,29,3,30,1.0,12.400000000000007,27.200000000000024,90.60000000000001,96.00000000000006
2016-10-30,0.0,2016,10,30,3,30,0.0,3.000000000000007,23.00000000000002,41.00000000000001,94.00000000000006
2016-10-31,2.0,2016,10,31,3,30,2.0,3.000000000000007,14.400000000000022,29.20000000000001,92.60000000000005
2016-11-01,0.0,2016,11,1,1,31,0.0,2.000000000000007,5.000000000000021,25.000000000000007,92.60000000000005
2016-11-02,0.0,2016,11,2,1,31,0.0,2.000000000000007,3.0000000000000213,14.400000000000007,43.00000000000004
2016-11-03,0.0,2016,11,3,1,31,0.0,0.0,2.0000000000000213,5.000000000000007,29.200000000000045
2016-11-04,0.0,2016,11,4,1,31,0.0,0.0,2.0000000000000213,3.000000000000007,25.000000000000043
2016-11-05,0.0,2016,11,5,1,31,0.0,0.0,0.0,2.000000000000007,14.400000000000043
2016-11-06,0.0,2016,11,6,1,31,0.0,0.0,0.0,2.000000000000007,5.000000000000043
2016-11-07,0.0,2016,11,7,1,31,0.0,0.0,0.0,0.0,3.0000000000000426
2016-11-08,0.0,2016,11,8,1,31,0.0,0.0,0.0,0.0,2.0000000000000426
2016-11-09,0.0,2016,11,9,1,31,0.0,0.0,0.0,0.0,2.0000000000000426
2016-11-10,0.0,2016,11,10,1,31,0.0,0.0,0.0,0.0,0.0
2016-11-11,24.4,2016,11,11,2,32,24.4,24.400000000000006,24.40000000000002,24.400000000000006,24.40000000000004
2016-11-12,9.0,2016,11,12,2,32,9.0,33.400000000000006,33.40000000000002,33.400000000000006,33.40000000000004
2016-11-13,7.6,2016,11,13,2,32,7.6,41.00000000000001,41.00000000000002,41.00000000000001,41.00000000000004
2016-11-14,1.3,2016,11,14,2,32,1.3,17.900000000000006,42.30000000000002,42.300000000000004,42.30000000000004
2016-11-15,3.4,2016,11,15,2,32,3.4,12.300000000000008,45.70000000000002,45.7,45.70000000000004
2016-11-16,0.0,2016,11,16,2,32,0.0,4.700000000000007,21.300000000000022,45.7,45.70000000000004
2016-11-17,0.0,2016,11,17,2,32,0.0,3.4000000000000075,12.300000000000022,45.7,45.70000000000004
2016-11-18,0.0,2016,11,18,2,32,0.0,0.0,4.7000000000000215,21.300000000000008,45.70000000000004
2016-11-19,49.8,2016,11,19,2,32,49.8,49.800000000000004,53.20000000000002,62.10000000000001,95.50000000000003
2016-11-20,0.0,2016,11,20,2,32,0.0,49.800000000000004,49.80000000000002,54.50000000000001,95.50000000000003
2016-11-21,0.3,2016,11,21,3,33,0.3,50.1,50.100000000000016,53.50000000000001,71.40000000000003
2016-11-22,0.3,2016,11,22,3,33,0.3,0.6000000000000071,50.40000000000002,50.40000000000001,62.70000000000004
2016-11-23,2.6,2016,11,23,3,33,2.6,3.2000000000000073,53.00000000000002,53.000000000000014,57.70000000000004
2016-11-24,0.5,2016,11,24,3,33,0.5,3.4000000000000075,3.7000000000000215,53.500000000000014,56.90000000000004
2016-11-25,5.0,2016,11,25,3,33,5.0,8.100000000000007,8.70000000000002,58.500000000000014,58.50000000000004
2016-11-26,1.6,2016,11,26,3,33,1.6,7.100000000000007,10.000000000000021,10.300000000000015,60.10000000000004
2016-11-27,0.0,2016,11,27,3,33,0.0,6.600000000000007,9.700000000000022,10.300000000000015,60.10000000000004
2016-11-28,23.0,2016,11,28,3,33,23.0,24.60000000000001,30.100000000000023,33.000000000000014,83.10000000000004
2016-11-29,9.2,2016,11,29,3,33,9.2,32.2,38.800000000000026,41.90000000000002,42.50000000000004
2016-11-30,0.0,2016,11,30,3,33,0.0,32.2,33.800000000000026,39.30000000000001,42.50000000000004
2016-12-01,9.2,2016,12,1,1,34,9.2,18.400000000000006,41.40000000000002,48.000000000000014,51.40000000000005
2016-12-02,14.8,2016,12,2,1,34,14.8,24.000000000000007,56.20000000000002,57.80000000000001,65.90000000000003
2016-12-03,40.7,2016,12,3,1,34,40.7,64.70000000000002,73.90000000000002,96.9,104.00000000000004
2016-12-04,8.8,2016,12,4,1,34,8.8,64.30000000000001,73.50000000000001,105.70000000000002,112.30000000000004
2016-12-05,44.1,2016,12,5,1,34,44.1,93.60000000000001,117.60000000000002,126.80000000000001,151.40000000000003
2016-12-06,6.2,2016,12,6,1,34,6.2,59.10000000000001,114.60000000000004,123.80000000000001,156.00000000000006
2016-12-07,6.0,2016,12,7,1,34,6.0,56.30000000000001,105.80000000000003,129.8,162.00000000000006
2016-12-08,0.0,2016,12,8,1,34,0.0,12.2,65.10000000000002,120.60000000000002,139.00000000000006
2016-12-09,0.0,2016,12,9,1,34,0.0,6.0,56.300000000000026,105.80000000000001,129.80000000000007
2016-12-10,0.0,2016,12,10,1,34,0.0,0.0,12.200000000000014,65.10000000000001,129.80000000000007
2016-12-11,0.0,2016,12,11,2,35,0.0,0.0,6.000000000000014,56.30000000000001,120.60000000000005
2016-12-12,6.4,2016,12,12,2,35,6.4,6.4,6.400000000000015,18.6,112.20000000000005
2016-12-13,1.2,2016,12,13,2,35,1.2,7.6000000000000005,7.600000000000015,13.600000000000001,72.70000000000005
2016-12-14,3.0,2016,12,14,2,35,3.0,10.600000000000001,10.600000000000016,10.600000000000001,66.90000000000005
2016-12-15,2.7,2016,12,15,2,35,2.7,6.9,13.300000000000015,13.3,25.500000000000043
2016-12-16,2.4,2016,12,16,2,35,2.4,8.1,15.700000000000015,15.700000000000001,21.700000000000045
2016-12-17,0.0,2016,12,17,2,35,0.0,5.1,9.300000000000015,15.700000000000001,15.700000000000044
2016-12-18,0.0,2016,12,18,2,35,0.0,2.4,8.100000000000016,15.700000000000001,15.700000000000042
2016-12-19,1.2,2016,12,19,2,35,1.2,1.2,6.300000000000014,10.5,16.90000000000004
2016-12-20,0.3,2016,12,20,2,35,0.3,1.5,3.900000000000014,9.600000000000001,17.200000000000042
2016-12-21,0.0,2016,12,21,3,36,0.0,1.5,1.5000000000000142,6.6,17.200000000000042
2016-12-22,0.0,2016,12,22,3,36,0.0,0.3,1.5000000000000142,3.9,10.800000000000043
2016-12-23,2.6,2016,12,23,3,36,2.6,2.6,4.100000000000014,4.1,12.200000000000042
2016-12-24,0.0,2016,12,24,3,36,0.0,2.6,2.900000000000014,4.1,9.200000000000042
2016-12-25,5.2,2016,12,25,3,36,5.2,7.800000000000001,7.800000000000015,9.3,11.700000000000042
2016-12-26,0.0,2016,12,26,3,36,0.0,5.2,7.800000000000014,8.100000000000001,9.300000000000043
2016-12-27,15.2,2016,12,27,3,36,15.2,20.4,23.000000000000014,23.0,24.500000000000043
2016-12-28,6.6,2016,12,28,3,36,6.6,21.799999999999997,27.000000000000014,29.6,31.100000000000044
2016-12-29,0.6,2016,12,29,3,36,0.6,22.4,27.600000000000012,30.2,30.500000000000043
2016-12-30,0.0,2016,12,30,3,36,0.0,7.199999999999999,22.400000000000013,27.599999999999998,30.200000000000042
2016-12-31,1.6,2016,12,31,3,36,1.6,2.2,24.000000000000014,29.2,31.800000000000043
2017-01-01,0.0,2017,1,1,1,1,0.0,1.6,8.800000000000015,24.0,31.800000000000043
2017-01-02,0.0,2017,1,2,1,1,0.0,1.6,2.2000000000000144,24.0,29.200000000000045
2017-01-03,0.0,2017,1,3,1,1,0.0,0.0,1.6000000000000143,8.8,29.200000000000045
2017-01-04,18.0,2017,1,4,1,1,18.0,18.0,19.600000000000016,20.200000000000003,42.00000000000004
2017-01-05,7.6,2017,1,5,1,1,7.6,25.6,25.600000000000016,27.200000000000003,49.600000000000044
2017-01-06,51.1,2017,1,6,1,1,51.1,76.7,76.70000000000002,78.30000000000001,85.50000000000006
2017-01-07,13.2,2017,1,7,1,1,13.2,71.9,89.90000000000002,89.9,92.10000000000004
2017-01-08,0.0,2017,1,8,1,1,0.0,64.30000000000001,89.90000000000002,89.9,91.50000000000004
2017-01-09,20.2,2017,1,9,1,1,20.2,33.4,92.10000000000002,110.10000000000001,111.70000000000005
2017-01-10,22.2,2017,1,10,1,1,22.2,42.4,106.70000000000002,132.3,132.30000000000004
2017-01-11,45.1,2017,1,11,2,2,45.1,87.5,100.70000000000002,159.4,177.40000000000003
2017-01-12,18.2,2017,1,12,2,2,18.2,85.5,105.70000000000002,170.0,195.60000000000005
2017-01-13,0.0,2017,1,13,2,2,0.0,63.3,105.70000000000002,118.9,195.60000000000005
2017-01-14,14.2,2017,1,14,2,2,14.2,32.4,99.70000000000002,119.9,191.80000000000004
2017-01-15,17.1,2017,1,15,2,2,17.1,31.3,94.60000000000002,137.0,201.30000000000007
2017-01-16,5.6,2017,1,16,2,2,5.6,36.9,55.100000000000016,122.4,155.80000000000004
2017-01-17,1.7,2017,1,17,2,2,1.7,24.400000000000002,38.600000000000016,101.9,144.30000000000004
2017-01-18,5.7,2017,1,18,2,2,5.7,13.0,44.30000000000001,62.5,150.00000000000006
2017-01-19,0.0,2017,1,19,2,2,0.0,7.4,30.100000000000016,44.3,129.80000000000007
2017-01-20,0.0,2017,1,20,2,2,0.0,5.7,13.000000000000014,44.3,107.60000000000004
2017-01-21,0.0,2017,1,21,3,3,0.0,0.0,7.400000000000015,30.1,62.50000000000004
2017-01-22,0.0,2017,1,22,3,3,0.0,0.0,5.700000000000014,13.0,44.30000000000004
2017-01-23,4.3,2017,1,23,3,3,4.3,4.3,4.300000000000014,11.7,48.60000000000004
2017-01-24,0.0,2017,1,24,3,3,0.0,4.3,4.300000000000014,10.0,34.40000000000004
2017-01-25,0.7,2017,1,25,3,3,0.7,5.0,5.000000000000014,5.0,18.000000000000043
2017-01-26,8.5,2017,1,26,3,3,8.5,9.2,13.500000000000014,13.5,20.90000000000004
2017-01-27,2.6,2017,1,27,3,3,2.6,11.799999999999999,16.100000000000016,16.1,21.800000000000043
2017-01-28,22.2,2017,1,28,3,3,22.2,33.3,34.000000000000014,38.3,38.30000000000004
2017-01-29,24.8,2017,1,29,3,3,24.8,49.6,58.80000000000001,63.1,63.100000000000044
2017-01-30,17.8,2017,1,30,3,3,17.8,64.8,75.90000000000002,76.60000000000001,80.90000000000005
2017-01-31,0.2,2017,1,31,3,3,0.2,42.8,67.60000000000002,76.80000000000001,81.10000000000005
2017-02-01,11.7,2017,2,1,1,4,11.7,29.7,76.70000000000002,87.8,92.80000000000004
2017-02-02,8.3,2017,2,2,1,4,8.3,20.2,62.80000000000001,87.6,96.80000000000004
2017-02-03,0.0,2017,2,3,1,4,0.0,20.0,38.000000000000014,85.0,96.80000000000004
2017-02-04,13.5,2017,2,4,1,4,13.5,21.8,33.70000000000002,76.30000000000001,109.60000000000005
2017-02-05,0.9,2017,2,5,1,4,0.9,14.4,34.40000000000001,52.4,102.00000000000004
2017-02-06,2.1,2017,2,6,1,4,2.1,16.5,24.800000000000015,36.699999999999996,101.50000000000003
2017-02-07,0.1,2017,2,7,1,4,0.1,3.1,16.600000000000016,36.6,79.40000000000005
2017-02-08,6.0,2017,2,8,1,4,6.0,8.2,22.600000000000016,30.9,60.600000000000044
2017-02-09,0.0,2017,2,9,1,4,0.0,6.1000000000000005,9.100000000000014,22.6,42.80000000000004
2017-02-10,6.4,2017,2,10,1,4,6.4,12.4,14.600000000000014,29.0,49.00000000000004
2017-02-11,9.8,2017,2,11,2,5,9.8,16.200000000000003,22.300000000000015,25.3,47.10000000000004
2017-02-12,24.4,2017,2,12,2,5,24.4,40.6,46.60000000000001,48.8,63.200000000000045
2017-02-13,14.8,2017,2,13,2,5,14.8,49.0,55.40000000000001,61.5,78.00000000000004
2017-02-14,53.5,2017,2,14,2,5,53.5,92.69999999999999,108.9,114.9,118.00000000000004
2017-02-15,24.4,2017,2,15,2,5,24.4,92.69999999999999,126.9,133.3,141.50000000000003
2017-02-16,6.0,2017,2,16,2,5,6.0,83.89999999999999,123.10000000000001,139.3,145.40000000000003
2017-02-17,0.5,2017,2,17,2,5,0.5,30.89999999999999,99.20000000000002,133.39999999999998,145.80000000000004
2017-02-18,0.0,2017,2,18,2,5,0.0,6.499999999999993,84.4,123.6,139.80000000000004
2017-02-19,0.0,2017,2,19,2,5,0.0,0.4999999999999929,30.900000000000013,99.2,139.80000000000004
2017-02-20,54.8,2017,2,20,2,5,54.8,54.79999999999999,61.30000000000001,139.2,188.20000000000005
2017-02-21,50.2,2017,2,21,3,6,50.2,105.0,105.50000000000001,135.9,228.60000000000002
2017-02-22,3.0,2017,2,22,3,6,3.0,108.0,108.00000000000001,114.5,207.20000000000005
2017-02-23,0.0,2017,2,23,3,6,0.0,53.199999999999996,108.00000000000001,108.5,192.40000000000003
2017-02-24,21.6,2017,2,24,3,6,21.6,24.599999999999994,129.60000000000002,129.6,160.50000000000006
2017-02-25,0.0,2017,2,25,3,6,0.0,21.599999999999994,74.80000000000001,129.6,136.10000000000002
2017-02-26,0.0,2017,2,26,3,6,0.0,21.599999999999994,24.600000000000016,129.6,130.10000000000002
2017-02-27,0.0,2017,2,27,3,6,0.0,0.0,21.600000000000016,74.80000000000001,129.60000000000002
2017-02-28,39.1,2017,2,28,3,6,39.1,39.099999999999994,60.70000000000002,63.7,168.70000000000005
2017-03-01,3.0,2017,3,1,1,7,3.0,42.099999999999994,42.100000000000016,63.7,171.70000000000005
2017-03-02,0.0,2017,3,2,1,7,0.0,42.099999999999994,42.100000000000016,63.7,116.90000000000006
2017-03-03,1.2,2017,3,3,1,7,1.2,4.199999999999993,43.30000000000002,43.300000000000004,67.90000000000003
2017-03-04,0.8,2017,3,4,1,7,0.8,1.999999999999993,44.100000000000016,44.1,65.70000000000005
2017-03-05,0.0,2017,3,5,1,7,0.0,1.999999999999993,5.000000000000014,44.1,65.70000000000005
2017-03-06,0.0,2017,3,6,1,7,0.0,0.7999999999999929,2.000000000000014,44.1,44.100000000000044
2017-03-07,0.0,2017,3,7,1,7,0.0,0.0,2.000000000000014,5.0,44.100000000000044
2017-03-08,12.3,2017,3,8,1,7,12.3,12.299999999999994,13.100000000000016,14.3,56.40000000000005
2017-03-09,0.0,2017,3,9,1,7,0.0,12.299999999999994,12.300000000000015,14.3,56.40000000000005
2017-03-10,0.0,2017,3,10,1,7,0.0,12.299999999999994,12.300000000000015,13.100000000000001,17.300000000000043
2017-03-11,0.0,2017,3,11,2,8,0.0,0.0,12.300000000000015,12.3,14.300000000000043
2017-03-12,0.0,2017,3,12,2,8,0.0,0.0,12.300000000000015,12.3,14.300000000000043
2017-03-13,0.0,2017,3,13,2,8,0.0,0.0,0.0,12.3,13.100000000000044
2017-03-14,0.0,2017,3,14,2,8,0.0,0.0,0.0,12.3,12.300000000000043
2017-03-15,0.6,2017,3,15,2,8,0.6,0.5999999999999929,0.6000000000000142,0.6,12.900000000000043
2017-03-16,0.0,2017,3,16,2,8,0.0,0.5999999999999929,0.6000000000000142,0.6,12.900000000000043
2017-03-17,0.0,2017,3,17,2,8,0.0,0.5999999999999929,0.6000000000000142,0.6,12.900000000000043
2017-03-18,12.0,2017,3,18,2,8,12.0,11.999999999999993,12.600000000000014,12.6,12.600000000000042
2017-03-19,3.1,2017,3,19,2,8,3.1,15.099999999999993,15.700000000000014,15.7,15.700000000000042
2017-03-20,0.0,2017,3,20,2,8,0.0,15.099999999999993,15.100000000000014,15.7,15.700000000000042
2017-03-21,0.2,2017,3,21,3,9,0.2,3.299999999999993,15.300000000000015,15.9,15.900000000000043
2017-03-22,17.8,2017,3,22,3,9,17.8,17.999999999999993,33.100000000000016,33.1,33.700000000000045
2017-03-23,38.0,2017,3,23,3,9,38.0,55.99999999999999,59.100000000000016,71.1,71.70000000000005
2017-03-24,0.0,2017,3,24,3,9,0.0,55.79999999999999,56.000000000000014,71.1,71.70000000000005
2017-03-25,0.0,2017,3,25,3,9,0.0,37.99999999999999,56.000000000000014,59.1,71.10000000000005
2017-03-26,0.0,2017,3,26,3,9,0.0,0.0,55.80000000000002,56.0,71.10000000000005
2017-03-27,15.0,2017,3,27,3,9,15.0,14.999999999999993,53.000000000000014,71.0,86.10000000000005
2017-03-28,0.0,2017,3,28,3,9,0.0,14.999999999999993,15.000000000000014,70.8,74.10000000000005
2017-03-29,0.0,2017,3,29,3,9,0.0,14.999999999999993,15.000000000000014,53.0,71.00000000000004
2017-03-30,0.0,2017,3,30,3,9,0.0,0.0,15.000000000000014,15.0,71.00000000000004
2017-03-31,9.5,2017,3,31,3,9,9.5,9.499999999999993,24.500000000000014,24.5,80.30000000000004
2017-04-01,0.0,2017,4,1,1,10,0.0,9.499999999999993,9.500000000000014,24.5,62.50000000000004
2017-04-02,0.0,2017,4,2,1,10,0.0,9.499999999999993,9.500000000000014,24.5,24.500000000000043
2017-04-03,0.0,2017,4,3,1,10,0.0,0.0,9.500000000000014,9.5,24.500000000000043
2017-04-04,0.0,2017,4,4,1,10,0.0,0.0,9.500000000000014,9.5,24.500000000000043
2017-04-05,5.5,2017,4,5,1,10,5.5,5.499999999999993,5.500000000000014,15.0,30.000000000000043
2017-04-06,7.8,2017,4,6,1,10,7.8,13.299999999999994,13.300000000000015,22.8,22.800000000000043
2017-04-07,1.7,2017,4,7,1,10,1.7,14.999999999999993,15.000000000000014,15.0,24.500000000000043
2017-04-08,11.8,2017,4,8,1,10,11.8,21.299999999999994,26.800000000000015,26.8,36.30000000000004
2017-04-09,0.4,2017,4,9,1,10,0.4,13.899999999999993,27.200000000000014,27.2,36.700000000000045
2017-04-10,0.0,2017,4,10,1,10,0.0,12.199999999999994,21.700000000000014,27.2,27.200000000000042
2017-04-11,0.0,2017,4,11,2,11,0.0,0.3999999999999929,13.900000000000015,27.2,27.200000000000042
2017-04-12,0.0,2017,4,12,2,11,0.0,0.0,12.200000000000015,21.7,27.200000000000042
2017-04-13,3.7,2017,4,13,2,11,3.7,3.699999999999993,4.100000000000014,17.6,30.900000000000045
2017-04-14,0.0,2017,4,14,2,11,0.0,3.699999999999993,3.7000000000000144,15.9,30.900000000000045
2017-04-15,14.1,2017,4,15,2,11,14.1,17.799999999999994,17.800000000000015,18.2,39.50000000000004
2017-04-16,0.0,2017,4,16,2,11,0.0,14.099999999999993,17.80000000000001,17.8,31.700000000000042
2017-04-17,0.0,2017,4,17,2,11,0.0,14.09999999999999,17.80000000000001,17.8,30.000000000000043
2017-04-18,0.0,2017,4,18,2,11,0.0,0.0,14.100000000000014,17.8,18.200000000000042
2017-04-19,0.0,2017,4,19,2,11,0.0,0.0,14.100000000000012,17.8,17.800000000000043
2017-04-20,10.5,2017,4,20,2,11,10.5,10.499999999999993,10.500000000000014,24.6,28.300000000000043
2017-04-21,0.0,2017,4,21,3,12,0.0,10.499999999999993,10.500000000000014,24.6,28.300000000000043
2017-04-22,4.8,2017,4,22,3,12,4.8,15.299999999999994,15.300000000000015,15.3,33.100000000000044
2017-04-23,6.2,2017,4,23,3,12,6.2,10.999999999999993,21.500000000000014,21.5,35.60000000000004
2017-04-24,0.0,2017,4,24,3,12,0.0,10.999999999999993,21.500000000000014,21.5,35.60000000000004
2017-04-25,0.0,2017,4,25,3,12,0.0,6.199999999999993,11.000000000000014,21.5,21.500000000000043
2017-04-26,24.6,2017,4,26,3,12,24.6,24.599999999999994,35.600000000000016,46.1,46.100000000000044
2017-04-27,0.0,2017,4,27,3,12,0.0,24.599999999999994,30.800000000000015,35.6,46.100000000000044
2017-04-28,2.4,2017,4,28,3,12,2.4,26.999999999999993,27.000000000000014,38.0,48.50000000000004
2017-04-29,0.0,2017,4,29,3,12,0.0,2.399999999999993,27.000000000000014,33.2,48.50000000000004
2017-04-30,0.0,2017,4,30,3,12,0.0,2.399999999999993,27.000000000000014,27.0,38.00000000000004
2017-05-01,3.2,2017,5,1,1,13,3.2,3.199999999999993,5.600000000000014,30.200000000000003,41.200000000000045
2017-05-02,12.5,2017,5,2,1,13,12.5,15.699999999999992,18.100000000000016,42.7,48.90000000000005
2017-05-03,0.0,2017,5,3,1,13,0.0,15.699999999999992,15.700000000000014,18.1,42.700000000000045
2017-05-04,17.0,2017,5,4,1,13,17.0,29.499999999999993,32.70000000000002,35.1,59.700000000000045
2017-05-05,46.0,2017,5,5,1,13,46.0,62.99999999999999,78.70000000000002,78.7,105.70000000000005
2017-05-06,30.0,2017,5,6,1,13,30.0,93.0,105.50000000000001,108.7,111.10000000000005
2017-05-07,1.2,2017,5,7,1,13,1.2,77.19999999999999,94.20000000000002,109.9,112.30000000000005
2017-05-08,0.2,2017,5,8,1,13,0.2,31.39999999999999,94.40000000000002,106.9,110.10000000000005
2017-05-09,6.6,2017,5,9,1,13,6.6,7.999999999999993,84.00000000000001,101.0,116.70000000000005
2017-05-10,5.7,2017,5,10,1,13,5.7,12.499999999999993,43.70000000000002,106.7,122.40000000000005
2017-05-11,0.3,2017,5,11,2,14,0.3,12.599999999999994,14.000000000000014,90.0,119.50000000000004
2017-05-12,0.0,2017,5,12,2,14,0.0,5.999999999999993,12.800000000000015,44.0,107.00000000000004
2017-05-13,0.0,2017,5,13,2,14,0.0,0.2999999999999929,12.600000000000014,14.0,107.00000000000004
2017-05-14,0.0,2017,5,14,2,14,0.0,0.0,6.000000000000014,12.8,90.00000000000004
2017-05-15,0.0,2017,5,15,2,14,0.0,0.0,0.3000000000000142,12.6,44.00000000000004
2017-05-16,0.0,2017,5,16,2,14,0.0,0.0,0.0,6.0,14.000000000000043
2017-05-17,0.0,2017,5,17,2,14,0.0,0.0,0.0,0.3,12.800000000000043
2017-05-18,0.0,2017,5,18,2,14,0.0,0.0,0.0,0.0,12.600000000000042
2017-05-19,0.0,2017,5,19,2,14,0.0,0.0,0.0,0.0,6.000000000000043
2017-05-20,0.0,2017,5,20,2,14,0.0,0.0,0.0,0.0,0.3000000000000426
2017-05-21,0.0,2017,5,21,3,15,0.0,0.0,0.0,0.0,0.0
2017-05-22,0.0,2017,5,22,3,15,0.0,0.0,0.0,0.0,0.0
2017-05-23,0.0,2017,5,23,3,15,0.0,0.0,0.0,0.0,0.0
2017-05-24,0.0,2017,5,24,3,15,0.0,0.0,0.0,0.0,0.0
2017-05-25,0.0,2017,5,25,3,15,0.0,0.0,0.0,0.0,0.0
2017-05-26,0.0,2017,5,26,3,15,0.0,0.0,0.0,0.0,0.0
2017-05-27,0.0,2017,5,27,3,15,0.0,0.0,0.0,0.0,0.0
2017-05-28,0.0,2017,5,28,3,15,0.0,0.0,0.0,0.0,0.0
2017-05-29,16.6,2017,5,29,3,15,16.6,16.599999999999994,16.600000000000016,16.6,16.600000000000044
2017-05-30,3.5,2017,5,30,3,15,3.5,20.099999999999994,20.100000000000016,20.1,20.100000000000044
2017-05-31,0.0,2017,5,31,3,15,0.0,20.099999999999994,20.100000000000016,20.1,20.100000000000044
2017-06-01,0.6,2017,6,1,1,16,0.6,4.0999999999999925,20.700000000000017,20.700000000000003,20.700000000000045
2017-06-02,0.0,2017,6,2,1,16,0.0,0.5999999999999929,20.700000000000017,20.700000000000003,20.700000000000045
2017-06-03,0.0,2017,6,3,1,16,0.0,0.5999999999999929,4.100000000000014,20.700000000000003,20.700000000000045
2017-06-04,0.0,2017,6,4,1,16,0.0,0.0,0.6000000000000142,20.700000000000003,20.700000000000045
2017-06-05,0.0,2017,6,5,1,16,0.0,0.0,0.6000000000000142,4.1,20.700000000000045
2017-06-06,2.0,2017,6,6,1,16,2.0,1.999999999999993,2.000000000000014,2.6,22.700000000000045
2017-06-07,0.0,2017,6,7,1,16,0.0,1.999999999999993,2.000000000000014,2.6,22.700000000000045
2017-06-08,0.0,2017,6,8,1,16,0.0,1.999999999999993,2.000000000000014,2.0,6.100000000000042
2017-06-09,0.0,2017,6,9,1,16,0.0,0.0,2.000000000000014,2.0,2.6000000000000427
2017-06-10,0.0,2017,6,10,1,16,0.0,0.0,2.000000000000014,2.0,2.6000000000000427
2017-06-11,0.0,2017,6,11,2,17,0.0,0.0,0.0,2.0,2.0000000000000426
2017-06-12,0.2,2017,6,12,2,17,0.2,0.1999999999999929,0.20000000000001422,2.2,2.200000000000043
2017-06-13,0.0,2017,6,13,2,17,0.0,0.1999999999999929,0.20000000000001422,0.2,2.200000000000043
2017-06-14,40.0,2017,6,14,2,17,40.0,40.199999999999996,40.20000000000002,40.2,42.200000000000045
2017-06-15,0.0,2017,6,15,2,17,0.0,39.99999999999999,40.20000000000002,40.2,42.200000000000045
2017-06-16,5.4,2017,6,16,2,17,5.4,45.39999999999999,45.600000000000016,45.6,45.600000000000044
2017-06-17,0.0,2017,6,17,2,17,0.0,5.399999999999993,45.40000000000001,45.6,45.600000000000044
2017-06-18,0.0,2017,6,18,2,17,0.0,5.399999999999993,45.40000000000001,45.6,45.600000000000044
2017-06-19,0.0,2017,6,19,2,17,0.0,0.0,5.400000000000015,45.4,45.600000000000044
2017-06-20,0.0,2017,6,20,2,17,0.0,0.0,5.400000000000015,45.4,45.600000000000044
2017-06-21,0.0,2017,6,21,3,18,0.0,0.0,0.0,5.4,45.600000000000044
2017-06-22,0.0,2017,6,22,3,18,0.0,0.0,0.0,5.4,45.40000000000004
2017-06-23,12.0,2017,6,23,3,18,12.0,11.999999999999993,12.000000000000014,12.0,57.40000000000004
2017-06-24,0.0,2017,6,24,3,18,0.0,11.999999999999993,12.000000000000014,12.0,17.40000000000004
2017-06-25,0.0,2017,6,25,3,18,0.0,11.999999999999993,12.000000000000014,12.0,17.40000000000004
2017-06-26,4.8,2017,6,26,3,18,4.8,4.799999999999993,16.800000000000015,16.8,16.800000000000043
2017-06-27,27.8,2017,6,27,3,18,27.8,32.599999999999994,44.600000000000016,44.6,44.600000000000044
2017-06-28,0.0,2017,6,28,3,18,0.0,32.599999999999994,32.600000000000016,44.6,44.600000000000044
2017-06-29,0.0,2017,6,29,3,18,0.0,27.799999999999994,32.600000000000016,44.6,44.600000000000044
2017-06-30,8.0,2017,6,30,3,18,8.0,7.999999999999993,40.600000000000016,40.6,52.600000000000044
2017-07-01,0.8,2017,7,1,1,19,0.8,8.799999999999994,36.600000000000016,41.4,53.40000000000004
2017-07-02,0.0,2017,7,2,1,19,0.0,8.799999999999994,8.800000000000015,41.4,53.40000000000004
2017-07-03,0.0,2017,7,3,1,19,0.0,0.7999999999999929,8.800000000000015,36.6,41.40000000000004
2017-07-04,0.0,2017,7,4,1,19,0.0,0.0,8.800000000000015,8.8,41.40000000000004
2017-07-05,41.2,2017,7,5,1,19,41.2,41.199999999999996,42.000000000000014,50.0,82.60000000000005
2017-07-06,10.9,2017,7,6,1,19,10.9,52.099999999999994,52.100000000000016,60.9,88.70000000000005
2017-07-07,0.0,2017,7,7,1,19,0.0,52.099999999999994,52.100000000000016,52.9,60.90000000000004
2017-07-08,0.0,2017,7,8,1,19,0.0,10.899999999999993,52.100000000000016,52.1,60.90000000000004
2017-07-09,0.0,2017,7,9,1,19,0.0,0.0,52.100000000000016,52.1,60.90000000000004
2017-07-10,0.3,2017,7,10,1,19,0.3,0.2999999999999929,11.200000000000015,52.400000000000006,53.200000000000045
2017-07-11,0.0,2017,7,11,2,20,0.0,0.2999999999999929,0.3000000000000142,52.400000000000006,52.40000000000005
2017-07-12,0.2,2017,7,12,2,20,0.2,0.4999999999999929,0.5000000000000142,11.4,52.600000000000044
2017-07-13,0.0,2017,7,13,2,20,0.0,0.1999999999999929,0.5000000000000142,0.5,52.600000000000044
2017-07-14,0.0,2017,7,14,2,20,0.0,0.1999999999999929,0.5000000000000142,0.5,52.600000000000044
2017-07-15,0.0,2017,7,15,2,20,0.0,0.0,0.20000000000001422,0.5,11.400000000000043
2017-07-16,0.0,2017,7,16,2,20,0.0,0.0,0.20000000000001422,0.5,0.5000000000000426
2017-07-17,0.0,2017,7,17,2,20,0.0,0.0,0.0,0.2,0.5000000000000426
2017-07-18,0.0,2017,7,18,2,20,0.0,0.0,0.0,0.2,0.5000000000000426
2017-07-19,0.0,2017,7,19,2,20,0.0,0.0,0.0,0.0,0.5000000000000426
2017-07-20,0.0,2017,7,20,2,20,0.0,0.0,0.0,0.0,0.20000000000004264
2017-07-21,3.6,2017,7,21,3,21,3.6,3.599999999999993,3.6000000000000143,3.6,3.800000000000043
2017-07-22,0.0,2017,7,22,3,21,0.0,3.599999999999993,3.6000000000000143,3.6,3.6000000000000427
2017-07-23,0.9,2017,7,23,3,21,0.9,4.499999999999993,4.500000000000014,4.5,4.500000000000043
2017-07-24,9.0,2017,7,24,3,21,9.0,9.899999999999993,13.500000000000014,13.5,13.500000000000043
2017-07-25,0.0,2017,7,25,3,21,0.0,9.899999999999993,13.500000000000014,13.5,13.500000000000043
2017-07-26,0.0,2017,7,26,3,21,0.0,8.999999999999993,9.900000000000015,13.5,13.500000000000043
2017-07-27,0.0,2017,7,27,3,21,0.0,0.0,9.900000000000015,13.5,13.500000000000043
2017-07-28,0.3,2017,7,28,3,21,0.3,0.2999999999999929,9.300000000000015,10.200000000000001,13.800000000000043
2017-07-29,2.0,2017,7,29,3,21,2.0,2.2999999999999927,2.300000000000014,12.200000000000001,15.800000000000043
2017-07-30,38.0,2017,7,30,3,21,38.0,40.29999999999999,40.30000000000001,49.3,53.80000000000004
2017-07-31,0.0,2017,7,31,3,21,0.0,39.99999999999999,40.30000000000001,40.3,50.20000000000004
2017-08-01,0.0,2017,8,1,1,22,0.0,37.99999999999999,40.30000000000001,40.3,50.20000000000004
2017-08-02,0.0,2017,8,2,1,22,0.0,0.0,40.000000000000014,40.3,49.30000000000004
2017-08-03,0.0,2017,8,3,1,22,0.0,0.0,38.000000000000014,40.3,40.30000000000004
2017-08-04,0.0,2017,8,4,1,22,0.0,0.0,0.0,40.0,40.30000000000004
2017-08-05,0.0,2017,8,5,1,22,0.0,0.0,0.0,38.0,40.30000000000004
2017-08-06,0.0,2017,8,6,1,22,0.0,0.0,0.0,0.0,40.30000000000004
2017-08-07,0.0,2017,8,7,1,22,0.0,0.0,0.0,0.0,40.00000000000004
2017-08-08,0.0,2017,8,8,1,22,0.0,0.0,0.0,0.0,38.00000000000004
2017-08-09,0.0,2017,8,9,1,22,0.0,0.0,0.0,0.0,0.0
2017-08-10,0.0,2017,8,10,1,22,0.0,0.0,0.0,0.0,0.0
2017-08-11,0.0,2017,8,11,2,23,0.0,0.0,0.0,0.0,0.0
2017-08-12,0.0,2017,8,12,2,23,0.0,0.0,0.0,0.0,0.0
2017-08-13,15.1,2017,8,13,2,23,15.1,15.099999999999993,15.100000000000014,15.1,15.100000000000042
2017-08-14,0.0,2017,8,14,2,23,0.0,15.099999999999993,15.100000000000014,15.1,15.100000000000042
2017-08-15,0.0,2017,8,15,2,23,0.0,15.099999999999993,15.100000000000014,15.1,15.100000000000042
2017-08-16,3.0,2017,8,16,2,23,3.0,2.999999999999993,18.100000000000016,18.1,18.100000000000044
2017-08-17,0.0,2017,8,17,2,23,0.0,2.999999999999993,18.100000000000016,18.1,18.100000000000044
2017-08-18,0.0,2017,8,18,2,23,0.0,2.999999999999993,3.000000000000014,18.1,18.100000000000044
2017-08-19,0.0,2017,8,19,2,23,0.0,0.0,3.000000000000014,18.1,18.100000000000044
2017-08-20,0.0,2017,8,20,2,23,0.0,0.0,3.000000000000014,3.0,18.100000000000044
2017-08-21,0.0,2017,8,21,3,24,0.0,0.0,0.0,3.0,18.100000000000044
2017-08-22,0.0,2017,8,22,3,24,0.0,0.0,0.0,3.0,18.100000000000044
2017-08-23,0.0,2017,8,23,3,24,0.0,0.0,0.0,0.0,3.0000000000000426
2017-08-24,0.0,2017,8,24,3,24,0.0,0.0,0.0,0.0,3.0000000000000426
2017-08-25,0.0,2017,8,25,3,24,0.0,0.0,0.0,0.0,3.0000000000000426
2017-08-26,0.0,2017,8,26,3,24,0.0,0.0,0.0,0.0,0.0
2017-08-27,0.0,2017,8,27,3,24,0.0,0.0,0.0,0.0,0.0
2017-08-28,0.0,2017,8,28,3,24,0.0,0.0,0.0,0.0,0.0
2017-08-29,0.0,2017,8,29,3,24,0.0,0.0,0.0,0.0,0.0
2017-08-30,0.0,2017,8,30,3,24,0.0,0.0,0.0,0.0,0.0
2017-08-31,0.0,2017,8,31,3,24,0.0,0.0,0.0,0.0,0.0
2017-09-01,0.0,2017,9,1,1,25,0.0,0.0,0.0,0.0,0.0
2017-09-02,0.0,2017,9,2,1,25,0.0,0.0,0.0,0.0,0.0
2017-09-03,0.0,2017,9,3,1,25,0.0,0.0,0.0,0.0,0.0
2017-09-04,0.0,2017,9,4,1,25,0.0,0.0,0.0,0.0,0.0
2017-09-05,0.0,2017,9,5,1,25,0.0,0.0,0.0,0.0,0.0
2017-09-06,0.0,2017,9,6,1,25,0.0,0.0,0.0,0.0,0.0
2017-09-07,11.8,2017,9,7,1,25,11.8,11.799999999999994,11.800000000000015,11.8,11.800000000000043
2017-09-08,0.0,2017,9,8,1,25,0.0,11.799999999999994,11.800000000000015,11.8,11.800000000000043
2017-09-09,0.0,2017,9,9,1,25,0.0,11.799999999999994,11.800000000000015,11.8,11.800000000000043
2017-09-10,0.0,2017,9,10,1,25,0.0,0.0,11.800000000000015,11.8,11.800000000000043
2017-09-11,0.0,2017,9,11,2,26,0.0,0.0,11.800000000000015,11.8,11.800000000000043
2017-09-12,0.0,2017,9,12,2,26,0.0,0.0,0.0,11.8,11.800000000000043
2017-09-13,0.0,2017,9,13,2,26,0.0,0.0,0.0,11.8,11.800000000000043
2017-09-14,0.0,2017,9,14,2,26,0.0,0.0,0.0,0.0,11.800000000000043
2017-09-15,0.0,2017,9,15,2,26,0.0,0.0,0.0,0.0,11.800000000000043
2017-09-16,0.0,2017,9,16,2,26,0.0,0.0,0.0,0.0,11.800000000000043
2017-09-17,0.0,2017,9,17,2,26,0.0,0.0,0.0,0.0,0.0
2017-09-18,0.0,2017,9,18,2,26,0.0,0.0,0.0,0.0,0.0
2017-09-19,0.0,2017,9,19,2,26,0.0,0.0,0.0,0.0,0.0
2017-09-20,0.0,2017,9,20,2,26,0.0,0.0,0.0,0.0,0.0
2017-09-21,0.0,2017,9,21,3,27,0.0,0.0,0.0,0.0,0.0
2017-09-22,0.0,2017,9,22,3,27,0.0,0.0,0.0,0.0,0.0
2017-09-23,0.0,2017,9,23,3,27,0.0,0.0,0.0,0.0,0.0
2017-09-24,0.0,2017,9,24,3,27,0.0,0.0,0.0,0.0,0.0
2017-09-25,0.0,2017,9,25,3,27,0.0,0.0,0.0,0.0,0.0
2017-09-26,0.0,2017,9,26,3,27,0.0,0.0,0.0,0.0,0.0
2017-09-27,15.4,2017,9,27,3,27,15.4,15.399999999999993,15.400000000000015,15.4,15.400000000000043
2017-09-28,19.2,2017,9,28,3,27,19.2,34.599999999999994,34.600000000000016,34.6,34.600000000000044
2017-09-29,0.0,2017,9,29,3,27,0.0,34.599999999999994,34.60000000000001,34.599999999999994,34.60000000000004
2017-09-30,1.1,2017,9,30,3,27,1.1,20.299999999999994,35.70000000000001,35.699999999999996,35.70000000000004
2017-10-01,0.0,2017,10,1,1,28,0.0,1.0999999999999894,35.70000000000001,35.699999999999996,35.70000000000004
2017-10-02,0.0,2017,10,2,1,28,0.0,1.0999999999999894,20.300000000000015,35.699999999999996,35.70000000000004
2017-10-03,5.7,2017,10,3,1,28,5.7,5.6999999999999895,6.800000000000011,41.4,41.40000000000004
2017-10-04,11.6,2017,10,4,1,28,11.6,17.29999999999999,18.400000000000013,37.6,53.00000000000004
2017-10-05,0.0,2017,10,5,1,28,0.0,17.29999999999999,17.30000000000001,18.4,53.00000000000004
2017-10-06,0.0,2017,10,6,1,28,0.0,11.599999999999989,17.30000000000001,18.4,53.00000000000004
2017-10-07,0.0,2017,10,7,1,28,0.0,0.0,17.30000000000001,17.299999999999997,37.600000000000044
2017-10-08,6.1,2017,10,8,1,28,6.1,6.099999999999987,17.70000000000001,23.399999999999995,24.50000000000004
2017-10-09,0.0,2017,10,9,1,28,0.0,6.099999999999987,6.10000000000001,23.399999999999995,24.50000000000004
2017-10-10,2.3,2017,10,10,1,28,2.3,8.399999999999988,8.40000000000001,19.999999999999996,25.70000000000004
2017-10-11,37.4,2017,10,11,2,29,37.4,39.69999999999999,45.80000000000001,45.8,63.10000000000004
2017-10-12,0.0,2017,10,12,2,29,0.0,39.69999999999999,45.800000000000004,45.8,63.10000000000004
2017-10-13,15.5,2017,10,13,2,29,15.5,52.89999999999999,55.2,61.3,72.90000000000003
2017-10-14,3.7,2017,10,14,2,29,3.7,19.199999999999992,58.900000000000006,65.0,65.00000000000004
2017-10-15,0.0,2017,10,15,2,29,0.0,19.199999999999992,56.60000000000001,58.9,65.00000000000004
2017-10-16,0.0,2017,10,16,2,29,0.0,3.699999999999993,19.200000000000006,58.9,65.00000000000004
2017-10-17,0.0,2017,10,17,2,29,0.0,0.0,19.200000000000006,56.6,65.00000000000004
2017-10-18,0.0,2017,10,18,2,29,0.0,0.0,3.7000000000000073,19.2,58.90000000000004
2017-10-19,7.6,2017,10,19,2,29,7.6,7.5999999999999925,7.600000000000007,26.8,66.50000000000004
2017-10-20,2.0,2017,10,20,2,29,2.0,9.599999999999993,9.600000000000007,13.3,66.20000000000005
2017-10-21,0.0,2017,10,21,3,30,0.0,9.599999999999993,9.600000000000007,9.600000000000001,28.800000000000043
2017-10-22,0.0,2017,10,22,3,30,0.0,1.999999999999993,9.600000000000007,9.600000000000001,28.800000000000043
2017-10-23,10.7,2017,10,23,3,30,10.7,10.699999999999992,20.300000000000004,20.3,24.000000000000043
2017-10-24,6.2,2017,10,24,3,30,6.2,16.89999999999999,18.900000000000006,26.5,26.500000000000043
2017-10-25,0.0,2017,10,25,3,30,0.0,16.89999999999999,16.900000000000006,26.5,26.500000000000043
2017-10-26,0.0,2017,10,26,3,30,0.0,6.199999999999993,16.900000000000006,18.9,26.500000000000043
2017-10-27,0.0,2017,10,27,3,30,0.0,0.0,16.900000000000006,16.9,26.500000000000043
2017-10-28,1.5,2017,10,28,3,30,1.5,1.499999999999993,7.700000000000007,18.4,28.000000000000043
2017-10-29,1.0,2017,10,29,3,30,1.0,2.499999999999993,2.500000000000007,19.4,21.40000000000004
2017-10-30,1.0,2017,10,30,3,30,1.0,3.499999999999993,3.500000000000007,9.7,20.40000000000004
2017-10-31,0.0,2017,10,31,3,30,0.0,1.999999999999993,3.500000000000007,3.5,20.40000000000004
2017-11-01,0.0,2017,11,1,1,31,0.0,0.9999999999999929,3.500000000000007,3.5,20.40000000000004
2017-11-02,0.0,2017,11,2,1,31,0.0,0.0,2.000000000000007,3.5,9.700000000000042
2017-11-03,0.0,2017,11,3,1,31,0.0,0.0,1.000000000000007,3.5,3.5000000000000426
2017-11-04,0.6,2017,11,4,1,31,0.6,0.5999999999999929,0.6000000000000071,2.6,4.100000000000042
2017-11-05,4.2,2017,11,5,1,31,4.2,4.799999999999993,4.800000000000007,5.800000000000001,8.300000000000043
2017-11-06,0.0,2017,11,6,1,31,0.0,4.799999999999993,4.800000000000007,4.8,8.300000000000043
2017-11-07,3.2,2017,11,7,1,31,3.2,7.399999999999993,8.000000000000007,8.0,10.000000000000043
2017-11-08,0.5,2017,11,8,1,31,0.5,3.699999999999993,8.500000000000007,8.5,9.500000000000043
2017-11-09,0.0,2017,11,9,1,31,0.0,3.699999999999993,7.9000000000000075,8.5,8.500000000000043
2017-11-10,5.2,2017,11,10,1,31,5.2,5.699999999999993,8.900000000000007,13.7,13.700000000000042
2017-11-11,0.2,2017,11,11,2,32,0.2,5.399999999999993,9.100000000000007,13.3,13.900000000000043
2017-11-12,0.0,2017,11,12,2,32,0.0,5.399999999999993,5.9000000000000075,9.100000000000001,13.900000000000043
2017-11-13,0.3,2017,11,13,2,32,0.3,0.4999999999999929,5.700000000000007,9.400000000000002,14.200000000000042
2017-11-14,3.8,2017,11,14,2,32,3.8,4.0999999999999925,9.500000000000007,10.0,17.40000000000004
2017-11-15,8.5,2017,11,15,2,32,8.5,12.599999999999993,12.800000000000008,18.0,21.700000000000045
2017-11-16,0.0,2017,11,16,2,32,0.0,12.299999999999992,12.600000000000009,18.0,21.700000000000045
2017-11-17,39.8,2017,11,17,2,32,39.8,48.29999999999999,52.400000000000006,52.599999999999994,58.30000000000004
2017-11-18,0.0,2017,11,18,2,32,0.0,39.79999999999999,52.10000000000001,52.39999999999999,57.80000000000004
2017-11-19,18.2,2017,11,19,2,32,18.2,57.999999999999986,66.5,70.6,76.00000000000004
2017-11-20,0.0,2017,11,20,2,32,0.0,18.199999999999992,58.0,70.3,70.80000000000004
2017-11-21,0.0,2017,11,21,3,33,0.0,18.199999999999992,58.0,66.5,70.60000000000005
2017-11-22,0.0,2017,11,22,3,33,0.0,0.0,18.200000000000006,58.0,70.60000000000005
2017-11-23,0.0,2017,11,23,3,33,0.0,0.0,18.200000000000006,58.0,70.30000000000004
2017-11-24,0.0,2017,11,24,3,33,0.0,0.0,0.0,18.2,66.50000000000004
2017-11-25,0.0,2017,11,25,3,33,0.0,0.0,0.0,18.2,58.00000000000004
2017-11-26,20.9,2017,11,26,3,33,20.9,20.89999999999999,20.900000000000006,20.9,78.90000000000003
2017-11-27,27.8,2017,11,27,3,33,27.8,48.69999999999999,48.7,48.7,66.90000000000003
2017-11-28,17.2,2017,11,28,3,33,17.2,65.89999999999999,65.9,65.9,84.10000000000004
2017-11-29,2.0,2017,11,29,3,33,2.0,46.99999999999999,67.9,67.9,67.90000000000003
2017-11-30,1.1,2017,11,30,3,33,1.1,20.299999999999994,69.0,69.0,69.00000000000004
2017-12-01,78.5,2017,12,1,1,34,78.5,81.6,126.6,147.5,147.50000000000006
2017-12-02,0.0,2017,12,2,1,34,0.0,79.6,98.8,147.5,147.50000000000006
2017-12-03,0.0,2017,12,3,1,34,0.0,78.5,81.6,126.6,147.50000000000006
2017-12-04,19.5,2017,12,4,1,34,19.5,19.5,99.1,118.3,167.00000000000006
2017-12-05,1.0,2017,12,5,1,34,1.0,20.5,99.0,102.1,168.00000000000006
2017-12-06,0.0,2017,12,6,1,34,0.0,20.5,20.5,100.1,147.10000000000002
2017-12-07,0.0,2017,12,7,1,34,0.0,1.0,20.5,99.0,119.30000000000005
2017-12-08,0.0,2017,12,8,1,34,0.0,0.0,20.5,20.5,102.10000000000005
2017-12-09,2.9,2017,12,9,1,34,2.9,2.9,3.9,23.4,103.00000000000006
2017-12-10,4.0,2017,12,10,1,34,4.0,6.9,6.9,27.4,105.90000000000005
2017-12-11,0.0,2017,12,11,2,35,0.0,6.9,6.9,7.9,27.40000000000004
2017-12-12,1.8,2017,12,12,2,35,1.8,5.8,8.700000000000001,8.700000000000001,29.200000000000042
2017-12-13,1.3,2017,12,13,2,35,1.3,3.1000000000000005,10.0,10.0,30.500000000000043
2017-12-14,0.4,2017,12,14,2,35,0.4,3.5000000000000004,7.5,10.4,11.400000000000043
2017-12-15,1.2,2017,12,15,2,35,1.2,2.9000000000000004,4.700000000000001,11.600000000000001,11.600000000000042
2017-12-16,0.0,2017,12,16,2,35,0.0,1.6000000000000005,4.700000000000001,8.7,11.600000000000042
2017-12-17,2.0,2017,12,17,2,35,2.0,3.2000000000000006,4.9,6.7,13.600000000000042
2017-12-18,15.7,2017,12,18,2,35,15.7,17.7,19.3,22.4,29.30000000000004
2017-12-19,42.5,2017,12,19,2,35,42.5,60.2,61.400000000000006,63.099999999999994,68.90000000000003
2017-12-20,7.4,2017,12,20,2,35,7.4,65.60000000000001,67.60000000000001,69.2,72.30000000000004
2017-12-21,6.2,2017,12,21,3,36,6.2,56.1,73.8,74.99999999999999,78.50000000000004
2017-12-22,26.4,2017,12,22,3,36,26.4,40.0,98.2,100.19999999999999,103.10000000000005
2017-12-23,1.8,2017,12,23,3,36,1.8,34.4,84.3,101.99999999999999,103.60000000000004
2017-12-24,0.0,2017,12,24,3,36,0.0,28.2,41.800000000000004,99.99999999999999,103.20000000000005
2017-12-25,0.0,2017,12,25,3,36,0.0,1.8,34.400000000000006,84.3,102.00000000000004
2017-12-26,0.0,2017,12,26,3,36,0.0,0.0,28.200000000000006,41.79999999999999,102.00000000000004
2017-12-27,0.0,2017,12,27,3,36,0.0,0.0,1.8000000000000071,34.39999999999999,100.00000000000004
2017-12-28,0.0,2017,12,28,3,36,0.0,0.0,0.0,28.199999999999992,84.30000000000004
2017-12-29,0.0,2017,12,29,3,36,0.0,0.0,0.0,1.799999999999993,41.80000000000003
2017-12-30,6.3,2017,12,30,3,36,6.3,6.3,6.300000000000007,6.299999999999993,40.70000000000004
2017-12-31,23.5,2017,12,31,3,36,23.5,29.8,29.800000000000008,29.799999999999994,58.000000000000036
2018-01-01,0.0,2018,1,1,1,1,0.0,29.8,29.800000000000008,29.799999999999994,31.600000000000037
2018-01-02,0.0,2018,1,2,1,1,0.0,23.5,29.800000000000008,29.799999999999994,29.800000000000036
2018-01-03,0.0,2018,1,3,1,1,0.0,0.0,29.800000000000008,29.799999999999994,29.800000000000036
2018-01-04,7.6,2018,1,4,1,1,7.6,7.6,31.10000000000001,37.39999999999999,37.400000000000034
2018-01-05,0.0,2018,1,5,1,1,0.0,7.6,7.600000000000007,37.39999999999999,37.400000000000034
2018-01-06,12.6,2018,1,6,1,1,12.6,20.2,20.200000000000006,43.69999999999999,50.000000000000036
2018-01-07,1.3,2018,1,7,1,1,1.3,13.9,21.500000000000007,21.499999999999993,51.30000000000003
2018-01-08,0.0,2018,1,8,1,1,0.0,13.9,21.500000000000007,21.499999999999993,51.30000000000003
2018-01-09,0.0,2018,1,9,1,1,0.0,1.3,13.900000000000007,21.499999999999993,45.000000000000036
2018-01-10,3.0,2018,1,10,1,1,3.0,3.0,16.900000000000006,24.499999999999993,24.50000000000004
2018-01-11,0.0,2018,1,11,2,2,0.0,3.0,4.300000000000007,16.89999999999999,24.50000000000004
2018-01-12,0.0,2018,1,12,2,2,0.0,3.0,3.000000000000007,16.89999999999999,24.50000000000004
2018-01-13,0.0,2018,1,13,2,2,0.0,0.0,3.000000000000007,4.299999999999993,24.50000000000004
2018-01-14,8.3,2018,1,14,2,2,8.3,8.3,11.300000000000008,11.299999999999994,25.200000000000042
2018-01-15,12.6,2018,1,15,2,2,12.6,20.9,20.900000000000006,23.89999999999999,37.80000000000004
2018-01-16,9.5,2018,1,16,2,2,9.5,30.4,30.400000000000006,33.39999999999999,34.70000000000004
2018-01-17,0.0,2018,1,17,2,2,0.0,22.1,30.400000000000006,30.39999999999999,33.40000000000004
2018-01-18,0.0,2018,1,18,2,2,0.0,9.5,30.400000000000006,30.39999999999999,33.40000000000004
2018-01-19,40.4,2018,1,19,2,2,40.4,40.4,62.5,70.79999999999998,73.80000000000004
2018-01-20,9.7,2018,1,20,2,2,9.7,50.099999999999994,59.60000000000001,80.49999999999999,80.50000000000004
2018-01-21,3.0,2018,1,21,3,3,3.0,53.099999999999994,53.10000000000001,75.19999999999999,83.50000000000004
2018-01-22,0.0,2018,1,22,3,3,0.0,12.7,53.10000000000001,62.599999999999994,83.50000000000004
2018-01-23,1.7,2018,1,23,3,3,1.7,4.7,54.800000000000004,54.79999999999999,85.20000000000005
2018-01-24,0.0,2018,1,24,3,3,0.0,1.7,14.400000000000006,54.79999999999999,76.90000000000003
2018-01-25,0.9,2018,1,25,3,3,0.9,2.6,5.600000000000007,55.69999999999999,65.20000000000003
2018-01-26,6.0,2018,1,26,3,3,6.0,6.9,8.600000000000007,21.29999999999999,61.70000000000003
2018-01-27,9.0,2018,1,27,3,3,9.0,15.9,17.60000000000001,20.599999999999994,70.70000000000003
2018-01-28,1.0,2018,1,28,3,3,1.0,16.0,16.900000000000006,18.599999999999994,71.70000000000003
2018-01-29,6.6,2018,1,29,3,3,6.6,16.6,23.500000000000007,25.199999999999992,37.900000000000034
2018-01-30,7.5,2018,1,30,3,3,7.5,15.1,30.100000000000005,30.999999999999993,35.70000000000003
2018-01-31,0.8,2018,1,31,3,3,0.8,14.9,24.90000000000001,31.799999999999994,33.500000000000036
2018-02-01,0.0,2018,2,1,1,4,0.0,8.3,15.900000000000007,30.89999999999999,33.500000000000036
2018-02-02,12.0,2018,2,2,1,4,12.0,12.8,26.900000000000006,36.89999999999999,43.80000000000004
2018-02-03,0.0,2018,2,3,1,4,0.0,12.0,20.300000000000004,27.89999999999999,43.80000000000004
2018-02-04,4.9,2018,2,4,1,4,4.9,16.9,17.70000000000001,31.79999999999999,47.80000000000004
2018-02-05,11.4,2018,2,5,1,4,11.4,16.3,28.300000000000008,36.599999999999994,53.20000000000004
2018-02-06,8.6,2018,2,6,1,4,8.6,24.9,36.900000000000006,37.699999999999996,52.80000000000004
2018-02-07,25.4,2018,2,7,1,4,25.4,45.4,50.300000000000004,62.3,77.20000000000005
2018-02-08,0.0,2018,2,8,1,4,0.0,34.0,50.300000000000004,62.3,70.60000000000005
2018-02-09,1.2,2018,2,9,1,4,1.2,26.599999999999998,46.60000000000001,51.5,64.30000000000004
2018-02-10,7.6,2018,2,10,1,4,7.6,8.8,42.8,59.099999999999994,71.10000000000004
2018-02-11,4.0,2018,2,11,2,5,4.0,12.8,38.2,58.19999999999999,75.10000000000004
2018-02-12,0.0,2018,2,12,2,5,0.0,11.600000000000001,12.800000000000008,46.79999999999999,63.10000000000004
2018-02-13,0.0,2018,2,13,2,5,0.0,4.0,12.800000000000008,38.19999999999999,63.10000000000004
2018-02-14,2.4,2018,2,14,2,5,2.4,2.4,14.000000000000007,15.199999999999992,60.60000000000004
2018-02-15,18.0,2018,2,15,2,5,18.0,20.4,24.400000000000006,33.19999999999999,67.20000000000003
2018-02-16,9.0,2018,2,16,2,5,9.0,29.4,29.400000000000006,40.99999999999999,67.60000000000004
2018-02-17,0.0,2018,2,17,2,5,0.0,27.0,29.400000000000006,33.39999999999999,42.20000000000003
2018-02-18,22.4,2018,2,18,2,5,22.4,31.4,51.800000000000004,51.79999999999999,64.60000000000004
2018-02-19,1.9,2018,2,19,2,5,1.9,24.299999999999997,51.300000000000004,53.69999999999999,65.30000000000003
2018-02-20,0.0,2018,2,20,2,5,0.0,24.299999999999997,33.300000000000004,53.69999999999999,57.70000000000004
2018-02-21,0.0,2018,2,21,3,6,0.0,1.9,24.300000000000004,51.29999999999999,53.70000000000004
2018-02-22,0.0,2018,2,22,3,6,0.0,0.0,24.300000000000004,33.29999999999999,53.70000000000004
2018-02-23,0.0,2018,2,23,3,6,0.0,0.0,1.900000000000007,24.29999999999999,53.70000000000004
2018-02-24,0.0,2018,2,24,3,6,0.0,0.0,0.0,24.29999999999999,51.30000000000003
2018-02-25,14.6,2018,2,25,3,6,14.6,14.6,14.600000000000007,16.499999999999993,47.900000000000034
2018-02-26,15.8,2018,2,26,3,6,15.8,30.4,30.400000000000006,30.39999999999999,54.70000000000004
2018-02-27,18.4,2018,2,27,3,6,18.4,48.8,48.800000000000004,48.79999999999999,73.10000000000002
2018-02-28,0.0,2018,2,28,3,6,0.0,34.199999999999996,48.800000000000004,48.79999999999999,50.70000000000004
2018-03-01,0.0,2018,3,1,1,7,0.0,18.4,48.800000000000004,48.79999999999999,48.80000000000003
2018-03-02,0.0,2018,3,2,1,7,0.0,0.0,34.2,48.79999999999999,48.80000000000003
2018-03-03,0.0,2018,3,3,1,7,0.0,0.0,18.400000000000006,48.79999999999999,48.80000000000003
2018-03-04,5.0,2018,3,4,1,7,5.0,5.0,5.000000000000007,39.19999999999999,53.80000000000003
2018-03-05,68.8,2018,3,5,1,7,68.8,73.8,73.80000000000001,92.19999999999999,122.60000000000002
2018-03-06,3.0,2018,3,6,1,7,3.0,76.8,76.8,76.79999999999998,125.60000000000004
2018-03-07,0.0,2018,3,7,1,7,0.0,71.8,76.8,76.79999999999998,111.00000000000004
2018-03-08,0.0,2018,3,8,1,7,0.0,3.0,76.8,76.79999999999998,95.20000000000005
2018-03-09,0.0,2018,3,9,1,7,0.0,0.0,71.8,76.79999999999998,76.80000000000004
2018-03-10,0.0,2018,3,10,1,7,0.0,0.0,3.0,76.79999999999998,76.80000000000004
2018-03-11,2.6,2018,3,11,2,8,2.6,2.6,2.6,74.39999999999998,79.40000000000003
2018-03-12,4.2,2018,3,12,2,8,4.2,6.800000000000001,6.800000000000001,9.8,83.60000000000004
2018-03-13,65.6,2018,3,13,2,8,65.6,72.39999999999999,72.39999999999999,72.39999999999999,149.20000000000005
2018-03-14,0.5,2018,3,14,2,8,0.5,70.3,72.89999999999999,72.89999999999999,144.70000000000005
2018-03-15,0.0,2018,3,15,2,8,0.0,66.1,72.89999999999999,72.89999999999999,75.90000000000003
2018-03-16,0.0,2018,3,16,2,8,0.0,0.5,70.3,72.89999999999999,72.90000000000003
2018-03-17,0.0,2018,3,17,2,8,0.0,0.0,66.1,72.89999999999999,72.90000000000003
2018-03-18,6.3,2018,3,18,2,8,6.3,6.3,6.8,76.6,79.20000000000003
2018-03-19,0.0,2018,3,19,2,8,0.0,6.3,6.3,72.39999999999999,79.20000000000003
2018-03-20,0.0,2018,3,20,2,8,0.0,6.3,6.3,6.8,79.20000000000003
2018-03-21,23.1,2018,3,21,3,9,23.1,23.1,29.400000000000002,29.400000000000002,99.70000000000005
2018-03-22,17.1,2018,3,22,3,9,17.1,40.2,46.5,46.5,112.60000000000004
2018-03-23,0.0,2018,3,23,3,9,0.0,40.2,40.2,46.5,47.00000000000004
2018-03-24,0.0,2018,3,24,3,9,0.0,17.1,40.2,46.5,46.50000000000004
2018-03-25,17.2,2018,3,25,3,9,17.2,17.2,57.400000000000006,57.400000000000006,63.700000000000045
2018-03-26,0.5,2018,3,26,3,9,0.5,17.7,34.8,57.900000000000006,64.20000000000005
2018-03-27,5.1,2018,3,27,3,9,5.1,22.799999999999997,22.799999999999997,63.00000000000001,69.30000000000004
2018-03-28,2.6,2018,3,28,3,9,2.6,8.2,25.4,42.50000000000001,65.60000000000005
2018-03-29,0.0,2018,3,29,3,9,0.0,7.699999999999999,25.4,25.4,65.60000000000005
2018-03-30,0.0,2018,3,30,3,9,0.0,2.6,8.2,25.4,65.60000000000005
2018-03-31,0.0,2018,3,31,3,9,0.0,0.0,7.699999999999999,25.4,42.50000000000004
2018-04-01,0.0,2018,4,1,1,10,0.0,0.0,2.6,8.2,25.40000000000004
2018-04-02,7.4,2018,4,2,1,10,7.4,7.4,7.4,15.1,32.80000000000004
2018-04-03,4.8,2018,4,3,1,10,4.8,12.2,12.2,14.8,37.600000000000044
2018-04-04,10.0,2018,4,4,1,10,10.0,22.2,22.2,22.200000000000003,30.40000000000004
2018-04-05,0.0,2018,4,5,1,10,0.0,14.799999999999999,22.2,22.200000000000003,29.90000000000004
2018-04-06,0.0,2018,4,6,1,10,0.0,10.0,22.2,22.200000000000003,24.80000000000004
2018-04-07,0.0,2018,4,7,1,10,0.0,0.0,14.799999999999999,22.200000000000003,22.200000000000042
2018-04-08,1.4,2018,4,8,1,10,1.4,1.4,11.4,23.6,23.60000000000004
2018-04-09,9.2,2018,4,9,1,10,9.2,10.6,10.6,25.400000000000002,32.80000000000004
2018-04-10,0.0,2018,4,10,1,10,0.0,10.6,10.6,20.6,32.80000000000004
2018-04-11,0.0,2018,4,11,2,11,0.0,9.2,10.6,10.600000000000001,32.80000000000004
2018-04-12,0.0,2018,4,12,2,11,0.0,0.0,10.6,10.600000000000001,25.40000000000004
2018-04-13,0.0,2018,4,13,2,11,0.0,0.0,9.2,10.600000000000001,20.600000000000044
2018-04-14,0.0,2018,4,14,2,11,0.0,0.0,0.0,10.600000000000001,10.600000000000042
2018-04-15,6.8,2018,4,15,2,11,6.8,6.8,6.8,16.0,17.40000000000004
2018-04-16,0.0,2018,4,16,2,11,0.0,6.8,6.8,6.800000000000002,17.40000000000004
2018-04-17,1.0,2018,4,17,2,11,1.0,7.8,7.8,7.800000000000002,18.40000000000004
2018-04-18,10.2,2018,4,18,2,11,10.2,11.2,18.0,18.0,27.200000000000042
2018-04-19,0.0,2018,4,19,2,11,0.0,11.2,18.0,18.0,18.000000000000043
2018-04-20,0.0,2018,4,20,2,11,0.0,10.2,11.2,18.0,18.000000000000043
2018-04-21,0.0,2018,4,21,3,12,0.0,0.0,11.2,18.0,18.000000000000043
2018-04-22,5.8,2018,4,22,3,12,5.8,5.8,16.0,17.0,23.800000000000043
2018-04-23,5.5,2018,4,23,3,12,5.5,11.3,11.3,22.5,29.30000000000004
2018-04-24,10.6,2018,4,24,3,12,10.6,21.9,21.9,32.099999999999994,39.900000000000034
2018-04-25,13.7,2018,4,25,3,12,13.7,29.799999999999997,35.599999999999994,35.599999999999994,46.80000000000004
2018-04-26,57.4,2018,4,26,3,12,57.4,81.69999999999999,93.0,93.0,104.20000000000005
2018-04-27,0.0,2018,4,27,3,12,0.0,71.1,87.2,93.0,103.20000000000005
2018-04-28,9.2,2018,4,28,3,12,9.2,66.6,90.9,102.2,102.20000000000003
2018-04-29,0.0,2018,4,29,3,12,0.0,9.2,80.30000000000001,96.4,102.20000000000003
2018-04-30,0.0,2018,4,30,3,12,0.0,9.2,66.60000000000001,90.9,102.20000000000003
2018-05-01,0.0,2018,5,1,1,13,0.0,0.0,9.2,80.30000000000001,102.20000000000003
2018-05-02,0.0,2018,5,2,1,13,0.0,0.0,9.2,66.60000000000001,96.40000000000003
2018-05-03,0.0,2018,5,3,1,13,0.0,0.0,0.0,9.2,90.90000000000003
2018-05-04,1.9,2018,5,4,1,13,1.9,1.9,1.9,11.1,82.20000000000005
2018-05-05,0.0,2018,5,5,1,13,0.0,1.9,1.9,1.9,68.50000000000004
2018-05-06,0.0,2018,5,6,1,13,0.0,1.9,1.9,1.9,11.100000000000042
2018-05-07,0.0,2018,5,7,1,13,0.0,0.0,1.9,1.9,11.100000000000042
2018-05-08,0.0,2018,5,8,1,13,0.0,0.0,1.9,1.9,1.9000000000000425
2018-05-09,0.0,2018,5,9,1,13,0.0,0.0,0.0,1.9,1.9000000000000425
2018-05-10,5.8,2018,5,10,1,13,5.8,5.8,5.8,7.699999999999999,7.700000000000042
2018-05-11,0.0,2018,5,11,2,14,0.0,5.8,5.8,5.8,7.700000000000043
2018-05-12,0.0,2018,5,12,2,14,0.0,5.8,5.8,5.800000000000001,7.700000000000043
2018-05-13,0.0,2018,5,13,2,14,0.0,0.0,5.8,5.800000000000001,7.700000000000043
2018-05-14,0.0,2018,5,14,2,14,0.0,0.0,5.8,5.800000000000001,5.800000000000043
2018-05-15,0.0,2018,5,15,2,14,0.0,0.0,0.0,5.800000000000001,5.800000000000043
2018-05-16,0.0,2018,5,16,2,14,0.0,0.0,0.0,5.800000000000001,5.800000000000043
2018-05-17,10.4,2018,5,17,2,14,10.4,10.4,10.4,10.4,16.200000000000045
2018-05-18,0.0,2018,5,18,2,14,0.0,10.4,10.4,10.4,16.200000000000045
2018-05-19,3.0,2018,5,19,2,14,3.0,13.4,13.4,13.4,19.200000000000045
2018-05-20,9.8,2018,5,20,2,14,9.8,12.8,23.200000000000003,23.200000000000003,23.200000000000045
2018-05-21,17.0,2018,5,21,3,15,17.0,29.8,40.2,40.2,40.200000000000045
2018-05-22,5.2,2018,5,22,3,15,5.2,32.0,35.00000000000001,45.400000000000006,45.40000000000005
2018-05-23,0.8,2018,5,23,3,15,0.8,23.0,35.800000000000004,46.2,46.200000000000045
2018-05-24,16.3,2018,5,24,3,15,16.3,22.3,49.10000000000001,52.10000000000001,62.50000000000004
2018-05-25,0.0,2018,5,25,3,15,0.0,17.1,39.3,52.10000000000001,62.50000000000004
2018-05-26,0.0,2018,5,26,3,15,0.0,16.3,22.3,49.10000000000001,62.50000000000004
2018-05-27,0.0,2018,5,27,3,15,0.0,0.0,17.1,39.3,52.10000000000005
2018-05-28,0.0,2018,5,28,3,15,0.0,0.0,16.3,22.3,52.10000000000005
2018-05-29,0.0,2018,5,29,3,15,0.0,0.0,0.0,17.1,49.10000000000005
2018-05-30,0.0,2018,5,30,3,15,0.0,0.0,0.0,16.3,39.30000000000004
2018-05-31,0.0,2018,5,31,3,15,0.0,0.0,0.0,0.0,22.300000000000043
2018-06-01,37.7,2018,6,1,1,16,37.7,37.7,37.7,37.7,54.80000000000005
2018-06-02,0.0,2018,6,2,1,16,0.0,37.7,37.7,37.7,54.00000000000004
2018-06-03,0.0,2018,6,3,1,16,0.0,37.7,37.7,37.7,37.700000000000045
2018-06-04,0.0,2018,6,4,1,16,0.0,0.0,37.7,37.7,37.700000000000045
2018-06-05,0.0,2018,6,5,1,16,0.0,0.0,37.7,37.7,37.700000000000045
2018-06-06,0.0,2018,6,6,1,16,0.0,0.0,0.0,37.7,37.700000000000045
2018-06-07,0.0,2018,6,7,1,16,0.0,0.0,0.0,37.7,37.700000000000045
2018-06-08,0.0,2018,6,8,1,16,0.0,0.0,0.0,0.0,37.700000000000045
2018-06-09,0.0,2018,6,9,1,16,0.0,0.0,0.0,0.0,37.700000000000045
2018-06-10,0.0,2018,6,10,1,16,0.0,0.0,0.0,0.0,37.700000000000045
2018-06-11,0.0,2018,6,11,2,17,0.0,0.0,0.0,0.0,0.0
2018-06-12,0.0,2018,6,12,2,17,0.0,0.0,0.0,0.0,0.0
2018-06-13,0.0,2018,6,13,2,17,0.0,0.0,0.0,0.0,0.0
2018-06-14,10.4,2018,6,14,2,17,10.4,10.4,10.4,10.4,10.400000000000043
2018-06-15,0.0,2018,6,15,2,17,0.0,10.4,10.4,10.4,10.400000000000043
2018-06-16,24.0,2018,6,16,2,17,24.0,34.4,34.4,34.4,34.40000000000004
2018-06-17,1.0,2018,6,17,2,17,1.0,25.0,35.4,35.4,35.40000000000004
2018-06-18,0.0,2018,6,18,2,17,0.0,25.0,35.4,35.4,35.40000000000004
2018-06-19,0.0,2018,6,19,2,17,0.0,1.0,25.0,35.4,35.40000000000004
2018-06-20,0.0,2018,6,20,2,17,0.0,0.0,25.0,35.4,35.40000000000004
2018-06-21,0.0,2018,6,21,3,18,0.0,0.0,1.0,25.0,35.40000000000004
2018-06-22,0.0,2018,6,22,3,18,0.0,0.0,0.0,25.0,35.40000000000004
2018-06-23,0.0,2018,6,23,3,18,0.0,0.0,0.0,1.0,35.40000000000004
2018-06-24,59.5,2018,6,24,3,18,59.5,59.5,59.5,59.5,84.50000000000004
2018-06-25,3.1,2018,6,25,3,18,3.1,62.6,62.6,62.6,87.60000000000004
2018-06-26,7.0,2018,6,26,3,18,7.0,69.6,69.6,69.6,70.60000000000004
2018-06-27,53.5,2018,6,27,3,18,53.5,63.6,123.1,123.1,123.10000000000005
2018-06-28,0.0,2018,6,28,3,18,0.0,60.5,123.1,123.1,123.10000000000005
2018-06-29,0.0,2018,6,29,3,18,0.0,53.5,63.6,123.1,123.10000000000005
2018-06-30,0.0,2018,6,30,3,18,0.0,0.0,60.5,123.1,123.10000000000005
2018-07-01,0.0,2018,7,1,1,19,0.0,0.0,53.5,63.6,123.10000000000005
2018-07-02,0.0,2018,7,2,1,19,0.0,0.0,0.0,60.5,123.10000000000005
2018-07-03,0.0,2018,7,3,1,19,0.0,0.0,0.0,53.5,123.10000000000005
2018-07-04,0.0,2018,7,4,1,19,0.0,0.0,0.0,0.0,63.600000000000044
2018-07-05,0.0,2018,7,5,1,19,0.0,0.0,0.0,0.0,60.50000000000004
2018-07-06,3.0,2018,7,6,1,19,3.0,3.0,3.0,3.0,56.50000000000004
2018-07-07,0.0,2018,7,7,1,19,0.0,3.0,3.0,3.0,3.0000000000000426
2018-07-08,0.0,2018,7,8,1,19,0.0,3.0,3.0,3.0,3.0000000000000426
2018-07-09,0.0,2018,7,9,1,19,0.0,0.0,3.0,3.0,3.0000000000000426
2018-07-10,0.0,2018,7,10,1,19,0.0,0.0,3.0,3.0,3.0000000000000426
2018-07-11,0.0,2018,7,11,2,20,0.0,0.0,0.0,3.0,3.0000000000000426
2018-07-12,0.0,2018,7,12,2,20,0.0,0.0,0.0,3.0,3.0000000000000426
2018-07-13,0.0,2018,7,13,2,20,0.0,0.0,0.0,0.0,3.0000000000000426
2018-07-14,0.0,2018,7,14,2,20,0.0,0.0,0.0,0.0,3.0000000000000426
2018-07-15,0.0,2018,7,15,2,20,0.0,0.0,0.0,0.0,3.0000000000000426
2018-07-16,0.0,2018,7,16,2,20,0.0,0.0,0.0,0.0,0.0
2018-07-17,0.0,2018,7,17,2,20,0.0,0.0,0.0,0.0,0.0
2018-07-18,0.0,2018,7,18,2,20,0.0,0.0,0.0,0.0,0.0
2018-07-19,0.0,2018,7,19,2,20,0.0,0.0,0.0,0.0,0.0
2018-07-20,0.0,2018,7,20,2,20,0.0,0.0,0.0,0.0,0.0
2018-07-21,0.0,2018,7,21,3,21,0.0,0.0,0.0,0.0,0.0
2018-07-22,0.0,2018,7,22,3,21,0.0,0.0,0.0,0.0,0.0
2018-07-23,0.0,2018,7,23,3,21,0.0,0.0,0.0,0.0,0.0
2018-07-24,0.0,2018,7,24,3,21,0.0,0.0,0.0,0.0,0.0
2018-07-25,0.0,2018,7,25,3,21,0.0,0.0,0.0,0.0,0.0
2018-07-26,0.0,2018,7,26,3,21,0.0,0.0,0.0,0.0,0.0
2018-07-27,0.0,2018,7,27,3,21,0.0,0.0,0.0,0.0,0.0
2018-07-28,0.0,2018,7,28,3,21,0.0,0.0,0.0,0.0,0.0
2018-07-29,0.0,2018,7,29,3,21,0.0,0.0,0.0,0.0,0.0
2018-07-30,0.0,2018,7,30,3,21,0.0,0.0,0.0,0.0,0.0
2018-07-31,0.0,2018,7,31,3,21,0.0,0.0,0.0,0.0,0.0
2018-08-01,0.0,2018,8,1,1,22,0.0,0.0,0.0,0.0,0.0
2018-08-02,0.0,2018,8,2,1,22,0.0,0.0,0.0,0.0,0.0
2018-08-03,0.0,2018,8,3,1,22,0.0,0.0,0.0,0.0,0.0
2018-08-04,0.0,2018,8,4,1,22,0.0,0.0,0.0,0.0,0.0
2018-08-05,0.0,2018,8,5,1,22,0.0,0.0,0.0,0.0,0.0
2018-08-06,0.0,2018,8,6,1,22,0.0,0.0,0.0,0.0,0.0
2018-08-07,0.0,2018,8,7,1,22,0.0,0.0,0.0,0.0,0.0
2018-08-08,0.0,2018,8,8,1,22,0.0,0.0,0.0,0.0,0.0
2018-08-09,0.0,2018,8,9,1,22,0.0,0.0,0.0,0.0,0.0
2018-08-10,0.0,2018,8,10,1,22,0.0,0.0,0.0,0.0,0.0
2018-08-11,0.0,2018,8,11,2,23,0.0,0.0,0.0,0.0,0.0
2018-08-12,0.0,2018,8,12,2,23,0.0,0.0,0.0,0.0,0.0
2018-08-13,0.0,2018,8,13,2,23,0.0,0.0,0.0,0.0,0.0
2018-08-14,0.0,2018,8,14,2,23,0.0,0.0,0.0,0.0,0.0
2018-08-15,0.0,2018,8,15,2,23,0.0,0.0,0.0,0.0,0.0
2018-08-16,0.0,2018,8,16,2,23,0.0,0.0,0.0,0.0,0.0
2018-08-17,0.0,2018,8,17,2,23,0.0,0.0,0.0,0.0,0.0
2018-08-18,0.0,2018,8,18,2,23,0.0,0.0,0.0,0.0,0.0
2018-08-19,0.0,2018,8,19,2,23,0.0,0.0,0.0,0.0,0.0
2018-08-20,0.0,2018,8,20,2,23,0.0,0.0,0.0,0.0,0.0
2018-08-21,0.0,2018,8,21,3,24,0.0,0.0,0.0,0.0,0.0
2018-08-22,0.0,2018,8,22,3,24,0.0,0.0,0.0,0.0,0.0
2018-08-23,0.0,2018,8,23,3,24,0.0,0.0,0.0,0.0,0.0
2018-08-24,0.0,2018,8,24,3,24,0.0,0.0,0.0,0.0,0.0
2018-08-25,0.0,2018,8,25,3,24,0.0,0.0,0.0,0.0,0.0
2018-08-26,0.0,2018,8,26,3,24,0.0,0.0,0.0,0.0,0.0
2018-08-27,0.0,2018,8,27,3,24,0.0,0.0,0.0,0.0,0.0
2018-08-28,0.0,2018,8,28,3,24,0.0,0.0,0.0,0.0,0.0
2018-08-29,0.0,2018,8,29,3,24,0.0,0.0,0.0,0.0,0.0
2018-08-30,0.0,2018,8,30,3,24,0.0,0.0,0.0,0.0,0.0
2018-08-31,0.0,2018,8,31,3,24,0.0,0.0,0.0,0.0,0.0
2018-09-01,13.5,2018,9,1,1,25,13.5,13.5,13.5,13.5,13.500000000000043
2018-09-02,0.7,2018,9,2,1,25,0.7,14.2,14.2,14.2,14.200000000000042
2018-09-03,9.5,2018,9,3,1,25,9.5,23.7,23.7,23.7,23.700000000000042
2018-09-04,0.0,2018,9,4,1,25,0.0,10.2,23.7,23.7,23.700000000000042
2018-09-05,0.0,2018,9,5,1,25,0.0,9.5,23.7,23.7,23.700000000000042
2018-09-06,0.0,2018,9,6,1,25,0.0,0.0,10.2,23.7,23.700000000000042
2018-09-07,0.0,2018,9,7,1,25,0.0,0.0,9.5,23.7,23.700000000000042
2018-09-08,0.0,2018,9,8,1,25,0.0,0.0,0.0,10.2,23.700000000000042
2018-09-09,0.0,2018,9,9,1,25,0.0,0.0,0.0,9.5,23.700000000000042
2018-09-10,0.0,2018,9,10,1,25,0.0,0.0,0.0,0.0,23.700000000000042
2018-09-11,0.0,2018,9,11,2,26,0.0,0.0,0.0,0.0,10.200000000000042
2018-09-12,0.0,2018,9,12,2,26,0.0,0.0,0.0,0.0,9.500000000000043
2018-09-13,0.0,2018,9,13,2,26,0.0,0.0,0.0,0.0,0.0
2018-09-14,0.0,2018,9,14,2,26,0.0,0.0,0.0,0.0,0.0
2018-09-15,0.0,2018,9,15,2,26,0.0,0.0,0.0,0.0,0.0
2018-09-16,0.0,2018,9,16,2,26,0.0,0.0,0.0,0.0,0.0
2018-09-17,0.0,2018,9,17,2,26,0.0,0.0,0.0,0.0,0.0
2018-09-18,0.0,2018,9,18,2,26,0.0,0.0,0.0,0.0,0.0
2018-09-19,0.0,2018,9,19,2,26,0.0,0.0,0.0,0.0,0.0
2018-09-20,0.0,2018,9,20,2,26,0.0,0.0,0.0,0.0,0.0
2018-09-21,5.5,2018,9,21,3,27,5.5,5.5,5.5,5.5,5.500000000000043
2018-09-22,0.7,2018,9,22,3,27,0.7,6.2,6.2,6.2,6.200000000000043
2018-09-23,0.0,2018,9,23,3,27,0.0,6.2,6.2,6.2,6.200000000000043
2018-09-24,0.0,2018,9,24,3,27,0.0,0.7,6.2,6.2,6.200000000000043
2018-09-25,0.0,2018,9,25,3,27,0.0,0.0,6.2,6.2,6.200000000000043
2018-09-26,0.0,2018,9,26,3,27,0.0,0.0,0.7,6.2,6.200000000000043
2018-09-27,0.0,2018,9,27,3,27,0.0,0.0,0.0,6.2,6.200000000000043
2018-09-28,0.0,2018,9,28,3,27,0.0,0.0,0.0,0.7,6.200000000000043
2018-09-29,0.0,2018,9,29,3,27,0.0,0.0,0.0,0.0,6.200000000000043
2018-09-30,0.0,2018,9,30,3,27,0.0,0.0,0.0,0.0,6.200000000000043
2018-10-01,0.0,2018,10,1,1,28,0.0,0.0,0.0,0.0,0.7000000000000426
2018-10-02,0.0,2018,10,2,1,28,0.0,0.0,0.0,0.0,0.0
2018-10-03,0.0,2018,10,3,1,28,0.0,0.0,0.0,0.0,0.0
2018-10-04,0.0,2018,10,4,1,28,0.0,0.0,0.0,0.0,0.0
2018-10-05,0.0,2018,10,5,1,28,0.0,0.0,0.0,0.0,0.0
2018-10-06,0.0,2018,10,6,1,28,0.0,0.0,0.0,0.0,0.0
2018-10-07,0.0,2018,10,7,1,28,0.0,0.0,0.0,0.0,0.0
2018-10-08,0.0,2018,10,8,1,28,0.0,0.0,0.0,0.0,0.0
2018-10-09,0.0,2018,10,9,1,28,0.0,0.0,0.0,0.0,0.0
2018-10-10,0.0,2018,10,10,1,28,0.0,0.0,0.0,0.0,0.0
2018-10-11,0.0,2018,10,11,2,29,0.0,0.0,0.0,0.0,0.0
2018-10-12,0.0,2018,10,12,2,29,0.0,0.0,0.0,0.0,0.0
2018-10-13,0.0,2018,10,13,2,29,0.0,0.0,0.0,0.0,0.0
2018-10-14,0.0,2018,10,14,2,29,0.0,0.0,0.0,0.0,0.0
2018-10-15,0.0,2018,10,15,2,29,0.0,0.0,0.0,0.0,0.0
2018-10-16,0.0,2018,10,16,2,29,0.0,0.0,0.0,0.0,0.0
2018-10-17,0.0,2018,10,17,2,29,0.0,0.0,0.0,0.0,0.0
2018-10-18,0.0,2018,10,18,2,29,0.0,0.0,0.0,0.0,0.0
2018-10-19,0.0,2018,10,19,2,29,0.0,0.0,0.0,0.0,0.0
2018-10-20,37.0,2018,10,20,2,29,37.0,37.0,37.0,37.0,37.00000000000004
2018-10-21,0.0,2018,10,21,3,30,0.0,37.0,37.0,37.0,37.00000000000004
2018-10-22,0.0,2018,10,22,3,30,0.0,37.0,37.0,37.0,37.00000000000004
2018-10-23,1.8,2018,10,23,3,30,1.8,1.8,38.8,38.8,38.80000000000004
2018-10-24,0.0,2018,10,24,3,30,0.0,1.8,38.8,38.8,38.80000000000004
2018-10-25,0.0,2018,10,25,3,30,0.0,1.8,1.8,38.8,38.80000000000004
2018-10-26,0.0,2018,10,26,3,30,0.0,0.0,1.8,38.8,38.80000000000004
2018-10-27,0.0,2018,10,27,3,30,0.0,0.0,1.8,1.8,38.80000000000004
2018-10-28,8.8,2018,10,28,3,30,8.8,8.8,8.8,10.600000000000001,47.600000000000044
2018-10-29,13.8,2018,10,29,3,30,13.8,22.6,22.6,24.400000000000002,61.40000000000005
2018-10-30,0.0,2018,10,30,3,30,0.0,22.6,22.6,22.6,24.400000000000045
2018-10-31,25.9,2018,10,31,3,30,25.9,39.7,48.5,48.5,50.30000000000004
2018-11-01,0.0,2018,11,1,1,31,0.0,25.9,48.5,48.5,50.30000000000004
2018-11-02,0.0,2018,11,2,1,31,0.0,25.9,39.7,48.5,48.50000000000004
2018-11-03,0.0,2018,11,3,1,31,0.0,0.0,25.9,48.5,48.50000000000004
2018-11-04,13.0,2018,11,4,1,31,13.0,13.0,38.9,52.7,61.50000000000004
2018-11-05,0.0,2018,11,5,1,31,0.0,13.0,13.0,38.9,61.50000000000004
2018-11-06,1.3,2018,11,6,1,31,1.3,14.3,14.3,40.199999999999996,62.80000000000005
2018-11-07,1.5,2018,11,7,1,31,1.5,2.8,15.8,15.8,55.50000000000004
2018-11-08,0.0,2018,11,8,1,31,0.0,2.8,15.8,15.8,41.700000000000045
2018-11-09,0.7,2018,11,9,1,31,0.7,2.2,3.5,16.5,42.40000000000005
2018-11-10,15.4,2018,11,10,1,31,15.4,16.1,18.9,31.9,31.90000000000004
2018-11-11,32.0,2018,11,11,2,32,32.0,48.1,49.599999999999994,50.9,63.90000000000004
2018-11-12,0.0,2018,11,12,2,32,0.0,47.4,48.099999999999994,50.9,63.90000000000004
2018-11-13,0.0,2018,11,13,2,32,0.0,32.0,48.099999999999994,49.6,63.90000000000004
2018-11-14,0.0,2018,11,14,2,32,0.0,0.0,47.39999999999999,48.1,50.90000000000004
2018-11-15,1.6,2018,11,15,2,32,1.6,1.6,33.599999999999994,49.7,52.50000000000004
2018-11-16,0.0,2018,11,16,2,32,0.0,1.6,1.5999999999999965,49.0,51.200000000000045
2018-11-17,0.0,2018,11,17,2,32,0.0,1.6,1.5999999999999965,33.6,49.700000000000045
2018-11-18,0.8,2018,11,18,2,32,0.8,0.8,2.399999999999997,2.4000000000000004,50.50000000000004
2018-11-19,0.8,2018,11,19,2,32,0.8,1.6,3.1999999999999966,3.2,50.600000000000044
2018-11-20,0.0,2018,11,20,2,32,0.0,1.6,1.5999999999999965,3.2,35.200000000000045
2018-11-21,3.8,2018,11,21,3,33,3.8,4.6,5.399999999999997,7.0,7.000000000000043
2018-11-22,0.0,2018,11,22,3,33,0.0,3.8,5.399999999999997,5.4,7.000000000000043
2018-11-23,0.0,2018,11,23,3,33,0.0,3.8,4.599999999999996,5.4,7.000000000000043
2018-11-24,39.2,2018,11,24,3,33,39.2,39.2,43.0,44.6,46.200000000000045
2018-11-25,0.0,2018,11,25,3,33,0.0,39.2,43.0,43.800000000000004,44.600000000000044
2018-11-26,0.0,2018,11,26,3,33,0.0,39.2,39.2,43.0,44.600000000000044
2018-11-27,2.0,2018,11,27,3,33,2.0,2.0,41.2,45.0,46.600000000000044
2018-11-28,0.0,2018,11,28,3,33,0.0,2.0,41.2,41.2,45.80000000000005
2018-11-29,0.0,2018,11,29,3,33,0.0,2.0,2.0,41.2,45.00000000000004
2018-11-30,4.0,2018,11,30,3,33,4.0,4.0,6.0,45.2,49.00000000000004
2018-12-01,6.0,2018,12,1,1,34,6.0,10.0,12.0,12.0,51.200000000000045
2018-12-02,18.3,2018,12,2,1,34,18.3,28.3,28.3,30.3,69.50000000000004
2018-12-03,0.0,2018,12,3,1,34,0.0,24.3,28.3,30.3,69.50000000000004
2018-12-04,5.1,2018,12,4,1,34,5.1,23.4,33.4,33.4,35.40000000000004
2018-12-05,0.0,2018,12,5,1,34,0.0,5.1,29.4,33.4,35.40000000000004
2018-12-06,0.0,2018,12,6,1,34,0.0,5.1,23.4,33.4,35.40000000000004
2018-12-07,2.6,2018,12,7,1,34,2.6,2.6,7.699999999999999,32.0,36.00000000000004
2018-12-08,0.0,2018,12,8,1,34,0.0,2.6,7.699999999999999,26.0,36.00000000000004
2018-12-09,1.4,2018,12,9,1,34,1.4,4.0,4.0,9.1,37.40000000000004
2018-12-10,0.0,2018,12,10,1,34,0.0,1.4,4.0,9.1,33.40000000000004
2018-12-11,0.0,2018,12,11,2,35,0.0,1.4,4.0,4.0,27.40000000000004
2018-12-12,0.0,2018,12,12,2,35,0.0,0.0,1.4,4.0,9.100000000000042
2018-12-13,2.4,2018,12,13,2,35,2.4,2.4,3.8,6.4,11.500000000000043
2018-12-14,0.0,2018,12,14,2,35,0.0,2.4,2.4,3.8,6.400000000000043
2018-12-15,15.3,2018,12,15,2,35,15.3,17.7,17.7,19.1,21.700000000000045
2018-12-16,22.5,2018,12,16,2,35,22.5,37.8,40.2,40.2,44.200000000000045
2018-12-17,0.0,2018,12,17,2,35,0.0,37.8,40.2,40.2,41.600000000000044
2018-12-18,0.0,2018,12,18,2,35,0.0,22.499999999999996,37.8,40.2,41.600000000000044
2018-12-19,0.0,2018,12,19,2,35,0.0,0.0,37.8,40.2,40.200000000000045
2018-12-20,0.0,2018,12,20,2,35,0.0,0.0,22.499999999999996,37.800000000000004,40.200000000000045
2018-12-21,0.0,2018,12,21,3,36,0.0,0.0,0.0,37.800000000000004,40.200000000000045
2018-12-22,0.0,2018,12,22,3,36,0.0,0.0,0.0,22.5,40.200000000000045
2018-12-23,18.4,2018,12,23,3,36,18.4,18.399999999999995,18.399999999999995,18.4,56.200000000000045
2018-12-24,18.2,2018,12,24,3,36,18.2,36.599999999999994,36.599999999999994,36.599999999999994,74.40000000000005
2018-12-25,8.1,2018,12,25,3,36,8.1,44.699999999999996,44.699999999999996,44.699999999999996,67.20000000000005
2018-12-26,29.8,2018,12,26,3,36,29.8,56.099999999999994,74.5,74.5,74.50000000000004
2018-12-27,18.5,2018,12,27,3,36,18.5,56.39999999999999,93.0,93.0,93.00000000000004
2018-12-28,1.1,2018,12,28,3,36,1.1,49.4,75.69999999999999,94.1,94.10000000000004
2018-12-29,0.0,2018,12,29,3,36,0.0,19.599999999999994,57.5,94.1,94.10000000000004
2018-12-30,0.0,2018,12,30,3,36,0.0,1.099999999999993,49.4,75.69999999999999,94.10000000000004
2018-12-31,0.0,2018,12,31,3,36,0.0,0.0,19.599999999999994,57.50000000000001,94.10000000000004
2019-01-01,55.1,2019,1,1,1,1,55.1,55.099999999999994,56.199999999999996,104.5,149.20000000000005
2019-01-02,14.2,2019,1,2,1,1,14.2,69.3,69.3,88.89999999999999,145.00000000000003
2019-01-03,45.4,2019,1,3,1,1,45.4,114.69999999999999,114.69999999999999,115.80000000000001,172.20000000000005
2019-01-04,0.0,2019,1,4,1,1,0.0,59.59999999999999,114.69999999999999,114.7,164.10000000000005
2019-01-05,0.0,2019,1,5,1,1,0.0,45.39999999999999,114.69999999999999,114.7,134.30000000000004
2019-01-06,0.0,2019,1,6,1,1,0.0,0.0,59.59999999999999,114.7,115.80000000000004
2019-01-07,0.0,2019,1,7,1,1,0.0,0.0,45.39999999999999,114.7,114.70000000000005
2019-01-08,0.0,2019,1,8,1,1,0.0,0.0,0.0,59.6,114.70000000000005
2019-01-09,0.0,2019,1,9,1,1,0.0,0.0,0.0,45.400000000000006,114.70000000000005
2019-01-10,2.6,2019,1,10,1,1,2.6,2.599999999999986,2.599999999999986,2.6,117.30000000000004
2019-01-11,0.0,2019,1,11,2,2,0.0,2.599999999999986,2.599999999999986,2.6,62.20000000000004
2019-01-12,0.0,2019,1,12,2,2,0.0,2.599999999999986,2.599999999999986,2.6,48.00000000000004
2019-01-13,29.8,2019,1,13,2,2,29.8,29.799999999999986,32.399999999999984,32.4,32.400000000000034
2019-01-14,31.4,2019,1,14,2,2,31.4,61.19999999999999,63.79999999999998,63.8,63.80000000000004
2019-01-15,0.6,2019,1,15,2,2,0.6,61.79999999999998,61.79999999999998,64.4,64.40000000000003
2019-01-16,3.2,2019,1,16,2,2,3.2,35.19999999999998,64.99999999999999,67.6,67.60000000000004
2019-01-17,0.0,2019,1,17,2,2,0.0,3.799999999999986,64.99999999999999,65.0,67.60000000000004
2019-01-18,0.0,2019,1,18,2,2,0.0,3.199999999999986,35.19999999999999,65.0,67.60000000000004
2019-01-19,0.0,2019,1,19,2,2,0.0,0.0,3.799999999999986,65.0,67.60000000000004
2019-01-20,13.1,2019,1,20,2,2,13.1,13.099999999999985,16.299999999999986,48.3,78.10000000000004
2019-01-21,0.0,2019,1,21,3,3,0.0,13.099999999999985,13.099999999999985,16.9,78.10000000000004
2019-01-22,64.9,2019,1,22,3,3,64.9,77.99999999999999,77.99999999999999,81.2,143.00000000000006
2019-01-23,0.0,2019,1,23,3,3,0.0,64.89999999999999,77.99999999999999,78.0,113.20000000000003
2019-01-24,5.4,2019,1,24,3,3,5.4,70.3,83.39999999999999,83.4,87.20000000000005
2019-01-25,34.8,2019,1,25,3,3,34.8,40.19999999999998,105.1,118.19999999999999,121.40000000000003
2019-01-26,17.0,2019,1,26,3,3,17.0,57.19999999999998,122.1,135.2,135.20000000000005
2019-01-27,1.5,2019,1,27,3,3,1.5,53.29999999999998,58.69999999999998,123.6,136.70000000000005
2019-01-28,0.0,2019,1,28,3,3,0.0,18.499999999999986,58.69999999999998,123.6,136.70000000000005
2019-01-29,0.0,2019,1,29,3,3,0.0,1.4999999999999858,53.29999999999998,58.699999999999996,136.70000000000005
2019-01-30,12.2,2019,1,30,3,3,12.2,12.199999999999985,30.699999999999985,70.89999999999999,135.80000000000004
2019-01-31,0.0,2019,1,31,3,3,0.0,12.199999999999985,13.699999999999985,65.49999999999999,135.80000000000004
2019-02-01,0.0,2019,2,1,1,4,0.0,12.199999999999985,12.199999999999985,30.7,70.90000000000002
2019-02-02,4.4,2019,2,2,1,4,4.4,4.399999999999986,16.599999999999987,18.1,75.30000000000003
2019-02-03,0.0,2019,2,3,1,4,0.0,4.399999999999986,16.599999999999987,16.6,69.90000000000002
2019-02-04,0.0,2019,2,4,1,4,0.0,4.399999999999986,4.399999999999986,16.6,35.10000000000003
2019-02-05,1.2,2019,2,5,1,4,1.2,1.1999999999999857,5.599999999999986,17.8,19.30000000000003
2019-02-06,1.5,2019,2,6,1,4,1.5,2.699999999999986,7.099999999999986,7.1000000000000005,19.30000000000003
2019-02-07,13.1,2019,2,7,1,4,13.1,15.799999999999986,15.799999999999986,20.2,32.40000000000003
2019-02-08,1.8,2019,2,8,1,4,1.8,16.399999999999984,17.599999999999984,22.0,34.200000000000024
2019-02-09,18.5,2019,2,9,1,4,18.5,33.399999999999984,36.09999999999998,36.1,40.50000000000003
2019-02-10,0.0,2019,2,10,1,4,0.0,20.299999999999983,34.89999999999998,36.1,40.50000000000003
2019-02-11,0.7,2019,2,11,2,5,0.7,19.199999999999985,34.09999999999998,36.800000000000004,41.20000000000003
2019-02-12,0.0,2019,2,12,2,5,0.0,0.6999999999999857,20.999999999999986,35.6,36.80000000000003
2019-02-13,0.0,2019,2,13,2,5,0.0,0.6999999999999857,19.199999999999985,34.1,36.80000000000003
2019-02-14,9.4,2019,2,14,2,5,9.4,9.399999999999986,10.099999999999985,30.4,46.20000000000003
2019-02-15,7.1,2019,2,15,2,5,7.1,16.499999999999986,17.199999999999985,35.7,52.10000000000002
2019-02-16,55.6,2019,2,16,2,5,55.6,72.1,72.1,72.8,106.20000000000003
2019-02-17,47.3,2019,2,17,2,5,47.3,109.99999999999999,119.39999999999998,120.1,140.40000000000003
2019-02-18,2.0,2019,2,18,2,5,2.0,104.89999999999998,121.39999999999998,121.39999999999999,140.60000000000002
2019-02-19,0.0,2019,2,19,2,5,0.0,49.29999999999998,111.99999999999997,121.39999999999999,122.10000000000002
2019-02-20,0.0,2019,2,20,2,5,0.0,1.9999999999999858,104.89999999999998,121.39999999999999,122.10000000000002
2019-02-21,0.0,2019,2,21,3,6,0.0,0.0,49.29999999999998,112.0,121.40000000000003
2019-02-22,1.8,2019,2,22,3,6,1.8,1.7999999999999858,3.7999999999999856,106.69999999999999,123.20000000000003
2019-02-23,1.2,2019,2,23,3,6,1.2,2.999999999999986,2.999999999999986,52.3,124.40000000000003
2019-02-24,7.4,2019,2,24,3,6,7.4,10.399999999999986,10.399999999999986,12.4,122.40000000000003
2019-02-25,4.6,2019,2,25,3,6,4.6,13.199999999999985,14.999999999999986,15.0,119.90000000000003
2019-02-26,1.0,2019,2,26,3,6,1.0,12.999999999999986,15.999999999999986,16.0,65.30000000000003
2019-02-27,0.0,2019,2,27,3,6,0.0,5.599999999999985,14.199999999999985,16.0,18.00000000000003
2019-02-28,1.7,2019,2,28,3,6,1.7,2.699999999999986,14.699999999999985,17.7,17.700000000000028
2019-03-01,8.8,2019,3,1,1,7,8.8,10.499999999999986,16.099999999999987,24.7,26.50000000000003
2019-03-02,1.1,2019,3,2,1,7,1.1,11.599999999999985,12.599999999999985,24.6,27.60000000000003
2019-03-03,4.1,2019,3,3,1,7,4.1,13.999999999999986,15.699999999999985,21.3,31.700000000000028
2019-03-04,0.0,2019,3,4,1,7,0.0,5.199999999999985,15.699999999999985,16.7,29.900000000000027
2019-03-05,3.7,2019,3,5,1,7,3.7,7.799999999999986,17.699999999999985,19.4,32.40000000000003
2019-03-06,41.0,2019,3,6,1,7,41.0,44.69999999999999,49.899999999999984,60.4,66.00000000000003
2019-03-07,14.8,2019,3,7,1,7,14.8,59.499999999999986,63.59999999999998,73.5,76.20000000000003
2019-03-08,0.0,2019,3,8,1,7,0.0,55.79999999999998,59.499999999999986,64.7,75.20000000000003
2019-03-09,1.6,2019,3,9,1,7,1.6,16.399999999999988,61.09999999999999,65.2,76.80000000000003
2019-03-10,0.0,2019,3,10,1,7,0.0,1.5999999999999859,57.399999999999984,61.1,75.10000000000002
2019-03-11,1.4,2019,3,11,2,8,1.4,2.999999999999986,17.799999999999986,62.5,67.70000000000003
2019-03-12,16.0,2019,3,12,2,8,16.0,17.399999999999984,18.999999999999986,74.8,82.60000000000004
2019-03-13,13.6,2019,3,13,2,8,13.6,30.999999999999986,32.59999999999999,47.4,92.10000000000002
2019-03-14,32.5,2019,3,14,2,8,32.5,62.09999999999999,63.499999999999986,65.1,124.60000000000002
2019-03-15,0.0,2019,3,15,2,8,0.0,46.09999999999999,63.499999999999986,65.1,120.90000000000002
2019-03-16,0.0,2019,3,16,2,8,0.0,32.499999999999986,62.09999999999999,63.5,79.90000000000003
2019-03-17,0.0,2019,3,17,2,8,0.0,0.0,46.09999999999999,63.5,65.10000000000002
2019-03-18,18.2,2019,3,18,2,8,18.2,18.199999999999985,50.69999999999999,80.3,83.30000000000003
2019-03-19,2.0,2019,3,19,2,8,2.0,20.199999999999985,20.199999999999985,66.3,83.70000000000003
2019-03-20,26.4,2019,3,20,2,8,26.4,46.59999999999998,46.59999999999998,79.1,110.10000000000002
2019-03-21,0.0,2019,3,21,3,9,0.0,28.399999999999984,46.59999999999998,46.599999999999994,108.70000000000002
2019-03-22,1.0,2019,3,22,3,9,1.0,27.399999999999984,47.59999999999998,47.599999999999994,93.70000000000002
2019-03-23,5.2,2019,3,23,3,9,5.2,6.199999999999986,34.59999999999999,52.8,85.30000000000003
2019-03-24,11.4,2019,3,24,3,9,11.4,17.599999999999987,43.999999999999986,64.2,64.20000000000003
2019-03-25,0.0,2019,3,25,3,9,0.0,16.599999999999987,17.599999999999987,46.0,64.20000000000003
2019-03-26,0.0,2019,3,26,3,9,0.0,11.399999999999986,17.599999999999987,44.0,64.20000000000003
2019-03-27,3.8,2019,3,27,3,9,3.8,3.799999999999984,20.399999999999988,21.400000000000002,68.00000000000003
2019-03-28,1.7,2019,3,28,3,9,1.7,5.499999999999984,16.899999999999988,23.1,51.50000000000002
2019-03-29,0.0,2019,3,29,3,9,0.0,5.499999999999984,5.499999999999986,22.1,49.50000000000003
2019-03-30,1.4,2019,3,30,3,9,1.4,3.0999999999999837,6.899999999999985,18.3,24.50000000000003
2019-03-31,0.0,2019,3,31,3,9,0.0,1.399999999999984,6.899999999999985,6.8999999999999995,24.50000000000003
2019-04-01,0.0,2019,4,1,1,10,0.0,1.399999999999984,3.0999999999999854,6.8999999999999995,23.50000000000003
2019-04-02,0.0,2019,4,2,1,10,0.0,0.0,1.3999999999999857,6.8999999999999995,18.30000000000003
2019-04-03,0.0,2019,4,3,1,10,0.0,0.0,1.3999999999999857,3.0999999999999996,6.900000000000028
2019-04-04,2.7,2019,4,4,1,10,2.7,2.699999999999984,2.699999999999986,4.1,9.600000000000028
2019-04-05,1.3,2019,4,5,1,10,1.3,3.999999999999984,3.999999999999986,5.3999999999999995,10.900000000000029
2019-04-06,0.0,2019,4,6,1,10,0.0,3.999999999999984,3.999999999999986,4.0,7.100000000000028
2019-04-07,11.5,2019,4,7,1,10,11.5,12.799999999999983,15.499999999999986,15.5,16.900000000000027
2019-04-08,2.8,2019,4,8,1,10,2.8,14.299999999999983,18.299999999999986,18.3,19.700000000000028
2019-04-09,0.0,2019,4,9,1,10,0.0,14.299999999999983,15.599999999999987,18.3,18.30000000000003
2019-04-10,0.0,2019,4,10,1,10,0.0,2.799999999999982,14.299999999999986,18.3,18.30000000000003
2019-04-11,0.0,2019,4,11,2,11,0.0,0.0,14.299999999999986,15.600000000000001,18.30000000000003
2019-04-12,0.0,2019,4,12,2,11,0.0,0.0,2.7999999999999856,14.3,18.30000000000003
2019-04-13,0.0,2019,4,13,2,11,0.0,0.0,0.0,14.3,18.30000000000003
2019-04-14,0.0,2019,4,14,2,11,0.0,0.0,0.0,2.8,15.600000000000026
2019-04-15,9.4,2019,4,15,2,11,9.4,9.399999999999983,9.399999999999986,9.4,23.700000000000028
2019-04-16,1.8,2019,4,16,2,11,1.8,11.199999999999983,11.199999999999987,11.200000000000001,25.50000000000003
2019-04-17,15.5,2019,4,17,2,11,15.5,26.69999999999998,26.69999999999999,26.700000000000003,29.50000000000003
2019-04-18,0.0,2019,4,18,2,11,0.0,17.299999999999983,26.69999999999999,26.700000000000003,26.700000000000028
2019-04-19,26.2,2019,4,19,2,11,26.2,41.69999999999998,52.899999999999984,52.9,52.90000000000003
2019-04-20,20.9,2019,4,20,2,11,20.9,47.09999999999998,64.39999999999998,73.8,73.80000000000003
2019-04-21,3.2,2019,4,21,3,12,3.2,50.29999999999998,65.79999999999998,77.0,77.00000000000003
2019-04-22,1.3,2019,4,22,3,12,1.3,25.39999999999998,51.59999999999998,68.89999999999999,78.30000000000003
2019-04-23,0.0,2019,4,23,3,12,0.0,4.499999999999982,51.59999999999998,67.1,78.30000000000003
2019-04-24,0.0,2019,4,24,3,12,0.0,1.2999999999999823,25.399999999999984,51.599999999999994,78.30000000000003
2019-04-25,3.2,2019,4,25,3,12,3.2,3.1999999999999824,7.699999999999986,54.8,72.10000000000004
2019-04-26,12.1,2019,4,26,3,12,12.1,15.299999999999983,16.599999999999987,40.7,82.40000000000002
2019-04-27,9.1,2019,4,27,3,12,9.1,24.39999999999998,24.399999999999984,28.9,76.00000000000003
2019-04-28,2.0,2019,4,28,3,12,2.0,23.19999999999998,26.399999999999984,27.700000000000003,78.00000000000003
2019-04-29,13.0,2019,4,29,3,12,13.0,24.09999999999998,39.399999999999984,39.4,64.80000000000003
2019-04-30,14.0,2019,4,30,3,12,14.0,28.99999999999998,50.19999999999999,53.4,57.90000000000003
2019-05-01,0.0,2019,5,1,1,13,0.0,26.99999999999998,38.09999999999999,53.4,54.700000000000024
2019-05-02,0.0,2019,5,2,1,13,0.0,13.99999999999998,28.999999999999986,50.199999999999996,53.40000000000003
2019-05-03,0.0,2019,5,3,1,13,0.0,0.0,26.999999999999986,38.099999999999994,53.40000000000003
2019-05-04,0.0,2019,5,4,1,13,0.0,0.0,13.999999999999986,29.0,53.40000000000003
2019-05-05,4.8,2019,5,5,1,13,4.8,4.79999999999998,4.799999999999986,31.8,55.00000000000003
2019-05-06,0.0,2019,5,6,1,13,0.0,4.79999999999998,4.799999999999986,18.799999999999997,42.900000000000034
2019-05-07,15.2,2019,5,7,1,13,15.2,19.99999999999998,19.999999999999986,20.0,49.00000000000003
2019-05-08,0.0,2019,5,8,1,13,0.0,15.199999999999978,19.999999999999986,20.0,47.00000000000003
2019-05-09,0.0,2019,5,9,1,13,0.0,15.199999999999978,19.999999999999986,20.0,34.00000000000003
2019-05-10,5.5,2019,5,10,1,13,5.5,5.499999999999979,20.699999999999985,25.5,25.50000000000003
2019-05-11,0.0,2019,5,11,2,14,0.0,5.499999999999979,20.699999999999985,25.5,25.50000000000003
2019-05-12,0.0,2019,5,12,2,14,0.0,5.499999999999979,5.499999999999986,20.699999999999996,25.50000000000003
2019-05-13,0.0,2019,5,13,2,14,0.0,0.0,5.499999999999986,20.699999999999996,25.50000000000003
2019-05-14,6.6,2019,5,14,2,14,6.6,6.599999999999978,12.099999999999985,12.099999999999998,32.10000000000003
2019-05-15,0.0,2019,5,15,2,14,0.0,6.599999999999978,6.599999999999985,12.099999999999998,27.300000000000026
2019-05-16,11.3,2019,5,16,2,14,11.3,17.899999999999977,17.899999999999984,23.4,38.60000000000003
2019-05-17,0.5,2019,5,17,2,14,0.5,11.79999999999998,18.399999999999984,18.4,23.900000000000027
2019-05-18,0.0,2019,5,18,2,14,0.0,11.79999999999998,18.399999999999984,18.4,23.900000000000027
2019-05-19,0.0,2019,5,19,2,14,0.0,0.4999999999999787,11.799999999999986,18.4,23.900000000000027
2019-05-20,0.0,2019,5,20,2,14,0.0,0.0,11.799999999999986,18.4,18.400000000000027
2019-05-21,5.2,2019,5,21,3,15,5.2,5.199999999999979,5.699999999999986,17.0,23.60000000000003
2019-05-22,0.0,2019,5,22,3,15,0.0,5.199999999999979,5.199999999999986,17.0,23.60000000000003
2019-05-23,0.0,2019,5,23,3,15,0.0,5.199999999999979,5.199999999999986,5.699999999999998,23.60000000000003
2019-05-24,0.0,2019,5,24,3,15,0.0,0.0,5.199999999999986,5.199999999999998,17.00000000000003
2019-05-25,0.0,2019,5,25,3,15,0.0,0.0,5.199999999999986,5.199999999999998,17.00000000000003
2019-05-26,0.0,2019,5,26,3,15,0.0,0.0,0.0,5.199999999999998,5.700000000000029
2019-05-27,0.0,2019,5,27,3,15,0.0,0.0,0.0,5.199999999999998,5.200000000000029
2019-05-28,0.0,2019,5,28,3,15,0.0,0.0,0.0,0.0,5.200000000000029
2019-05-29,0.0,2019,5,29,3,15,0.0,0.0,0.0,0.0,5.200000000000029
2019-05-30,44.2,2019,5,30,3,15,44.2,44.19999999999998,44.19999999999999,44.2,49.400000000000034
2019-05-31,0.0,2019,5,31,3,15,0.0,44.19999999999998,44.19999999999999,44.2,44.20000000000003
2019-06-01,0.0,2019,6,1,1,16,0.0,44.19999999999998,44.19999999999999,44.2,44.20000000000003
2019-06-02,0.0,2019,6,2,1,16,0.0,0.0,44.19999999999999,44.2,44.20000000000003
2019-06-03,0.0,2019,6,3,1,16,0.0,0.0,44.19999999999999,44.2,44.20000000000003
2019-06-04,0.0,2019,6,4,1,16,0.0,0.0,0.0,44.2,44.20000000000003
2019-06-05,0.0,2019,6,5,1,16,0.0,0.0,0.0,44.2,44.20000000000003
2019-06-06,0.0,2019,6,6,1,16,0.0,0.0,0.0,0.0,44.20000000000003
2019-06-07,0.0,2019,6,7,1,16,0.0,0.0,0.0,0.0,44.20000000000003
2019-06-08,3.6,2019,6,8,1,16,3.6,3.5999999999999788,3.599999999999986,3.6,47.80000000000003
2019-06-09,0.0,2019,6,9,1,16,0.0,3.5999999999999788,3.599999999999986,3.6,3.6000000000000285
2019-06-10,0.0,2019,6,10,1,16,0.0,3.5999999999999788,3.599999999999986,3.6,3.6000000000000285
2019-06-11,0.0,2019,6,11,2,17,0.0,0.0,3.599999999999986,3.6,3.6000000000000285
2019-06-12,0.0,2019,6,12,2,17,0.0,0.0,3.599999999999986,3.6,3.6000000000000285
2019-06-13,0.0,2019,6,13,2,17,0.0,0.0,0.0,3.6,3.6000000000000285
2019-06-14,0.0,2019,6,14,2,17,0.0,0.0,0.0,3.6,3.6000000000000285
2019-06-15,2.3,2019,6,15,2,17,2.3,2.2999999999999785,2.2999999999999856,2.3,5.900000000000029
2019-06-16,0.5,2019,6,16,2,17,0.5,2.7999999999999785,2.7999999999999856,2.8,6.400000000000029
2019-06-17,3.4,2019,6,17,2,17,3.4,6.199999999999978,6.199999999999985,6.199999999999999,9.80000000000003
2019-06-18,0.0,2019,6,18,2,17,0.0,3.8999999999999786,6.199999999999985,6.199999999999999,6.200000000000029
2019-06-19,0.0,2019,6,19,2,17,0.0,3.3999999999999786,6.199999999999985,6.199999999999999,6.200000000000028
2019-06-20,0.0,2019,6,20,2,17,0.0,0.0,3.8999999999999857,6.199999999999999,6.200000000000028
2019-06-21,0.0,2019,6,21,3,18,0.0,0.0,3.3999999999999857,6.199999999999999,6.200000000000028
2019-06-22,0.0,2019,6,22,3,18,0.0,0.0,0.0,3.9,6.200000000000028
2019-06-23,0.0,2019,6,23,3,18,0.0,0.0,0.0,3.4,6.200000000000028
2019-06-24,0.0,2019,6,24,3,18,0.0,0.0,0.0,0.0,6.200000000000028
2019-06-25,0.0,2019,6,25,3,18,0.0,0.0,0.0,0.0,3.9000000000000283
2019-06-26,0.0,2019,6,26,3,18,0.0,0.0,0.0,0.0,3.4000000000000283
2019-06-27,0.0,2019,6,27,3,18,0.0,0.0,0.0,0.0,0.0
2019-06-28,0.0,2019,6,28,3,18,0.0,0.0,0.0,0.0,0.0
2019-06-29,0.0,2019,6,29,3,18,0.0,0.0,0.0,0.0,0.0
2019-06-30,0.0,2019,6,30,3,18,0.0,0.0,0.0,0.0,0.0
2019-07-01,0.0,2019,7,1,1,19,0.0,0.0,0.0,0.0,0.0
2019-07-02,0.0,2019,7,2,1,19,0.0,0.0,0.0,0.0,0.0
2019-07-03,0.0,2019,7,3,1,19,0.0,0.0,0.0,0.0,0.0
2019-07-04,0.0,2019,7,4,1,19,0.0,0.0,0.0,0.0,0.0
2019-07-05,0.0,2019,7,5,1,19,0.0,0.0,0.0,0.0,0.0
2019-07-06,0.0,2019,7,6,1,19,0.0,0.0,0.0,0.0,0.0
2019-07-07,6.0,2019,7,7,1,19,6.0,5.999999999999979,5.999999999999986,6.0,6.000000000000028
2019-07-08,0.0,2019,7,8,1,19,0.0,5.999999999999979,5.999999999999986,6.0,6.000000000000028
2019-07-09,0.0,2019,7,9,1,19,0.0,5.999999999999979,5.999999999999986,6.0,6.000000000000028
2019-07-10,5.2,2019,7,10,1,19,5.2,5.199999999999979,11.199999999999985,11.2,11.200000000000028
2019-07-11,3.2,2019,7,11,2,20,3.2,8.399999999999979,14.399999999999986,14.4,14.400000000000029
2019-07-12,0.0,2019,7,12,2,20,0.0,8.399999999999979,8.399999999999986,14.4,14.400000000000029
2019-07-13,0.0,2019,7,13,2,20,0.0,3.199999999999979,8.399999999999986,14.4,14.400000000000029
2019-07-14,0.0,2019,7,14,2,20,0.0,0.0,8.399999999999986,8.4,14.400000000000029
2019-07-15,0.0,2019,7,15,2,20,0.0,0.0,3.199999999999986,8.4,14.400000000000029
2019-07-16,0.0,2019,7,16,2,20,0.0,0.0,0.0,8.4,14.400000000000029
2019-07-17,0.0,2019,7,17,2,20,0.0,0.0,0.0,3.2,8.400000000000029
2019-07-18,0.0,2019,7,18,2,20,0.0,0.0,0.0,0.0,8.400000000000029
2019-07-19,0.0,2019,7,19,2,20,0.0,0.0,0.0,0.0,8.400000000000029
2019-07-20,0.0,2019,7,20,2,20,0.0,0.0,0.0,0.0,3.2000000000000286
2019-07-21,0.0,2019,7,21,3,21,0.0,0.0,0.0,0.0,0.0
2019-07-22,0.0,2019,7,22,3,21,0.0,0.0,0.0,0.0,0.0
2019-07-23,0.0,2019,7,23,3,21,0.0,0.0,0.0,0.0,0.0
2019-07-24,0.0,2019,7,24,3,21,0.0,0.0,0.0,0.0,0.0
2019-07-25,0.0,2019,7,25,3,21,0.0,0.0,0.0,0.0,0.0
2019-07-26,0.0,2019,7,26,3,21,0.0,0.0,0.0,0.0,0.0
2019-07-27,0.0,2019,7,27,3,21,0.0,0.0,0.0,0.0,0.0
2019-07-28,0.0,2019,7,28,3,21,0.0,0.0,0.0,0.0,0.0
2019-07-29,0.0,2019,7,29,3,21,0.0,0.0,0.0,0.0,0.0
2019-07-30,0.0,2019,7,30,3,21,0.0,0.0,0.0,0.0,0.0
2019-07-31,0.0,2019,7,31,3,21,0.0,0.0,0.0,0.0,0.0
2019-08-01,0.0,2019,8,1,1,22,0.0,0.0,0.0,0.0,0.0
2019-08-02,0.0,2019,8,2,1,22,0.0,0.0,0.0,0.0,0.0
2019-08-03,0.0,2019,8,3,1,22,0.0,0.0,0.0,0.0,0.0
2019-08-04,0.0,2019,8,4,1,22,0.0,0.0,0.0,0.0,0.0
2019-08-05,0.0,2019,8,5,1,22,0.0,0.0,0.0,0.0,0.0
2019-08-06,0.0,2019,8,6,1,22,0.0,0.0,0.0,0.0,0.0
2019-08-07,0.0,2019,8,7,1,22,0.0,0.0,0.0,0.0,0.0
2019-08-08,0.0,2019,8,8,1,22,0.0,0.0,0.0,0.0,0.0
2019-08-09,0.0,2019,8,9,1,22,0.0,0.0,0.0,0.0,0.0
2019-08-10,0.0,2019,8,10,1,22,0.0,0.0,0.0,0.0,0.0
2019-08-11,0.0,2019,8,11,2,23,0.0,0.0,0.0,0.0,0.0
2019-08-12,0.0,2019,8,12,2,23,0.0,0.0,0.0,0.0,0.0
2019-08-13,0.0,2019,8,13,2,23,0.0,0.0,0.0,0.0,0.0
2019-08-14,0.0,2019,8,14,2,23,0.0,0.0,0.0,0.0,0.0
2019-08-15,0.0,2019,8,15,2,23,0.0,0.0,0.0,0.0,0.0
2019-08-16,0.0,2019,8,16,2,23,0.0,0.0,0.0,0.0,0.0
2019-08-17,0.0,2019,8,17,2,23,0.0,0.0,0.0,0.0,0.0
2019-08-18,0.0,2019,8,18,2,23,0.0,0.0,0.0,0.0,0.0
2019-08-19,0.0,2019,8,19,2,23,0.0,0.0,0.0,0.0,0.0
2019-08-20,0.0,2019,8,20,2,23,0.0,0.0,0.0,0.0,0.0
2019-08-21,0.0,2019,8,21,3,24,0.0,0.0,0.0,0.0,0.0
2019-08-22,0.0,2019,8,22,3,24,0.0,0.0,0.0,0.0,0.0
2019-08-23,0.0,2019,8,23,3,24,0.0,0.0,0.0,0.0,0.0
2019-08-24,0.0,2019,8,24,3,24,0.0,0.0,0.0,0.0,0.0
2019-08-25,0.0,2019,8,25,3,24,0.0,0.0,0.0,0.0,0.0
2019-08-26,0.0,2019,8,26,3,24,0.0,0.0,0.0,0.0,0.0
2019-08-27,0.0,2019,8,27,3,24,0.0,0.0,0.0,0.0,0.0
2019-08-28,0.0,2019,8,28,3,24,0.0,0.0,0.0,0.0,0.0
2019-08-29,1.0,2019,8,29,3,24,1.0,0.9999999999999787,0.9999999999999858,1.0,1.0000000000000284
2019-08-30,0.0,2019,8,30,3,24,0.0,0.9999999999999787,0.9999999999999858,1.0,1.0000000000000284
2019-08-31,0.0,2019,8,31,3,24,0.0,0.9999999999999787,0.9999999999999858,1.0,1.0000000000000284
2019-09-01,0.0,2019,9,1,1,25,0.0,0.0,0.9999999999999858,1.0,1.0000000000000284
2019-09-02,0.0,2019,9,2,1,25,0.0,0.0,0.9999999999999858,1.0,1.0000000000000284
2019-09-03,0.0,2019,9,3,1,25,0.0,0.0,0.0,1.0,1.0000000000000284
2019-09-04,0.0,2019,9,4,1,25,0.0,0.0,0.0,1.0,1.0000000000000284
2019-09-05,0.0,2019,9,5,1,25,0.0,0.0,0.0,0.0,1.0000000000000284
2019-09-06,0.0,2019,9,6,1,25,0.0,0.0,0.0,0.0,1.0000000000000284
2019-09-07,0.0,2019,9,7,1,25,0.0,0.0,0.0,0.0,1.0000000000000284
2019-09-08,0.0,2019,9,8,1,25,0.0,0.0,0.0,0.0,0.0
2019-09-09,0.0,2019,9,9,1,25,0.0,0.0,0.0,0.0,0.0
2019-09-10,0.0,2019,9,10,1,25,0.0,0.0,0.0,0.0,0.0
2019-09-11,0.0,2019,9,11,2,26,0.0,0.0,0.0,0.0,0.0
2019-09-12,0.0,2019,9,12,2,26,0.0,0.0,0.0,0.0,0.0
2019-09-13,0.0,2019,9,13,2,26,0.0,0.0,0.0,0.0,0.0
2019-09-14,0.0,2019,9,14,2,26,0.0,0.0,0.0,0.0,0.0
2019-09-15,0.0,2019,9,15,2,26,0.0,0.0,0.0,0.0,0.0
2019-09-16,0.0,2019,9,16,2,26,0.0,0.0,0.0,0.0,0.0
2019-09-17,0.0,2019,9,17,2,26,0.0,0.0,0.0,0.0,0.0
2019-09-18,0.0,2019,9,18,2,26,0.0,0.0,0.0,0.0,0.0
2019-09-19,0.0,2019,9,19,2,26,0.0,0.0,0.0,0.0,0.0
2019-09-20,0.0,2019,9,20,2,26,0.0,0.0,0.0,0.0,0.0
2019-09-21,0.0,2019,9,21,3,27,0.0,0.0,0.0,0.0,0.0
2019-09-22,0.0,2019,9,22,3,27,0.0,0.0,0.0,0.0,0.0
2019-09-23,0.0,2019,9,23,3,27,0.0,0.0,0.0,0.0,0.0
2019-09-24,0.0,2019,9,24,3,27,0.0,0.0,0.0,0.0,0.0
2019-09-25,0.0,2019,9,25,3,27,0.0,0.0,0.0,0.0,0.0
2019-09-26,0.0,2019,9,26,3,27,0.0,0.0,0.0,0.0,0.0
2019-09-27,0.0,2019,9,27,3,27,0.0,0.0,0.0,0.0,0.0
2019-09-28,0.0,2019,9,28,3,27,0.0,0.0,0.0,0.0,0.0
2019-09-29,0.0,2019,9,29,3,27,0.0,0.0,0.0,0.0,0.0
2019-09-30,0.0,2019,9,30,3,27,0.0,0.0,0.0,0.0,0.0
2019-10-01,0.0,2019,10,1,1,28,0.0,0.0,0.0,0.0,0.0
2019-10-02,0.0,2019,10,2,1,28,0.0,0.0,0.0,0.0,0.0
2019-10-03,0.0,2019,10,3,1,28,0.0,0.0,0.0,0.0,0.0
2019-10-04,0.0,2019,10,4,1,28,0.0,0.0,0.0,0.0,0.0
2019-10-05,0.0,2019,10,5,1,28,0.0,0.0,0.0,0.0,0.0
2019-10-06,0.0,2019,10,6,1,28,0.0,0.0,0.0,0.0,0.0
2019-10-07,0.0,2019,10,7,1,28,0.0,0.0,0.0,0.0,0.0
2019-10-08,0.0,2019,10,8,1,28,0.0,0.0,0.0,0.0,0.0
2019-10-09,0.0,2019,10,9,1,28,0.0,0.0,0.0,0.0,0.0
2019-10-10,0.0,2019,10,10,1,28,0.0,0.0,0.0,0.0,0.0
2019-10-11,11.2,2019,10,11,2,29,11.2,11.199999999999978,11.199999999999985,11.2,11.200000000000028
2019-10-12,0.0,2019,10,12,2,29,0.0,11.199999999999978,11.199999999999985,11.2,11.200000000000028
2019-10-13,0.0,2019,10,13,2,29,0.0,11.199999999999978,11.199999999999985,11.2,11.200000000000028
2019-10-14,0.0,2019,10,14,2,29,0.0,0.0,11.199999999999985,11.2,11.200000000000028
2019-10-15,0.0,2019,10,15,2,29,0.0,0.0,11.199999999999985,11.2,11.200000000000028
2019-10-16,0.0,2019,10,16,2,29,0.0,0.0,0.0,11.2,11.200000000000028
2019-10-17,0.0,2019,10,17,2,29,0.0,0.0,0.0,11.2,11.200000000000028
2019-10-18,0.0,2019,10,18,2,29,0.0,0.0,0.0,0.0,11.200000000000028
2019-10-19,0.0,2019,10,19,2,29,0.0,0.0,0.0,0.0,11.200000000000028
2019-10-20,0.0,2019,10,20,2,29,0.0,0.0,0.0,0.0,11.200000000000028
2019-10-21,0.0,2019,10,21,3,30,0.0,0.0,0.0,0.0,0.0
2019-10-22,0.0,2019,10,22,3,30,0.0,0.0,0.0,0.0,0.0
2019-10-23,0.0,2019,10,23,3,30,0.0,0.0,0.0,0.0,0.0
2019-10-24,0.0,2019,10,24,3,30,0.0,0.0,0.0,0.0,0.0
2019-10-25,0.0,2019,10,25,3,30,0.0,0.0,0.0,0.0,0.0
2019-10-26,0.0,2019,10,26,3,30,0.0,0.0,0.0,0.0,0.0
2019-10-27,0.0,2019,10,27,3,30,0.0,0.0,0.0,0.0,0.0
2019-10-28,0.0,2019,10,28,3,30,0.0,0.0,0.0,0.0,0.0
2019-10-29,0.0,2019,10,29,3,30,0.0,0.0,0.0,0.0,0.0
2019-10-30,0.0,2019,10,30,3,30,0.0,0.0,0.0,0.0,0.0
2019-10-31,0.0,2019,10,31,3,30,0.0,0.0,0.0,0.0,0.0
2019-11-01,0.0,2019,11,1,1,31,0.0,0.0,0.0,0.0,0.0
2019-11-02,0.0,2019,11,2,1,31,0.0,0.0,0.0,0.0,0.0
2019-11-03,0.0,2019,11,3,1,31,0.0,0.0,0.0,0.0,0.0
2019-11-04,0.0,2019,11,4,1,31,0.0,0.0,0.0,0.0,0.0
2019-11-05,17.6,2019,11,5,1,31,17.6,17.59999999999998,17.599999999999987,17.6,17.60000000000003
2019-11-06,4.6,2019,11,6,1,31,4.6,22.19999999999998,22.19999999999999,22.200000000000003,22.20000000000003
2019-11-07,0.0,2019,11,7,1,31,0.0,22.19999999999998,22.19999999999999,22.200000000000003,22.20000000000003
2019-11-08,0.0,2019,11,8,1,31,0.0,4.599999999999978,22.19999999999999,22.200000000000003,22.20000000000003
2019-11-09,0.0,2019,11,9,1,31,0.0,0.0,22.19999999999999,22.200000000000003,22.20000000000003
2019-11-10,0.0,2019,11,10,1,31,0.0,0.0,4.599999999999985,22.200000000000003,22.20000000000003
2019-11-11,0.0,2019,11,11,2,32,0.0,0.0,0.0,22.200000000000003,22.20000000000003
2019-11-12,0.0,2019,11,12,2,32,0.0,0.0,0.0,4.6,22.20000000000003
2019-11-13,0.0,2019,11,13,2,32,0.0,0.0,0.0,0.0,22.20000000000003
2019-11-14,22.6,2019,11,14,2,32,22.6,22.59999999999998,22.599999999999987,22.6,44.80000000000003
2019-11-15,22.2,2019,11,15,2,32,22.2,44.79999999999998,44.79999999999998,44.8,49.400000000000034
2019-11-16,0.0,2019,11,16,2,32,0.0,44.79999999999998,44.79999999999998,44.8,44.800000000000026
2019-11-17,0.0,2019,11,17,2,32,0.0,22.199999999999978,44.79999999999998,44.8,44.800000000000026
2019-11-18,0.0,2019,11,18,2,32,0.0,0.0,44.79999999999998,44.8,44.800000000000026
2019-11-19,0.0,2019,11,19,2,32,0.0,0.0,22.199999999999985,44.8,44.800000000000026
2019-11-20,0.0,2019,11,20,2,32,0.0,0.0,0.0,44.8,44.800000000000026
2019-11-21,0.0,2019,11,21,3,33,0.0,0.0,0.0,22.2,44.800000000000026
2019-11-22,1.5,2019,11,22,3,33,1.5,1.4999999999999787,1.4999999999999858,1.5,46.300000000000026
2019-11-23,4.6,2019,11,23,3,33,4.6,6.099999999999978,6.099999999999985,6.1,50.90000000000003
2019-11-24,0.0,2019,11,24,3,33,0.0,6.099999999999978,6.099999999999985,6.1,28.300000000000026
2019-11-25,0.0,2019,11,25,3,33,0.0,4.599999999999978,6.099999999999985,6.1,6.100000000000028
2019-11-26,0.0,2019,11,26,3,33,0.0,0.0,6.099999999999985,6.1,6.100000000000028
2019-11-27,0.0,2019,11,27,3,33,0.0,0.0,4.599999999999985,6.1,6.100000000000028
2019-11-28,0.0,2019,11,28,3,33,0.0,0.0,0.0,6.1,6.100000000000028
2019-11-29,1.5,2019,11,29,3,33,1.5,1.4999999999999787,1.4999999999999858,6.1,7.600000000000028
2019-11-30,0.0,2019,11,30,3,33,0.0,1.4999999999999787,1.4999999999999858,1.5,7.600000000000028
2019-12-01,25.5,2019,12,1,1,34,25.5,26.99999999999998,26.999999999999986,27.0,33.10000000000003
2019-12-02,0.0,2019,12,2,1,34,0.0,25.49999999999998,26.999999999999986,27.0,31.60000000000003
2019-12-03,0.0,2019,12,3,1,34,0.0,25.49999999999998,26.999999999999986,27.0,27.00000000000003
2019-12-04,10.0,2019,12,4,1,34,10.0,9.999999999999979,35.499999999999986,37.0,37.00000000000003
2019-12-05,3.6,2019,12,5,1,34,3.6,13.599999999999978,39.09999999999999,40.6,40.60000000000003
2019-12-06,0.0,2019,12,6,1,34,0.0,13.599999999999978,13.599999999999985,39.1,40.60000000000003
2019-12-07,21.1,2019,12,7,1,34,21.1,24.69999999999998,34.69999999999999,60.2,61.70000000000003
2019-12-08,6.1,2019,12,8,1,34,6.1,27.19999999999998,40.79999999999999,40.800000000000004,67.80000000000003
2019-12-09,0.0,2019,12,9,1,34,0.0,27.19999999999998,30.79999999999999,40.800000000000004,66.30000000000003
2019-12-10,0.0,2019,12,10,1,34,0.0,6.099999999999978,27.19999999999999,40.800000000000004,66.30000000000003
2019-12-11,0.0,2019,12,11,2,35,0.0,0.0,27.19999999999999,30.800000000000004,40.80000000000003
2019-12-12,1.8,2019,12,12,2,35,1.8,1.7999999999999787,7.899999999999985,29.0,42.60000000000003
2019-12-13,2.1,2019,12,13,2,35,2.1,3.899999999999979,3.899999999999986,31.1,44.70000000000003
2019-12-14,0.0,2019,12,14,2,35,0.0,3.8999999999999786,3.899999999999986,10.0,34.70000000000003
2019-12-15,0.0,2019,12,15,2,35,0.0,2.0999999999999783,3.899999999999986,3.9000000000000004,31.10000000000003
2019-12-16,0.0,2019,12,16,2,35,0.0,0.0,3.899999999999986,3.9000000000000004,31.10000000000003
2019-12-17,0.0,2019,12,17,2,35,0.0,0.0,2.0999999999999863,3.9000000000000004,10.000000000000028
2019-12-18,5.9,2019,12,18,2,35,5.9,5.899999999999979,5.899999999999986,9.8,9.80000000000003
2019-12-19,3.7,2019,12,19,2,35,3.7,9.59999999999998,9.599999999999987,11.7,13.500000000000028
2019-12-20,0.6,2019,12,20,2,35,0.6,10.19999999999998,10.199999999999987,10.200000000000001,14.10000000000003
2019-12-21,0.0,2019,12,21,3,36,0.0,4.2999999999999785,10.199999999999987,10.200000000000001,14.10000000000003
2019-12-22,8.4,2019,12,22,3,36,8.4,8.999999999999979,18.599999999999987,18.6,20.70000000000003
2019-12-23,26.4,2019,12,23,3,36,26.4,34.799999999999976,39.09999999999999,45.0,45.00000000000003
2019-12-24,0.0,2019,12,24,3,36,0.0,34.799999999999976,35.399999999999984,45.0,45.00000000000003
2019-12-25,0.0,2019,12,25,3,36,0.0,26.399999999999977,34.79999999999999,39.1,45.00000000000003
2019-12-26,0.6,2019,12,26,3,36,0.6,0.5999999999999787,35.39999999999999,36.0,45.60000000000003
2019-12-27,0.0,2019,12,27,3,36,0.0,0.5999999999999787,26.999999999999986,35.4,45.60000000000003
2019-12-28,26.6,2019,12,28,3,36,26.6,27.19999999999998,27.19999999999999,62.0,66.30000000000004
2019-12-29,31.6,2019,12,29,3,36,31.6,58.19999999999998,58.79999999999999,85.2,94.20000000000003
2019-12-30,4.6,2019,12,30,3,36,4.6,62.79999999999998,63.39999999999999,63.400000000000006,98.20000000000003
2019-12-31,0.0,2019,12,31,3,36,0.0,36.19999999999998,62.79999999999999,63.400000000000006,98.20000000000003
2020-01-01,0.0,2020,1,1,1,1,0.0,4.599999999999978,62.79999999999999,63.400000000000006,89.80000000000003
2020-01-02,17.6,2020,1,2,1,1,17.6,17.59999999999998,53.79999999999999,80.4,81.00000000000003
2020-01-03,2.2,2020,1,3,1,1,2.2,19.79999999999998,24.399999999999988,82.60000000000001,83.20000000000003
2020-01-04,14.1,2020,1,4,1,1,14.1,33.89999999999998,33.89999999999999,70.10000000000001,97.30000000000004
2020-01-05,4.4,2020,1,5,1,1,4.4,20.69999999999998,38.29999999999999,42.900000000000006,101.10000000000004
2020-01-06,23.8,2020,1,6,1,1,23.8,42.29999999999998,62.099999999999994,62.1,124.90000000000003
2020-01-07,4.6,2020,1,7,1,1,4.6,32.799999999999976,49.099999999999994,66.7,102.90000000000003
2020-01-08,3.3,2020,1,8,1,1,3.3,31.699999999999978,50.19999999999999,70.0,74.60000000000004
2020-01-09,25.1,2020,1,9,1,1,25.1,32.99999999999997,61.199999999999996,77.5,95.10000000000002
2020-01-10,55.5,2020,1,10,1,1,55.5,83.89999999999998,112.29999999999998,130.8,150.60000000000002
2020-01-11,8.8,2020,1,11,2,2,8.8,89.39999999999998,97.3,125.5,159.40000000000003
2020-01-12,1.8,2020,1,12,2,2,1.8,66.09999999999998,94.5,122.89999999999999,143.60000000000002
2020-01-13,0.5,2020,1,13,2,2,0.5,11.099999999999973,91.69999999999999,99.6,141.9
2020-01-14,10.3,2020,1,14,2,2,10.3,12.599999999999973,76.89999999999999,105.30000000000001,138.10000000000002
2020-01-15,6.5,2020,1,15,2,2,6.5,17.299999999999972,27.899999999999995,108.5,140.20000000000002
2020-01-16,4.5,2020,1,16,2,2,4.5,21.299999999999972,23.599999999999994,87.9,120.90000000000003
2020-01-17,9.8,2020,1,17,2,2,9.8,20.799999999999972,31.599999999999994,42.2,126.10000000000002
2020-01-18,0.0,2020,1,18,2,2,0.0,14.299999999999972,31.099999999999994,33.400000000000006,122.80000000000004
2020-01-19,0.0,2020,1,19,2,2,0.0,9.799999999999972,20.799999999999994,31.6,97.70000000000005
2020-01-20,0.0,2020,1,20,2,2,0.0,0.0,14.299999999999994,31.1,42.20000000000003
2020-01-21,0.0,2020,1,21,3,3,0.0,0.0,9.799999999999994,20.8,33.400000000000034
2020-01-22,12.5,2020,1,22,3,3,12.5,12.499999999999972,12.499999999999993,26.8,44.10000000000003
2020-01-23,1.2,2020,1,23,3,3,1.2,13.69999999999997,13.699999999999992,23.5,44.80000000000003
2020-01-24,10.0,2020,1,24,3,3,10.0,23.69999999999997,23.699999999999992,23.7,44.50000000000003
2020-01-25,26.8,2020,1,25,3,3,26.8,37.99999999999997,50.49999999999999,50.5,64.80000000000003
2020-01-26,6.7,2020,1,26,3,3,6.7,43.49999999999997,57.199999999999996,57.2,67.00000000000003
2020-01-27,36.0,2020,1,27,3,3,36.0,69.49999999999997,80.69999999999999,93.2,93.20000000000003
2020-01-28,4.6,2020,1,28,3,3,4.6,47.299999999999976,84.1,97.8,97.80000000000003
2020-01-29,10.4,2020,1,29,3,3,10.4,50.99999999999997,84.5,95.7,108.20000000000003
2020-01-30,66.6,2020,1,30,3,3,66.6,81.59999999999997,124.3,161.1,174.8
2020-01-31,0.5,2020,1,31,3,3,0.5,77.49999999999997,118.1,151.6,175.3
2020-02-01,22.0,2020,2,1,1,4,22.0,89.09999999999997,104.1,146.8,184.8
2020-02-02,24.8,2020,2,2,1,4,24.8,47.29999999999997,124.3,164.9,208.40000000000003
2020-02-03,48.4,2020,2,3,1,4,48.4,95.19999999999997,162.3,177.29999999999998,246.80000000000004
2020-02-04,0.0,2020,2,4,1,4,0.0,73.19999999999997,95.7,172.7,220.00000000000003
2020-02-05,0.0,2020,2,5,1,4,0.0,48.39999999999998,95.2,162.3,213.30000000000004
2020-02-06,7.5,2020,2,6,1,4,7.5,7.499999999999972,80.7,103.2,184.8
2020-02-07,2.1,2020,2,7,1,4,2.1,9.599999999999971,58.00000000000001,104.8,182.3
2020-02-08,9.2,2020,2,8,1,4,9.2,18.79999999999997,18.799999999999997,92.0,181.10000000000005
2020-02-09,12.4,2020,2,9,1,4,12.4,23.69999999999997,31.2,79.60000000000001,126.90000000000003
2020-02-10,0.0,2020,2,10,1,4,0.0,21.59999999999997,31.2,31.2,126.40000000000003
2020-02-11,0.0,2020,2,11,2,5,0.0,12.399999999999972,23.7,31.2,104.40000000000003
2020-02-12,0.0,2020,2,12,2,5,0.0,0.0,21.599999999999998,31.2,79.60000000000004
2020-02-13,0.0,2020,2,13,2,5,0.0,0.0,12.4,23.7,31.200000000000028
2020-02-14,10.0,2020,2,14,2,5,10.0,9.999999999999972,10.0,31.599999999999998,41.20000000000003
2020-02-15,1.4,2020,2,15,2,5,1.4,11.399999999999972,11.4,23.799999999999997,42.60000000000003
2020-02-16,17.8,2020,2,16,2,5,17.8,29.199999999999974,29.200000000000003,29.2,52.90000000000003
2020-02-17,4.2,2020,2,17,2,5,4.2,23.39999999999997,33.4,33.4,55.00000000000003
2020-02-18,23.4,2020,2,18,2,5,23.4,45.39999999999997,56.8,56.8,69.20000000000003
2020-02-19,0.0,2020,2,19,2,5,0.0,27.59999999999997,46.8,56.8,56.800000000000026
2020-02-20,27.4,2020,2,20,2,5,27.4,50.79999999999997,72.8,84.19999999999999,84.20000000000002
2020-02-21,26.4,2020,2,21,3,6,26.4,53.79999999999997,81.4,100.6,110.60000000000002
2020-02-22,0.5,2020,2,22,3,6,0.5,54.29999999999997,77.69999999999999,99.69999999999999,111.10000000000002
2020-02-23,6.8,2020,2,23,3,6,6.8,33.69999999999997,61.099999999999994,88.69999999999999,117.90000000000002
2020-02-24,0.8,2020,2,24,3,6,0.8,8.099999999999971,61.9,85.29999999999998,108.70000000000002
2020-02-25,16.8,2020,2,25,3,6,16.8,24.39999999999997,51.3,78.7,124.10000000000002
2020-02-26,0.0,2020,2,26,3,6,0.0,17.599999999999973,24.900000000000002,78.7,106.30000000000001
2020-02-27,33.8,2020,2,27,3,6,33.8,50.599999999999966,58.2,85.1,135.90000000000003
2020-02-28,1.2,2020,2,28,3,6,1.2,34.99999999999997,52.60000000000001,59.900000000000006,113.70000000000002
2020-02-29,0.0,2020,2,29,3,6,0.0,34.99999999999997,51.800000000000004,59.400000000000006,113.70000000000002
2020-03-01,30.5,2020,3,1,1,7,30.5,31.69999999999997,65.5,83.10000000000001,116.80000000000003
2020-03-02,3.4,2020,3,2,1,7,3.4,33.89999999999997,68.89999999999999,85.7,93.80000000000003
2020-03-03,0.0,2020,3,3,1,7,0.0,33.89999999999997,35.1,68.89999999999999,93.30000000000003
2020-03-04,0.0,2020,3,4,1,7,0.0,3.3999999999999715,33.9,68.89999999999999,86.50000000000003
2020-03-05,15.6,2020,3,5,1,7,15.6,15.599999999999971,49.5,50.7,101.30000000000003
2020-03-06,0.0,2020,3,6,1,7,0.0,15.599999999999971,19.0,49.5,84.50000000000003
2020-03-07,27.5,2020,3,7,1,7,27.5,43.09999999999997,43.1,77.0,112.00000000000003
2020-03-08,0.5,2020,3,8,1,7,0.5,27.99999999999997,43.6,47.0,78.70000000000002
2020-03-09,0.0,2020,3,9,1,7,0.0,27.99999999999997,43.6,43.599999999999994,77.50000000000003
2020-03-10,0.5,2020,3,10,1,7,0.5,0.9999999999999716,28.5,44.099999999999994,78.00000000000003
2020-03-11,4.0,2020,3,11,2,8,4.0,4.499999999999972,32.5,48.099999999999994,51.50000000000003
2020-03-12,29.8,2020,3,12,2,8,29.8,34.29999999999997,34.8,62.300000000000004,77.90000000000003
2020-03-13,25.4,2020,3,13,2,8,25.4,59.199999999999974,59.7,87.69999999999999,103.30000000000003
2020-03-14,0.0,2020,3,14,2,8,0.0,55.199999999999974,59.7,60.199999999999996,103.30000000000003
2020-03-15,0.6,2020,3,15,2,8,0.6,25.99999999999997,59.8,60.300000000000004,88.30000000000003
2020-03-16,2.4,2020,3,16,2,8,2.4,2.9999999999999716,58.2,62.699999999999996,90.70000000000003
2020-03-17,0.0,2020,3,17,2,8,0.0,2.9999999999999716,28.4,62.2,63.20000000000003
2020-03-18,14.7,2020,3,18,2,8,14.7,17.09999999999997,17.7,72.9,77.40000000000003
2020-03-19,0.0,2020,3,19,2,8,0.0,14.69999999999997,17.7,43.099999999999994,77.40000000000003
2020-03-20,1.0,2020,3,20,2,8,1.0,15.69999999999997,18.099999999999998,18.7,77.90000000000003
2020-03-21,18.1,2020,3,21,3,9,18.1,19.099999999999973,33.8,36.8,92.00000000000003
2020-03-22,54.4,2020,3,22,3,9,54.4,73.49999999999997,88.2,90.6,116.60000000000002
2020-03-23,13.8,2020,3,23,3,9,13.8,86.29999999999997,87.3,102.0,105.00000000000003
2020-03-24,2.0,2020,3,24,3,9,2.0,70.19999999999996,89.3,104.0,107.00000000000003
2020-03-25,0.0,2020,3,25,3,9,0.0,15.799999999999972,88.3,89.30000000000001,106.40000000000003
2020-03-26,0.0,2020,3,26,3,9,0.0,1.9999999999999716,70.2,89.30000000000001,104.00000000000003
2020-03-27,0.0,2020,3,27,3,9,0.0,0.0,15.8,88.30000000000001,104.00000000000003
2020-03-28,42.2,2020,3,28,3,9,42.2,42.199999999999974,44.2,112.4,131.50000000000006
2020-03-29,0.0,2020,3,29,3,9,0.0,42.199999999999974,42.2,58.000000000000014,131.50000000000006
2020-03-30,0.0,2020,3,30,3,9,0.0,42.199999999999974,42.2,44.20000000000002,130.50000000000006
2020-03-31,0.5,2020,3,31,3,9,0.5,0.4999999999999716,42.7,42.70000000000002,112.90000000000003
2020-04-01,0.8,2020,4,1,1,10,0.8,1.2999999999999716,43.5,43.500000000000014,59.30000000000004
2020-04-02,0.0,2020,4,2,1,10,0.0,1.2999999999999716,1.3,43.500000000000014,45.50000000000004
2020-04-03,3.4,2020,4,3,1,10,3.4,4.199999999999972,4.7,46.90000000000002,46.90000000000005
2020-04-04,0.0,2020,4,4,1,10,0.0,3.3999999999999715,4.699999999999999,4.700000000000014,46.90000000000005
2020-04-05,7.4,2020,4,5,1,10,7.4,10.799999999999972,11.6,12.100000000000016,54.30000000000005
2020-04-06,47.2,2020,4,6,1,10,47.2,54.59999999999997,58.0,59.30000000000002,101.50000000000004
2020-04-07,0.0,2020,4,7,1,10,0.0,54.59999999999997,58.0,58.80000000000002,59.30000000000004
2020-04-08,0.0,2020,4,8,1,10,0.0,47.199999999999974,54.6,58.00000000000002,59.30000000000004
2020-04-09,39.5,2020,4,9,1,10,39.5,39.49999999999997,94.1,97.50000000000003,98.80000000000004
2020-04-10,7.7,2020,4,10,1,10,7.7,47.199999999999974,94.39999999999999,101.80000000000001,106.00000000000004
2020-04-11,1.8,2020,4,11,2,11,1.8,48.99999999999997,49.0,103.60000000000002,107.00000000000004
2020-04-12,0.0,2020,4,12,2,11,0.0,9.499999999999972,49.0,96.20000000000003,107.00000000000004
2020-04-13,0.0,2020,4,13,2,11,0.0,1.7999999999999716,49.0,49.000000000000014,103.60000000000004
2020-04-14,7.6,2020,4,14,2,11,7.6,7.599999999999971,17.1,56.600000000000016,111.20000000000003
2020-04-15,0.0,2020,4,15,2,11,0.0,7.599999999999971,9.4,56.600000000000016,103.80000000000004
2020-04-16,0.0,2020,4,16,2,11,0.0,7.599999999999971,7.6,17.100000000000016,56.60000000000004
2020-04-17,0.0,2020,4,17,2,11,0.0,0.0,7.6,9.400000000000015,56.60000000000004
2020-04-18,3.0,2020,4,18,2,11,3.0,2.9999999999999716,10.6,10.600000000000014,59.60000000000004
2020-04-19,0.7,2020,4,19,2,11,0.7,3.6999999999999718,3.7,11.300000000000013,20.800000000000036
2020-04-20,0.0,2020,4,20,2,11,0.0,3.6999999999999718,3.7,11.300000000000013,13.100000000000035
2020-04-21,0.0,2020,4,21,3,12,0.0,0.6999999999999715,3.7,3.7000000000000144,11.300000000000034
2020-04-22,48.2,2020,4,22,3,12,48.2,48.199999999999974,51.900000000000006,51.90000000000002,59.500000000000036
2020-04-23,0.0,2020,4,23,3,12,0.0,48.199999999999974,48.900000000000006,51.90000000000002,59.500000000000036
2020-04-24,0.0,2020,4,24,3,12,0.0,48.199999999999974,48.2,51.90000000000002,51.900000000000034
2020-04-25,18.6,2020,4,25,3,12,18.6,18.599999999999973,66.80000000000001,67.50000000000003,70.50000000000003
2020-04-26,0.0,2020,4,26,3,12,0.0,18.599999999999973,66.80000000000001,66.80000000000001,70.50000000000003
2020-04-27,2.1,2020,4,27,3,12,2.1,20.699999999999974,20.700000000000003,68.90000000000002,72.60000000000004
2020-04-28,13.8,2020,4,28,3,12,13.8,15.899999999999972,34.5,82.70000000000002,83.40000000000003
2020-04-29,0.0,2020,4,29,3,12,0.0,15.899999999999972,34.5,34.500000000000014,82.70000000000003
2020-04-30,0.0,2020,4,30,3,12,0.0,13.799999999999972,15.9,34.500000000000014,82.70000000000003
2020-05-01,0.0,2020,5,1,1,13,0.0,0.0,15.9,34.500000000000014,82.70000000000003
2020-05-02,21.8,2020,5,2,1,13,21.8,21.799999999999972,35.6,37.70000000000002,56.30000000000004
2020-05-03,0.0,2020,5,3,1,13,0.0,21.799999999999972,21.8,37.70000000000002,56.30000000000004
2020-05-04,8.0,2020,5,4,1,13,8.0,29.799999999999972,29.8,43.600000000000016,64.30000000000004
2020-05-05,15.2,2020,5,5,1,13,15.2,23.19999999999997,45.0,45.000000000000014,60.900000000000034
2020-05-06,0.0,2020,5,6,1,13,0.0,23.19999999999997,45.0,45.000000000000014,60.900000000000034
2020-05-07,5.5,2020,5,7,1,13,5.5,20.69999999999997,28.7,50.500000000000014,64.30000000000004
2020-05-08,0.0,2020,5,8,1,13,0.0,5.499999999999972,28.7,50.500000000000014,50.50000000000004
2020-05-09,1.6,2020,5,9,1,13,1.6,7.099999999999971,22.3,30.300000000000015,52.10000000000004
2020-05-10,0.0,2020,5,10,1,13,0.0,1.5999999999999717,7.1,30.300000000000015,52.10000000000004
2020-05-11,17.5,2020,5,11,2,14,17.5,19.099999999999973,24.6,39.80000000000001,69.60000000000004
2020-05-12,3.9,2020,5,12,2,14,3.9,21.39999999999997,23.0,28.500000000000014,51.70000000000004
2020-05-13,26.0,2020,5,13,2,14,26.0,47.39999999999997,49.0,54.500000000000014,77.70000000000003
2020-05-14,0.0,2020,5,14,2,14,0.0,29.89999999999997,47.4,49.000000000000014,69.70000000000003
2020-05-15,0.0,2020,5,15,2,14,0.0,25.99999999999997,47.4,49.000000000000014,54.50000000000003
2020-05-16,0.0,2020,5,16,2,14,0.0,0.0,29.9,47.40000000000001,54.50000000000003
2020-05-17,0.0,2020,5,17,2,14,0.0,0.0,26.0,47.40000000000001,49.00000000000003
2020-05-18,4.6,2020,5,18,2,14,4.6,4.599999999999971,4.6,34.500000000000014,53.60000000000003
2020-05-19,53.2,2020,5,19,2,14,53.2,57.799999999999976,57.800000000000004,83.80000000000001,105.20000000000005
2020-05-20,0.0,2020,5,20,2,14,0.0,57.799999999999976,57.800000000000004,57.80000000000002,105.20000000000005
2020-05-21,24.4,2020,5,21,3,15,24.4,77.59999999999997,82.2,82.20000000000002,112.10000000000004
2020-05-22,0.0,2020,5,22,3,15,0.0,24.39999999999997,82.2,82.20000000000002,108.20000000000003
2020-05-23,3.7,2020,5,23,3,15,3.7,28.09999999999997,81.30000000000001,85.90000000000002,85.90000000000003
2020-05-24,0.0,2020,5,24,3,15,0.0,3.6999999999999718,28.099999999999998,85.90000000000002,85.90000000000003
2020-05-25,0.0,2020,5,25,3,15,0.0,3.6999999999999718,28.099999999999998,81.30000000000003,85.90000000000003
2020-05-26,0.0,2020,5,26,3,15,0.0,0.0,3.7,28.100000000000012,85.90000000000003
2020-05-27,0.0,2020,5,27,3,15,0.0,0.0,3.7,28.100000000000012,85.90000000000003
2020-05-28,0.0,2020,5,28,3,15,0.0,0.0,0.0,3.7000000000000144,81.30000000000004
2020-05-29,0.0,2020,5,29,3,15,0.0,0.0,0.0,3.7000000000000144,28.100000000000033
2020-05-30,0.0,2020,5,30,3,15,0.0,0.0,0.0,0.0,28.100000000000033
2020-05-31,0.0,2020,5,31,3,15,0.0,0.0,0.0,0.0,3.7000000000000357
2020-06-01,0.0,2020,6,1,1,16,0.0,0.0,0.0,0.0,3.7000000000000357
2020-06-02,4.0,2020,6,2,1,16,4.0,3.9999999999999716,4.0,4.000000000000014,4.0000000000000355
2020-06-03,3.6,2020,6,3,1,16,3.6,7.599999999999971,7.6,7.600000000000014,7.600000000000035
2020-06-04,0.0,2020,6,4,1,16,0.0,7.599999999999971,7.6,7.600000000000014,7.600000000000035
2020-06-05,0.0,2020,6,5,1,16,0.0,3.5999999999999717,7.6,7.600000000000014,7.600000000000035
2020-06-06,0.0,2020,6,6,1,16,0.0,0.0,7.6,7.600000000000014,7.600000000000035
2020-06-07,0.0,2020,6,7,1,16,0.0,0.0,3.6,7.600000000000014,7.600000000000035
2020-06-08,0.0,2020,6,8,1,16,0.0,0.0,0.0,7.600000000000014,7.600000000000035
2020-06-09,6.8,2020,6,9,1,16,6.8,6.799999999999971,6.8,10.400000000000015,14.400000000000036
2020-06-10,0.0,2020,6,10,1,16,0.0,6.799999999999971,6.8,6.800000000000015,14.400000000000036
2020-06-11,0.0,2020,6,11,2,17,0.0,6.799999999999971,6.8,6.800000000000015,14.400000000000036
2020-06-12,12.7,2020,6,12,2,17,12.7,12.69999999999997,19.5,19.500000000000014,23.100000000000037
2020-06-13,0.0,2020,6,13,2,17,0.0,12.69999999999997,19.5,19.500000000000014,19.500000000000036
2020-06-14,0.0,2020,6,14,2,17,0.0,12.69999999999997,12.7,19.500000000000014,19.500000000000036
2020-06-15,0.0,2020,6,15,2,17,0.0,0.0,12.7,19.500000000000014,19.500000000000036
2020-06-16,9.4,2020,6,16,2,17,9.4,9.399999999999972,22.1,22.100000000000016,28.900000000000034
2020-06-17,0.0,2020,6,17,2,17,0.0,9.399999999999972,9.4,22.100000000000016,28.900000000000034
2020-06-18,0.0,2020,6,18,2,17,0.0,9.399999999999972,9.4,22.100000000000016,28.900000000000034
2020-06-19,17.1,2020,6,19,2,17,17.1,17.099999999999973,26.5,26.500000000000018,39.20000000000004
2020-06-20,4.3,2020,6,20,2,17,4.3,21.399999999999974,30.8,30.80000000000002,43.500000000000036
2020-06-21,0.0,2020,6,21,3,18,0.0,21.399999999999974,21.4,30.80000000000002,43.500000000000036
2020-06-22,4.6,2020,6,22,3,18,4.6,8.89999999999997,25.999999999999996,35.40000000000002,35.400000000000034
2020-06-23,17.4,2020,6,23,3,18,17.4,21.999999999999968,43.4,43.40000000000002,52.80000000000003
2020-06-24,0.0,2020,6,24,3,18,0.0,21.999999999999968,26.299999999999997,43.40000000000002,52.80000000000003
2020-06-25,0.0,2020,6,25,3,18,0.0,17.39999999999997,21.999999999999996,43.40000000000002,52.80000000000003
2020-06-26,0.0,2020,6,26,3,18,0.0,0.0,21.999999999999996,26.300000000000015,43.400000000000034
2020-06-27,0.0,2020,6,27,3,18,0.0,0.0,17.4,22.000000000000014,43.400000000000034
2020-06-28,0.0,2020,6,28,3,18,0.0,0.0,0.0,22.000000000000014,43.400000000000034
2020-06-29,0.0,2020,6,29,3,18,0.0,0.0,0.0,17.400000000000016,26.300000000000033
2020-06-30,0.0,2020,6,30,3,18,0.0,0.0,0.0,0.0,22.000000000000032
2020-07-01,0.0,2020,7,1,1,19,0.0,0.0,0.0,0.0,22.000000000000032
2020-07-02,0.0,2020,7,2,1,19,0.0,0.0,0.0,0.0,17.400000000000034
2020-07-03,0.0,2020,7,3,1,19,0.0,0.0,0.0,0.0,0.0
2020-07-04,0.0,2020,7,4,1,19,0.0,0.0,0.0,0.0,0.0
2020-07-05,0.0,2020,7,5,1,19,0.0,0.0,0.0,0.0,0.0
2020-07-06,0.0,2020,7,6,1,19,0.0,0.0,0.0,0.0,0.0
2020-07-07,1.5,2020,7,7,1,19,1.5,1.4999999999999716,1.5,1.5000000000000178,1.5000000000000355
2020-07-08,0.0,2020,7,8,1,19,0.0,1.4999999999999716,1.5,1.5000000000000178,1.5000000000000355
2020-07-09,5.6,2020,7,9,1,19,5.6,7.099999999999971,7.1,7.100000000000017,7.100000000000035
2020-07-10,0.0,2020,7,10,1,19,0.0,5.599999999999971,7.1,7.100000000000017,7.100000000000035
2020-07-11,0.0,2020,7,11,2,20,0.0,5.599999999999971,7.1,7.100000000000017,7.100000000000035
2020-07-12,0.0,2020,7,12,2,20,0.0,0.0,5.6,7.100000000000017,7.100000000000035
2020-07-13,0.0,2020,7,13,2,20,0.0,0.0,5.6,7.100000000000017,7.100000000000035
2020-07-14,0.0,2020,7,14,2,20,0.0,0.0,0.0,5.600000000000017,7.100000000000035
2020-07-15,5.8,2020,7,15,2,20,5.8,5.799999999999971,5.8,11.400000000000016,12.900000000000034
2020-07-16,0.0,2020,7,16,2,20,0.0,5.799999999999971,5.8,5.800000000000018,12.900000000000034
2020-07-17,0.0,2020,7,17,2,20,0.0,5.799999999999971,5.8,5.800000000000018,11.400000000000034
2020-07-18,0.0,2020,7,18,2,20,0.0,0.0,5.8,5.800000000000018,11.400000000000034
2020-07-19,0.0,2020,7,19,2,20,0.0,0.0,5.8,5.800000000000018,5.800000000000035
2020-07-20,0.0,2020,7,20,2,20,0.0,0.0,0.0,5.800000000000018,5.800000000000035
2020-07-21,2.3,2020,7,21,3,21,2.3,2.2999999999999714,2.3,8.100000000000017,8.100000000000035
2020-07-22,15.5,2020,7,22,3,21,15.5,17.799999999999972,17.8,17.80000000000002,23.600000000000037
2020-07-23,0.0,2020,7,23,3,21,0.0,17.799999999999972,17.8,17.80000000000002,23.600000000000037
2020-07-24,0.0,2020,7,24,3,21,0.0,15.499999999999972,17.8,17.80000000000002,23.600000000000037
2020-07-25,0.0,2020,7,25,3,21,0.0,0.0,17.8,17.80000000000002,17.800000000000033
2020-07-26,0.0,2020,7,26,3,21,0.0,0.0,15.5,17.80000000000002,17.800000000000033
2020-07-27,0.0,2020,7,27,3,21,0.0,0.0,0.0,17.80000000000002,17.800000000000033
2020-07-28,0.0,2020,7,28,3,21,0.0,0.0,0.0,15.500000000000018,17.800000000000033
2020-07-29,0.0,2020,7,29,3,21,0.0,0.0,0.0,0.0,17.800000000000033
2020-07-30,0.0,2020,7,30,3,21,0.0,0.0,0.0,0.0,17.800000000000033
2020-07-31,0.0,2020,7,31,3,21,0.0,0.0,0.0,0.0,15.500000000000036
2020-08-01,0.0,2020,8,1,1,22,0.0,0.0,0.0,0.0,0.0
2020-08-02,0.0,2020,8,2,1,22,0.0,0.0,0.0,0.0,0.0
2020-08-03,0.0,2020,8,3,1,22,0.0,0.0,0.0,0.0,0.0
2020-08-04,0.0,2020,8,4,1,22,0.0,0.0,0.0,0.0,0.0
2020-08-05,0.0,2020,8,5,1,22,0.0,0.0,0.0,0.0,0.0
2020-08-06,0.0,2020,8,6,1,22,0.0,0.0,0.0,0.0,0.0
2020-08-07,0.0,2020,8,7,1,22,0.0,0.0,0.0,0.0,0.0
2020-08-08,0.0,2020,8,8,1,22,0.0,0.0,0.0,0.0,0.0
2020-08-09,0.0,2020,8,9,1,22,0.0,0.0,0.0,0.0,0.0
2020-08-10,0.0,2020,8,10,1,22,0.0,0.0,0.0,0.0,0.0
2020-08-11,0.0,2020,8,11,2,23,0.0,0.0,0.0,0.0,0.0
2020-08-12,0.0,2020,8,12,2,23,0.0,0.0,0.0,0.0,0.0
2020-08-13,0.0,2020,8,13,2,23,0.0,0.0,0.0,0.0,0.0
2020-08-14,24.3,2020,8,14,2,23,24.3,24.299999999999972,24.3,24.30000000000002,24.300000000000036
2020-08-15,0.0,2020,8,15,2,23,0.0,24.299999999999972,24.3,24.30000000000002,24.300000000000036
2020-08-16,0.0,2020,8,16,2,23,0.0,24.299999999999972,24.3,24.30000000000002,24.300000000000036
2020-08-17,1.0,2020,8,17,2,23,1.0,0.9999999999999716,25.3,25.30000000000002,25.300000000000036
2020-08-18,0.0,2020,8,18,2,23,0.0,0.9999999999999716,25.3,25.30000000000002,25.300000000000036
2020-08-19,0.0,2020,8,19,2,23,0.0,0.9999999999999716,1.0,25.30000000000002,25.300000000000036
2020-08-20,0.0,2020,8,20,2,23,0.0,0.0,1.0,25.30000000000002,25.300000000000036
2020-08-21,3.5,2020,8,21,3,24,3.5,3.4999999999999716,4.5,4.500000000000018,28.800000000000036
2020-08-22,0.0,2020,8,22,3,24,0.0,3.4999999999999716,3.5,4.500000000000018,28.800000000000036
2020-08-23,0.0,2020,8,23,3,24,0.0,3.4999999999999716,3.5,4.500000000000018,28.800000000000036
2020-08-24,0.0,2020,8,24,3,24,0.0,0.0,3.5,3.5000000000000178,4.5000000000000355
2020-08-25,0.0,2020,8,25,3,24,0.0,0.0,3.5,3.5000000000000178,4.5000000000000355
2020-08-26,0.0,2020,8,26,3,24,0.0,0.0,0.0,3.5000000000000178,4.5000000000000355
2020-08-27,0.0,2020,8,27,3,24,0.0,0.0,0.0,3.5000000000000178,3.5000000000000355
2020-08-28,0.0,2020,8,28,3,24,0.0,0.0,0.0,0.0,3.5000000000000355
2020-08-29,0.0,2020,8,29,3,24,0.0,0.0,0.0,0.0,3.5000000000000355
2020-08-30,0.0,2020,8,30,3,24,0.0,0.0,0.0,0.0,3.5000000000000355
2020-08-31,0.0,2020,8,31,3,24,0.0,0.0,0.0,0.0,0.0
2020-09-01,0.0,2020,9,1,1,25,0.0,0.0,0.0,0.0,0.0
2020-09-02,0.0,2020,9,2,1,25,0.0,0.0,0.0,0.0,0.0
2020-09-03,0.0,2020,9,3,1,25,0.0,0.0,0.0,0.0,0.0
2020-09-04,0.0,2020,9,4,1,25,0.0,0.0,0.0,0.0,0.0
2020-09-05,0.0,2020,9,5,1,25,0.0,0.0,0.0,0.0,0.0
2020-09-06,0.0,2020,9,6,1,25,0.0,0.0,0.0,0.0,0.0
2020-09-07,0.0,2020,9,7,1,25,0.0,0.0,0.0,0.0,0.0
2020-09-08,0.0,2020,9,8,1,25,0.0,0.0,0.0,0.0,0.0
2020-09-09,0.0,2020,9,9,1,25,0.0,0.0,0.0,0.0,0.0
2020-09-10,0.0,2020,9,10,1,25,0.0,0.0,0.0,0.0,0.0
2020-09-11,8.8,2020,9,11,2,26,8.8,8.799999999999972,8.8,8.800000000000018,8.800000000000036
2020-09-12,0.0,2020,9,12,2,26,0.0,8.799999999999972,8.8,8.800000000000018,8.800000000000036
2020-09-13,0.0,2020,9,13,2,26,0.0,8.799999999999972,8.8,8.800000000000018,8.800000000000036
2020-09-14,0.0,2020,9,14,2,26,0.0,0.0,8.8,8.800000000000018,8.800000000000036
2020-09-15,0.0,2020,9,15,2,26,0.0,0.0,8.8,8.800000000000018,8.800000000000036
2020-09-16,1.0,2020,9,16,2,26,1.0,0.9999999999999716,1.0,9.800000000000018,9.800000000000036
2020-09-17,0.0,2020,9,17,2,26,0.0,0.9999999999999716,1.0,9.800000000000018,9.800000000000036
2020-09-18,0.0,2020,9,18,2,26,0.0,0.9999999999999716,1.0,1.0000000000000178,9.800000000000036
2020-09-19,0.0,2020,9,19,2,26,0.0,0.0,1.0,1.0000000000000178,9.800000000000036
2020-09-20,0.0,2020,9,20,2,26,0.0,0.0,1.0,1.0000000000000178,9.800000000000036
2020-09-21,27.2,2020,9,21,3,27,27.2,27.19999999999997,27.2,28.200000000000017,28.200000000000035
2020-09-22,0.0,2020,9,22,3,27,0.0,27.19999999999997,27.2,28.200000000000017,28.200000000000035
2020-09-23,18.4,2020,9,23,3,27,18.4,45.599999999999966,45.599999999999994,45.600000000000016,46.60000000000004
2020-09-24,0.0,2020,9,24,3,27,0.0,18.39999999999997,45.599999999999994,45.600000000000016,46.60000000000004
2020-09-25,0.0,2020,9,25,3,27,0.0,18.39999999999997,45.599999999999994,45.600000000000016,46.60000000000004
2020-09-26,0.0,2020,9,26,3,27,0.0,0.0,18.4,45.600000000000016,45.60000000000004
2020-09-27,0.0,2020,9,27,3,27,0.0,0.0,18.4,45.600000000000016,45.60000000000004
2020-09-28,0.0,2020,9,28,3,27,0.0,0.0,0.0,18.400000000000016,45.60000000000004
2020-09-29,0.0,2020,9,29,3,27,0.0,0.0,0.0,18.400000000000016,45.60000000000004
2020-09-30,0.0,2020,9,30,3,27,0.0,0.0,0.0,0.0,45.60000000000004
2020-10-01,0.0,2020,10,1,1,28,0.0,0.0,0.0,0.0,18.400000000000034
2020-10-02,0.0,2020,10,2,1,28,0.0,0.0,0.0,0.0,18.400000000000034
2020-10-03,7.8,2020,10,3,1,28,7.8,7.799999999999971,7.8,7.800000000000018,7.800000000000035
2020-10-04,3.5,2020,10,4,1,28,3.5,11.299999999999972,11.3,11.300000000000018,11.300000000000036
2020-10-05,0.0,2020,10,5,1,28,0.0,11.299999999999972,11.3,11.300000000000018,11.300000000000036
2020-10-06,0.0,2020,10,6,1,28,0.0,3.4999999999999716,11.3,11.300000000000018,11.300000000000036
2020-10-07,0.0,2020,10,7,1,28,0.0,0.0,11.3,11.300000000000018,11.300000000000036
2020-10-08,0.0,2020,10,8,1,28,0.0,0.0,3.5,11.300000000000018,11.300000000000036
2020-10-09,0.0,2020,10,9,1,28,0.0,0.0,0.0,11.300000000000018,11.300000000000036
2020-10-10,0.0,2020,10,10,1,28,0.0,0.0,0.0,3.5000000000000178,11.300000000000036
2020-10-11,0.0,2020,10,11,2,29,0.0,0.0,0.0,0.0,11.300000000000036
2020-10-12,0.8,2020,10,12,2,29,0.8,0.7999999999999716,0.8,0.8000000000000178,12.100000000000035
2020-10-13,0.0,2020,10,13,2,29,0.0,0.7999999999999716,0.8,0.8000000000000178,4.300000000000035
2020-10-14,0.0,2020,10,14,2,29,0.0,0.7999999999999716,0.8,0.8000000000000178,0.8000000000000356
2020-10-15,0.0,2020,10,15,2,29,0.0,0.0,0.8,0.8000000000000178,0.8000000000000356
2020-10-16,0.0,2020,10,16,2,29,0.0,0.0,0.8,0.8000000000000178,0.8000000000000356
2020-10-17,1.6,2020,10,17,2,29,1.6,1.5999999999999717,1.6,2.400000000000018,2.400000000000036
2020-10-18,0.0,2020,10,18,2,29,0.0,1.5999999999999717,1.6,2.400000000000018,2.400000000000036
2020-10-19,0.0,2020,10,19,2,29,0.0,1.5999999999999717,1.6,1.6000000000000179,2.400000000000036
2020-10-20,0.0,2020,10,20,2,29,0.0,0.0,1.6,1.6000000000000179,2.400000000000036
2020-10-21,0.0,2020,10,21,3,30,0.0,0.0,1.6,1.6000000000000179,2.400000000000036
2020-10-22,7.3,2020,10,22,3,30,7.3,7.299999999999971,7.3,8.900000000000018,8.900000000000036
2020-10-23,0.6,2020,10,23,3,30,0.6,7.899999999999971,7.8999999999999995,9.500000000000018,9.500000000000036
2020-10-24,0.0,2020,10,24,3,30,0.0,7.899999999999971,7.8999999999999995,7.900000000000017,9.500000000000036
2020-10-25,5.4,2020,10,25,3,30,5.4,5.999999999999972,13.3,13.300000000000017,14.900000000000036
2020-10-26,0.0,2020,10,26,3,30,0.0,5.399999999999972,13.3,13.300000000000017,14.900000000000036
2020-10-27,15.8,2020,10,27,3,30,15.8,21.199999999999974,21.8,29.100000000000016,29.100000000000037
2020-10-28,0.0,2020,10,28,3,30,0.0,15.799999999999972,21.2,29.100000000000016,29.100000000000037
2020-10-29,2.3,2020,10,29,3,30,2.3,18.099999999999973,23.5,24.10000000000002,31.400000000000038
2020-10-30,0.0,2020,10,30,3,30,0.0,2.2999999999999714,18.1,23.500000000000018,31.400000000000038
2020-10-31,16.0,2020,10,31,3,30,16.0,18.299999999999972,34.1,39.500000000000014,47.400000000000034
2020-11-01,18.2,2020,11,1,1,31,18.2,34.199999999999974,36.5,52.30000000000002,58.30000000000004
2020-11-02,11.5,2020,11,2,1,31,11.5,45.699999999999974,48.0,63.80000000000002,69.20000000000005
2020-11-03,0.0,2020,11,3,1,31,0.0,29.69999999999997,45.7,48.000000000000014,69.20000000000005
2020-11-04,0.0,2020,11,4,1,31,0.0,11.499999999999972,45.7,48.000000000000014,63.80000000000003
2020-11-05,20.6,2020,11,5,1,31,20.6,20.599999999999973,50.3,66.30000000000001,84.40000000000003
2020-11-06,6.1,2020,11,6,1,31,6.1,26.699999999999974,38.199999999999996,72.40000000000002,74.70000000000003
2020-11-07,0.0,2020,11,7,1,31,0.0,26.699999999999974,26.700000000000003,56.40000000000002,74.70000000000005
2020-11-08,0.0,2020,11,8,1,31,0.0,6.099999999999971,26.700000000000003,38.20000000000002,72.40000000000003
2020-11-09,0.0,2020,11,9,1,31,0.0,0.0,26.700000000000003,26.700000000000017,72.40000000000003
2020-11-10,0.0,2020,11,10,1,31,0.0,0.0,6.1,26.700000000000017,56.400000000000034
2020-11-11,0.0,2020,11,11,2,32,0.0,0.0,0.0,26.700000000000017,38.20000000000004
2020-11-12,0.0,2020,11,12,2,32,0.0,0.0,0.0,6.100000000000017,26.70000000000004
2020-11-13,0.7,2020,11,13,2,32,0.7,0.6999999999999715,0.7,0.7000000000000177,27.400000000000038
2020-11-14,15.2,2020,11,14,2,32,15.2,15.89999999999997,15.899999999999999,15.900000000000016,42.60000000000004
2020-11-15,0.0,2020,11,15,2,32,0.0,15.89999999999997,15.899999999999999,15.900000000000016,22.000000000000036
2020-11-16,0.0,2020,11,16,2,32,0.0,15.19999999999997,15.899999999999999,15.900000000000016,15.900000000000034
2020-11-17,2.1,2020,11,17,2,32,2.1,2.0999999999999717,18.0,18.000000000000018,18.000000000000036
2020-11-18,0.0,2020,11,18,2,32,0.0,2.0999999999999717,17.3,18.000000000000018,18.000000000000036
2020-11-19,0.0,2020,11,19,2,32,0.0,2.0999999999999717,2.1,18.000000000000018,18.000000000000036
2020-11-20,0.0,2020,11,20,2,32,0.0,0.0,2.1,17.30000000000002,18.000000000000036
2020-11-21,19.2,2020,11,21,3,33,19.2,19.19999999999997,21.3,21.30000000000002,37.20000000000003
2020-11-22,0.0,2020,11,22,3,33,0.0,19.19999999999997,19.2,21.30000000000002,37.20000000000003
2020-11-23,1.2,2020,11,23,3,33,1.2,20.39999999999997,20.4,22.500000000000018,37.70000000000003
2020-11-24,39.0,2020,11,24,3,33,39.0,40.199999999999974,59.4,59.40000000000002,61.500000000000036
2020-11-25,0.0,2020,11,25,3,33,0.0,40.199999999999974,59.4,59.40000000000002,61.500000000000036
2020-11-26,0.0,2020,11,26,3,33,0.0,38.99999999999997,40.2,59.40000000000002,61.500000000000036
2020-11-27,0.0,2020,11,27,3,33,0.0,0.0,40.2,59.40000000000002,59.400000000000034
2020-11-28,0.0,2020,11,28,3,33,0.0,0.0,39.0,40.20000000000002,59.400000000000034
2020-11-29,0.0,2020,11,29,3,33,0.0,0.0,0.0,40.20000000000002,59.400000000000034
2020-11-30,13.3,2020,11,30,3,33,13.3,13.299999999999972,13.3,52.300000000000026,72.70000000000003
2020-12-01,9.6,2020,12,1,1,34,9.6,22.89999999999997,22.9,22.90000000000002,63.10000000000003
2020-12-02,0.0,2020,12,2,1,34,0.0,22.89999999999997,22.9,22.90000000000002,63.10000000000004
2020-12-03,94.0,2020,12,3,1,34,94.0,103.59999999999997,116.9,116.90000000000002,155.90000000000003
2020-12-04,0.0,2020,12,4,1,34,0.0,93.99999999999997,116.9,116.90000000000002,116.90000000000003
2020-12-05,0.0,2020,12,5,1,34,0.0,93.99999999999997,103.60000000000001,116.90000000000002,116.90000000000003
2020-12-06,15.7,2020,12,6,1,34,15.7,15.69999999999997,109.7,132.60000000000002,132.60000000000002
2020-12-07,25.6,2020,12,7,1,34,25.6,41.29999999999997,135.3,144.90000000000003,158.20000000000005
2020-12-08,5.7,2020,12,8,1,34,5.7,46.99999999999997,47.0,141.00000000000003,163.90000000000003
2020-12-09,23.1,2020,12,9,1,34,23.1,54.39999999999998,70.1,164.10000000000002,187.00000000000003
2020-12-10,2.7,2020,12,10,1,34,2.7,31.49999999999997,72.8,72.80000000000001,176.40000000000003
2020-12-11,0.6,2020,12,11,2,35,0.6,26.399999999999974,57.699999999999996,73.40000000000002,167.40000000000003
2020-12-12,1.7,2020,12,12,2,35,1.7,4.999999999999972,33.8,75.10000000000002,169.10000000000002
2020-12-13,0.0,2020,12,13,2,35,0.0,2.2999999999999714,28.1,59.40000000000001,75.10000000000002
2020-12-14,0.0,2020,12,14,2,35,0.0,1.6999999999999713,5.0,33.80000000000001,75.10000000000002
2020-12-15,0.0,2020,12,15,2,35,0.0,0.0,2.3,28.100000000000016,75.10000000000002
2020-12-16,10.0,2020,12,16,2,35,10.0,9.999999999999972,11.7,15.000000000000014,69.40000000000003
2020-12-17,1.2,2020,12,17,2,35,1.2,11.19999999999997,11.2,13.500000000000014,45.000000000000036
2020-12-18,13.4,2020,12,18,2,35,13.4,24.599999999999973,24.6,26.30000000000001,52.70000000000003
2020-12-19,3.6,2020,12,19,2,35,3.6,18.19999999999997,28.2,28.200000000000014,33.20000000000003
2020-12-20,8.3,2020,12,20,2,35,8.3,25.299999999999972,36.5,36.500000000000014,38.800000000000026
2020-12-21,15.3,2020,12,21,3,36,15.3,27.199999999999974,41.8,51.80000000000001,53.50000000000003
2020-12-22,6.3,2020,12,22,3,36,6.3,29.89999999999997,46.9,58.100000000000016,58.10000000000002
2020-12-23,2.2,2020,12,23,3,36,2.2,23.799999999999976,35.7,50.30000000000001,60.300000000000026
2020-12-24,0.0,2020,12,24,3,36,0.0,8.499999999999972,32.099999999999994,49.10000000000001,60.300000000000026
2020-12-25,2.6,2020,12,25,3,36,2.6,4.799999999999972,26.400000000000002,38.30000000000001,62.90000000000003
2020-12-26,7.7,2020,12,26,3,36,7.7,10.299999999999972,18.8,42.40000000000001,60.60000000000004
2020-12-27,0.0,2020,12,27,3,36,0.0,10.299999999999972,12.5,34.100000000000016,59.400000000000034
2020-12-28,2.4,2020,12,28,3,36,2.4,10.099999999999971,12.700000000000001,21.200000000000014,48.400000000000034
2020-12-29,0.0,2020,12,29,3,36,0.0,2.3999999999999706,12.700000000000001,14.900000000000015,44.80000000000003
2020-12-30,3.4,2020,12,30,3,36,3.4,5.7999999999999705,13.5,16.100000000000016,39.90000000000003
2020-12-31,1.5,2020,12,31,3,36,1.5,4.89999999999997,7.3,17.600000000000016,26.10000000000003
2021-01-01,4.5,2021,1,1,1,1,4.5,9.39999999999997,11.8,19.500000000000014,24.30000000000003
2021-01-02,10.2,2021,1,2,1,1,10.2,16.199999999999967,19.6,22.000000000000014,32.300000000000026
2021-01-03,0.0,2021,1,3,1,1,0.0,14.699999999999969,19.6,22.000000000000014,32.300000000000026
2021-01-04,0.0,2021,1,4,1,1,0.0,10.199999999999969,16.200000000000003,19.600000000000016,29.700000000000028
2021-01-05,0.0,2021,1,5,1,1,0.0,0.0,14.700000000000001,19.600000000000016,22.00000000000003
2021-01-06,3.4,2021,1,6,1,1,3.4,3.3999999999999697,13.6,19.600000000000012,25.400000000000027
2021-01-07,9.7,2021,1,7,1,1,9.7,13.09999999999997,13.1,27.80000000000001,32.70000000000003
2021-01-08,0.0,2021,1,8,1,1,0.0,13.09999999999997,13.1,23.30000000000001,32.70000000000003
2021-01-09,0.8,2021,1,9,1,1,0.8,10.49999999999997,13.9,13.900000000000013,30.100000000000026
2021-01-10,13.6,2021,1,10,1,1,13.6,14.39999999999997,27.5,27.500000000000014,42.20000000000003
2021-01-11,0.0,2021,1,11,2,2,0.0,14.39999999999997,24.1,27.500000000000014,37.70000000000003
2021-01-12,22.4,2021,1,12,2,2,22.4,35.99999999999997,36.8,49.90000000000001,49.90000000000003
2021-01-13,0.6,2021,1,13,2,2,0.6,22.999999999999968,37.4,47.100000000000016,50.50000000000003
2021-01-14,0.0,2021,1,14,2,2,0.0,22.99999999999997,36.6,37.40000000000001,50.50000000000003
2021-01-15,0.0,2021,1,15,2,2,0.0,0.5999999999999716,23.0,37.40000000000001,50.50000000000003
2021-01-16,0.0,2021,1,16,2,2,0.0,0.0,23.0,36.600000000000016,47.10000000000003
2021-01-17,0.0,2021,1,17,2,2,0.0,0.0,0.6,23.000000000000014,37.40000000000003
2021-01-18,0.6,2021,1,18,2,2,0.6,0.5999999999999716,0.6,23.600000000000012,38.00000000000003
2021-01-19,1.1,2021,1,19,2,2,1.1,1.6999999999999718,1.7000000000000002,2.300000000000014,38.300000000000026
2021-01-20,7.0,2021,1,20,2,2,7.0,8.69999999999997,8.7,8.700000000000014,31.700000000000028
2021-01-21,4.0,2021,1,21,3,3,4.0,12.099999999999973,12.7,12.700000000000014,35.700000000000024
2021-01-22,0.0,2021,1,22,3,3,0.0,10.999999999999972,12.7,12.700000000000014,13.30000000000003
2021-01-23,0.0,2021,1,23,3,3,0.0,3.9999999999999716,12.100000000000001,12.700000000000014,12.700000000000028
2021-01-24,25.8,2021,1,24,3,3,25.8,25.799999999999972,36.8,38.500000000000014,38.50000000000003
2021-01-25,7.6,2021,1,25,3,3,7.6,33.39999999999997,37.4,45.500000000000014,46.10000000000003
2021-01-26,0.0,2021,1,26,3,3,0.0,33.39999999999997,33.4,44.40000000000001,46.10000000000003
2021-01-27,34.5,2021,1,27,3,3,34.5,42.099999999999966,67.9,71.9,80.60000000000002
2021-01-28,19.6,2021,1,28,3,3,19.6,54.099999999999966,87.5,87.50000000000001,99.60000000000004
2021-01-29,6.3,2021,1,29,3,3,6.3,60.39999999999996,68.0,93.80000000000001,104.80000000000003
2021-01-30,13.1,2021,1,30,3,3,13.1,38.999999999999964,73.5,106.9,110.90000000000003
2021-01-31,13.3,2021,1,31,3,3,13.3,32.69999999999996,86.8,94.40000000000002,120.20000000000003
2021-02-01,0.0,2021,2,1,1,4,0.0,26.399999999999963,52.3,86.80000000000003,120.20000000000003
2021-02-02,15.6,2021,2,2,1,4,15.6,28.899999999999963,48.3,102.40000000000002,135.80000000000004
2021-02-03,59.1,2021,2,3,1,4,59.1,74.69999999999996,101.1,127.0,169.10000000000002
2021-02-04,2.2,2021,2,4,1,4,2.2,76.89999999999996,90.2,109.60000000000001,163.70000000000005
2021-02-05,21.4,2021,2,5,1,4,21.4,82.69999999999996,98.3,124.70000000000002,185.10000000000002
2021-02-06,8.4,2021,2,6,1,4,8.4,31.999999999999964,106.69999999999999,120.00000000000001,159.00000000000003
2021-02-07,6.4,2021,2,7,1,4,6.4,36.19999999999996,97.5,113.10000000000001,145.80000000000004
2021-02-08,36.6,2021,2,8,1,4,36.6,51.39999999999997,75.0,149.70000000000002,176.10000000000002
2021-02-09,2.7,2021,2,9,1,4,2.7,45.699999999999974,75.5,136.8,165.70000000000005
2021-02-10,0.0,2021,2,10,1,4,0.0,39.29999999999997,54.10000000000001,77.70000000000002,152.40000000000003
2021-02-11,1.9,2021,2,11,2,5,1.9,4.599999999999971,47.6,77.40000000000002,154.3
2021-02-12,0.0,2021,2,12,2,5,0.0,1.8999999999999715,41.2,56.000000000000014,138.70000000000002
2021-02-13,0.5,2021,2,13,2,5,0.5,2.3999999999999715,5.1,48.100000000000016,80.10000000000004
2021-02-14,9.8,2021,2,14,2,5,9.8,10.299999999999972,12.2,51.500000000000014,87.70000000000003
2021-02-15,11.2,2021,2,15,2,5,11.2,21.49999999999997,23.4,26.100000000000016,77.50000000000003
2021-02-16,0.0,2021,2,16,2,5,0.0,20.99999999999997,21.5,23.400000000000013,69.10000000000004
2021-02-17,11.4,2021,2,17,2,5,11.4,22.599999999999973,32.9,34.80000000000001,74.10000000000002
2021-02-18,0.0,2021,2,18,2,5,0.0,11.399999999999972,32.4,32.90000000000002,37.50000000000003
2021-02-19,33.0,2021,2,19,2,5,33.0,44.39999999999997,55.599999999999994,65.90000000000002,67.80000000000003
2021-02-20,8.7,2021,2,20,2,5,8.7,41.699999999999974,53.099999999999994,74.10000000000002,76.50000000000003
2021-02-21,8.8,2021,2,21,3,6,8.8,50.49999999999997,61.9,73.10000000000002,83.40000000000003
2021-02-22,0.0,2021,2,22,3,6,0.0,17.49999999999997,50.5,61.90000000000002,83.40000000000003
2021-02-23,0.0,2021,2,23,3,6,0.0,8.799999999999972,50.5,61.90000000000002,82.90000000000003
2021-02-24,7.0,2021,2,24,3,6,7.0,6.999999999999972,24.5,57.500000000000014,80.10000000000002
2021-02-25,16.8,2021,2,25,3,6,16.8,23.799999999999972,32.6,74.30000000000001,85.70000000000003
2021-02-26,3.7,2021,2,26,3,6,3.7,27.49999999999997,27.5,45.000000000000014,89.40000000000003
2021-02-27,18.0,2021,2,27,3,6,18.0,38.49999999999997,45.5,54.30000000000001,96.00000000000003
2021-02-28,0.0,2021,2,28,3,6,0.0,21.69999999999997,45.5,45.500000000000014,96.00000000000003
2021-03-01,0.0,2021,3,1,1,7,0.0,17.99999999999997,38.5,45.500000000000014,63.00000000000003
2021-03-02,25.5,2021,3,2,1,7,25.5,25.49999999999997,47.2,71.00000000000001,79.80000000000003
2021-03-03,3.8,2021,3,3,1,7,3.8,29.299999999999972,47.3,67.80000000000001,74.80000000000003
2021-03-04,23.2,2021,3,4,1,7,23.2,52.49999999999997,52.5,74.20000000000002,98.00000000000003
2021-03-05,8.2,2021,3,5,1,7,8.2,35.199999999999974,60.7,78.70000000000002,106.20000000000003
2021-03-06,0.0,2021,3,6,1,7,0.0,31.39999999999997,60.7,60.70000000000002,99.20000000000003
2021-03-07,1.5,2021,3,7,1,7,1.5,9.69999999999997,36.7,62.20000000000002,83.90000000000003
2021-03-08,0.0,2021,3,8,1,7,0.0,1.4999999999999716,32.900000000000006,62.20000000000002,80.20000000000003
2021-03-09,0.0,2021,3,9,1,7,0.0,1.4999999999999716,9.7,36.70000000000002,62.20000000000003
2021-03-10,1.6,2021,3,10,1,7,1.6,1.5999999999999717,3.1,34.500000000000014,63.800000000000026
2021-03-11,17.9,2021,3,11,2,8,17.9,19.49999999999997,21.0,29.200000000000014,81.70000000000003
2021-03-12,0.0,2021,3,12,2,8,0.0,19.49999999999997,19.5,21.000000000000014,56.20000000000003
2021-03-13,0.0,2021,3,13,2,8,0.0,17.89999999999997,19.5,21.000000000000014,52.400000000000034
2021-03-14,0.0,2021,3,14,2,8,0.0,0.0,19.5,19.500000000000014,29.200000000000028
2021-03-15,5.8,2021,3,15,2,8,5.8,5.799999999999971,23.7,25.300000000000015,26.80000000000003
2021-03-16,0.0,2021,3,16,2,8,0.0,5.799999999999971,5.8,25.300000000000015,26.80000000000003
2021-03-17,12.6,2021,3,17,2,8,12.6,18.39999999999997,18.4,36.30000000000001,37.90000000000003
2021-03-18,0.0,2021,3,18,2,8,0.0,12.599999999999971,18.4,18.400000000000013,37.90000000000003
2021-03-19,0.0,2021,3,19,2,8,0.0,12.599999999999973,18.4,18.400000000000013,37.90000000000003
2021-03-20,0.0,2021,3,20,2,8,0.0,0.0,12.6,18.400000000000013,36.300000000000026
2021-03-21,7.4,2021,3,21,3,9,7.4,7.399999999999972,20.0,25.80000000000001,25.800000000000026
2021-03-22,0.0,2021,3,22,3,9,0.0,7.399999999999972,7.4,20.000000000000014,25.800000000000026
2021-03-23,0.0,2021,3,23,3,9,0.0,7.399999999999972,7.4,20.000000000000014,25.800000000000026
2021-03-24,0.0,2021,3,24,3,9,0.0,0.0,7.4,7.400000000000015,25.800000000000026
2021-03-25,0.0,2021,3,25,3,9,0.0,0.0,7.4,7.400000000000015,20.00000000000003
2021-03-26,1.0,2021,3,26,3,9,1.0,0.9999999999999716,1.0,8.400000000000015,21.00000000000003
2021-03-27,0.0,2021,3,27,3,9,0.0,0.9999999999999716,1.0,8.400000000000015,8.400000000000029
2021-03-28,6.7,2021,3,28,3,9,6.7,7.699999999999972,7.7,7.700000000000014,15.10000000000003
2021-03-29,4.1,2021,3,29,3,9,4.1,10.799999999999972,11.8,11.800000000000015,19.200000000000028
2021-03-30,0.0,2021,3,30,3,9,0.0,10.799999999999972,11.8,11.800000000000015,19.200000000000028
2021-03-31,0.0,2021,3,31,3,9,0.0,4.099999999999971,10.8,11.800000000000015,11.80000000000003
2021-04-01,39.8,2021,4,1,1,10,39.8,39.79999999999997,50.599999999999994,51.60000000000001,51.60000000000002
2021-04-02,0.0,2021,4,2,1,10,0.0,39.79999999999997,43.89999999999999,50.60000000000001,51.60000000000002
2021-04-03,77.8,2021,4,3,1,10,77.8,117.59999999999997,117.6,128.4,129.40000000000003
2021-04-04,15.0,2021,4,4,1,10,15.0,92.79999999999997,132.6,136.7,144.40000000000003
2021-04-05,0.0,2021,4,5,1,10,0.0,92.79999999999997,132.6,132.60000000000002,143.40000000000003
2021-04-06,8.8,2021,4,6,1,10,8.8,23.799999999999972,101.6,141.4,152.20000000000002
2021-04-07,2.2,2021,4,7,1,10,2.2,10.999999999999972,103.8,143.60000000000002,147.70000000000005
2021-04-08,0.0,2021,4,8,1,10,0.0,10.999999999999972,26.0,103.80000000000001,143.60000000000002
2021-04-09,0.0,2021,4,9,1,10,0.0,2.1999999999999718,11.0,103.80000000000001,143.60000000000002
2021-04-10,3.2,2021,4,10,1,10,3.2,3.1999999999999718,14.200000000000001,29.200000000000017,146.8
2021-04-11,2.8,2021,4,11,2,11,2.8,5.999999999999972,8.2,17.000000000000014,109.80000000000003
2021-04-12,26.0,2021,4,12,2,11,26.0,31.99999999999997,32.0,43.000000000000014,135.8
2021-04-13,5.8,2021,4,13,2,11,5.8,34.59999999999997,37.8,40.000000000000014,63.800000000000026
2021-04-14,0.6,2021,4,14,2,11,0.6,32.39999999999997,38.4,38.40000000000001,49.40000000000003
2021-04-15,0.8,2021,4,15,2,11,0.8,7.199999999999972,36.0,39.20000000000002,50.20000000000003
2021-04-16,34.0,2021,4,16,2,11,34.0,35.39999999999997,67.2,73.20000000000002,75.40000000000003
2021-04-17,0.0,2021,4,17,2,11,0.0,34.79999999999997,41.2,70.00000000000001,73.20000000000003
2021-04-18,0.0,2021,4,18,2,11,0.0,33.99999999999997,35.400000000000006,67.20000000000002,73.20000000000003
2021-04-19,0.0,2021,4,19,2,11,0.0,0.0,34.800000000000004,41.20000000000002,73.20000000000003
2021-04-20,0.0,2021,4,20,2,11,0.0,0.0,34.0,35.40000000000002,70.00000000000003
2021-04-21,15.6,2021,4,21,3,12,15.6,15.599999999999971,15.6,50.40000000000002,82.80000000000003
2021-04-22,0.0,2021,4,22,3,12,0.0,15.599999999999971,15.6,49.600000000000016,56.80000000000003
2021-04-23,0.0,2021,4,23,3,12,0.0,15.599999999999971,15.6,15.600000000000014,51.000000000000036
2021-04-24,0.0,2021,4,24,3,12,0.0,0.0,15.6,15.600000000000014,50.400000000000034
2021-04-25,1.4,2021,4,25,3,12,1.4,1.3999999999999715,17.0,17.000000000000014,51.00000000000003
2021-04-26,0.0,2021,4,26,3,12,0.0,1.3999999999999715,1.4,17.000000000000014,17.00000000000003
2021-04-27,0.0,2021,4,27,3,12,0.0,1.3999999999999715,1.4,17.000000000000014,17.00000000000003
2021-04-28,0.0,2021,4,28,3,12,0.0,0.0,1.4,1.4000000000000141,17.00000000000003
2021-04-29,0.0,2021,4,29,3,12,0.0,0.0,1.4,1.4000000000000141,17.00000000000003
2021-04-30,0.0,2021,4,30,3,12,0.0,0.0,0.0,1.4000000000000141,17.00000000000003
2021-05-01,0.0,2021,5,1,1,13,0.0,0.0,0.0,1.4000000000000141,1.4000000000000283
2021-05-02,5.0,2021,5,2,1,13,5.0,4.999999999999972,5.0,5.000000000000014,6.400000000000029
2021-05-03,0.0,2021,5,3,1,13,0.0,4.999999999999972,5.0,5.000000000000014,6.400000000000029
2021-05-04,0.5,2021,5,4,1,13,0.5,5.499999999999972,5.5,5.500000000000014,6.900000000000029
2021-05-05,0.0,2021,5,5,1,13,0.0,0.4999999999999716,5.5,5.500000000000014,5.500000000000028
2021-05-06,0.0,2021,5,6,1,13,0.0,0.4999999999999716,5.5,5.500000000000014,5.500000000000028
2021-05-07,0.0,2021,5,7,1,13,0.0,0.0,0.5,5.500000000000014,5.500000000000028
2021-05-08,0.0,2021,5,8,1,13,0.0,0.0,0.5,5.500000000000014,5.500000000000028
2021-05-09,2.8,2021,5,9,1,13,2.8,2.7999999999999714,2.8,3.300000000000014,8.30000000000003
2021-05-10,0.0,2021,5,10,1,13,0.0,2.7999999999999714,2.8,3.300000000000014,8.30000000000003
2021-05-11,0.0,2021,5,11,2,14,0.0,2.7999999999999714,2.8,2.800000000000014,8.30000000000003
2021-05-12,0.0,2021,5,12,2,14,0.0,0.0,2.8,2.800000000000014,3.3000000000000282
2021-05-13,0.0,2021,5,13,2,14,0.0,0.0,2.8,2.800000000000014,3.3000000000000282
2021-05-14,0.0,2021,5,14,2,14,0.0,0.0,0.0,2.800000000000014,2.8000000000000282
2021-05-15,0.0,2021,5,15,2,14,0.0,0.0,0.0,2.800000000000014,2.8000000000000282
2021-05-16,0.0,2021,5,16,2,14,0.0,0.0,0.0,0.0,2.8000000000000282
2021-05-17,0.0,2021,5,17,2,14,0.0,0.0,0.0,0.0,2.8000000000000282
2021-05-18,6.6,2021,5,18,2,14,6.6,6.599999999999971,6.6,6.600000000000014,9.400000000000027
2021-05-19,0.0,2021,5,19,2,14,0.0,6.599999999999971,6.6,6.600000000000014,6.600000000000028
2021-05-20,0.0,2021,5,20,2,14,0.0,6.599999999999971,6.6,6.600000000000014,6.600000000000028
2021-05-21,0.0,2021,5,21,3,15,0.0,0.0,6.6,6.600000000000014,6.600000000000028
2021-05-22,5.2,2021,5,22,3,15,5.2,5.199999999999972,11.8,11.800000000000015,11.80000000000003
2021-05-23,0.0,2021,5,23,3,15,0.0,5.199999999999972,5.2,11.800000000000015,11.80000000000003
2021-05-24,5.1,2021,5,24,3,15,5.1,10.299999999999972,10.3,16.900000000000013,16.900000000000027
2021-05-25,8.0,2021,5,25,3,15,8.0,13.099999999999971,18.3,18.30000000000001,24.900000000000027
2021-05-26,0.0,2021,5,26,3,15,0.0,13.099999999999971,18.3,18.30000000000001,24.900000000000027
2021-05-27,0.0,2021,5,27,3,15,0.0,7.999999999999972,13.100000000000001,18.30000000000001,24.900000000000027
2021-05-28,0.0,2021,5,28,3,15,0.0,0.0,13.100000000000001,18.30000000000001,18.300000000000026
2021-05-29,7.4,2021,5,29,3,15,7.4,7.399999999999972,15.399999999999999,20.500000000000014,25.700000000000024
2021-05-30,8.2,2021,5,30,3,15,8.2,15.599999999999971,15.599999999999998,28.700000000000014,33.90000000000003
2021-05-31,0.0,2021,5,31,3,15,0.0,15.599999999999971,15.599999999999998,23.600000000000012,33.90000000000003
2021-06-01,4.3,2021,6,1,1,16,4.3,12.499999999999972,19.9,19.900000000000013,33.00000000000003
2021-06-02,0.0,2021,6,2,1,16,0.0,4.299999999999971,19.9,19.900000000000013,33.00000000000003
2021-06-03,0.0,2021,6,3,1,16,0.0,4.299999999999971,12.499999999999996,19.900000000000013,27.900000000000027
2021-06-04,0.6,2021,6,4,1,16,0.6,0.5999999999999716,4.899999999999998,20.50000000000001,20.50000000000003
2021-06-05,61.6,2021,6,5,1,16,61.6,62.199999999999974,66.5,74.70000000000002,82.10000000000002
2021-06-06,0.0,2021,6,6,1,16,0.0,62.199999999999974,62.2,66.5,82.10000000000002
2021-06-07,2.0,2021,6,7,1,16,2.0,63.59999999999997,64.2,68.5,84.10000000000002
2021-06-08,2.0,2021,6,8,1,16,2.0,3.9999999999999716,66.2,66.20000000000002,78.70000000000002
2021-06-09,0.0,2021,6,9,1,16,0.0,3.9999999999999716,65.6,66.20000000000002,70.50000000000003
2021-06-10,0.0,2021,6,10,1,16,0.0,1.9999999999999716,4.0,66.20000000000002,70.50000000000003
2021-06-11,0.0,2021,6,11,2,17,0.0,0.0,4.0,65.60000000000002,66.20000000000002
2021-06-12,10.5,2021,6,12,2,17,10.5,10.499999999999972,12.5,14.500000000000007,76.70000000000002
2021-06-13,1.0,2021,6,13,2,17,1.0,11.499999999999972,11.5,15.500000000000007,77.70000000000002
2021-06-14,0.0,2021,6,14,2,17,0.0,11.499999999999972,11.5,13.500000000000007,77.10000000000002
2021-06-15,0.0,2021,6,15,2,17,0.0,0.9999999999999716,11.5,11.500000000000007,15.500000000000028
2021-06-16,0.0,2021,6,16,2,17,0.0,0.0,11.5,11.500000000000007,15.500000000000028
2021-06-17,0.0,2021,6,17,2,17,0.0,0.0,1.0,11.500000000000007,13.500000000000028
2021-06-18,4.5,2021,6,18,2,17,4.5,4.499999999999972,4.5,16.000000000000007,16.00000000000003
2021-06-19,1.3,2021,6,19,2,17,1.3,5.799999999999971,5.8,6.800000000000007,17.30000000000003
2021-06-20,0.0,2021,6,20,2,17,0.0,5.799999999999971,5.8,5.800000000000007,17.30000000000003
2021-06-21,8.1,2021,6,21,3,18,8.1,9.39999999999997,13.899999999999999,13.900000000000006,25.400000000000027
2021-06-22,0.0,2021,6,22,3,18,0.0,8.099999999999971,13.9,13.900000000000007,14.900000000000029
2021-06-23,0.0,2021,6,23,3,18,0.0,8.099999999999971,9.4,13.900000000000007,13.900000000000029
2021-06-24,29.7,2021,6,24,3,18,29.7,29.69999999999997,37.8,43.60000000000001,43.60000000000003
2021-06-25,1.1,2021,6,25,3,18,1.1,30.799999999999972,38.9,40.2,44.700000000000024
2021-06-26,0.0,2021,6,26,3,18,0.0,30.799999999999972,30.8,38.900000000000006,44.700000000000024
2021-06-27,0.7,2021,6,27,3,18,0.7,1.7999999999999716,31.500000000000004,39.60000000000001,45.40000000000003
2021-06-28,0.0,2021,6,28,3,18,0.0,0.6999999999999715,31.5,31.500000000000007,40.90000000000003
2021-06-29,0.0,2021,6,29,3,18,0.0,0.6999999999999715,1.8000000000000036,31.500000000000007,39.60000000000003
2021-06-30,0.0,2021,6,30,3,18,0.0,0.0,0.7000000000000035,31.500000000000007,39.60000000000003
2021-07-01,0.0,2021,7,1,1,19,0.0,0.0,0.7000000000000035,1.8000000000000036,31.50000000000003
2021-07-02,0.0,2021,7,2,1,19,0.0,0.0,0.0,0.7000000000000035,31.50000000000003
2021-07-03,0.0,2021,7,3,1,19,0.0,0.0,0.0,0.7000000000000035,31.50000000000003
2021-07-04,0.0,2021,7,4,1,19,0.0,0.0,0.0,0.0,1.800000000000025
2021-07-05,0.0,2021,7,5,1,19,0.0,0.0,0.0,0.0,0.7000000000000248
2021-07-06,0.0,2021,7,6,1,19,0.0,0.0,0.0,0.0,0.7000000000000248
2021-07-07,0.0,2021,7,7,1,19,0.0,0.0,0.0,0.0,0.0
2021-07-08,0.0,2021,7,8,1,19,0.0,0.0,0.0,0.0,0.0
2021-07-09,0.0,2021,7,9,1,19,0.0,0.0,0.0,0.0,0.0
2021-07-10,0.0,2021,7,10,1,19,0.0,0.0,0.0,0.0,0.0
2021-07-11,0.0,2021,7,11,2,20,0.0,0.0,0.0,0.0,0.0
2021-07-12,0.6,2021,7,12,2,20,0.6,0.5999999999999716,0.6000000000000035,0.6000000000000035,0.6000000000000248
2021-07-13,0.0,2021,7,13,2,20,0.0,0.5999999999999716,0.6000000000000035,0.6000000000000035,0.6000000000000248
2021-07-14,6.0,2021,7,14,2,20,6.0,6.599999999999971,6.600000000000003,6.600000000000003,6.6000000000000245
2021-07-15,0.0,2021,7,15,2,20,0.0,5.999999999999972,6.600000000000003,6.600000000000003,6.6000000000000245
2021-07-16,0.0,2021,7,16,2,20,0.0,5.999999999999972,6.600000000000003,6.600000000000003,6.6000000000000245
2021-07-17,0.0,2021,7,17,2,20,0.0,0.0,6.0000000000000036,6.600000000000003,6.6000000000000245
2021-07-18,0.0,2021,7,18,2,20,0.0,0.0,6.0000000000000036,6.600000000000003,6.6000000000000245
2021-07-19,0.0,2021,7,19,2,20,0.0,0.0,0.0,6.0000000000000036,6.6000000000000245
2021-07-20,0.0,2021,7,20,2,20,0.0,0.0,0.0,6.0000000000000036,6.6000000000000245
2021-07-21,0.0,2021,7,21,3,21,0.0,0.0,0.0,0.0,6.6000000000000245
2021-07-22,0.0,2021,7,22,3,21,0.0,0.0,0.0,0.0,6.000000000000025
2021-07-23,0.0,2021,7,23,3,21,0.0,0.0,0.0,0.0,6.000000000000025
2021-07-24,38.0,2021,7,24,3,21,38.0,37.99999999999997,38.0,38.0,38.00000000000003
2021-07-25,0.0,2021,7,25,3,21,0.0,37.99999999999997,38.0,38.0,38.00000000000003
2021-07-26,0.0,2021,7,26,3,21,0.0,37.99999999999997,38.0,38.0,38.00000000000003
2021-07-27,0.0,2021,7,27,3,21,0.0,0.0,38.0,38.0,38.00000000000003
2021-07-28,0.0,2021,7,28,3,21,0.0,0.0,38.0,38.0,38.00000000000003
2021-07-29,0.0,2021,7,29,3,21,0.0,0.0,0.0,38.0,38.00000000000003
2021-07-30,0.0,2021,7,30,3,21,0.0,0.0,0.0,38.0,38.00000000000003
2021-07-31,0.0,2021,7,31,3,21,0.0,0.0,0.0,0.0,38.00000000000003
2021-08-01,0.0,2021,8,1,1,22,0.0,0.0,0.0,0.0,38.00000000000003
2021-08-02,2.0,2021,8,2,1,22,2.0,1.9999999999999716,2.0,2.0,40.00000000000003
2021-08-03,12.2,2021,8,3,1,22,12.2,14.19999999999997,14.2,14.2,14.200000000000028
2021-08-04,0.6,2021,8,4,1,22,0.6,14.79999999999997,14.799999999999999,14.799999999999999,14.800000000000027
2021-08-05,0.0,2021,8,5,1,22,0.0,12.79999999999997,14.799999999999999,14.799999999999999,14.800000000000027
2021-08-06,0.0,2021,8,6,1,22,0.0,0.5999999999999716,14.799999999999999,14.799999999999999,14.800000000000027
2021-08-07,0.0,2021,8,7,1,22,0.0,0.0,12.799999999999999,14.799999999999999,14.800000000000027
2021-08-08,0.0,2021,8,8,1,22,0.0,0.0,0.6,14.799999999999999,14.800000000000027
2021-08-09,0.0,2021,8,9,1,22,0.0,0.0,0.0,12.799999999999999,14.800000000000027
2021-08-10,4.8,2021,8,10,1,22,4.8,4.799999999999971,4.8,5.3999999999999995,19.600000000000026
2021-08-11,0.0,2021,8,11,2,23,0.0,4.799999999999971,4.8,4.8,19.600000000000026
2021-08-12,0.0,2021,8,12,2,23,0.0,4.799999999999971,4.8,4.8,17.600000000000026
2021-08-13,0.0,2021,8,13,2,23,0.0,0.0,4.8,4.8,5.400000000000028
2021-08-14,0.0,2021,8,14,2,23,0.0,0.0,4.8,4.8,4.800000000000028
2021-08-15,0.0,2021,8,15,2,23,0.0,0.0,0.0,4.8,4.800000000000028
2021-08-16,0.0,2021,8,16,2,23,0.0,0.0,0.0,4.8,4.800000000000028
2021-08-17,0.0,2021,8,17,2,23,0.0,0.0,0.0,0.0,4.800000000000028
2021-08-18,0.0,2021,8,18,2,23,0.0,0.0,0.0,0.0,4.800000000000028
2021-08-19,1.0,2021,8,19,2,23,1.0,0.9999999999999716,1.0,1.0,5.800000000000028
2021-08-20,0.0,2021,8,20,2,23,0.0,0.9999999999999716,1.0,1.0,1.0000000000000284
2021-08-21,0.0,2021,8,21,3,24,0.0,0.9999999999999716,1.0,1.0,1.0000000000000284
2021-08-22,0.0,2021,8,22,3,24,0.0,0.0,1.0,1.0,1.0000000000000284
2021-08-23,0.0,2021,8,23,3,24,0.0,0.0,1.0,1.0,1.0000000000000284
2021-08-24,0.0,2021,8,24,3,24,0.0,0.0,0.0,1.0,1.0000000000000284
2021-08-25,10.2,2021,8,25,3,24,10.2,10.19999999999997,10.2,11.2,11.200000000000028
2021-08-26,0.5,2021,8,26,3,24,0.5,10.69999999999997,10.7,10.7,11.700000000000028
2021-08-27,0.0,2021,8,27,3,24,0.0,10.69999999999997,10.7,10.7,11.700000000000028
2021-08-28,0.0,2021,8,28,3,24,0.0,0.4999999999999716,10.7,10.7,11.700000000000028
2021-08-29,0.0,2021,8,29,3,24,0.0,0.0,10.7,10.7,10.700000000000028
2021-08-30,0.0,2021,8,30,3,24,0.0,0.0,0.5,10.7,10.700000000000028
2021-08-31,0.0,2021,8,31,3,24,0.0,0.0,0.0,10.7,10.700000000000028
2021-09-01,2.6,2021,9,1,1,25,2.6,2.5999999999999717,2.6,3.1,13.300000000000027
2021-09-02,0.0,2021,9,2,1,25,0.0,2.5999999999999717,2.6,2.6,13.300000000000027
2021-09-03,0.0,2021,9,3,1,25,0.0,2.5999999999999717,2.6,2.6,13.300000000000027
2021-09-04,0.0,2021,9,4,1,25,0.0,0.0,2.6,2.6,3.1000000000000285
2021-09-05,0.0,2021,9,5,1,25,0.0,0.0,2.6,2.6,2.6000000000000285
2021-09-06,3.4,2021,9,6,1,25,3.4,3.3999999999999715,3.4,6.0,6.000000000000028
2021-09-07,7.6,2021,9,7,1,25,7.6,10.999999999999972,11.0,13.6,13.600000000000028
2021-09-08,12.2,2021,9,8,1,25,12.2,23.19999999999997,23.2,23.2,25.800000000000026
2021-09-09,0.0,2021,9,9,1,25,0.0,19.799999999999972,23.2,23.2,25.800000000000026
2021-09-10,0.0,2021,9,10,1,25,0.0,12.19999999999997,23.2,23.2,25.800000000000026
2021-09-11,0.0,2021,9,11,2,26,0.0,0.0,19.8,23.2,23.200000000000024
2021-09-12,0.0,2021,9,12,2,26,0.0,0.0,12.2,23.2,23.200000000000024
2021-09-13,33.4,2021,9,13,2,26,33.4,33.39999999999997,33.4,53.199999999999996,56.60000000000002
2021-09-14,105.8,2021,9,14,2,26,105.8,139.19999999999996,139.2,151.39999999999998,162.40000000000003
2021-09-15,0.6,2021,9,15,2,26,0.6,139.79999999999998,139.8,139.8,163.00000000000003
2021-09-16,0.0,2021,9,16,2,26,0.0,106.39999999999996,139.8,139.8,159.60000000000002
2021-09-17,0.0,2021,9,17,2,26,0.0,0.5999999999999858,139.8,139.8,152.00000000000003
2021-09-18,12.5,2021,9,18,2,26,12.5,12.499999999999986,118.89999999999999,152.3,152.30000000000004
2021-09-19,0.0,2021,9,19,2,26,0.0,12.499999999999986,13.100000000000014,152.3,152.30000000000004
2021-09-20,6.2,2021,9,20,2,26,6.2,18.699999999999985,18.700000000000014,125.1,158.50000000000003
2021-09-21,0.0,2021,9,21,3,27,0.0,6.199999999999986,18.700000000000014,19.3,158.50000000000003
2021-09-22,8.0,2021,9,22,3,27,8.0,14.199999999999985,26.700000000000014,26.7,166.50000000000003
2021-09-23,8.8,2021,9,23,3,27,8.8,16.799999999999986,23.000000000000014,35.5,141.90000000000003
2021-09-24,0.0,2021,9,24,3,27,0.0,16.799999999999986,23.000000000000014,35.5,36.10000000000003
2021-09-25,0.0,2021,9,25,3,27,0.0,8.799999999999986,16.800000000000015,23.0,35.50000000000003
2021-09-26,0.0,2021,9,26,3,27,0.0,0.0,16.800000000000015,23.0,35.50000000000003
2021-09-27,0.0,2021,9,27,3,27,0.0,0.0,8.800000000000015,16.8,35.50000000000003
2021-09-28,6.4,2021,9,28,3,27,6.4,6.399999999999986,6.400000000000015,23.200000000000003,29.400000000000027
2021-09-29,0.0,2021,9,29,3,27,0.0,6.399999999999986,6.400000000000015,15.200000000000001,29.400000000000027
2021-09-30,0.0,2021,9,30,3,27,0.0,6.399999999999986,6.400000000000015,6.4,23.20000000000003
2021-10-01,0.0,2021,10,1,1,28,0.0,0.0,6.400000000000015,6.4,23.20000000000003
2021-10-02,0.0,2021,10,2,1,28,0.0,0.0,6.400000000000015,6.4,15.20000000000003
2021-10-03,0.0,2021,10,3,1,28,0.0,0.0,0.0,6.4,6.400000000000029
2021-10-04,0.0,2021,10,4,1,28,0.0,0.0,0.0,6.4,6.400000000000029
2021-10-05,0.0,2021,10,5,1,28,0.0,0.0,0.0,0.0,6.400000000000029
2021-10-06,0.0,2021,10,6,1,28,0.0,0.0,0.0,0.0,6.400000000000029
2021-10-07,0.0,2021,10,7,1,28,0.0,0.0,0.0,0.0,6.400000000000029
2021-10-08,0.0,2021,10,8,1,28,0.0,0.0,0.0,0.0,0.0
2021-10-09,0.0,2021,10,9,1,28,0.0,0.0,0.0,0.0,0.0
2021-10-10,0.0,2021,10,10,1,28,0.0,0.0,0.0,0.0,0.0
2021-10-11,0.0,2021,10,11,2,29,0.0,0.0,0.0,0.0,0.0
2021-10-12,0.0,2021,10,12,2,29,0.0,0.0,0.0,0.0,0.0
2021-10-13,1.4,2021,10,13,2,29,1.4,1.3999999999999857,1.4000000000000141,1.4,1.4000000000000283
2021-10-14,0.0,2021,10,14,2,29,0.0,1.3999999999999857,1.4000000000000141,1.4,1.4000000000000283
2021-10-15,0.0,2021,10,15,2,29,0.0,1.3999999999999857,1.4000000000000141,1.4,1.4000000000000283
2021-10-16,0.0,2021,10,16,2,29,0.0,0.0,1.4000000000000141,1.4,1.4000000000000283
2021-10-17,0.0,2021,10,17,2,29,0.0,0.0,1.4000000000000141,1.4,1.4000000000000283
2021-10-18,8.3,2021,10,18,2,29,8.3,8.299999999999986,8.300000000000015,9.700000000000001,9.70000000000003
2021-10-19,52.6,2021,10,19,2,29,52.6,60.89999999999999,60.90000000000002,62.300000000000004,62.30000000000003
2021-10-20,2.8,2021,10,20,2,29,2.8,63.69999999999998,63.70000000000001,63.7,65.10000000000004
2021-10-21,1.6,2021,10,21,3,30,1.6,56.99999999999998,65.30000000000001,65.30000000000001,66.70000000000003
2021-10-22,0.9,2021,10,22,3,30,0.9,5.299999999999986,66.20000000000002,66.2,67.60000000000004
2021-10-23,0.0,2021,10,23,3,30,0.0,2.499999999999986,57.90000000000001,66.2,66.20000000000003
2021-10-24,0.0,2021,10,24,3,30,0.0,0.8999999999999858,5.300000000000007,66.2,66.20000000000003
2021-10-25,0.0,2021,10,25,3,30,0.0,0.0,2.500000000000007,57.9,66.20000000000003
2021-10-26,0.0,2021,10,26,3,30,0.0,0.0,0.9000000000000071,5.3,66.20000000000003
2021-10-27,0.0,2021,10,27,3,30,0.0,0.0,0.0,2.5,66.20000000000003
2021-10-28,4.0,2021,10,28,3,30,4.0,3.999999999999986,4.000000000000007,4.9,61.90000000000003
2021-10-29,16.7,2021,10,29,3,30,16.7,20.699999999999985,20.700000000000006,20.7,26.00000000000003
2021-10-30,0.0,2021,10,30,3,30,0.0,20.699999999999985,20.700000000000006,20.7,23.200000000000028
2021-10-31,1.8,2021,10,31,3,30,1.8,18.499999999999986,22.500000000000007,22.5,23.40000000000003
2021-11-01,1.8,2021,11,1,1,31,1.8,3.599999999999986,24.300000000000008,24.3,24.30000000000003
2021-11-02,18.4,2021,11,2,1,31,18.4,21.999999999999986,38.7,42.7,42.70000000000003
2021-11-03,1.4,2021,11,3,1,31,1.4,21.599999999999984,23.400000000000006,44.1,44.10000000000003
2021-11-04,1.8,2021,11,4,1,31,1.8,21.599999999999984,25.200000000000006,41.9,45.90000000000003
2021-11-05,0.0,2021,11,5,1,31,0.0,3.199999999999986,23.400000000000006,25.2,45.90000000000003
2021-11-06,0.0,2021,11,6,1,31,0.0,1.7999999999999858,21.600000000000005,25.2,45.90000000000003
2021-11-07,0.0,2021,11,7,1,31,0.0,0.0,3.2000000000000073,23.4,41.90000000000003
2021-11-08,10.0,2021,11,8,1,31,10.0,9.999999999999986,11.800000000000008,31.599999999999998,35.20000000000003
2021-11-09,9.2,2021,11,9,1,31,9.2,19.199999999999985,19.200000000000006,22.4,44.40000000000003
2021-11-10,20.9,2021,11,10,1,31,20.9,40.09999999999998,40.10000000000001,41.9,63.50000000000003
2021-11-11,0.0,2021,11,11,2,32,0.0,30.099999999999984,40.10000000000001,40.099999999999994,61.700000000000024
2021-11-12,0.0,2021,11,12,2,32,0.0,20.899999999999984,40.10000000000001,40.099999999999994,43.300000000000026
2021-11-13,0.0,2021,11,13,2,32,0.0,0.0,30.100000000000005,40.099999999999994,41.90000000000003
2021-11-14,0.0,2021,11,14,2,32,0.0,0.0,20.900000000000006,40.099999999999994,40.10000000000002
2021-11-15,11.0,2021,11,15,2,32,11.0,10.999999999999986,11.000000000000007,41.099999999999994,51.10000000000002
2021-11-16,1.8,2021,11,16,2,32,1.8,12.799999999999986,12.800000000000008,33.699999999999996,52.90000000000002
2021-11-17,0.0,2021,11,17,2,32,0.0,12.799999999999986,12.800000000000008,12.8,52.90000000000002
2021-11-18,0.0,2021,11,18,2,32,0.0,1.7999999999999858,12.800000000000008,12.8,42.90000000000002
2021-11-19,17.8,2021,11,19,2,32,17.8,17.799999999999986,30.60000000000001,30.6,51.50000000000003
2021-11-20,4.2,2021,11,20,2,32,4.2,21.999999999999986,23.800000000000008,34.800000000000004,34.80000000000003
2021-11-21,0.0,2021,11,21,3,33,0.0,21.999999999999986,22.000000000000007,34.800000000000004,34.80000000000003
2021-11-22,0.9,2021,11,22,3,33,0.9,5.099999999999986,22.90000000000001,24.700000000000003,35.70000000000003
2021-11-23,10.2,2021,11,23,3,33,10.2,11.099999999999985,33.10000000000001,33.1,45.90000000000003
2021-11-24,0.0,2021,11,24,3,33,0.0,11.099999999999985,15.300000000000006,33.1,45.90000000000003
2021-11-25,0.0,2021,11,25,3,33,0.0,10.199999999999985,11.100000000000005,33.1,34.90000000000003
2021-11-26,0.0,2021,11,26,3,33,0.0,0.0,11.100000000000005,15.299999999999999,33.10000000000003
2021-11-27,0.0,2021,11,27,3,33,0.0,0.0,10.200000000000006,11.099999999999998,33.10000000000003
2021-11-28,16.6,2021,11,28,3,33,16.6,16.599999999999987,16.60000000000001,27.7,49.70000000000003
2021-11-29,77.4,2021,11,29,3,33,77.4,94.0,94.00000000000001,104.2,109.30000000000004
2021-11-30,4.0,2021,11,30,3,33,4.0,98.0,98.00000000000001,98.0,109.10000000000004
2021-12-01,0.0,2021,12,1,1,34,0.0,81.4,98.00000000000001,98.0,109.10000000000004
2021-12-02,0.0,2021,12,2,1,34,0.0,4.0,98.00000000000001,98.0,108.20000000000005
2021-12-03,0.0,2021,12,3,1,34,0.0,0.0,81.4,98.0,98.00000000000004
2021-12-04,3.4,2021,12,4,1,34,3.4,3.4,7.4,101.4,101.40000000000005
2021-12-05,3.8,2021,12,5,1,34,3.8,7.199999999999999,7.199999999999999,88.60000000000001,105.20000000000005
2021-12-06,13.8,2021,12,6,1,34,13.8,21.0,21.0,25.0,119.00000000000004
2021-12-07,48.2,2021,12,7,1,34,48.2,65.80000000000001,69.2,69.2,167.20000000000005
2021-12-08,0.2,2021,12,8,1,34,0.2,62.2,69.4,69.4,150.80000000000004
2021-12-09,1.5,2021,12,9,1,34,1.5,49.900000000000006,67.5,70.9,74.90000000000005
2021-12-10,27.5,2021,12,10,1,34,27.5,29.2,91.2,98.4,98.40000000000005
2021-12-11,4.2,2021,12,11,2,35,4.2,33.2,81.60000000000001,99.2,102.60000000000005
2021-12-12,0.0,2021,12,12,2,35,0.0,31.7,33.4,95.4,102.60000000000005
2021-12-13,0.0,2021,12,13,2,35,0.0,4.2,33.199999999999996,81.60000000000001,102.60000000000005
2021-12-14,0.0,2021,12,14,2,35,0.0,0.0,31.7,33.4,99.20000000000005
2021-12-15,0.0,2021,12,15,2,35,0.0,0.0,4.2,33.199999999999996,95.40000000000005
2021-12-16,1.5,2021,12,16,2,35,1.5,1.5,1.5,33.2,83.10000000000005
2021-12-17,9.9,2021,12,17,2,35,9.9,11.4,11.4,15.600000000000001,44.80000000000004
2021-12-18,3.5,2021,12,18,2,35,3.5,14.9,14.9,14.900000000000002,48.10000000000004
2021-12-19,0.0,2021,12,19,2,35,0.0,13.4,14.9,14.900000000000002,46.60000000000004
2021-12-20,0.0,2021,12,20,2,35,0.0,3.5,14.9,14.900000000000002,19.100000000000044
2021-12-21,5.8,2021,12,21,3,36,5.8,5.8,19.2,20.700000000000003,20.700000000000045
2021-12-22,1.9,2021,12,22,3,36,1.9,7.699999999999999,11.2,22.6,22.600000000000044
2021-12-23,0.2,2021,12,23,3,36,0.2,7.8999999999999995,7.8999999999999995,21.3,22.800000000000043
2021-12-24,20.1,2021,12,24,3,36,20.1,22.200000000000003,28.0,31.5,42.90000000000005
2021-12-25,0.6,2021,12,25,3,36,0.6,20.900000000000006,28.6,28.6,43.50000000000004
2021-12-26,52.5,2021,12,26,3,36,52.5,73.2,75.3,81.1,94.50000000000004
2021-12-27,3.4,2021,12,27,3,36,3.4,56.5,76.8,84.5,88.00000000000004
2021-12-28,0.5,2021,12,28,3,36,0.5,56.4,77.10000000000001,79.2,85.00000000000004
2021-12-29,13.8,2021,12,29,3,36,13.8,17.700000000000003,70.8,91.1,98.80000000000004
2021-12-30,3.9,2021,12,30,3,36,3.9,18.2,74.1,94.8,102.70000000000003
2021-12-31,15.5,2021,12,31,3,36,15.5,33.2,37.1,90.2,112.40000000000003
2022-01-01,1.2,2022,1,1,1,1,1.2,20.6,34.900000000000006,90.80000000000001,111.70000000000003
2022-01-02,0.0,2022,1,2,1,1,0.0,16.700000000000003,34.400000000000006,38.300000000000004,111.50000000000004
2022-01-03,3.3,2022,1,3,1,1,3.3,4.5,23.9,38.2,94.70000000000005
2022-01-04,0.0,2022,1,4,1,1,0.0,3.3,20.0,37.7,94.10000000000005
2022-01-05,0.0,2022,1,5,1,1,0.0,3.3,4.5,23.9,41.600000000000044
2022-01-06,1.2,2022,1,6,1,1,1.2,1.2,4.5,21.2,39.40000000000005
2022-01-07,0.2,2022,1,7,1,1,0.2,1.4,4.7,5.9,39.100000000000044
2022-01-08,0.0,2022,1,8,1,1,0.0,1.4,1.4,4.7,25.30000000000004
2022-01-09,0.0,2022,1,9,1,1,0.0,0.2,1.4,4.7,21.40000000000004
2022-01-10,1.5,2022,1,10,1,1,1.5,1.5,2.9,2.9,7.400000000000043
2022-01-11,28.8,2022,1,11,2,2,28.8,30.3,30.5,31.7,35.00000000000004
2022-01-12,8.4,2022,1,12,2,2,8.4,38.7,38.7,40.1,43.40000000000004
2022-01-13,4.6,2022,1,13,2,2,4.6,41.8,43.3,43.5,44.700000000000045
2022-01-14,14.0,2022,1,14,2,2,14.0,27.0,57.3,57.3,58.700000000000045
2022-01-15,14.5,2022,1,15,2,2,14.5,33.1,70.3,71.8,73.20000000000005
2022-01-16,0.0,2022,1,16,2,2,0.0,28.5,41.5,71.8,72.00000000000004
2022-01-17,0.0,2022,1,17,2,2,0.0,14.5,33.099999999999994,70.3,71.80000000000004
2022-01-18,1.3,2022,1,18,2,2,1.3,1.3,29.8,42.800000000000004,73.10000000000004
2022-01-19,3.9,2022,1,19,2,2,3.9,5.2,19.7,38.3,77.00000000000004
2022-01-20,7.6,2022,1,20,2,2,7.6,12.8,12.8,41.300000000000004,83.10000000000004
2022-01-21,8.2,2022,1,21,3,3,8.2,19.7,21.0,35.5,62.50000000000004
2022-01-22,7.4,2022,1,22,3,3,7.4,23.200000000000003,28.4,28.4,61.50000000000004
2022-01-23,0.0,2022,1,23,3,3,0.0,15.6,27.1,28.4,56.90000000000004
2022-01-24,0.0,2022,1,24,3,3,0.0,7.4,23.200000000000003,28.4,42.90000000000004
2022-01-25,0.0,2022,1,25,3,3,0.0,0.0,15.6,27.1,28.40000000000004
2022-01-26,0.9,2022,1,26,3,3,0.9,0.9,8.3,24.1,29.300000000000043
2022-01-27,0.0,2022,1,27,3,3,0.0,0.9,0.9,16.5,29.300000000000043
2022-01-28,0.0,2022,1,28,3,3,0.0,0.9,0.9,8.3,28.000000000000043
2022-01-29,0.8,2022,1,29,3,3,0.8,0.8,1.7000000000000002,1.7000000000000002,24.900000000000045
2022-01-30,0.0,2022,1,30,3,3,0.0,0.8,1.7000000000000002,1.7000000000000002,17.300000000000043
2022-01-31,1.3,2022,1,31,3,3,1.3,2.1,2.1,3.0,10.400000000000043
2022-02-01,0.0,2022,2,1,1,4,0.0,1.3,2.1,3.0,3.0000000000000426
2022-02-02,0.0,2022,2,2,1,4,0.0,1.3,2.1,2.1,3.0000000000000426
2022-02-03,0.0,2022,2,3,1,4,0.0,0.0,1.3,2.1,3.0000000000000426
2022-02-04,2.6,2022,2,4,1,4,2.6,2.6,3.9000000000000004,4.7,5.600000000000042
2022-02-05,4.9,2022,2,5,1,4,4.9,7.5,7.500000000000001,8.8,9.600000000000042
2022-02-06,8.1,2022,2,6,1,4,8.1,15.6,15.600000000000001,16.9,17.700000000000042
2022-02-07,1.0,2022,2,7,1,4,1.0,14.0,16.6,16.6,18.700000000000042
2022-02-08,0.4,2022,2,8,1,4,0.4,9.5,17.0,17.0,18.30000000000004
2022-02-09,0.0,2022,2,9,1,4,0.0,1.4,14.399999999999999,17.0,18.30000000000004
2022-02-10,20.5,2022,2,10,1,4,20.5,20.9,30.0,37.5,37.50000000000004
2022-02-11,0.0,2022,2,11,2,5,0.0,20.5,21.9,34.9,37.50000000000004
2022-02-12,0.0,2022,2,12,2,5,0.0,20.5,20.9,30.0,37.50000000000004
2022-02-13,0.3,2022,2,13,2,5,0.3,0.3,20.8,22.2,37.80000000000004
2022-02-14,3.0,2022,2,14,2,5,3.0,3.3,23.8,24.200000000000003,38.20000000000004
2022-02-15,0.5,2022,2,15,2,5,0.5,3.8,3.8,24.3,33.80000000000004
2022-02-16,0.0,2022,2,16,2,5,0.0,3.5,3.8,24.3,25.700000000000042
2022-02-17,0.2,2022,2,17,2,5,0.2,0.7,4.0,4.0,24.90000000000004
2022-02-18,5.3,2022,2,18,2,5,5.3,5.5,9.0,9.3,29.800000000000043
2022-02-19,2.2,2022,2,19,2,5,2.2,7.7,8.2,11.5,32.00000000000004
2022-02-20,0.0,2022,2,20,2,5,0.0,7.5,7.7,11.2,11.500000000000043
2022-02-21,10.3,2022,2,21,3,6,10.3,12.5,18.0,18.5,21.800000000000043
2022-02-22,4.5,2022,2,22,3,6,4.5,14.8,22.3,22.5,26.300000000000043
2022-02-23,0.8,2022,2,23,3,6,0.8,15.600000000000001,17.8,23.3,26.800000000000043
2022-02-24,16.5,2022,2,24,3,6,16.5,21.8,32.1,39.6,40.30000000000004
2022-02-25,4.5,2022,2,25,3,6,4.5,21.8,36.6,38.800000000000004,44.30000000000004
2022-02-26,12.6,2022,2,26,3,6,12.6,33.6,38.9,49.2,56.90000000000004
2022-02-27,12.3,2022,2,27,3,6,12.3,29.4,46.7,61.5,69.00000000000004
2022-02-28,10.5,2022,2,28,3,6,10.5,35.4,56.400000000000006,61.7,74.20000000000005
2022-03-01,180.4,2022,3,1,1,7,180.4,203.2,220.3,237.60000000000002,252.40000000000003
2022-03-02,19.9,2022,3,2,1,7,19.9,210.8,235.70000000000002,256.7,272.30000000000007
2022-03-03,7.1,2022,3,3,1,7,7.1,207.4,230.20000000000002,247.29999999999998,269.1
2022-03-04,26.5,2022,3,4,1,7,26.5,53.5,244.4,269.29999999999995,291.1
2022-03-05,0.0,2022,3,5,1,7,0.0,33.6,233.9,256.70000000000005,290.30000000000007
2022-03-06,16.5,2022,3,6,1,7,16.5,43.0,70.0,260.9,290.30000000000007
2022-03-07,5.1,2022,3,7,1,7,5.1,21.6,55.2,255.49999999999997,290.90000000000003
2022-03-08,0.0,2022,3,8,1,7,0.0,21.6,48.1,75.09999999999997,278.30000000000007
2022-03-09,0.0,2022,3,9,1,7,0.0,5.1,21.6,55.199999999999974,266.00000000000006
2022-03-10,2.4,2022,3,10,1,7,2.4,2.4,24.0,50.49999999999997,257.90000000000003
2022-03-11,0.0,2022,3,11,2,8,0.0,2.4,7.5,23.99999999999997,77.50000000000006
2022-03-12,3.6,2022,3,12,2,8,3.6,6.0,6.0,27.599999999999973,61.20000000000006
2022-03-13,0.2,2022,3,13,2,8,0.2,3.8000000000000003,6.2,11.29999999999997,54.300000000000054
2022-03-14,0.3,2022,3,14,2,8,0.3,4.1,6.5,6.499999999999972,28.10000000000006
2022-03-15,0.0,2022,3,15,2,8,0.0,0.5,4.1,6.499999999999972,28.10000000000006
2022-03-16,4.2,2022,3,16,2,8,4.2,4.5,8.3,10.69999999999997,15.800000000000058
2022-03-17,0.0,2022,3,17,2,8,0.0,4.2,4.7,8.299999999999972,10.700000000000056
2022-03-18,0.3,2022,3,18,2,8,0.3,4.5,4.8,8.599999999999971,11.000000000000057
2022-03-19,0.0,2022,3,19,2,8,0.0,0.3,4.5,4.999999999999972,11.000000000000057
2022-03-20,0.0,2022,3,20,2,8,0.0,0.3,4.5,4.799999999999971,8.600000000000056
2022-03-21,0.9,2022,3,21,3,9,0.9,0.9,1.2,5.399999999999972,9.500000000000057
2022-03-22,1.7,2022,3,22,3,9,1.7,2.6,2.9,7.099999999999971,7.6000000000000565
2022-03-23,0.0,2022,3,23,3,9,0.0,2.5999999999999996,2.6,2.8999999999999715,7.400000000000057
2022-03-24,1.5,2022,3,24,3,9,1.5,3.2,4.1,4.399999999999972,8.600000000000056
2022-03-25,0.0,2022,3,25,3,9,0.0,1.4999999999999998,4.1,4.099999999999971,8.600000000000056
2022-03-26,0.0,2022,3,26,3,9,0.0,1.4999999999999998,3.1999999999999997,4.099999999999971,4.400000000000057
2022-03-27,4.7,2022,3,27,3,9,4.7,4.7,6.2,8.799999999999972,9.100000000000056
2022-03-28,13.7,2022,3,28,3,9,13.7,18.4,19.9,21.599999999999973,22.500000000000057
2022-03-29,0.0,2022,3,29,3,9,0.0,18.4,18.4,19.89999999999997,22.500000000000057
2022-03-30,0.0,2022,3,30,3,9,0.0,13.7,18.4,19.89999999999997,22.500000000000057
2022-03-31,0.0,2022,3,31,3,9,0.0,0.0,18.4,18.39999999999997,21.60000000000006
2022-04-01,0.0,2022,4,1,1,10,0.0,0.0,13.7,18.39999999999997,19.900000000000055
2022-04-02,0.0,2022,4,2,1,10,0.0,0.0,0.0,18.39999999999997,19.900000000000055
2022-04-03,0.0,2022,4,3,1,10,0.0,0.0,0.0,13.69999999999997,18.400000000000055
2022-04-04,0.0,2022,4,4,1,10,0.0,0.0,0.0,0.0,18.400000000000055
2022-04-05,0.0,2022,4,5,1,10,0.0,0.0,0.0,0.0,18.400000000000055
2022-04-06,0.0,2022,4,6,1,10,0.0,0.0,0.0,0.0,13.700000000000056
2022-04-07,0.0,2022,4,7,1,10,0.0,0.0,0.0,0.0,0.0
2022-04-08,0.0,2022,4,8,1,10,0.0,0.0,0.0,0.0,0.0
2022-04-09,0.0,2022,4,9,1,10,0.0,0.0,0.0,0.0,0.0
2022-04-10,0.8,2022,4,10,1,10,0.8,0.8,0.8,0.7999999999999716,0.8000000000000569
2022-04-11,18.0,2022,4,11,2,11,18.0,18.8,18.8,18.799999999999972,18.800000000000058
2022-04-12,0.2,2022,4,12,2,11,0.2,19.0,19.0,18.99999999999997,19.000000000000057
2022-04-13,1.7,2022,4,13,2,11,1.7,19.9,20.7,20.69999999999997,20.700000000000056
2022-04-14,24.1,2022,4,14,2,11,24.1,26.0,44.8,44.79999999999997,44.800000000000054
2022-04-15,0.0,2022,4,15,2,11,0.0,25.8,44.0,44.79999999999997,44.800000000000054
2022-04-16,0.0,2022,4,16,2,11,0.0,24.1,26.0,44.79999999999997,44.800000000000054
2022-04-17,0.0,2022,4,17,2,11,0.0,0.0,25.8,43.99999999999997,44.800000000000054
2022-04-18,22.2,2022,4,18,2,11,22.2,22.2,46.3,48.199999999999974,67.00000000000006
2022-04-19,0.0,2022,4,19,2,11,0.0,22.2,22.2,47.99999999999997,67.00000000000006
2022-04-20,1.8,2022,4,20,2,11,1.8,24.0,24.0,48.09999999999997,68.00000000000006
2022-04-21,1.2,2022,4,21,3,12,1.2,3.0,25.2,25.19999999999997,51.20000000000006
2022-04-22,1.4,2022,4,22,3,12,1.4,4.4,26.599999999999998,26.59999999999997,52.400000000000055
2022-04-23,3.0,2022,4,23,3,12,3.0,5.6,7.4,29.59999999999997,53.70000000000005
2022-04-24,2.4,2022,4,24,3,12,2.4,6.8,9.8,31.99999999999997,32.00000000000006
2022-04-25,0.0,2022,4,25,3,12,0.0,5.4,7.999999999999999,9.799999999999972,32.00000000000006
2022-04-26,0.0,2022,4,26,3,12,0.0,2.4,6.8,9.799999999999972,32.00000000000006
2022-04-27,0.0,2022,4,27,3,12,0.0,0.0,5.4,7.999999999999972,32.00000000000006
2022-04-28,99.8,2022,4,28,3,12,99.8,99.8,102.2,106.59999999999997,109.60000000000005
2022-04-29,7.9,2022,4,29,3,12,7.9,107.7,107.7,113.09999999999997,117.50000000000006
2022-04-30,0.0,2022,4,30,3,12,0.0,107.7,107.7,110.09999999999997,115.70000000000006
2022-05-01,1.0,2022,5,1,1,13,1.0,8.9,108.7,108.69999999999997,115.50000000000006
2022-05-02,1.0,2022,5,2,1,13,1.0,2.0,109.7,109.69999999999997,115.10000000000005
2022-05-03,0.0,2022,5,3,1,13,0.0,2.0,9.9,109.69999999999997,112.10000000000005
2022-05-04,1.0,2022,5,4,1,13,1.0,2.0,3.0,110.69999999999997,110.70000000000006
2022-05-05,7.5,2022,5,5,1,13,7.5,8.5,10.5,18.39999999999997,118.20000000000006
2022-05-06,0.0,2022,5,6,1,13,0.0,8.5,9.5,10.499999999999972,118.20000000000006
2022-05-07,0.0,2022,5,7,1,13,0.0,7.5,8.5,10.499999999999972,118.20000000000006
2022-05-08,46.0,2022,5,8,1,13,46.0,46.0,54.5,55.49999999999997,64.40000000000006
2022-05-09,0.0,2022,5,9,1,13,0.0,46.0,53.5,54.49999999999997,56.50000000000006
2022-05-10,1.1,2022,5,10,1,13,1.1,47.1,47.1,55.59999999999997,57.60000000000006
2022-05-11,0.4,2022,5,11,2,14,0.4,1.5,47.5,54.99999999999997,57.00000000000006
2022-05-12,3.0,2022,5,12,2,14,3.0,4.5,50.5,50.49999999999997,59.00000000000006
2022-05-13,0.0,2022,5,13,2,14,0.0,3.4,4.5,50.49999999999997,59.00000000000006
2022-05-14,0.0,2022,5,14,2,14,0.0,3.0,4.5,50.49999999999997,58.00000000000006
2022-05-15,0.0,2022,5,15,2,14,0.0,0.0,3.4,4.499999999999972,50.50000000000006
2022-05-16,0.0,2022,5,16,2,14,0.0,0.0,3.0,4.499999999999972,50.50000000000006
2022-05-17,0.7,2022,5,17,2,14,0.7,0.7,0.7,4.099999999999971,51.20000000000006
2022-05-18,12.7,2022,5,18,2,14,12.7,13.399999999999999,13.399999999999999,16.39999999999997,17.900000000000055
2022-05-19,15.8,2022,5,19,2,14,15.8,29.2,29.2,29.19999999999997,33.70000000000006
2022-05-20,18.4,2022,5,20,2,14,18.4,46.9,47.599999999999994,47.599999999999966,51.00000000000006
2022-05-21,14.7,2022,5,21,3,15,14.7,48.900000000000006,62.3,62.29999999999997,65.30000000000005
2022-05-22,0.0,2022,5,22,3,15,0.0,33.099999999999994,61.599999999999994,62.29999999999997,62.300000000000054
2022-05-23,0.0,2022,5,23,3,15,0.0,14.7,48.9,62.29999999999997,62.300000000000054
2022-05-24,0.7,2022,5,24,3,15,0.7,0.7,33.8,62.29999999999997,63.00000000000006
2022-05-25,0.0,2022,5,25,3,15,0.0,0.7,15.399999999999999,49.59999999999997,63.00000000000006
2022-05-26,0.0,2022,5,26,3,15,0.0,0.7,0.7,33.79999999999997,63.00000000000006
2022-05-27,0.0,2022,5,27,3,15,0.0,0.0,0.7,15.39999999999997,62.300000000000054
2022-05-28,28.6,2022,5,28,3,15,28.6,28.6,29.3,29.299999999999972,78.20000000000006
2022-05-29,16.9,2022,5,29,3,15,16.9,45.5,45.5,46.199999999999974,79.30000000000005
2022-05-30,2.8,2022,5,30,3,15,2.8,48.3,48.3,48.99999999999997,63.70000000000005
2022-05-31,19.3,2022,5,31,3,15,19.3,39.0,67.6,67.59999999999997,68.30000000000005
2022-06-01,26.5,2022,6,1,1,16,26.5,48.6,94.1,94.09999999999997,94.80000000000005
2022-06-02,0.0,2022,6,2,1,16,0.0,45.800000000000004,65.5,94.09999999999997,94.80000000000005
2022-06-03,0.0,2022,6,3,1,16,0.0,26.5,48.6,94.09999999999997,94.10000000000005
2022-06-04,0.0,2022,6,4,1,16,0.0,0.0,45.800000000000004,65.49999999999997,94.10000000000005
2022-06-05,0.0,2022,6,5,1,16,0.0,0.0,26.5,48.599999999999966,94.10000000000005
2022-06-06,0.0,2022,6,6,1,16,0.0,0.0,0.0,45.79999999999997,94.10000000000005
2022-06-07,0.0,2022,6,7,1,16,0.0,0.0,0.0,26.49999999999997,65.50000000000006
2022-06-08,3.0,2022,6,8,1,16,3.0,3.0,3.0,2.9999999999999716,51.60000000000005
2022-06-09,0.0,2022,6,9,1,16,0.0,3.0,3.0,2.9999999999999716,48.800000000000054
2022-06-10,5.0,2022,6,10,1,16,5.0,8.0,8.0,7.999999999999972,34.50000000000006
2022-06-11,12.1,2022,6,11,2,17,12.1,17.1,20.1,20.099999999999973,20.10000000000006
2022-06-12,1.0,2022,6,12,2,17,1.0,18.1,21.1,21.099999999999973,21.10000000000006
2022-06-13,18.2,2022,6,13,2,17,18.2,31.299999999999997,36.3,39.29999999999997,39.300000000000054
2022-06-14,4.8,2022,6,14,2,17,4.8,23.999999999999996,41.099999999999994,44.099999999999966,44.10000000000005
2022-06-15,7.3,2022,6,15,2,17,7.3,30.299999999999997,43.4,48.39999999999997,51.400000000000055
2022-06-16,5.6,2022,6,16,2,17,5.6,17.699999999999996,36.89999999999999,53.99999999999997,57.00000000000006
2022-06-17,1.8,2022,6,17,2,17,1.8,14.699999999999996,37.699999999999996,50.79999999999997,58.800000000000054
2022-06-18,2.3,2022,6,18,2,17,2.3,9.699999999999996,21.799999999999997,40.999999999999964,58.10000000000005
2022-06-19,0.0,2022,6,19,2,17,0.0,4.099999999999996,17.0,39.999999999999964,58.10000000000005
2022-06-20,0.0,2022,6,20,2,17,0.0,2.2999999999999963,9.7,21.79999999999997,53.10000000000005
2022-06-21,0.0,2022,6,21,3,18,0.0,0.0,4.1,16.99999999999997,41.00000000000005
2022-06-22,4.9,2022,6,22,3,18,4.9,4.899999999999997,7.2,14.599999999999971,44.90000000000005
2022-06-23,0.0,2022,6,23,3,18,0.0,4.899999999999997,4.9,8.999999999999972,26.700000000000056
2022-06-24,0.0,2022,6,24,3,18,0.0,4.899999999999997,4.9,7.199999999999972,21.900000000000055
2022-06-25,0.5,2022,6,25,3,18,0.5,0.49999999999999645,5.4,5.399999999999972,15.100000000000056
2022-06-26,0.0,2022,6,26,3,18,0.0,0.49999999999999645,5.4,5.399999999999972,9.500000000000057
2022-06-27,5.3,2022,6,27,3,18,5.3,5.799999999999996,5.8,10.69999999999997,13.000000000000057
2022-06-28,16.3,2022,6,28,3,18,16.3,21.599999999999998,22.1,26.99999999999997,27.000000000000057
2022-06-29,0.0,2022,6,29,3,18,0.0,21.599999999999998,22.1,22.099999999999973,27.000000000000057
2022-06-30,0.0,2022,6,30,3,18,0.0,16.299999999999997,21.6,22.099999999999973,27.000000000000057
2022-07-01,0.0,2022,7,1,1,19,0.0,0.0,21.6,22.099999999999973,27.000000000000057
2022-07-02,0.0,2022,7,2,1,19,0.0,0.0,16.3,21.599999999999973,22.10000000000006
2022-07-03,3.0,2022,7,3,1,19,3.0,2.9999999999999964,3.0,24.599999999999973,25.10000000000006
2022-07-04,2.4,2022,7,4,1,19,2.4,5.399999999999997,5.4,21.69999999999997,27.500000000000057
2022-07-05,0.0,2022,7,5,1,19,0.0,5.399999999999997,5.4,5.399999999999972,27.000000000000057
2022-07-06,1.5,2022,7,6,1,19,1.5,3.8999999999999964,6.9,6.899999999999972,28.500000000000057
2022-07-07,0.0,2022,7,7,1,19,0.0,1.4999999999999964,6.9,6.899999999999972,23.200000000000056
2022-07-08,0.0,2022,7,8,1,19,0.0,1.4999999999999964,3.9,6.899999999999972,6.900000000000057
2022-07-09,0.0,2022,7,9,1,19,0.0,0.0,1.5,6.899999999999972,6.900000000000057
2022-07-10,0.0,2022,7,10,1,19,0.0,0.0,1.5,3.8999999999999715,6.900000000000057
2022-07-11,0.0,2022,7,11,2,20,0.0,0.0,0.0,1.4999999999999716,6.900000000000057
2022-07-12,0.0,2022,7,12,2,20,0.0,0.0,0.0,1.4999999999999716,6.900000000000057
2022-07-13,0.0,2022,7,13,2,20,0.0,0.0,0.0,0.0,3.9000000000000568
2022-07-14,0.1,2022,7,14,2,20,0.1,0.09999999999999645,0.1,0.09999999999997158,1.600000000000057
2022-07-15,0.0,2022,7,15,2,20,0.0,0.09999999999999645,0.1,0.09999999999997158,1.600000000000057
2022-07-16,26.7,2022,7,16,2,20,26.7,26.799999999999997,26.8,26.799999999999972,26.800000000000058
2022-07-17,3.1,2022,7,17,2,20,3.1,29.799999999999997,29.900000000000002,29.899999999999974,29.90000000000006
2022-07-18,0.0,2022,7,18,2,20,0.0,29.799999999999997,29.900000000000002,29.899999999999974,29.90000000000006
2022-07-19,0.0,2022,7,19,2,20,0.0,3.0999999999999965,29.8,29.899999999999974,29.90000000000006
2022-07-20,0.0,2022,7,20,2,20,0.0,0.0,29.8,29.899999999999974,29.90000000000006
2022-07-21,0.0,2022,7,21,3,21,0.0,0.0,3.1,29.799999999999972,29.90000000000006
2022-07-22,0.0,2022,7,22,3,21,0.0,0.0,0.0,29.799999999999972,29.90000000000006
2022-07-23,0.0,2022,7,23,3,21,0.0,0.0,0.0,3.0999999999999717,29.90000000000006
2022-07-24,0.0,2022,7,24,3,21,0.0,0.0,0.0,0.0,29.800000000000058
2022-07-25,0.0,2022,7,25,3,21,0.0,0.0,0.0,0.0,29.800000000000058
2022-07-26,6.3,2022,7,26,3,21,6.3,6.299999999999996,6.3,6.299999999999971,9.400000000000057
2022-07-27,0.0,2022,7,27,3,21,0.0,6.299999999999996,6.3,6.299999999999971,6.3000000000000576
2022-07-28,0.0,2022,7,28,3,21,0.0,6.299999999999996,6.3,6.299999999999971,6.3000000000000576
2022-07-29,0.0,2022,7,29,3,21,0.0,0.0,6.3,6.299999999999971,6.3000000000000576
2022-07-30,0.0,2022,7,30,3,21,0.0,0.0,6.3,6.299999999999971,6.3000000000000576
2022-07-31,0.0,2022,7,31,3,21,0.0,0.0,0.0,6.299999999999971,6.3000000000000576
2022-08-01,0.0,2022,8,1,1,22,0.0,0.0,0.0,6.299999999999971,6.3000000000000576
2022-08-02,0.0,2022,8,2,1,22,0.0,0.0,0.0,0.0,6.3000000000000576
2022-08-03,0.0,2022,8,3,1,22,0.0,0.0,0.0,0.0,6.3000000000000576
2022-08-04,7.8,2022,8,4,1,22,7.8,7.799999999999996,7.8,7.799999999999971,14.100000000000058
2022-08-05,0.5,2022,8,5,1,22,0.5,8.299999999999997,8.3,8.299999999999972,8.300000000000058
2022-08-06,2.0,2022,8,6,1,22,2.0,10.299999999999997,10.3,10.299999999999972,10.300000000000058
2022-08-07,0.0,2022,8,7,1,22,0.0,2.4999999999999964,10.3,10.299999999999972,10.300000000000058
2022-08-08,0.0,2022,8,8,1,22,0.0,1.9999999999999964,10.3,10.299999999999972,10.300000000000058
2022-08-09,0.0,2022,8,9,1,22,0.0,0.0,2.5,10.299999999999972,10.300000000000058
2022-08-10,0.0,2022,8,10,1,22,0.0,0.0,2.0,10.299999999999972,10.300000000000058
2022-08-11,0.0,2022,8,11,2,23,0.0,0.0,0.0,2.4999999999999716,10.300000000000058
2022-08-12,10.0,2022,8,12,2,23,10.0,9.999999999999996,10.0,11.999999999999972,20.300000000000058
2022-08-13,0.0,2022,8,13,2,23,0.0,9.999999999999996,10.0,9.999999999999972,20.300000000000058
2022-08-14,0.0,2022,8,14,2,23,0.0,9.999999999999996,10.0,9.999999999999972,12.500000000000057
2022-08-15,0.0,2022,8,15,2,23,0.0,0.0,10.0,9.999999999999972,12.000000000000057
2022-08-16,8.1,2022,8,16,2,23,8.1,8.099999999999996,18.1,18.099999999999973,18.10000000000006
2022-08-17,2.5,2022,8,17,2,23,2.5,10.599999999999996,10.6,20.599999999999973,20.60000000000006
2022-08-18,40.6,2022,8,18,2,23,40.6,51.199999999999996,51.2,61.199999999999974,61.20000000000006
2022-08-19,0.0,2022,8,19,2,23,0.0,43.099999999999994,51.2,51.199999999999974,61.20000000000006
2022-08-20,0.0,2022,8,20,2,23,0.0,40.599999999999994,51.2,51.199999999999974,61.20000000000006
2022-08-21,0.0,2022,8,21,3,24,0.0,0.0,43.1,51.199999999999974,61.20000000000006
2022-08-22,24.0,2022,8,22,3,24,24.0,23.999999999999993,64.6,75.19999999999997,75.20000000000006
2022-08-23,0.0,2022,8,23,3,24,0.0,23.999999999999993,24.0,67.09999999999998,75.20000000000006
2022-08-24,0.0,2022,8,24,3,24,0.0,23.999999999999993,24.0,64.59999999999998,75.20000000000006
2022-08-25,0.0,2022,8,25,3,24,0.0,0.0,24.0,23.99999999999997,75.20000000000006
2022-08-26,0.0,2022,8,26,3,24,0.0,0.0,24.0,23.99999999999997,67.10000000000007
2022-08-27,0.0,2022,8,27,3,24,0.0,0.0,0.0,23.99999999999997,64.60000000000007
2022-08-28,0.0,2022,8,28,3,24,0.0,0.0,0.0,23.99999999999997,24.000000000000057
2022-08-29,5.2,2022,8,29,3,24,5.2,5.199999999999993,5.2,5.199999999999972,29.200000000000056
2022-08-30,0.4,2022,8,30,3,24,0.4,5.599999999999993,5.6000000000000005,5.599999999999972,29.60000000000006
2022-08-31,0.0,2022,8,31,3,24,0.0,5.599999999999993,5.6000000000000005,5.599999999999972,29.60000000000006
2022-09-01,0.0,2022,9,1,1,25,0.0,0.3999999999999929,5.6000000000000005,5.599999999999972,5.600000000000057
2022-09-02,0.9,2022,9,2,1,25,0.9,0.8999999999999929,6.5,6.499999999999972,6.500000000000057
2022-09-03,0.8,2022,9,3,1,25,0.8,1.699999999999993,2.1,7.299999999999972,7.3000000000000576
2022-09-04,0.0,2022,9,4,1,25,0.0,1.699999999999993,1.7000000000000002,7.299999999999972,7.3000000000000576
2022-09-05,0.0,2022,9,5,1,25,0.0,0.7999999999999929,1.7000000000000002,2.0999999999999717,7.3000000000000576
2022-09-06,4.0,2022,9,6,1,25,4.0,3.999999999999993,5.7,5.699999999999972,11.300000000000058
2022-09-07,1.0,2022,9,7,1,25,1.0,4.999999999999993,5.8,6.699999999999972,12.300000000000058
2022-09-08,7.0,2022,9,8,1,25,7.0,11.999999999999993,12.0,13.69999999999997,14.100000000000058
2022-09-09,1.3,2022,9,9,1,25,1.3,9.299999999999994,13.3,14.099999999999971,15.000000000000057
2022-09-10,1.1,2022,9,10,1,25,1.1,9.399999999999993,14.4,14.399999999999972,16.10000000000006
2022-09-11,0.0,2022,9,11,2,26,0.0,2.3999999999999932,10.4,14.39999999999997,16.10000000000006
2022-09-12,0.8,2022,9,12,2,26,0.8,1.899999999999993,10.2,15.19999999999997,16.000000000000057
2022-09-13,0.0,2022,9,13,2,26,0.0,0.7999999999999929,3.2,11.19999999999997,15.200000000000058
2022-09-14,0.0,2022,9,14,2,26,0.0,0.7999999999999929,1.9000000000000001,10.19999999999997,15.200000000000058
2022-09-15,0.0,2022,9,15,2,26,0.0,0.0,0.8,3.1999999999999718,15.200000000000058
2022-09-16,0.0,2022,9,16,2,26,0.0,0.0,0.8,1.8999999999999717,11.200000000000058
2022-09-17,0.0,2022,9,17,2,26,0.0,0.0,0.0,0.7999999999999716,10.200000000000058
2022-09-18,0.0,2022,9,18,2,26,0.0,0.0,0.0,0.7999999999999716,3.200000000000058
2022-09-19,0.0,2022,9,19,2,26,0.0,0.0,0.0,0.0,1.9000000000000579
2022-09-20,0.0,2022,9,20,2,26,0.0,0.0,0.0,0.0,0.8000000000000578
2022-09-21,0.0,2022,9,21,3,27,0.0,0.0,0.0,0.0,0.8000000000000578
2022-09-22,9.0,2022,9,22,3,27,9.0,8.999999999999993,9.0,8.999999999999972,9.000000000000057
2022-09-23,8.0,2022,9,23,3,27,8.0,16.999999999999993,17.0,16.99999999999997,17.000000000000057
2022-09-24,19.6,2022,9,24,3,27,19.6,36.599999999999994,36.6,36.59999999999997,36.60000000000006
2022-09-25,0.0,2022,9,25,3,27,0.0,27.599999999999994,36.6,36.59999999999997,36.60000000000006
2022-09-26,0.0,2022,9,26,3,27,0.0,19.599999999999994,36.6,36.59999999999997,36.60000000000006
2022-09-27,3.1,2022,9,27,3,27,3.1,3.099999999999993,30.700000000000003,39.699999999999974,39.70000000000006
2022-09-28,0.0,2022,9,28,3,27,0.0,3.099999999999993,22.700000000000003,39.699999999999974,39.70000000000006
2022-09-29,0.0,2022,9,29,3,27,0.0,3.099999999999993,3.1,30.699999999999974,39.70000000000006
2022-09-30,0.0,2022,9,30,3,27,0.0,0.0,3.1,22.699999999999974,39.70000000000006
2022-10-01,0.0,2022,10,1,1,28,0.0,0.0,3.1,3.0999999999999717,39.70000000000006
2022-10-02,21.2,2022,10,2,1,28,21.2,21.199999999999992,21.2,24.299999999999972,51.90000000000006
2022-10-03,0.0,2022,10,3,1,28,0.0,21.199999999999992,21.2,24.299999999999972,43.90000000000006
2022-10-04,0.0,2022,10,4,1,28,0.0,21.199999999999992,21.2,21.19999999999997,24.300000000000058
2022-10-05,30.0,2022,10,5,1,28,30.0,29.999999999999993,51.2,51.199999999999974,54.300000000000054
2022-10-06,68.5,2022,10,6,1,28,68.5,98.5,119.7,119.69999999999997,122.80000000000005
2022-10-07,20.4,2022,10,7,1,28,20.4,118.9,118.9,140.09999999999997,140.10000000000005
2022-10-08,1.1,2022,10,8,1,28,1.1,90.0,120.0,141.19999999999996,141.20000000000005
2022-10-09,0.0,2022,10,9,1,28,0.0,21.5,120.0,119.99999999999997,141.20000000000005
2022-10-10,3.8,2022,10,10,1,28,3.8,4.9,93.8,123.79999999999997,145.00000000000006
2022-10-11,0.0,2022,10,11,2,29,0.0,3.8,25.299999999999997,123.79999999999997,145.00000000000006
2022-10-12,0.0,2022,10,12,2,29,0.0,3.8,4.9,93.79999999999997,123.80000000000005
2022-10-13,0.0,2022,10,13,2,29,0.0,0.0,3.8,25.29999999999997,123.80000000000005
2022-10-14,0.1,2022,10,14,2,29,0.1,0.1,3.9,4.999999999999972,123.90000000000005
2022-10-15,0.0,2022,10,15,2,29,0.0,0.1,0.1,3.8999999999999715,93.90000000000005
2022-10-16,0.0,2022,10,16,2,29,0.0,0.1,0.1,3.8999999999999715,25.400000000000055
2022-10-17,0.0,2022,10,17,2,29,0.0,0.0,0.1,0.09999999999997158,5.000000000000057
2022-10-18,0.0,2022,10,18,2,29,0.0,0.0,0.1,0.09999999999997158,3.9000000000000568
2022-10-19,0.0,2022,10,19,2,29,0.0,0.0,0.0,0.09999999999997158,3.9000000000000568
2022-10-20,0.0,2022,10,20,2,29,0.0,0.0,0.0,0.09999999999997158,0.10000000000005685
2022-10-21,0.0,2022,10,21,3,30,0.0,0.0,0.0,0.0,0.10000000000005685
2022-10-22,0.0,2022,10,22,3,30,0.0,0.0,0.0,0.0,0.10000000000005685
2022-10-23,1.7,2022,10,23,3,30,1.7,1.7,1.7,1.6999999999999715,1.8000000000000569
2022-10-24,0.0,2022,10,24,3,30,0.0,1.7,1.7,1.6999999999999715,1.7000000000000568
2022-10-25,2.3,2022,10,25,3,30,2.3,4.0,4.0,3.9999999999999716,4.000000000000057
2022-10-26,50.8,2022,10,26,3,30,50.8,53.099999999999994,54.8,54.79999999999997,54.800000000000054
2022-10-27,0.5,2022,10,27,3,30,0.5,53.599999999999994,55.3,55.29999999999997,55.300000000000054
2022-10-28,0.0,2022,10,28,3,30,0.0,51.3,53.599999999999994,55.29999999999997,55.300000000000054
2022-10-29,0.0,2022,10,29,3,30,0.0,0.5,53.599999999999994,55.29999999999997,55.300000000000054
2022-10-30,0.0,2022,10,30,3,30,0.0,0.0,51.3,53.599999999999966,55.300000000000054
2022-10-31,0.0,2022,10,31,3,30,0.0,0.0,0.5,53.599999999999966,55.300000000000054
2022-11-01,0.0,2022,11,1,1,31,0.0,0.0,0.0,51.29999999999997,55.300000000000054
2022-11-02,0.0,2022,11,2,1,31,0.0,0.0,0.0,0.4999999999999716,53.60000000000005
2022-11-03,0.0,2022,11,3,1,31,0.0,0.0,0.0,0.0,53.60000000000005
2022-11-04,7.5,2022,11,4,1,31,7.5,7.5,7.5,7.499999999999972,58.800000000000054
2022-11-05,1.6,2022,11,5,1,31,1.6,9.1,9.1,9.099999999999971,9.600000000000056
2022-11-06,24.1,2022,11,6,1,31,24.1,33.2,33.2,33.199999999999974,33.20000000000006
2022-11-07,0.0,2022,11,7,1,31,0.0,25.700000000000003,33.2,33.199999999999974,33.20000000000006
2022-11-08,0.1,2022,11,8,1,31,0.1,24.200000000000003,33.300000000000004,33.299999999999976,33.30000000000006
2022-11-09,10.4,2022,11,9,1,31,10.4,10.5,36.2,43.699999999999974,43.70000000000006
2022-11-10,2.0,2022,11,10,1,31,2.0,12.5,36.6,45.699999999999974,45.70000000000006
2022-11-11,0.0,2022,11,11,2,32,0.0,12.4,12.5,38.199999999999974,45.70000000000006
2022-11-12,10.7,2022,11,12,2,32,10.7,12.7,23.2,47.29999999999997,56.40000000000006
2022-11-13,0.0,2022,11,13,2,32,0.0,10.7,23.099999999999998,23.19999999999997,56.40000000000006
2022-11-14,40.0,2022,11,14,2,32,40.0,50.7,52.7,63.199999999999974,88.90000000000006
2022-11-15,0.0,2022,11,15,2,32,0.0,40.0,50.7,63.09999999999997,87.30000000000007
2022-11-16,0.0,2022,11,16,2,32,0.0,40.0,50.7,52.699999999999974,63.20000000000006
2022-11-17,38.0,2022,11,17,2,32,38.0,38.0,78.0,88.69999999999997,101.20000000000006
2022-11-18,18.2,2022,11,18,2,32,18.2,56.2,96.2,106.89999999999998,119.30000000000007
2022-11-19,0.1,2022,11,19,2,32,0.1,56.3,56.3,96.29999999999997,109.00000000000006
2022-11-20,0.0,2022,11,20,2,32,0.0,18.3,56.3,96.29999999999997,107.00000000000006
2022-11-21,2.0,2022,11,21,3,33,2.0,2.1,58.3,58.29999999999997,109.00000000000006
2022-11-22,0.0,2022,11,22,3,33,0.0,2.0,20.3,58.29999999999997,98.30000000000005
2022-11-23,0.0,2022,11,23,3,33,0.0,2.0,2.1,58.29999999999997,98.30000000000005
2022-11-24,1.6,2022,11,24,3,33,1.6,1.6,3.6,21.89999999999997,59.900000000000055
2022-11-25,0.1,2022,11,25,3,33,0.1,1.7000000000000002,3.7,3.799999999999972,60.00000000000006
2022-11-26,0.1,2022,11,26,3,33,0.1,1.8,1.8,3.799999999999972,60.10000000000006
2022-11-27,0.0,2022,11,27,3,33,0.0,0.2,1.8,3.799999999999972,22.100000000000055
2022-11-28,0.0,2022,11,28,3,33,0.0,0.1,1.8,1.7999999999999716,3.900000000000057
2022-11-29,0.2,2022,11,29,3,33,0.2,0.2,0.4,1.9999999999999716,4.000000000000057
2022-11-30,0.0,2022,11,30,3,33,0.0,0.2,0.30000000000000004,1.9999999999999716,4.000000000000057
2022-12-01,0.0,2022,12,1,1,34,0.0,0.2,0.2,0.3999999999999716,2.000000000000057
2022-12-02,0.0,2022,12,2,1,34,0.0,0.0,0.2,0.2999999999999716,2.000000000000057
2022-12-03,0.0,2022,12,3,1,34,0.0,0.0,0.2,0.1999999999999716,2.000000000000057
2022-12-04,0.0,2022,12,4,1,34,0.0,0.0,0.0,0.1999999999999716,0.40000000000005687
2022-12-05,0.0,2022,12,5,1,34,0.0,0.0,0.0,0.1999999999999716,0.3000000000000569
2022-12-06,0.0,2022,12,6,1,34,0.0,0.0,0.0,0.0,0.20000000000005685
2022-12-07,0.0,2022,12,7,1,34,0.0,0.0,0.0,0.0,0.20000000000005685
2022-12-08,24.7,2022,12,8,1,34,24.7,24.7,24.7,24.69999999999997,24.900000000000055
2022-12-09,0.0,2022,12,9,1,34,0.0,24.7,24.7,24.69999999999997,24.700000000000056
2022-12-10,3.8,2022,12,10,1,34,3.8,28.5,28.5,28.49999999999997,28.500000000000057
2022-12-11,0.0,2022,12,11,2,35,0.0,3.8,28.5,28.49999999999997,28.500000000000057
2022-12-12,18.3,2022,12,12,2,35,18.3,22.1,46.8,46.79999999999997,46.800000000000054
2022-12-13,2.0,2022,12,13,2,35,2.0,20.3,24.1,48.79999999999997,48.800000000000054
2022-12-14,0.1,2022,12,14,2,35,0.1,20.400000000000002,24.200000000000003,48.89999999999997,48.900000000000055
2022-12-15,0.0,2022,12,15,2,35,0.0,2.1,20.400000000000002,24.199999999999974,48.900000000000055
2022-12-16,0.0,2022,12,16,2,35,0.0,0.1,20.400000000000002,24.199999999999974,48.900000000000055
2022-12-17,0.0,2022,12,17,2,35,0.0,0.0,2.1,20.399999999999974,48.900000000000055
2022-12-18,0.0,2022,12,18,2,35,0.0,0.0,0.1,20.399999999999974,24.20000000000006
2022-12-19,0.0,2022,12,19,2,35,0.0,0.0,0.0,2.0999999999999717,24.20000000000006
2022-12-20,0.6,2022,12,20,2,35,0.6,0.6,0.6,0.6999999999999715,21.000000000000057
2022-12-21,0.6,2022,12,21,3,36,0.6,1.2,1.2,1.1999999999999715,21.60000000000006
2022-12-22,3.5,2022,12,22,3,36,3.5,4.7,4.7,4.699999999999972,6.800000000000057
2022-12-23,2.0,2022,12,23,3,36,2.0,6.1000000000000005,6.7,6.699999999999972,6.800000000000057
2022-12-24,0.0,2022,12,24,3,36,0.0,5.5,6.7,6.699999999999972,6.700000000000057
2022-12-25,8.0,2022,12,25,3,36,8.0,10.0,14.100000000000001,14.69999999999997,14.700000000000056
2022-12-26,12.4,2022,12,26,3,36,12.4,20.4,25.900000000000002,27.099999999999973,27.10000000000006
2022-12-27,21.1,2022,12,27,3,36,21.1,41.5,43.5,47.59999999999997,48.20000000000006
2022-12-28,5.5,2022,12,28,3,36,5.5,39.0,47.0,52.49999999999997,53.70000000000006
2022-12-29,36.5,2022,12,29,3,36,36.5,63.1,83.5,85.49999999999997,90.20000000000006
2022-12-30,2.8,2022,12,30,3,36,2.8,44.8,78.3,86.29999999999997,92.40000000000006
2022-12-31,10.6,2022,12,31,3,36,10.6,49.9,76.5,96.89999999999998,102.40000000000006
2023-01-01,6.8,2023,1,1,1,1,6.8,20.2,62.199999999999996,95.69999999999997,105.70000000000006
2023-01-02,2.2,2023,1,2,1,1,2.2,19.599999999999998,58.9,85.49999999999997,105.90000000000006
2023-01-03,0.3,2023,1,3,1,1,0.3,9.3,22.7,64.69999999999997,106.20000000000006
2023-01-04,3.6,2023,1,4,1,1,3.6,6.1,23.499999999999996,62.79999999999997,101.80000000000005
2023-01-05,8.2,2023,1,5,1,1,8.2,12.099999999999998,21.1,34.49999999999997,97.60000000000007
2023-01-06,1.7,2023,1,6,1,1,1.7,13.499999999999996,15.999999999999998,33.39999999999997,78.20000000000006
2023-01-07,0.0,2023,1,7,1,1,0.0,9.899999999999997,13.799999999999999,22.799999999999972,72.70000000000006
2023-01-08,6.9,2023,1,8,1,1,6.9,8.599999999999998,20.4,22.89999999999997,43.10000000000006
2023-01-09,1.0,2023,1,9,1,1,1.0,7.899999999999999,17.8,21.69999999999997,41.30000000000006
2023-01-10,0.0,2023,1,10,1,1,0.0,7.899999999999999,9.600000000000001,21.39999999999997,30.700000000000056
2023-01-11,0.0,2023,1,11,2,2,0.0,0.9999999999999982,7.9,17.799999999999972,23.900000000000055
2023-01-12,0.0,2023,1,12,2,2,0.0,0.0,7.9,9.599999999999973,21.700000000000056
2023-01-13,0.0,2023,1,13,2,2,0.0,0.0,1.0,7.899999999999972,21.400000000000055
2023-01-14,1.0,2023,1,14,2,2,1.0,0.9999999999999982,1.0,8.899999999999972,18.800000000000058
2023-01-15,0.0,2023,1,15,2,2,0.0,0.9999999999999982,1.0,1.9999999999999716,10.600000000000058
2023-01-16,0.0,2023,1,16,2,2,0.0,0.9999999999999982,1.0,0.9999999999999716,8.900000000000059
2023-01-17,0.8,2023,1,17,2,2,0.8,0.7999999999999983,1.8,1.7999999999999716,9.700000000000058
2023-01-18,4.1,2023,1,18,2,2,4.1,4.899999999999998,5.8999999999999995,5.899999999999971,6.900000000000056
2023-01-19,4.2,2023,1,19,2,2,4.2,9.099999999999998,9.1,10.099999999999971,10.100000000000056
2023-01-20,1.0,2023,1,20,2,2,1.0,9.299999999999997,10.1,11.099999999999971,11.100000000000056
2023-01-21,1.0,2023,1,21,3,3,1.0,6.199999999999998,11.1,11.099999999999971,12.100000000000056
2023-01-22,4.5,2023,1,22,3,3,4.5,6.499999999999998,14.799999999999999,15.599999999999971,16.60000000000006
2023-01-23,7.5,2023,1,23,3,3,7.5,12.999999999999998,18.2,23.099999999999973,24.10000000000006
2023-01-24,4.4,2023,1,24,3,3,4.4,16.4,18.4,26.69999999999997,27.500000000000057
2023-01-25,16.0,2023,1,25,3,3,16.0,27.9,33.4,38.59999999999997,43.50000000000006
2023-01-26,1.0,2023,1,26,3,3,1.0,21.4,33.4,35.39999999999997,44.50000000000006
2023-01-27,5.0,2023,1,27,3,3,5.0,22.0,33.9,39.39999999999997,48.70000000000006
2023-01-28,55.8,2023,1,28,3,3,55.8,61.8,82.19999999999999,94.19999999999996,100.40000000000006
2023-01-29,11.2,2023,1,29,3,3,11.2,72.0,88.99999999999999,100.89999999999996,107.40000000000005
2023-01-30,0.0,2023,1,30,3,3,0.0,67.0,72.99999999999999,93.39999999999996,106.40000000000005
2023-01-31,0.5,2023,1,31,3,3,0.5,11.7,72.49999999999999,89.49999999999997,105.90000000000005
2023-02-01,8.6,2023,2,1,1,4,8.6,9.1,76.1,82.09999999999998,110.00000000000006
2023-02-02,2.5,2023,2,2,1,4,2.5,11.6,22.799999999999997,83.59999999999997,105.00000000000006
2023-02-03,35.2,2023,2,3,1,4,35.2,46.300000000000004,46.8,113.79999999999995,135.80000000000004
2023-02-04,0.0,2023,2,4,1,4,0.0,37.7,46.8,57.99999999999997,119.80000000000004
2023-02-05,0.0,2023,2,5,1,4,0.0,35.2,46.3,46.79999999999997,118.80000000000004
2023-02-06,0.0,2023,2,6,1,4,0.0,0.0,37.699999999999996,46.79999999999997,113.80000000000004
2023-02-07,0.0,2023,2,7,1,4,0.0,0.0,35.199999999999996,46.29999999999997,58.00000000000006
2023-02-08,0.8,2023,2,8,1,4,0.8,0.8,0.7999999999999929,38.49999999999997,47.60000000000005
2023-02-09,0.0,2023,2,9,1,4,0.0,0.8,0.7999999999999929,35.99999999999997,47.60000000000005
2023-02-10,7.4,2023,2,10,1,4,7.4,8.200000000000001,8.199999999999994,8.19999999999997,54.50000000000006
2023-02-11,2.2,2023,2,11,2,5,2.2,9.600000000000001,10.399999999999993,10.399999999999972,48.10000000000006
2023-02-12,81.9,2023,2,12,2,5,81.9,91.5,92.3,92.29999999999998,127.50000000000006
2023-02-13,6.6,2023,2,13,2,5,6.6,90.69999999999999,98.1,98.89999999999998,98.90000000000005
2023-02-14,0.0,2023,2,14,2,5,0.0,88.5,98.1,98.89999999999998,98.90000000000005
2023-02-15,3.2,2023,2,15,2,5,3.2,9.8,93.89999999999999,101.29999999999998,102.10000000000005
2023-02-16,5.8,2023,2,16,2,5,5.8,9.0,97.49999999999999,107.09999999999998,107.90000000000005
2023-02-17,9.7,2023,2,17,2,5,9.7,18.7,25.299999999999983,109.39999999999998,117.60000000000005
2023-02-18,0.4,2023,2,18,2,5,0.4,15.9,19.099999999999984,107.59999999999998,117.20000000000006
2023-02-19,0.0,2023,2,19,2,5,0.0,10.1,19.099999999999987,25.69999999999997,117.20000000000006
2023-02-20,0.0,2023,2,20,2,5,0.0,0.4,15.899999999999984,19.099999999999973,109.80000000000005
2023-02-21,6.8,2023,2,21,3,6,6.8,6.8,16.899999999999984,25.899999999999974,114.40000000000005
2023-02-22,31.8,2023,2,22,3,6,31.8,38.6,38.999999999999986,54.49999999999997,64.30000000000004
2023-02-23,2.9,2023,2,23,3,6,2.9,41.5,41.499999999999986,51.59999999999997,60.600000000000044
2023-02-24,32.8,2023,2,24,3,6,32.8,67.5,74.29999999999998,74.69999999999996,93.40000000000003
2023-02-25,5.5,2023,2,25,3,6,5.5,41.199999999999996,79.79999999999998,79.79999999999998,95.70000000000005
2023-02-26,22.1,2023,2,26,3,6,22.1,60.4,95.1,101.89999999999998,112.00000000000004
2023-02-27,42.1,2023,2,27,3,6,42.1,69.7,105.39999999999998,143.99999999999997,144.40000000000003
2023-02-28,2.6,2023,2,28,3,6,2.6,66.8,105.09999999999998,139.79999999999995,146.60000000000002
2023-03-01,4.0,2023,3,1,1,7,4.0,48.7,76.29999999999998,111.99999999999997,150.60000000000002
2023-03-02,47.9,2023,3,2,1,7,47.9,54.5,118.69999999999999,156.99999999999997,198.50000000000003
2023-03-03,11.0,2023,3,3,1,7,11.0,62.9,107.6,135.2,202.70000000000005
2023-03-04,0.0,2023,3,4,1,7,0.0,58.9,65.5,129.7,170.90000000000003
2023-03-05,0.7,2023,3,5,1,7,0.7,11.7,63.59999999999999,108.29999999999997,168.70000000000005
2023-03-06,0.5,2023,3,6,1,7,0.5,1.2,60.09999999999999,66.69999999999996,136.40000000000006
2023-03-07,0.0,2023,3,7,1,7,0.0,1.2,12.199999999999985,64.09999999999997,130.90000000000006
2023-03-08,11.0,2023,3,8,1,7,11.0,11.5,12.199999999999985,71.09999999999997,119.80000000000004
2023-03-09,43.0,2023,3,9,1,7,43.0,54.0,55.19999999999999,66.19999999999996,120.70000000000005
2023-03-10,1.0,2023,3,10,1,7,1.0,55.0,55.499999999999986,56.19999999999997,119.10000000000004
2023-03-11,63.0,2023,3,11,2,8,63.0,107.0,117.99999999999999,119.19999999999996,178.10000000000002
2023-03-12,10.8,2023,3,12,2,8,10.8,74.8,128.79999999999998,129.29999999999995,141.00000000000003
2023-03-13,0.0,2023,3,13,2,8,0.0,73.8,117.79999999999998,128.79999999999995,130.00000000000003
2023-03-14,11.4,2023,3,14,2,8,11.4,22.200000000000003,86.19999999999999,140.19999999999996,141.40000000000003
2023-03-15,68.5,2023,3,15,2,8,68.5,79.9,153.7,197.69999999999996,209.20000000000005
2023-03-16,0.8,2023,3,16,2,8,0.8,80.7,91.49999999999999,155.49999999999997,209.50000000000006
2023-03-17,0.0,2023,3,17,2,8,0.0,69.3,80.69999999999999,154.49999999999997,209.50000000000006
2023-03-18,0.0,2023,3,18,2,8,0.0,0.8,80.69999999999999,91.49999999999996,198.50000000000006
2023-03-19,0.0,2023,3,19,2,8,0.0,0.0,69.29999999999998,80.69999999999996,155.50000000000006
2023-03-20,0.0,2023,3,20,2,8,0.0,0.0,0.7999999999999858,80.69999999999996,154.50000000000006
2023-03-21,0.0,2023,3,21,3,9,0.0,0.0,0.0,69.29999999999995,91.50000000000004
2023-03-22,0.0,2023,3,22,3,9,0.0,0.0,0.0,0.7999999999999574,80.70000000000005
2023-03-23,1.8,2023,3,23,3,9,1.8,1.8,1.7999999999999858,1.7999999999999574,82.50000000000004
2023-03-24,0.0,2023,3,24,3,9,0.0,1.8,1.7999999999999858,1.7999999999999574,71.10000000000004
2023-03-25,0.0,2023,3,25,3,9,0.0,1.8,1.7999999999999858,1.7999999999999574,2.6000000000000427
2023-03-26,0.0,2023,3,26,3,9,0.0,0.0,1.7999999999999858,1.7999999999999574,1.8000000000000427
2023-03-27,0.0,2023,3,27,3,9,0.0,0.0,1.7999999999999858,1.7999999999999574,1.8000000000000427
2023-03-28,1.1,2023,3,28,3,9,1.1,1.1,1.0999999999999859,2.8999999999999577,2.900000000000043
2023-03-29,0.0,2023,3,29,3,9,0.0,1.1,1.0999999999999859,2.8999999999999577,2.900000000000043
2023-03-30,0.0,2023,3,30,3,9,0.0,1.1,1.0999999999999859,1.0999999999999575,2.900000000000043
2023-03-31,0.0,2023,3,31,3,9,0.0,0.0,1.0999999999999859,1.0999999999999575,2.900000000000043
2023-04-01,24.0,2023,4,1,1,10,24.0,24.0,25.099999999999987,25.09999999999996,26.90000000000004
2023-04-02,17.7,2023,4,2,1,10,17.7,41.7,41.69999999999999,42.799999999999955,42.80000000000004
2023-04-03,0.0,2023,4,3,1,10,0.0,41.7,41.69999999999999,42.799999999999955,42.80000000000004
2023-04-04,0.0,2023,4,4,1,10,0.0,17.7,41.69999999999999,41.69999999999996,42.80000000000004
2023-04-05,0.3,2023,4,5,1,10,0.3,0.3,41.999999999999986,41.99999999999996,43.10000000000004
2023-04-06,0.0,2023,4,6,1,10,0.0,0.3,17.999999999999986,41.99999999999996,43.10000000000004
2023-04-07,0.0,2023,4,7,1,10,0.0,0.3,0.2999999999999858,41.99999999999996,42.000000000000036
2023-04-08,0.0,2023,4,8,1,10,0.0,0.0,0.2999999999999858,17.999999999999957,42.000000000000036
2023-04-09,0.0,2023,4,9,1,10,0.0,0.0,0.2999999999999858,0.29999999999995736,42.000000000000036
2023-04-10,10.0,2023,4,10,1,10,10.0,10.0,9.999999999999986,10.299999999999958,52.00000000000004
2023-04-11,10.3,2023,4,11,2,11,10.3,20.3,20.299999999999986,20.59999999999996,38.30000000000004
2023-04-12,0.3,2023,4,12,2,11,0.3,20.6,20.599999999999987,20.59999999999996,20.900000000000045
2023-04-13,0.0,2023,4,13,2,11,0.0,10.600000000000001,20.599999999999987,20.59999999999996,20.900000000000045
2023-04-14,0.0,2023,4,14,2,11,0.0,0.3,20.599999999999987,20.59999999999996,20.900000000000045
2023-04-15,0.0,2023,4,15,2,11,0.0,0.0,10.599999999999987,20.59999999999996,20.600000000000044
2023-04-16,0.0,2023,4,16,2,11,0.0,0.0,0.2999999999999858,20.59999999999996,20.600000000000044
2023-04-17,0.0,2023,4,17,2,11,0.0,0.0,0.0,10.599999999999959,20.600000000000044
2023-04-18,0.0,2023,4,18,2,11,0.0,0.0,0.0,0.29999999999995736,20.600000000000044
2023-04-19,4.8,2023,4,19,2,11,4.8,4.8,4.799999999999986,4.799999999999957,25.40000000000004
2023-04-20,61.7,2023,4,20,2,11,61.7,66.5,66.49999999999999,66.49999999999996,77.10000000000005
2023-04-21,0.0,2023,4,21,3,12,0.0,66.5,66.49999999999999,66.49999999999996,66.80000000000004
2023-04-22,0.0,2023,4,22,3,12,0.0,61.7,66.49999999999999,66.49999999999996,66.50000000000006
2023-04-23,0.0,2023,4,23,3,12,0.0,0.0,66.49999999999999,66.49999999999996,66.50000000000006
2023-04-24,0.0,2023,4,24,3,12,0.0,0.0,61.69999999999999,66.49999999999996,66.50000000000006
2023-04-25,1.0,2023,4,25,3,12,1.0,1.0,0.9999999999999858,67.49999999999996,67.50000000000006
2023-04-26,0.0,2023,4,26,3,12,0.0,1.0,0.9999999999999858,62.69999999999996,67.50000000000006
2023-04-27,0.0,2023,4,27,3,12,0.0,1.0,0.9999999999999858,0.9999999999999574,67.50000000000006
2023-04-28,0.0,2023,4,28,3,12,0.0,0.0,0.9999999999999858,0.9999999999999574,67.50000000000006
2023-04-29,0.0,2023,4,29,3,12,0.0,0.0,0.9999999999999858,0.9999999999999574,62.700000000000045
2023-04-30,0.0,2023,4,30,3,12,0.0,0.0,0.0,0.9999999999999574,1.0000000000000426
2023-05-01,0.0,2023,5,1,1,13,0.0,0.0,0.0,0.9999999999999574,1.0000000000000426
2023-05-02,0.0,2023,5,2,1,13,0.0,0.0,0.0,0.0,1.0000000000000426
2023-05-03,0.0,2023,5,3,1,13,0.0,0.0,0.0,0.0,1.0000000000000426
2023-05-04,48.3,2023,5,4,1,13,48.3,48.3,48.29999999999998,48.299999999999955,49.30000000000004
2023-05-05,0.0,2023,5,5,1,13,0.0,48.3,48.29999999999998,48.299999999999955,48.30000000000004
2023-05-06,12.5,2023,5,6,1,13,12.5,60.8,60.79999999999998,60.799999999999955,60.80000000000004
2023-05-07,0.0,2023,5,7,1,13,0.0,12.5,60.79999999999998,60.799999999999955,60.80000000000004
2023-05-08,0.1,2023,5,8,1,13,0.1,12.6,60.899999999999984,60.899999999999956,60.90000000000004
2023-05-09,0.0,2023,5,9,1,13,0.0,0.1,12.599999999999985,60.899999999999956,60.90000000000004
2023-05-10,0.0,2023,5,10,1,13,0.0,0.1,12.599999999999985,60.899999999999956,60.90000000000004
2023-05-11,0.0,2023,5,11,2,14,0.0,0.0,0.0999999999999858,12.599999999999957,60.90000000000004
2023-05-12,0.0,2023,5,12,2,14,0.0,0.0,0.0999999999999858,12.599999999999957,60.90000000000004
2023-05-13,0.0,2023,5,13,2,14,0.0,0.0,0.0,0.09999999999995737,60.90000000000004
2023-05-14,0.0,2023,5,14,2,14,0.0,0.0,0.0,0.09999999999995737,12.600000000000042
2023-05-15,0.0,2023,5,15,2,14,0.0,0.0,0.0,0.0,12.600000000000042
2023-05-16,0.0,2023,5,16,2,14,0.0,0.0,0.0,0.0,0.10000000000004264
2023-05-17,0.0,2023,5,17,2,14,0.0,0.0,0.0,0.0,0.10000000000004264
2023-05-18,0.0,2023,5,18,2,14,0.0,0.0,0.0,0.0,0.0
2023-05-19,0.0,2023,5,19,2,14,0.0,0.0,0.0,0.0,0.0
2023-05-20,0.0,2023,5,20,2,14,0.0,0.0,0.0,0.0,0.0
2023-05-21,0.0,2023,5,21,3,15,0.0,0.0,0.0,0.0,0.0
2023-05-22,0.0,2023,5,22,3,15,0.0,0.0,0.0,0.0,0.0
2023-05-23,0.0,2023,5,23,3,15,0.0,0.0,0.0,0.0,0.0
2023-05-24,0.0,2023,5,24,3,15,0.0,0.0,0.0,0.0,0.0
2023-05-25,0.0,2023,5,25,3,15,0.0,0.0,0.0,0.0,0.0
2023-05-26,0.0,2023,5,26,3,15,0.0,0.0,0.0,0.0,0.0
2023-05-27,0.9,2023,5,27,3,15,0.9,0.9,0.8999999999999858,0.8999999999999574,0.9000000000000427
2023-05-28,0.0,2023,5,28,3,15,0.0,0.9,0.8999999999999858,0.8999999999999574,0.9000000000000427
2023-05-29,0.0,2023,5,29,3,15,0.0,0.9,0.8999999999999858,0.8999999999999574,0.9000000000000427
2023-05-30,0.0,2023,5,30,3,15,0.0,0.0,0.8999999999999858,0.8999999999999574,0.9000000000000427
2023-05-31,7.3,2023,5,31,3,15,7.3,7.3,8.199999999999985,8.199999999999957,8.200000000000042
2023-06-01,0.0,2023,6,1,1,16,0.0,7.3,7.299999999999986,8.199999999999957,8.200000000000042
2023-06-02,0.0,2023,6,2,1,16,0.0,7.3,7.299999999999986,8.199999999999957,8.200000000000042
2023-06-03,0.0,2023,6,3,1,16,0.0,0.0,7.299999999999986,7.299999999999957,8.200000000000042
2023-06-04,0.0,2023,6,4,1,16,0.0,0.0,7.299999999999986,7.299999999999957,8.200000000000042
2023-06-05,0.0,2023,6,5,1,16,0.0,0.0,0.0,7.299999999999957,8.200000000000042
2023-06-06,4.1,2023,6,6,1,16,4.1,4.1,4.099999999999985,11.399999999999956,11.400000000000041
2023-06-07,0.0,2023,6,7,1,16,0.0,4.1,4.099999999999985,4.099999999999957,11.400000000000041
2023-06-08,0.8,2023,6,8,1,16,0.8,4.8999999999999995,4.899999999999985,4.899999999999957,12.200000000000042
2023-06-09,0.0,2023,6,9,1,16,0.0,0.8,4.899999999999985,4.899999999999957,12.200000000000042
2023-06-10,0.0,2023,6,10,1,16,0.0,0.8,4.899999999999985,4.899999999999957,4.900000000000042
2023-06-11,0.4,2023,6,11,2,17,0.4,0.4,1.199999999999986,5.299999999999957,5.3000000000000425
2023-06-12,0.0,2023,6,12,2,17,0.0,0.4,1.199999999999986,5.299999999999957,5.3000000000000425
2023-06-13,0.0,2023,6,13,2,17,0.0,0.4,0.3999999999999858,1.1999999999999575,5.3000000000000425
2023-06-14,0.8,2023,6,14,2,17,0.8,0.8,1.199999999999986,1.9999999999999574,6.100000000000042
2023-06-15,1.5,2023,6,15,2,17,1.5,2.3,2.699999999999986,2.6999999999999575,7.600000000000042
2023-06-16,84.2,2023,6,16,2,17,84.2,86.5,86.49999999999999,86.89999999999996,87.70000000000005
2023-06-17,10.6,2023,6,17,2,17,10.6,96.3,97.09999999999998,97.49999999999996,98.30000000000004
2023-06-18,0.0,2023,6,18,2,17,0.0,94.8,97.09999999999998,97.09999999999995,97.50000000000004
2023-06-19,3.5,2023,6,19,2,17,3.5,14.1,99.79999999999998,100.59999999999995,101.00000000000004
2023-06-20,1.6,2023,6,20,2,17,1.6,5.1,99.89999999999999,102.19999999999996,102.60000000000005
2023-06-21,7.7,2023,6,21,3,18,7.7,12.8,23.399999999999984,109.09999999999997,109.90000000000005
2023-06-22,3.4,2023,6,22,3,18,3.4,12.700000000000001,16.199999999999985,110.99999999999996,113.30000000000004
2023-06-23,0.0,2023,6,23,3,18,0.0,11.100000000000001,16.199999999999985,26.799999999999958,113.30000000000004
2023-06-24,4.2,2023,6,24,3,18,4.2,7.6,16.899999999999984,20.39999999999996,116.70000000000005
2023-06-25,0.0,2023,6,25,3,18,0.0,4.199999999999999,15.299999999999986,20.399999999999956,115.20000000000005
2023-06-26,27.6,2023,6,26,3,18,27.6,31.8,35.19999999999999,44.49999999999996,58.600000000000044
2023-06-27,0.1,2023,6,27,3,18,0.1,27.700000000000003,31.89999999999999,42.99999999999996,48.100000000000044
2023-06-28,0.0,2023,6,28,3,18,0.0,27.700000000000003,31.89999999999999,35.29999999999996,48.100000000000044
2023-06-29,0.0,2023,6,29,3,18,0.0,0.1,27.69999999999999,31.89999999999996,44.600000000000044
2023-06-30,0.8,2023,6,30,3,18,0.8,0.8,28.499999999999986,32.69999999999996,43.80000000000004
2023-07-01,0.0,2023,7,1,1,19,0.0,0.8,0.8999999999999858,28.499999999999957,36.100000000000044
2023-07-02,0.0,2023,7,2,1,19,0.0,0.8,0.7999999999999858,28.499999999999957,32.700000000000045
2023-07-03,0.0,2023,7,3,1,19,0.0,0.0,0.7999999999999858,0.8999999999999574,32.700000000000045
2023-07-04,0.0,2023,7,4,1,19,0.0,0.0,0.7999999999999858,0.7999999999999574,28.500000000000043
2023-07-05,0.0,2023,7,5,1,19,0.0,0.0,0.0,0.7999999999999574,28.500000000000043
2023-07-06,0.0,2023,7,6,1,19,0.0,0.0,0.0,0.7999999999999574,0.9000000000000427
2023-07-07,0.0,2023,7,7,1,19,0.0,0.0,0.0,0.0,0.8000000000000427
2023-07-08,51.9,2023,7,8,1,19,51.9,51.9,51.899999999999984,51.899999999999956,52.70000000000004
2023-07-09,0.1,2023,7,9,1,19,0.1,52.0,51.999999999999986,51.99999999999996,52.80000000000004
2023-07-10,0.2,2023,7,10,1,19,0.2,52.199999999999996,52.19999999999998,52.19999999999995,52.20000000000004
2023-07-11,0.0,2023,7,11,2,20,0.0,0.30000000000000004,52.19999999999998,52.19999999999995,52.20000000000004
2023-07-12,2.0,2023,7,12,2,20,2.0,2.2,54.19999999999998,54.19999999999995,54.20000000000004
2023-07-13,0.0,2023,7,13,2,20,0.0,2.0,2.2999999999999856,54.19999999999995,54.20000000000004
2023-07-14,0.0,2023,7,14,2,20,0.0,2.0,2.1999999999999855,54.19999999999995,54.20000000000004
2023-07-15,11.9,2023,7,15,2,20,11.9,11.9,13.899999999999986,14.199999999999957,66.10000000000004
2023-07-16,0.0,2023,7,16,2,20,0.0,11.9,13.899999999999986,14.099999999999957,66.10000000000004
2023-07-17,0.0,2023,7,17,2,20,0.0,11.9,11.899999999999986,13.899999999999956,66.10000000000004
2023-07-18,0.9,2023,7,18,2,20,0.9,0.9,12.799999999999986,14.799999999999956,15.100000000000042
2023-07-19,0.0,2023,7,19,2,20,0.0,0.9,12.799999999999986,12.799999999999956,15.000000000000043
2023-07-20,0.0,2023,7,20,2,20,0.0,0.9,0.8999999999999858,12.799999999999956,14.800000000000042
2023-07-21,0.0,2023,7,21,3,21,0.0,0.0,0.8999999999999858,12.799999999999956,14.800000000000042
2023-07-22,0.0,2023,7,22,3,21,0.0,0.0,0.8999999999999858,0.8999999999999556,12.800000000000042
2023-07-23,0.0,2023,7,23,3,21,0.0,0.0,0.0,0.8999999999999556,12.800000000000042
2023-07-24,0.0,2023,7,24,3,21,0.0,0.0,0.0,0.8999999999999556,12.800000000000042
2023-07-25,12.0,2023,7,25,3,21,12.0,12.0,11.999999999999986,11.999999999999956,12.900000000000041
2023-07-26,10.0,2023,7,26,3,21,10.0,22.0,21.999999999999986,21.999999999999957,22.90000000000004
2023-07-27,0.0,2023,7,27,3,21,0.0,22.0,21.999999999999986,21.999999999999957,22.90000000000004
2023-07-28,0.0,2023,7,28,3,21,0.0,10.0,21.999999999999986,21.999999999999957,22.000000000000043
2023-07-29,0.0,2023,7,29,3,21,0.0,0.0,21.999999999999986,21.999999999999957,22.000000000000043
2023-07-30,0.0,2023,7,30,3,21,0.0,0.0,9.999999999999986,21.999999999999957,22.000000000000043
2023-07-31,0.0,2023,7,31,3,21,0.0,0.0,0.0,21.999999999999957,22.000000000000043
2023-08-01,0.0,2023,8,1,1,22,0.0,0.0,0.0,9.999999999999956,22.000000000000043
2023-08-02,0.0,2023,8,2,1,22,0.0,0.0,0.0,0.0,22.000000000000043
2023-08-03,0.0,2023,8,3,1,22,0.0,0.0,0.0,0.0,22.000000000000043
2023-08-04,0.0,2023,8,4,1,22,0.0,0.0,0.0,0.0,10.00000000000004
2023-08-05,0.0,2023,8,5,1,22,0.0,0.0,0.0,0.0,0.0
2023-08-06,0.0,2023,8,6,1,22,0.0,0.0,0.0,0.0,0.0
2023-08-07,0.0,2023,8,7,1,22,0.0,0.0,0.0,0.0,0.0
2023-08-08,0.0,2023,8,8,1,22,0.0,0.0,0.0,0.0,0.0
2023-08-09,0.0,2023,8,9,1,22,0.0,0.0,0.0,0.0,0.0
2023-08-10,0.0,2023,8,10,1,22,0.0,0.0,0.0,0.0,0.0
2023-08-11,0.0,2023,8,11,2,23,0.0,0.0,0.0,0.0,0.0
2023-08-12,0.0,2023,8,12,2,23,0.0,0.0,0.0,0.0,0.0
2023-08-13,0.0,2023,8,13,2,23,0.0,0.0,0.0,0.0,0.0
2023-08-14,0.0,2023,8,14,2,23,0.0,0.0,0.0,0.0,0.0
2023-08-15,0.0,2023,8,15,2,23,0.0,0.0,0.0,0.0,0.0
2023-08-16,0.0,2023,8,16,2,23,0.0,0.0,0.0,0.0,0.0
2023-08-17,0.0,2023,8,17,2,23,0.0,0.0,0.0,0.0,0.0
2023-08-18,0.0,2023,8,18,2,23,0.0,0.0,0.0,0.0,0.0
2023-08-19,0.0,2023,8,19,2,23,0.0,0.0,0.0,0.0,0.0
2023-08-20,0.0,2023,8,20,2,23,0.0,0.0,0.0,0.0,0.0
2023-08-21,0.0,2023,8,21,3,24,0.0,0.0,0.0,0.0,0.0
2023-08-22,0.0,2023,8,22,3,24,0.0,0.0,0.0,0.0,0.0
2023-08-23,0.0,2023,8,23,3,24,0.0,0.0,0.0,0.0,0.0
2023-08-24,0.0,2023,8,24,3,24,0.0,0.0,0.0,0.0,0.0
2023-08-25,0.0,2023,8,25,3,24,0.0,0.0,0.0,0.0,0.0
2023-08-26,0.0,2023,8,26,3,24,0.0,0.0,0.0,0.0,0.0
2023-08-27,0.0,2023,8,27,3,24,0.0,0.0,0.0,0.0,0.0
2023-08-28,0.0,2023,8,28,3,24,0.0,0.0,0.0,0.0,0.0
2023-08-29,0.0,2023,8,29,3,24,0.0,0.0,0.0,0.0,0.0
2023-08-30,0.0,2023,8,30,3,24,0.0,0.0,0.0,0.0,0.0
2023-08-31,0.0,2023,8,31,3,24,0.0,0.0,0.0,0.0,0.0
2023-09-01,0.0,2023,9,1,1,25,0.0,0.0,0.0,0.0,0.0
2023-09-02,0.0,2023,9,2,1,25,0.0,0.0,0.0,0.0,0.0
2023-09-03,0.0,2023,9,3,1,25,0.0,0.0,0.0,0.0,0.0
2023-09-04,0.0,2023,9,4,1,25,0.0,0.0,0.0,0.0,0.0
2023-09-05,0.0,2023,9,5,1,25,0.0,0.0,0.0,0.0,0.0
2023-09-06,0.0,2023,9,6,1,25,0.0,0.0,0.0,0.0,0.0
2023-09-07,0.0,2023,9,7,1,25,0.0,0.0,0.0,0.0,0.0
2023-09-08,0.0,2023,9,8,1,25,0.0,0.0,0.0,0.0,0.0
2023-09-09,0.0,2023,9,9,1,25,0.0,0.0,0.0,0.0,0.0
2023-09-10,0.0,2023,9,10,1,25,0.0,0.0,0.0,0.0,0.0
2023-09-11,0.0,2023,9,11,2,26,0.0,0.0,0.0,0.0,0.0
2023-09-12,0.0,2023,9,12,2,26,0.0,0.0,0.0,0.0,0.0
2023-09-13,0.0,2023,9,13,2,26,0.0,0.0,0.0,0.0,0.0
2023-09-14,0.0,2023,9,14,2,26,0.0,0.0,0.0,0.0,0.0
2023-09-15,0.0,2023,9,15,2,26,0.0,0.0,0.0,0.0,0.0
2023-09-16,0.0,2023,9,16,2,26,0.0,0.0,0.0,0.0,0.0
2023-09-17,0.0,2023,9,17,2,26,0.0,0.0,0.0,0.0,0.0
2023-09-18,0.0,2023,9,18,2,26,0.0,0.0,0.0,0.0,0.0
2023-09-19,0.0,2023,9,19,2,26,0.0,0.0,0.0,0.0,0.0
2023-09-20,0.0,2023,9,20,2,26,0.0,0.0,0.0,0.0,0.0
2023-09-21,0.0,2023,9,21,3,27,0.0,0.0,0.0,0.0,0.0
2023-09-22,0.0,2023,9,22,3,27,0.0,0.0,0.0,0.0,0.0
2023-09-23,0.0,2023,9,23,3,27,0.0,0.0,0.0,0.0,0.0
2023-09-24,0.5,2023,9,24,3,27,0.5,0.5,0.4999999999999858,0.4999999999999556,0.5000000000000409
2023-09-25,0.0,2023,9,25,3,27,0.0,0.5,0.4999999999999858,0.4999999999999556,0.5000000000000409
2023-09-26,0.0,2023,9,26,3,27,0.0,0.5,0.4999999999999858,0.4999999999999556,0.5000000000000409
2023-09-27,0.0,2023,9,27,3,27,0.0,0.0,0.4999999999999858,0.4999999999999556,0.5000000000000409
2023-09-28,0.0,2023,9,28,3,27,0.0,0.0,0.4999999999999858,0.4999999999999556,0.5000000000000409
2023-09-29,0.0,2023,9,29,3,27,0.0,0.0,0.0,0.4999999999999556,0.5000000000000409
2023-09-30,0.0,2023,9,30,3,27,0.0,0.0,0.0,0.4999999999999556,0.5000000000000409
2023-10-01,0.0,2023,10,1,1,28,0.0,0.0,0.0,0.0,0.5000000000000409
2023-10-02,0.0,2023,10,2,1,28,0.0,0.0,0.0,0.0,0.5000000000000409
2023-10-03,0.0,2023,10,3,1,28,0.0,0.0,0.0,0.0,0.5000000000000409
2023-10-04,0.0,2023,10,4,1,28,0.0,0.0,0.0,0.0,0.0
2023-10-05,0.0,2023,10,5,1,28,0.0,0.0,0.0,0.0,0.0
2023-10-06,0.0,2023,10,6,1,28,0.0,0.0,0.0,0.0,0.0
2023-10-07,0.0,2023,10,7,1,28,0.0,0.0,0.0,0.0,0.0
2023-10-08,0.0,2023,10,8,1,28,0.0,0.0,0.0,0.0,0.0
2023-10-09,0.0,2023,10,9,1,28,0.0,0.0,0.0,0.0,0.0
2023-10-10,0.0,2023,10,10,1,28,0.0,0.0,0.0,0.0,0.0
2023-10-11,0.0,2023,10,11,2,29,0.0,0.0,0.0,0.0,0.0
2023-10-12,0.0,2023,10,12,2,29,0.0,0.0,0.0,0.0,0.0
2023-10-13,0.0,2023,10,13,2,29,0.0,0.0,0.0,0.0,0.0
2023-10-14,0.0,2023,10,14,2,29,0.0,0.0,0.0,0.0,0.0
2023-10-15,0.0,2023,10,15,2,29,0.0,0.0,0.0,0.0,0.0
2023-10-16,0.0,2023,10,16,2,29,0.0,0.0,0.0,0.0,0.0
2023-10-17,0.0,2023,10,17,2,29,0.0,0.0,0.0,0.0,0.0
2023-10-18,0.0,2023,10,18,2,29,0.0,0.0,0.0,0.0,0.0
2023-10-19,0.0,2023,10,19,2,29,0.0,0.0,0.0,0.0,0.0
2023-10-20,0.0,2023,10,20,2,29,0.0,0.0,0.0,0.0,0.0
2023-10-21,0.0,2023,10,21,3,30,0.0,0.0,0.0,0.0,0.0
2023-10-22,0.0,2023,10,22,3,30,0.0,0.0,0.0,0.0,0.0
2023-10-23,0.0,2023,10,23,3,30,0.0,0.0,0.0,0.0,0.0
2023-10-24,0.0,2023,10,24,3,30,0.0,0.0,0.0,0.0,0.0
2023-10-25,0.0,2023,10,25,3,30,0.0,0.0,0.0,0.0,0.0
2023-10-26,0.0,2023,10,26,3,30,0.0,0.0,0.0,0.0,0.0
2023-10-27,0.0,2023,10,27,3,30,0.0,0.0,0.0,0.0,0.0
2023-10-28,0.0,2023,10,28,3,30,0.0,0.0,0.0,0.0,0.0
2023-10-29,0.0,2023,10,29,3,30,0.0,0.0,0.0,0.0,0.0
2023-10-30,0.0,2023,10,30,3,30,0.0,0.0,0.0,0.0,0.0
2023-10-31,0.0,2023,10,31,3,30,0.0,0.0,0.0,0.0,0.0
2023-11-01,0.5,2023,11,1,1,31,0.5,0.5,0.4999999999999858,0.4999999999999556,0.5000000000000409
2023-11-02,0.0,2023,11,2,1,31,0.0,0.5,0.4999999999999858,0.4999999999999556,0.5000000000000409
2023-11-03,1.0,2023,11,3,1,31,1.0,1.5,1.4999999999999858,1.4999999999999556,1.5000000000000409
2023-11-04,0.0,2023,11,4,1,31,0.0,1.0,1.4999999999999858,1.4999999999999556,1.5000000000000409
2023-11-05,20.2,2023,11,5,1,31,20.2,21.2,21.699999999999985,21.699999999999953,21.70000000000004
2023-11-06,2.8,2023,11,6,1,31,2.8,23.0,23.999999999999986,24.499999999999957,24.500000000000043
2023-11-07,0.3,2023,11,7,1,31,0.3,23.3,24.299999999999986,24.799999999999958,24.800000000000043
2023-11-08,0.0,2023,11,8,1,31,0.0,3.0999999999999996,23.299999999999986,24.299999999999958,24.800000000000043
2023-11-09,0.0,2023,11,9,1,31,0.0,0.3,23.299999999999986,24.299999999999958,24.800000000000043
2023-11-10,0.0,2023,11,10,1,31,0.0,0.0,3.0999999999999854,23.299999999999958,24.800000000000043
2023-11-11,0.0,2023,11,11,2,32,0.0,0.0,0.2999999999999858,23.299999999999958,24.300000000000043
2023-11-12,2.5,2023,11,12,2,32,2.5,2.5,2.499999999999986,5.599999999999957,26.80000000000004
2023-11-13,0.0,2023,11,13,2,32,0.0,2.5,2.499999999999986,2.799999999999957,25.80000000000004
2023-11-14,0.0,2023,11,14,2,32,0.0,2.5,2.499999999999986,2.4999999999999574,25.80000000000004
2023-11-15,13.2,2023,11,15,2,32,13.2,13.2,15.699999999999985,15.699999999999957,18.80000000000004
2023-11-16,13.5,2023,11,16,2,32,13.5,26.7,29.199999999999985,29.199999999999957,29.500000000000043
2023-11-17,0.0,2023,11,17,2,32,0.0,26.7,26.699999999999985,29.199999999999957,29.20000000000004
2023-11-18,0.0,2023,11,18,2,32,0.0,13.5,26.699999999999985,29.199999999999957,29.20000000000004
2023-11-19,0.0,2023,11,19,2,32,0.0,0.0,26.699999999999985,26.699999999999957,29.20000000000004
2023-11-20,0.8,2023,11,20,2,32,0.8,0.8,14.299999999999986,27.499999999999957,30.00000000000004
2023-11-21,0.0,2023,11,21,3,33,0.0,0.8,0.7999999999999858,27.499999999999957,30.00000000000004
2023-11-22,0.5,2023,11,22,3,33,0.5,1.3,1.2999999999999858,14.799999999999958,28.000000000000043
2023-11-23,0.0,2023,11,23,3,33,0.0,0.5,1.2999999999999858,1.2999999999999574,28.000000000000043
2023-11-24,0.0,2023,11,24,3,33,0.0,0.5,1.2999999999999858,1.2999999999999574,28.000000000000043
2023-11-25,7.2,2023,11,25,3,33,7.2,7.2,7.699999999999986,8.499999999999957,22.000000000000043
2023-11-26,63.6,2023,11,26,3,33,63.6,70.8,71.29999999999998,72.09999999999997,72.10000000000005
2023-11-27,0.0,2023,11,27,3,33,0.0,70.80000000000001,70.79999999999998,71.29999999999995,72.10000000000005
2023-11-28,0.0,2023,11,28,3,33,0.0,63.6,70.79999999999998,71.29999999999995,72.10000000000005
2023-11-29,8.5,2023,11,29,3,33,8.5,8.5,79.29999999999998,79.29999999999995,80.60000000000005
2023-11-30,3.6,2023,11,30,3,33,3.6,12.1,75.69999999999999,82.89999999999996,83.40000000000005
2023-12-01,9.6,2023,12,1,1,34,9.6,21.7,21.699999999999985,92.49999999999996,93.00000000000004
2023-12-02,18.9,2023,12,2,1,34,18.9,32.099999999999994,40.59999999999998,104.19999999999996,111.40000000000005
2023-12-03,7.0,2023,12,3,1,34,7.0,35.5,47.59999999999998,47.59999999999995,118.40000000000005
2023-12-04,3.3,2023,12,4,1,34,3.3,29.2,42.399999999999984,50.899999999999956,121.70000000000005
2023-12-05,0.0,2023,12,5,1,34,0.0,10.3,38.79999999999998,50.899999999999956,114.50000000000004
2023-12-06,0.0,2023,12,6,1,34,0.0,3.3,29.199999999999985,42.399999999999956,50.90000000000004
2023-12-07,0.7,2023,12,7,1,34,0.7,0.7,10.999999999999986,39.49999999999995,51.60000000000004
2023-12-08,0.0,2023,12,8,1,34,0.0,0.7,3.999999999999986,29.899999999999956,51.60000000000004
2023-12-09,0.0,2023,12,9,1,34,0.0,0.7,0.6999999999999857,10.999999999999957,43.10000000000004
2023-12-10,0.0,2023,12,10,1,34,0.0,0.0,0.6999999999999857,3.9999999999999574,39.500000000000036
2023-12-11,0.0,2023,12,11,2,35,0.0,0.0,0.6999999999999857,0.6999999999999573,29.90000000000004
2023-12-12,0.0,2023,12,12,2,35,0.0,0.0,0.0,0.6999999999999573,11.000000000000043
2023-12-13,0.0,2023,12,13,2,35,0.0,0.0,0.0,0.6999999999999573,4.000000000000043
2023-12-14,0.0,2023,12,14,2,35,0.0,0.0,0.0,0.0,0.7000000000000426
2023-12-15,0.0,2023,12,15,2,35,0.0,0.0,0.0,0.0,0.7000000000000426
2023-12-16,0.0,2023,12,16,2,35,0.0,0.0,0.0,0.0,0.7000000000000426
2023-12-17,0.0,2023,12,17,2,35,0.0,0.0,0.0,0.0,0.0
2023-12-18,0.0,2023,12,18,2,35,0.0,0.0,0.0,0.0,0.0
2023-12-19,0.0,2023,12,19,2,35,0.0,0.0,0.0,0.0,0.0
2023-12-20,0.0,2023,12,20,2,35,0.0,0.0,0.0,0.0,0.0
2023-12-21,0.0,2023,12,21,3,36,0.0,0.0,0.0,0.0,0.0
2023-12-22,0.0,2023,12,22,3,36,0.0,0.0,0.0,0.0,0.0
2023-12-23,0.0,2023,12,23,3,36,0.0,0.0,0.0,0.0,0.0
2023-12-24,0.0,2023,12,24,3,36,0.0,0.0,0.0,0.0,0.0
2023-12-25,1.7,2023,12,25,3,36,1.7,1.7,1.6999999999999857,1.6999999999999573,1.7000000000000426
2023-12-26,5.4,2023,12,26,3,36,5.4,7.1000000000000005,7.099999999999986,7.099999999999958,7.100000000000043
2023-12-27,0.8,2023,12,27,3,36,0.8,7.9,7.899999999999986,7.899999999999958,7.900000000000043
2023-12-28,12.9,2023,12,28,3,36,12.9,19.1,20.799999999999986,20.799999999999958,20.800000000000043
2023-12-29,0.0,2023,12,29,3,36,0.0,13.7,20.799999999999986,20.799999999999958,20.800000000000043
2023-12-30,17.5,2023,12,30,3,36,17.5,30.4,36.59999999999999,38.299999999999955,38.30000000000004
2023-12-31,0.0,2023,12,31,3,36,0.0,17.5,31.199999999999985,38.299999999999955,38.30000000000004
2024-01-01,39.5,2024,1,1,1,1,39.5,57.0,69.89999999999998,76.09999999999995,77.80000000000004
2024-01-02,0.0,2024,1,2,1,1,0.0,39.5,56.999999999999986,70.69999999999996,77.80000000000004
2024-01-03,0.0,2024,1,3,1,1,0.0,39.5,56.999999999999986,69.89999999999995,77.80000000000004
2024-01-04,4.8,2024,1,4,1,1,4.8,4.8,44.29999999999998,61.799999999999955,80.90000000000003
2024-01-05,35.7,2024,1,5,1,1,35.7,40.5,79.99999999999999,97.49999999999996,111.20000000000005
2024-01-06,0.5,2024,1,6,1,1,0.5,41.0,40.999999999999986,80.49999999999996,110.90000000000003
2024-01-07,0.0,2024,1,7,1,1,0.0,36.2,40.999999999999986,80.49999999999996,98.00000000000004
2024-01-08,35.8,2024,1,8,1,1,35.8,36.3,76.79999999999998,76.79999999999995,133.80000000000004
2024-01-09,0.0,2024,1,9,1,1,0.0,35.8,71.99999999999999,76.79999999999995,116.30000000000004
2024-01-10,0.0,2024,1,10,1,1,0.0,35.8,36.29999999999998,76.79999999999995,116.30000000000004
2024-01-11,11.2,2024,1,11,2,2,11.2,11.2,46.999999999999986,83.19999999999996,88.00000000000004
2024-01-12,8.3,2024,1,12,2,2,8.3,19.5,55.29999999999998,55.799999999999955,96.30000000000004
2024-01-13,0.5,2024,1,13,2,2,0.5,20.0,19.999999999999986,55.799999999999955,96.80000000000004
2024-01-14,0.0,2024,1,14,2,2,0.0,8.8,19.999999999999986,55.799999999999955,92.00000000000004
2024-01-15,6.4,2024,1,15,2,2,6.4,6.9,26.399999999999984,26.399999999999956,62.70000000000004
2024-01-16,60.7,2024,1,16,2,2,60.7,67.10000000000001,75.89999999999999,87.09999999999997,122.90000000000003
2024-01-17,1.1,2024,1,17,2,2,1.1,68.2,68.69999999999999,88.19999999999996,124.00000000000004
2024-01-18,6.8,2024,1,18,2,2,6.8,68.60000000000001,75.0,83.79999999999995,95.00000000000004
2024-01-19,49.5,2024,1,19,2,2,49.5,57.4,124.5,124.99999999999996,144.50000000000006
2024-01-20,16.9,2024,1,20,2,2,16.9,73.19999999999999,135.0,141.39999999999995,161.40000000000003
2024-01-21,12.2,2024,1,21,3,3,12.2,78.6,86.49999999999999,153.59999999999997,162.40000000000006
2024-01-22,21.7,2024,1,22,3,3,21.7,50.8,107.1,168.89999999999995,175.80000000000004
2024-01-23,2.0,2024,1,23,3,3,2.0,35.9,102.29999999999998,110.19999999999996,177.30000000000004
2024-01-24,3.5,2024,1,24,3,3,3.5,27.2,56.29999999999998,112.59999999999995,180.80000000000004
2024-01-25,1.0,2024,1,25,3,3,1.0,6.5,40.399999999999984,106.79999999999995,175.40000000000003
2024-01-26,0.0,2024,1,26,3,3,0.0,4.5,28.199999999999985,57.299999999999955,114.70000000000005
2024-01-27,6.1,2024,1,27,3,3,6.1,7.1,12.599999999999985,46.49999999999996,119.70000000000003
2024-01-28,8.7,2024,1,28,3,3,8.7,14.799999999999999,19.299999999999983,42.99999999999995,121.60000000000004
2024-01-29,8.0,2024,1,29,3,3,8.0,22.799999999999997,23.799999999999983,29.299999999999955,80.10000000000004
2024-01-30,18.9,2024,1,30,3,3,18.9,35.599999999999994,41.69999999999998,46.19999999999995,82.10000000000004
2024-01-31,8.7,2024,1,31,3,3,8.7,35.599999999999994,50.39999999999998,51.39999999999995,78.60000000000004
2024-02-01,0.0,2024,2,1,1,4,0.0,27.599999999999998,44.29999999999998,50.39999999999995,56.900000000000034
2024-02-02,11.7,2024,2,2,1,4,11.7,20.4,47.29999999999998,62.09999999999995,66.60000000000004
2024-02-03,3.6,2024,2,3,1,4,3.6,15.299999999999999,42.899999999999984,59.59999999999995,66.70000000000003
2024-02-04,15.4,2024,2,4,1,4,15.4,30.7,39.399999999999984,66.29999999999995,81.10000000000004
2024-02-05,0.0,2024,2,5,1,4,0.0,19.0,30.699999999999985,58.299999999999955,81.10000000000004
2024-02-06,4.1,2024,2,6,1,4,4.1,19.5,34.79999999999998,43.49999999999996,79.10000000000004
2024-02-07,5.8,2024,2,7,1,4,5.8,9.899999999999999,28.899999999999984,40.59999999999995,76.20000000000005
2024-02-08,9.9,2024,2,8,1,4,9.9,19.8,35.19999999999999,50.49999999999996,78.10000000000004
2024-02-09,0.0,2024,2,9,1,4,0.0,15.700000000000001,19.799999999999986,38.799999999999955,59.200000000000045
2024-02-10,0.0,2024,2,10,1,4,0.0,9.900000000000002,19.799999999999986,35.19999999999996,50.50000000000004
2024-02-11,0.2,2024,2,11,2,5,0.2,0.2,15.899999999999986,19.999999999999957,50.70000000000004
2024-02-12,0.2,2024,2,12,2,5,0.2,0.4,10.299999999999988,20.199999999999957,39.200000000000045
2024-02-13,6.7,2024,2,13,2,5,6.7,7.1000000000000005,7.099999999999986,22.79999999999996,42.30000000000004
2024-02-14,15.2,2024,2,14,2,5,15.2,22.1,22.299999999999986,32.19999999999996,42.100000000000044
2024-02-15,0.0,2024,2,15,2,5,0.0,21.9,22.299999999999986,22.299999999999958,42.100000000000044
2024-02-16,45.2,2024,2,16,2,5,45.2,60.4,67.29999999999998,67.49999999999996,83.20000000000005
2024-02-17,8.7,2024,2,17,2,5,8.7,53.900000000000006,75.79999999999998,76.19999999999996,86.10000000000005
2024-02-18,1.1,2024,2,18,2,5,1.1,55.0,70.19999999999999,77.09999999999995,77.30000000000004
2024-02-19,0.0,2024,2,19,2,5,0.0,9.799999999999999,54.999999999999986,76.89999999999995,77.30000000000004
2024-02-20,1.1,2024,2,20,2,5,1.1,2.2,56.09999999999999,71.29999999999997,78.40000000000005
2024-02-21,0.0,2024,2,21,3,6,0.0,1.1,10.899999999999984,56.09999999999996,78.20000000000005
2024-02-22,0.0,2024,2,22,3,6,0.0,1.1,2.199999999999986,56.09999999999995,78.00000000000006
2024-02-23,0.0,2024,2,23,3,6,0.0,0.0,1.0999999999999859,10.899999999999949,71.30000000000005
2024-02-24,0.0,2024,2,24,3,6,0.0,0.0,1.0999999999999859,2.1999999999999504,56.100000000000044
2024-02-25,6.2,2024,2,25,3,6,6.2,6.2,6.199999999999986,7.299999999999951,62.30000000000005
2024-02-26,4.2,2024,2,26,3,6,4.2,10.4,10.399999999999986,11.49999999999995,21.300000000000043
2024-02-27,0.0,2024,2,27,3,6,0.0,10.4,10.399999999999986,10.39999999999995,12.600000000000044
2024-02-28,56.1,2024,2,28,3,6,56.1,60.300000000000004,66.49999999999999,66.49999999999996,67.60000000000005
2024-02-29,1.9,2024,2,29,3,6,1.9,58.0,68.39999999999999,68.39999999999995,69.50000000000004
2024-03-01,0.4,2024,3,1,1,7,0.4,58.4,62.59999999999998,68.79999999999995,68.80000000000005
2024-03-02,0.0,2024,3,2,1,7,0.0,2.3,58.399999999999984,68.79999999999995,68.80000000000005
2024-03-03,36.7,2024,3,3,1,7,36.7,37.1,95.1,99.29999999999995,105.50000000000006
2024-03-04,7.9,2024,3,4,1,7,7.9,44.6,46.899999999999984,102.99999999999994,113.40000000000005
2024-03-05,1.2,2024,3,5,1,7,1.2,45.800000000000004,46.19999999999999,104.19999999999995,114.60000000000005
2024-03-06,1.0,2024,3,6,1,7,1.0,10.1,46.79999999999999,49.09999999999995,109.40000000000005
2024-03-07,1.0,2024,3,7,1,7,1.0,3.2,47.79999999999999,48.19999999999995,106.20000000000005
2024-03-08,1.3,2024,3,8,1,7,1.3,3.3,12.399999999999986,49.09999999999995,107.50000000000004
2024-03-09,0.5,2024,3,9,1,7,0.5,2.8,4.999999999999986,49.59999999999995,51.90000000000004
2024-03-10,28.4,2024,3,10,1,7,28.4,30.2,32.19999999999998,41.29999999999995,78.40000000000003
2024-03-11,1.3,2024,3,11,2,8,1.3,30.2,32.499999999999986,34.699999999999946,79.30000000000004
2024-03-12,1.6,2024,3,12,2,8,1.6,31.299999999999997,33.09999999999999,35.099999999999945,80.90000000000003
2024-03-13,16.2,2024,3,13,2,8,16.2,19.099999999999998,47.999999999999986,50.29999999999994,60.400000000000034
2024-03-14,1.9,2024,3,14,2,8,1.9,19.699999999999996,49.399999999999984,51.199999999999946,54.40000000000004
2024-03-15,15.6,2024,3,15,2,8,15.6,33.7,36.59999999999998,65.49999999999994,68.80000000000004
2024-03-16,7.3,2024,3,16,2,8,7.3,24.8,42.59999999999999,72.29999999999994,75.10000000000004
2024-03-17,43.4,2024,3,17,2,8,43.4,66.3,84.39999999999998,87.29999999999995,117.50000000000003
2024-03-18,2.2,2024,3,18,2,8,2.2,52.900000000000006,70.39999999999998,88.19999999999995,118.40000000000003
2024-03-19,12.4,2024,3,19,2,8,12.4,58.00000000000001,80.89999999999999,98.99999999999994,130.30000000000004
2024-03-20,0.0,2024,3,20,2,8,0.0,14.600000000000009,65.29999999999998,82.79999999999995,101.90000000000003
2024-03-21,0.0,2024,3,21,3,9,0.0,12.40000000000001,57.999999999999986,80.89999999999995,100.60000000000004
2024-03-22,42.5,2024,3,22,3,9,42.5,42.50000000000001,57.09999999999999,107.79999999999995,141.50000000000006
2024-03-23,0.0,2024,3,23,3,9,0.0,42.50000000000001,54.899999999999984,100.49999999999996,125.30000000000004
2024-03-24,0.0,2024,3,24,3,9,0.0,42.50000000000001,42.499999999999986,57.09999999999995,123.40000000000005
2024-03-25,41.7,2024,3,25,3,9,41.7,41.70000000000001,84.19999999999999,96.59999999999995,149.50000000000006
2024-03-26,0.8,2024,3,26,3,9,0.8,42.50000000000001,84.99999999999999,84.99999999999996,143.00000000000006
2024-03-27,23.5,2024,3,27,3,9,23.5,66.00000000000001,65.99999999999999,108.49999999999994,123.10000000000005
2024-03-28,1.5,2024,3,28,3,9,1.5,25.800000000000008,67.49999999999999,109.99999999999994,122.40000000000005
2024-03-29,20.2,2024,3,29,3,9,20.2,45.2,87.69999999999999,87.69999999999995,130.20000000000005
2024-03-30,0.0,2024,3,30,3,9,0.0,21.700000000000006,45.999999999999986,87.69999999999996,130.20000000000005
2024-03-31,0.0,2024,3,31,3,9,0.0,20.200000000000006,45.19999999999999,87.69999999999996,130.20000000000005
2024-04-01,18.0,2024,4,1,1,10,18.0,18.000000000000007,39.69999999999999,63.99999999999995,105.70000000000005
2024-04-02,0.0,2024,4,2,1,10,0.0,18.000000000000007,38.19999999999999,63.19999999999995,105.70000000000005
2024-04-03,0.0,2024,4,3,1,10,0.0,18.000000000000007,17.999999999999986,39.699999999999946,105.70000000000005
2024-04-04,11.3,2024,4,4,1,10,11.3,11.300000000000008,29.299999999999986,49.49999999999994,75.30000000000004
2024-04-05,0.0,2024,4,5,1,10,0.0,11.300000000000008,29.299999999999986,29.29999999999995,74.50000000000004
2024-04-06,0.0,2024,4,6,1,10,0.0,11.300000000000008,11.299999999999986,29.29999999999995,51.00000000000004
2024-04-07,0.0,2024,4,7,1,10,0.0,0.0,11.299999999999986,29.29999999999995,49.50000000000004
2024-04-08,0.8,2024,4,8,1,10,0.8,0.8000000000000071,12.099999999999987,12.099999999999952,30.100000000000044
2024-04-09,0.0,2024,4,9,1,10,0.0,0.8000000000000071,0.7999999999999858,12.099999999999952,30.100000000000044
2024-04-10,5.4,2024,4,10,1,10,5.4,6.200000000000007,6.199999999999986,17.49999999999995,35.50000000000004
2024-04-11,0.1,2024,4,11,2,11,0.1,5.500000000000007,6.299999999999986,6.29999999999995,17.600000000000044
2024-04-12,0.2,2024,4,12,2,11,0.2,5.700000000000007,6.499999999999986,6.49999999999995,17.800000000000043
2024-04-13,51.0,2024,4,13,2,11,51.0,51.300000000000004,56.69999999999999,57.49999999999995,68.80000000000004
2024-04-14,0.6,2024,4,14,2,11,0.6,51.800000000000004,57.29999999999999,58.09999999999995,58.100000000000044
2024-04-15,0.0,2024,4,15,2,11,0.0,51.60000000000001,51.89999999999999,57.299999999999955,58.10000000000004
2024-04-16,0.0,2024,4,16,2,11,0.0,0.6000000000000071,51.79999999999999,57.299999999999955,58.10000000000004
2024-04-17,6.5,2024,4,17,2,11,6.5,6.500000000000007,58.09999999999999,58.39999999999995,64.60000000000004
2024-04-18,26.2,2024,4,18,2,11,26.2,32.7,33.29999999999998,84.49999999999994,90.00000000000003
2024-04-19,0.9,2024,4,19,2,11,0.9,33.60000000000001,33.59999999999998,85.19999999999995,90.90000000000003
2024-04-20,0.8,2024,4,20,2,11,0.8,27.900000000000006,34.399999999999984,34.99999999999995,86.30000000000003
2024-04-21,3.4,2024,4,21,3,12,3.4,5.100000000000007,37.79999999999998,37.79999999999995,89.60000000000004
2024-04-22,0.5,2024,4,22,3,12,0.5,4.700000000000006,31.799999999999983,38.29999999999995,89.90000000000003
2024-04-23,0.0,2024,4,23,3,12,0.0,3.900000000000007,5.599999999999985,38.29999999999995,38.900000000000034
2024-04-24,0.7,2024,4,24,3,12,0.7,1.200000000000007,5.399999999999985,32.49999999999994,39.00000000000003
2024-04-25,0.0,2024,4,25,3,12,0.0,0.7000000000000071,4.599999999999985,6.29999999999995,39.00000000000003
2024-04-26,14.5,2024,4,26,3,12,14.5,15.200000000000006,15.699999999999985,19.89999999999995,53.50000000000003
2024-04-27,17.5,2024,4,27,3,12,17.5,32.00000000000001,32.69999999999999,36.59999999999995,64.50000000000003
2024-04-28,5.3,2024,4,28,3,12,5.3,37.300000000000004,37.999999999999986,38.49999999999995,43.60000000000004
2024-04-29,0.0,2024,4,29,3,12,0.0,22.800000000000008,37.29999999999998,37.99999999999995,42.70000000000004
2024-04-30,0.0,2024,4,30,3,12,0.0,5.300000000000007,37.29999999999998,37.99999999999995,41.900000000000034
2024-05-01,0.6,2024,5,1,1,13,0.6,0.6000000000000071,23.399999999999984,37.89999999999995,39.10000000000004
2024-05-02,40.5,2024,5,2,1,13,40.5,41.10000000000001,46.399999999999984,78.39999999999995,79.10000000000004
2024-05-03,3.6,2024,5,3,1,13,3.6,44.70000000000001,44.69999999999999,67.49999999999994,82.70000000000003
2024-05-04,2.4,2024,5,4,1,13,2.4,46.50000000000001,47.09999999999999,52.39999999999995,84.40000000000003
2024-05-05,29.3,2024,5,5,1,13,29.3,35.30000000000001,76.39999999999999,76.39999999999995,113.70000000000003
2024-05-06,0.0,2024,5,6,1,13,0.0,31.700000000000006,75.79999999999998,76.39999999999995,99.20000000000003
2024-05-07,30.3,2024,5,7,1,13,30.3,59.60000000000001,65.6,106.69999999999996,112.00000000000003
2024-05-08,0.0,2024,5,8,1,13,0.0,30.300000000000008,61.999999999999986,106.09999999999994,106.70000000000005
2024-05-09,0.0,2024,5,9,1,13,0.0,30.300000000000008,59.59999999999999,65.59999999999994,106.70000000000005
2024-05-10,0.0,2024,5,10,1,13,0.0,0.0,30.299999999999986,61.99999999999995,106.70000000000005
2024-05-11,0.0,2024,5,11,2,14,0.0,0.0,30.299999999999986,59.59999999999995,106.10000000000005
2024-05-12,53.1,2024,5,12,2,14,53.1,53.10000000000001,53.09999999999999,83.39999999999995,118.70000000000005
2024-05-13,0.0,2024,5,13,2,14,0.0,53.10000000000001,53.09999999999999,83.39999999999995,115.10000000000004
2024-05-14,9.2,2024,5,14,2,14,9.2,62.30000000000001,62.29999999999998,62.299999999999955,121.90000000000005
2024-05-15,0.0,2024,5,15,2,14,0.0,9.200000000000006,62.29999999999998,62.299999999999955,92.60000000000004
2024-05-16,0.0,2024,5,16,2,14,0.0,9.200000000000006,62.29999999999998,62.299999999999955,92.60000000000004
2024-05-17,14.5,2024,5,17,2,14,14.5,14.500000000000007,23.699999999999985,76.79999999999995,76.80000000000004
2024-05-18,0.0,2024,5,18,2,14,0.0,14.500000000000007,23.699999999999985,76.79999999999995,76.80000000000004
2024-05-19,0.0,2024,5,19,2,14,0.0,14.500000000000007,14.499999999999986,23.69999999999995,76.80000000000004
2024-05-20,1.6,2024,5,20,2,14,1.6,1.6000000000000072,16.099999999999987,25.29999999999995,78.40000000000003
2024-05-21,0.0,2024,5,21,3,15,0.0,1.6000000000000072,16.099999999999987,16.09999999999995,78.40000000000003
2024-05-22,0.0,2024,5,22,3,15,0.0,1.6000000000000072,1.5999999999999859,16.09999999999995,25.300000000000036
2024-05-23,20.0,2024,5,23,3,15,20.0,20.000000000000007,21.599999999999987,36.09999999999995,45.30000000000004
2024-05-24,65.1,2024,5,24,3,15,65.1,85.1,86.69999999999999,86.69999999999995,101.20000000000003
2024-05-25,33.9,2024,5,25,3,15,33.9,119.0,119.0,120.59999999999994,135.10000000000002
2024-05-26,1.0,2024,5,26,3,15,1.0,100.0,120.0,121.59999999999994,136.10000000000002
2024-05-27,0.0,2024,5,27,3,15,0.0,34.9,120.0,119.99999999999994,121.60000000000002
2024-05-28,0.0,2024,5,28,3,15,0.0,1.0,100.0,119.99999999999994,121.60000000000002
2024-05-29,0.0,2024,5,29,3,15,0.0,0.0,34.9,119.99999999999994,121.60000000000002
2024-05-30,0.0,2024,5,30,3,15,0.0,0.0,1.0,99.99999999999994,120.00000000000003
2024-05-31,0.0,2024,5,31,3,15,0.0,0.0,0.0,34.899999999999956,120.00000000000003
2024-06-01,0.0,2024,6,1,1,16,0.0,0.0,0.0,0.9999999999999574,120.00000000000003
2024-06-02,0.0,2024,6,2,1,16,0.0,0.0,0.0,0.0,100.00000000000003
2024-06-03,0.4,2024,6,3,1,16,0.4,0.4,0.4,0.3999999999999574,35.30000000000004
2024-06-04,13.5,2024,6,4,1,16,13.5,13.9,13.9,13.899999999999958,14.900000000000043
2024-06-05,0.0,2024,6,5,1,16,0.0,13.9,13.9,13.899999999999958,13.900000000000043
2024-06-06,0.0,2024,6,6,1,16,0.0,13.5,13.9,13.899999999999958,13.900000000000043
2024-06-07,0.0,2024,6,7,1,16,0.0,0.0,13.9,13.899999999999958,13.900000000000043
2024-06-08,0.0,2024,6,8,1,16,0.0,0.0,13.5,13.899999999999958,13.900000000000043
2024-06-09,0.0,2024,6,9,1,16,0.0,0.0,0.0,13.899999999999958,13.900000000000043
2024-06-10,0.0,2024,6,10,1,16,0.0,0.0,0.0,13.499999999999957,13.900000000000043
2024-06-11,5.2,2024,6,11,2,17,5.2,5.2,5.2,5.1999999999999575,19.100000000000044
2024-06-12,0.4,2024,6,12,2,17,0.4,5.6000000000000005,5.6000000000000005,5.599999999999958,19.500000000000043
2024-06-13,0.0,2024,6,13,2,17,0.0,5.6000000000000005,5.6000000000000005,5.599999999999958,19.100000000000044
2024-06-14,0.0,2024,6,14,2,17,0.0,0.4,5.6000000000000005,5.599999999999958,5.600000000000043
2024-06-15,40.6,2024,6,15,2,17,40.6,40.6,46.2,46.19999999999996,46.200000000000045
2024-06-16,6.6,2024,6,16,2,17,6.6,47.2,47.6,52.79999999999996,52.80000000000005
2024-06-17,0.0,2024,6,17,2,17,0.0,47.2,47.2,52.79999999999996,52.80000000000005
2024-06-18,0.0,2024,6,18,2,17,0.0,6.6,47.2,47.59999999999996,52.80000000000005
2024-06-19,0.0,2024,6,19,2,17,0.0,0.0,47.2,47.19999999999996,52.80000000000005
2024-06-20,0.0,2024,6,20,2,17,0.0,0.0,6.6,47.19999999999996,52.80000000000005
2024-06-21,0.0,2024,6,21,3,18,0.0,0.0,0.0,47.19999999999996,47.600000000000044
2024-06-22,0.0,2024,6,22,3,18,0.0,0.0,0.0,6.599999999999957,47.200000000000045
2024-06-23,0.0,2024,6,23,3,18,0.0,0.0,0.0,0.0,47.200000000000045
2024-06-24,0.0,2024,6,24,3,18,0.0,0.0,0.0,0.0,47.200000000000045
2024-06-25,0.0,2024,6,25,3,18,0.0,0.0,0.0,0.0,6.600000000000042
2024-06-26,2.1,2024,6,26,3,18,2.1,2.1,2.1,2.0999999999999575,2.1000000000000427
2024-06-27,0.0,2024,6,27,3,18,0.0,2.1,2.1,2.0999999999999575,2.1000000000000427
2024-06-28,2.0,2024,6,28,3,18,2.0,4.1,4.1,4.099999999999957,4.100000000000042
2024-06-29,0.0,2024,6,29,3,18,0.0,2.0,4.1,4.099999999999957,4.100000000000042
2024-06-30,58.7,2024,6,30,3,18,58.7,60.7,62.800000000000004,62.79999999999996,62.80000000000005
2024-07-01,0.0,2024,7,1,1,19,0.0,58.7,60.7,62.79999999999996,62.80000000000005
2024-07-02,0.0,2024,7,2,1,19,0.0,58.7,60.7,62.79999999999996,62.80000000000005
2024-07-03,0.0,2024,7,3,1,19,0.0,0.0,58.7,60.69999999999996,62.80000000000005
2024-07-04,6.8,2024,7,4,1,19,6.8,6.8,65.5,67.49999999999996,69.60000000000005
2024-07-05,6.4,2024,7,5,1,19,6.4,13.2,13.2,71.89999999999996,76.00000000000004
2024-07-06,4.0,2024,7,6,1,19,4.0,17.2,17.2,75.89999999999996,77.90000000000005
2024-07-07,36.6,2024,7,7,1,19,36.6,47.0,53.8,53.79999999999996,114.50000000000006
2024-07-08,1.0,2024,7,8,1,19,1.0,41.6,54.800000000000004,54.79999999999996,113.50000000000006
2024-07-09,2.8,2024,7,9,1,19,2.8,40.4,50.800000000000004,57.59999999999996,116.30000000000005
2024-07-10,1.6,2024,7,10,1,19,1.6,5.4,46.0,59.19999999999996,59.200000000000045
2024-07-11,0.0,2024,7,11,2,20,0.0,4.4,42.0,52.39999999999996,59.200000000000045
2024-07-12,0.0,2024,7,12,2,20,0.0,1.6,5.4,45.99999999999996,59.200000000000045
2024-07-13,0.0,2024,7,13,2,20,0.0,0.0,4.4,41.99999999999996,59.200000000000045
2024-07-14,0.0,2024,7,14,2,20,0.0,0.0,1.6,5.399999999999958,52.40000000000005
2024-07-15,0.0,2024,7,15,2,20,0.0,0.0,0.0,4.399999999999958,46.00000000000004
2024-07-16,0.0,2024,7,16,2,20,0.0,0.0,0.0,1.5999999999999575,42.00000000000004
2024-07-17,0.0,2024,7,17,2,20,0.0,0.0,0.0,0.0,5.400000000000043
2024-07-18,0.0,2024,7,18,2,20,0.0,0.0,0.0,0.0,4.400000000000043
2024-07-19,0.0,2024,7,19,2,20,0.0,0.0,0.0,0.0,1.6000000000000427
2024-07-20,0.0,2024,7,20,2,20,0.0,0.0,0.0,0.0,0.0
2024-07-21,0.1,2024,7,21,3,21,0.1,0.1,0.1,0.09999999999995737,0.10000000000004264
2024-07-22,0.0,2024,7,22,3,21,0.0,0.1,0.1,0.09999999999995737,0.10000000000004264
2024-07-23,0.0,2024,7,23,3,21,0.0,0.1,0.1,0.09999999999995737,0.10000000000004264
2024-07-24,0.0,2024,7,24,3,21,0.0,0.0,0.1,0.09999999999995737,0.10000000000004264
2024-07-25,0.0,2024,7,25,3,21,0.0,0.0,0.1,0.09999999999995737,0.10000000000004264
2024-07-26,0.0,2024,7,26,3,21,0.0,0.0,0.0,0.09999999999995737,0.10000000000004264
2024-07-27,0.0,2024,7,27,3,21,0.0,0.0,0.0,0.09999999999995737,0.10000000000004264
2024-07-28,0.0,2024,7,28,3,21,0.0,0.0,0.0,0.0,0.10000000000004264
2024-07-29,0.0,2024,7,29,3,21,0.0,0.0,0.0,0.0,0.10000000000004264
2024-07-30,0.0,2024,7,30,3,21,0.0,0.0,0.0,0.0,0.10000000000004264
2024-07-31,0.0,2024,7,31,3,21,0.0,0.0,0.0,0.0,0.0
2024-08-01,0.0,2024,8,1,1,22,0.0,0.0,0.0,0.0,0.0
2024-08-02,0.0,2024,8,2,1,22,0.0,0.0,0.0,0.0,0.0
2024-08-03,0.0,2024,8,3,1,22,0.0,0.0,0.0,0.0,0.0
2024-08-04,1.0,2024,8,4,1,22,1.0,1.0,1.0,0.9999999999999574,1.0000000000000426
2024-08-05,3.9,2024,8,5,1,22,3.9,4.9,4.9,4.899999999999958,4.900000000000043
2024-08-06,0.0,2024,8,6,1,22,0.0,4.9,4.9,4.899999999999958,4.900000000000043
2024-08-07,0.0,2024,8,7,1,22,0.0,3.9,4.9,4.899999999999958,4.900000000000043
2024-08-08,0.0,2024,8,8,1,22,0.0,0.0,4.9,4.899999999999958,4.900000000000043
2024-08-09,0.0,2024,8,9,1,22,0.0,0.0,3.9,4.899999999999958,4.900000000000043
2024-08-10,0.0,2024,8,10,1,22,0.0,0.0,0.0,4.899999999999958,4.900000000000043
2024-08-11,0.0,2024,8,11,2,23,0.0,0.0,0.0,3.8999999999999573,4.900000000000043
2024-08-12,2.0,2024,8,12,2,23,2.0,2.0,2.0,1.9999999999999574,6.900000000000043
2024-08-13,0.0,2024,8,13,2,23,0.0,2.0,2.0,1.9999999999999574,6.900000000000043
2024-08-14,0.0,2024,8,14,2,23,0.0,2.0,2.0,1.9999999999999574,5.900000000000043
2024-08-15,0.0,2024,8,15,2,23,0.0,0.0,2.0,1.9999999999999574,2.0000000000000426
2024-08-16,0.0,2024,8,16,2,23,0.0,0.0,2.0,1.9999999999999574,2.0000000000000426
2024-08-17,0.0,2024,8,17,2,23,0.0,0.0,0.0,1.9999999999999574,2.0000000000000426
2024-08-18,0.0,2024,8,18,2,23,0.0,0.0,0.0,1.9999999999999574,2.0000000000000426
2024-08-19,0.0,2024,8,19,2,23,0.0,0.0,0.0,0.0,2.0000000000000426
2024-08-20,0.0,2024,8,20,2,23,0.0,0.0,0.0,0.0,2.0000000000000426
2024-08-21,0.0,2024,8,21,3,24,0.0,0.0,0.0,0.0,2.0000000000000426
2024-08-22,0.0,2024,8,22,3,24,0.0,0.0,0.0,0.0,0.0
2024-08-23,0.0,2024,8,23,3,24,0.0,0.0,0.0,0.0,0.0
2024-08-24,0.0,2024,8,24,3,24,0.0,0.0,0.0,0.0,0.0
2024-08-25,0.0,2024,8,25,3,24,0.0,0.0,0.0,0.0,0.0
2024-08-26,0.0,2024,8,26,3,24,0.0,0.0,0.0,0.0,0.0
2024-08-27,0.0,2024,8,27,3,24,0.0,0.0,0.0,0.0,0.0
2024-08-28,0.0,2024,8,28,3,24,0.0,0.0,0.0,0.0,0.0
2024-08-29,0.0,2024,8,29,3,24,0.0,0.0,0.0,0.0,0.0
2024-08-30,0.0,2024,8,30,3,24,0.0,0.0,0.0,0.0,0.0
2024-08-31,0.0,2024,8,31,3,24,0.0,0.0,0.0,0.0,0.0
2024-09-01,0.0,2024,9,1,1,25,0.0,0.0,0.0,0.0,0.0
2024-09-02,0.0,2024,9,2,1,25,0.0,0.0,0.0,0.0,0.0
2024-09-03,0.0,2024,9,3,1,25,0.0,0.0,0.0,0.0,0.0
2024-09-04,0.0,2024,9,4,1,25,0.0,0.0,0.0,0.0,0.0
2024-09-05,0.0,2024,9,5,1,25,0.0,0.0,0.0,0.0,0.0
2024-09-06,0.0,2024,9,6,1,25,0.0,0.0,0.0,0.0,0.0
2024-09-07,0.0,2024,9,7,1,25,0.0,0.0,0.0,0.0,0.0
2024-09-08,0.0,2024,9,8,1,25,0.0,0.0,0.0,0.0,0.0
2024-09-09,0.0,2024,9,9,1,25,0.0,0.0,0.0,0.0,0.0
2024-09-10,0.0,2024,9,10,1,25,0.0,0.0,0.0,0.0,0.0
2024-09-11,0.0,2024,9,11,2,26,0.0,0.0,0.0,0.0,0.0
2024-09-12,0.0,2024,9,12,2,26,0.0,0.0,0.0,0.0,0.0
2024-09-13,29.7,2024,9,13,2,26,29.7,29.7,29.7,29.699999999999957,29.700000000000042
2024-09-14,2.7,2024,9,14,2,26,2.7,32.4,32.4,32.399999999999956,32.40000000000004
2024-09-15,0.0,2024,9,15,2,26,0.0,32.4,32.4,32.399999999999956,32.40000000000004
2024-09-16,0.0,2024,9,16,2,26,0.0,2.7,32.4,32.399999999999956,32.40000000000004
2024-09-17,0.0,2024,9,17,2,26,0.0,0.0,32.4,32.399999999999956,32.40000000000004
2024-09-18,0.0,2024,9,18,2,26,0.0,0.0,2.7,32.399999999999956,32.40000000000004
2024-09-19,0.0,2024,9,19,2,26,0.0,0.0,0.0,32.399999999999956,32.40000000000004
2024-09-20,0.0,2024,9,20,2,26,0.0,0.0,0.0,2.6999999999999575,32.40000000000004
2024-09-21,0.0,2024,9,21,3,27,0.0,0.0,0.0,0.0,32.40000000000004
2024-09-22,0.0,2024,9,22,3,27,0.0,0.0,0.0,0.0,32.40000000000004
2024-09-23,0.0,2024,9,23,3,27,0.0,0.0,0.0,0.0,2.700000000000043
2024-09-24,0.0,2024,9,24,3,27,0.0,0.0,0.0,0.0,0.0
2024-09-25,2.1,2024,9,25,3,27,2.1,2.1,2.1,2.0999999999999575,2.1000000000000427
2024-09-26,5.5,2024,9,26,3,27,5.5,7.6,7.6,7.599999999999957,7.600000000000042
2024-09-27,30.7,2024,9,27,3,27,30.7,38.3,38.3,38.299999999999955,38.30000000000004
2024-09-28,0.0,2024,9,28,3,27,0.0,36.2,38.3,38.299999999999955,38.30000000000004
2024-09-29,1.5,2024,9,29,3,27,1.5,32.2,39.8,39.799999999999955,39.80000000000004
2024-09-30,0.0,2024,9,30,3,27,0.0,1.5000000000000036,37.7,39.799999999999955,39.80000000000004
2024-10-01,0.0,2024,10,1,1,28,0.0,1.5000000000000036,32.2,39.799999999999955,39.80000000000004
2024-10-02,0.0,2024,10,2,1,28,0.0,0.0,1.5000000000000036,37.69999999999996,39.80000000000004
2024-10-03,6.0,2024,10,3,1,28,6.0,6.0000000000000036,7.5000000000000036,38.19999999999996,45.80000000000004
2024-10-04,1.0,2024,10,4,1,28,1.0,7.0000000000000036,7.0000000000000036,8.499999999999961,46.80000000000004
2024-10-05,0.0,2024,10,5,1,28,0.0,7.0000000000000036,7.0000000000000036,8.499999999999961,44.700000000000045
2024-10-06,7.5,2024,10,6,1,28,7.5,8.500000000000004,14.500000000000004,14.499999999999961,46.700000000000045
2024-10-07,0.0,2024,10,7,1,28,0.0,7.5000000000000036,14.500000000000004,14.499999999999961,16.000000000000046
2024-10-08,0.0,2024,10,8,1,28,0.0,7.5000000000000036,8.500000000000004,14.499999999999961,16.000000000000046
2024-10-09,0.0,2024,10,9,1,28,0.0,0.0,7.5000000000000036,14.499999999999961,14.500000000000046
2024-10-10,0.0,2024,10,10,1,28,0.0,0.0,7.5000000000000036,8.499999999999961,14.500000000000046
2024-10-11,0.0,2024,10,11,2,29,0.0,0.0,0.0,7.499999999999961,14.500000000000046
2024-10-12,0.0,2024,10,12,2,29,0.0,0.0,0.0,7.499999999999961,14.500000000000046
2024-10-13,0.5,2024,10,13,2,29,0.5,0.5000000000000036,0.5000000000000036,0.4999999999999609,9.000000000000046
2024-10-14,0.2,2024,10,14,2,29,0.2,0.7000000000000035,0.7000000000000035,0.6999999999999609,8.200000000000045
2024-10-15,0.0,2024,10,15,2,29,0.0,0.7000000000000035,0.7000000000000035,0.6999999999999609,8.200000000000045
2024-10-16,59.7,2024,10,16,2,29,59.7,59.900000000000006,60.400000000000006,60.39999999999996,60.40000000000005
2024-10-17,2.6,2024,10,17,2,29,2.6,62.300000000000004,63.00000000000001,62.999999999999964,63.00000000000005
2024-10-18,0.0,2024,10,18,2,29,0.0,62.300000000000004,62.50000000000001,62.999999999999964,63.00000000000005
2024-10-19,0.0,2024,10,19,2,29,0.0,2.6,62.300000000000004,62.999999999999964,63.00000000000005
2024-10-20,0.0,2024,10,20,2,29,0.0,0.0,62.300000000000004,62.499999999999964,63.00000000000005
2024-10-21,0.0,2024,10,21,3,30,0.0,0.0,2.6,62.29999999999996,63.00000000000005
2024-10-22,0.0,2024,10,22,3,30,0.0,0.0,0.0,62.29999999999996,63.00000000000005
2024-10-23,0.0,2024,10,23,3,30,0.0,0.0,0.0,2.5999999999999575,62.50000000000005
2024-10-24,0.0,2024,10,24,3,30,0.0,0.0,0.0,0.0,62.30000000000005
2024-10-25,0.0,2024,10,25,3,30,0.0,0.0,0.0,0.0,62.30000000000005
2024-10-26,0.0,2024,10,26,3,30,0.0,0.0,0.0,0.0,2.6000000000000427
2024-10-27,0.0,2024,10,27,3,30,0.0,0.0,0.0,0.0,0.0
2024-10-28,0.0,2024,10,28,3,30,0.0,0.0,0.0,0.0,0.0
2024-10-29,20.6,2024,10,29,3,30,20.6,20.6,20.6,20.59999999999996,20.600000000000044
2024-10-30,0.0,2024,10,30,3,30,0.0,20.6,20.6,20.59999999999996,20.600000000000044
2024-10-31,0.0,2024,10,31,3,30,0.0,20.6,20.6,20.59999999999996,20.600000000000044
2024-11-01,0.0,2024,11,1,1,31,0.0,0.0,20.6,20.59999999999996,20.600000000000044
2024-11-02,0.4,2024,11,2,1,31,0.4,0.4,21.0,20.999999999999957,21.000000000000043
2024-11-03,9.3,2024,11,3,1,31,9.3,9.700000000000001,9.700000000000001,30.29999999999996,30.300000000000047
2024-11-04,12.4,2024,11,4,1,31,12.4,22.1,22.1,42.69999999999996,42.700000000000045
2024-11-05,1.7,2024,11,5,1,31,1.7,23.400000000000002,23.8,23.799999999999958,44.40000000000005
2024-11-06,2.1,2024,11,6,1,31,2.1,16.2,25.900000000000002,25.89999999999996,46.50000000000004
2024-11-07,0.0,2024,11,7,1,31,0.0,3.8,25.500000000000004,25.89999999999996,46.50000000000004
2024-11-08,0.0,2024,11,8,1,31,0.0,2.0999999999999996,16.200000000000003,25.89999999999996,25.900000000000045
2024-11-09,0.0,2024,11,9,1,31,0.0,0.0,3.8,25.49999999999996,25.900000000000045
2024-11-10,0.0,2024,11,10,1,31,0.0,0.0,2.0999999999999996,16.19999999999996,25.900000000000045
2024-11-11,0.0,2024,11,11,2,32,0.0,0.0,0.0,3.799999999999957,25.900000000000045
2024-11-12,34.7,2024,11,12,2,32,34.7,34.7,34.7,36.79999999999996,60.200000000000045
2024-11-13,0.0,2024,11,13,2,32,0.0,34.7,34.7,34.69999999999996,50.90000000000004
2024-11-14,6.8,2024,11,14,2,32,6.8,41.5,41.5,41.49999999999996,45.30000000000004
2024-11-15,0.0,2024,11,15,2,32,0.0,6.8,41.5,41.49999999999996,43.60000000000004
2024-11-16,0.0,2024,11,16,2,32,0.0,6.8,41.5,41.49999999999996,41.50000000000004
2024-11-17,0.0,2024,11,17,2,32,0.0,0.0,6.8,41.49999999999996,41.50000000000004
2024-11-18,0.0,2024,11,18,2,32,0.0,0.0,6.8,41.49999999999996,41.50000000000004
2024-11-19,0.0,2024,11,19,2,32,0.0,0.0,0.0,6.799999999999957,41.50000000000004
2024-11-20,36.3,2024,11,20,2,32,36.3,36.3,36.3,43.09999999999995,77.80000000000004
2024-11-21,5.7,2024,11,21,3,33,5.7,42.0,42.0,41.99999999999996,83.50000000000004
2024-11-22,0.0,2024,11,22,3,33,0.0,42.0,42.0,41.99999999999996,48.80000000000004
2024-11-23,0.0,2024,11,23,3,33,0.0,5.7,42.0,41.99999999999996,48.80000000000004
2024-11-24,0.2,2024,11,24,3,33,0.2,0.2,42.199999999999996,42.19999999999995,42.20000000000004
2024-11-25,0.0,2024,11,25,3,33,0.0,0.2,5.9,42.19999999999995,42.20000000000004
2024-11-26,0.0,2024,11,26,3,33,0.0,0.2,0.2,42.19999999999995,42.20000000000004
2024-11-27,10.3,2024,11,27,3,33,10.3,10.3,10.5,16.19999999999996,52.50000000000004
2024-11-28,46.7,2024,11,28,3,33,46.7,57.0,57.2,57.19999999999996,99.20000000000005
2024-11-29,1.3,2024,11,29,3,33,1.3,58.3,58.3,58.49999999999996,100.50000000000004
2024-11-30,0.8,2024,11,30,3,33,0.8,48.800000000000004,59.1,59.29999999999996,65.00000000000004
2024-12-01,0.0,2024,12,1,1,34,0.0,2.1,59.1,59.09999999999996,59.30000000000005
2024-12-02,0.0,2024,12,2,1,34,0.0,0.8,48.800000000000004,59.09999999999996,59.30000000000005
2024-12-03,18.9,2024,12,3,1,34,18.9,18.9,21.0,77.99999999999996,78.20000000000005
2024-12-04,49.0,2024,12,4,1,34,49.0,67.9,68.7,116.69999999999996,127.00000000000004
2024-12-05,24.7,2024,12,5,1,34,24.7,92.6,92.60000000000001,94.69999999999996,151.70000000000005
2024-12-06,9.6,2024,12,6,1,34,9.6,83.3,102.2,102.99999999999996,161.30000000000004
2024-12-07,1.5,2024,12,7,1,34,1.5,35.8,103.7,103.69999999999996,152.50000000000006
2024-12-08,2.4,2024,12,8,1,34,2.4,13.5,87.2,106.09999999999997,108.20000000000005
2024-12-09,8.7,2024,12,9,1,34,8.7,12.6,46.9,114.79999999999995,115.60000000000005
2024-12-10,61.3,2024,12,10,1,34,61.3,72.39999999999999,83.5,157.19999999999996,176.10000000000005
2024-12-11,1.2,2024,12,11,2,35,1.2,71.19999999999999,75.10000000000001,109.39999999999995,177.30000000000004
2024-12-12,2.5,2024,12,12,2,35,2.5,65.0,76.10000000000001,87.19999999999995,179.80000000000004
2024-12-13,0.0,2024,12,13,2,35,0.0,3.7,73.7,77.59999999999995,160.90000000000003
2024-12-14,0.0,2024,12,14,2,35,0.0,2.5,65.0,76.09999999999995,111.90000000000003
2024-12-15,1.1,2024,12,15,2,35,1.1,1.1,4.800000000000001,74.79999999999995,88.30000000000004
2024-12-16,0.8,2024,12,16,2,35,0.8,1.9000000000000001,4.4,66.89999999999996,79.50000000000004
2024-12-17,22.5,2024,12,17,2,35,22.5,24.4,24.4,28.09999999999996,100.50000000000004
2024-12-18,0.0,2024,12,18,2,35,0.0,23.299999999999997,24.4,26.89999999999996,98.10000000000004
2024-12-19,11.5,2024,12,19,2,35,11.5,34.0,35.9,35.89999999999996,100.90000000000003
2024-12-20,23.2,2024,12,20,2,35,23.2,34.7,58.0,59.09999999999996,62.80000000000004
2024-12-21,2.4,2024,12,21,3,36,2.4,37.1,59.6,61.49999999999996,64.00000000000004
2024-12-22,0.0,2024,12,22,3,36,0.0,25.599999999999998,37.1,60.399999999999956,61.50000000000004
2024-12-23,1.8,2024,12,23,3,36,1.8,4.2,38.9,61.39999999999996,63.30000000000004
2024-12-24,35.3,2024,12,24,3,36,35.3,37.099999999999994,62.699999999999996,74.19999999999996,98.60000000000004
2024-12-25,1.9,2024,12,25,3,36,1.9,38.99999999999999,41.4,76.09999999999997,99.40000000000005
2024-12-26,3.8,2024,12,26,3,36,3.8,41.0,42.8,68.39999999999996,102.40000000000005
2024-12-27,0.4,2024,12,27,3,36,0.4,6.1,43.199999999999996,45.59999999999996,80.30000000000003
2024-12-28,0.0,2024,12,28,3,36,0.0,4.199999999999999,41.4,43.19999999999996,80.30000000000004
2024-12-29,0.0,2024,12,29,3,36,0.0,0.4,6.1,43.19999999999996,68.80000000000004
2024-12-30,31.5,2024,12,30,3,36,31.5,31.5,35.7,72.89999999999995,77.10000000000005
2024-12-31,16.8,2024,12,31,3,36,16.8,48.3,48.7,54.39999999999996,91.50000000000004
