Tanggal_Observasi,Target_Date,Rainfall_Target,Kategori_Target,Observed_Label,R1,R3,R5,R7,R10,Predicted_Probability,Predicted_Label,Decision_Threshold,Class_Weight_Mode
2018-12-31,2019-01-01,55.1,Lebat 50-100 mm,1,0.0,0.0,19.599999999999994,57.50000000000001,94.10000000000004,0.031691175,0,0.09,weight_1_3
2019-01-01,2019-01-02,14.2,Tidak lebat <50 mm,0,55.1,55.1,56.2,104.5,149.20000000000005,0.10305584,1,0.09,weight_1_3
2019-01-02,2019-01-03,45.4,Tidak lebat <50 mm,0,14.2,69.3,69.3,88.89999999999999,145.00000000000003,0.06959785,0,0.09,weight_1_3
2019-01-03,2019-01-04,0.0,Tidak lebat <50 mm,0,45.4,114.7,114.7,115.8,172.20000000000005,0.15850511,1,0.09,weight_1_3
2019-01-04,2019-01-05,0.0,Tidak lebat <50 mm,0,0.0,59.59999999999999,114.7,114.7,164.10000000000005,0.043248132,0,0.09,weight_1_3
2019-01-05,2019-01-06,0.0,Tidak lebat <50 mm,0,0.0,45.39999999999999,114.7,114.7,134.30000000000004,0.042130597,0,0.09,weight_1_3
2019-01-06,2019-01-07,0.0,Tidak lebat <50 mm,0,0.0,0.0,59.59999999999999,114.7,115.80000000000004,0.017570766,0,0.09,weight_1_3
2019-01-07,2019-01-08,0.0,Tidak lebat <50 mm,0,0.0,0.0,45.39999999999999,114.7,114.70000000000005,0.021831417,0,0.09,weight_1_3
2019-01-08,2019-01-09,0.0,Tidak lebat <50 mm,0,0.0,0.0,0.0,59.6,114.70000000000005,0.015256136,0,0.09,weight_1_3
2019-01-09,2019-01-10,2.6,Tidak lebat <50 mm,0,0.0,0.0,0.0,45.400000000000006,114.70000000000005,0.017895432,0,0.09,weight_1_3
2019-01-10,2019-01-11,0.0,Tidak lebat <50 mm,0,2.6,2.599999999999986,2.599999999999986,2.6,117.30000000000004,0.0072769215,0,0.09,weight_1_3
2019-01-11,2019-01-12,0.0,Tidak lebat <50 mm,0,0.0,2.599999999999986,2.599999999999986,2.6,62.20000000000004,0.015338889,0,0.09,weight_1_3
2019-01-12,2019-01-13,29.8,Tidak lebat <50 mm,0,0.0,2.599999999999986,2.599999999999986,2.6,48.00000000000004,0.017333306,0,0.09,weight_1_3
2019-01-13,2019-01-14,31.4,Tidak lebat <50 mm,0,29.8,29.799999999999983,32.399999999999984,32.4,32.400000000000034,0.044011172,0,0.09,weight_1_3
2019-01-14,2019-01-15,0.6,Tidak lebat <50 mm,0,31.4,61.19999999999999,63.79999999999998,63.8,63.80000000000004,0.058149353,0,0.09,weight_1_3
2019-01-15,2019-01-16,3.2,Tidak lebat <50 mm,0,0.6,61.79999999999998,61.79999999999998,64.4,64.40000000000003,0.021980355,0,0.09,weight_1_3
2019-01-16,2019-01-17,0.0,Tidak lebat <50 mm,0,3.2,35.19999999999998,64.99999999999999,67.6,67.60000000000004,0.03842882,0,0.09,weight_1_3
2019-01-17,2019-01-18,0.0,Tidak lebat <50 mm,0,0.0,3.799999999999986,64.99999999999999,65.0,67.60000000000004,0.019671384,0,0.09,weight_1_3
2019-01-18,2019-01-19,0.0,Tidak lebat <50 mm,0,0.0,3.199999999999986,35.19999999999999,65.0,67.60000000000004,0.035529863,0,0.09,weight_1_3
2019-01-19,2019-01-20,13.1,Tidak lebat <50 mm,0,0.0,0.0,3.799999999999986,65.0,67.60000000000004,0.016876357,0,0.09,weight_1_3
2019-01-20,2019-01-21,0.0,Tidak lebat <50 mm,0,13.1,13.099999999999984,16.299999999999986,48.3,78.10000000000004,0.040568072,0,0.09,weight_1_3
2019-01-21,2019-01-22,64.9,Lebat 50-100 mm,1,0.0,13.099999999999984,13.099999999999984,16.9,78.10000000000004,0.030404823,0,0.09,weight_1_3
2019-01-22,2019-01-23,0.0,Tidak lebat <50 mm,0,64.9,77.99999999999999,77.99999999999999,81.2,143.00000000000006,0.1250417,1,0.09,weight_1_3
2019-01-23,2019-01-24,5.4,Tidak lebat <50 mm,0,0.0,64.89999999999999,77.99999999999999,78.0,113.20000000000005,0.026077416,0,0.09,weight_1_3
2019-01-24,2019-01-25,34.8,Tidak lebat <50 mm,0,5.4,70.3,83.39999999999999,83.4,87.20000000000005,0.034248795,0,0.09,weight_1_3
2019-01-25,2019-01-26,17.0,Tidak lebat <50 mm,0,34.8,40.19999999999998,105.1,118.2,121.40000000000003,0.089962736,0,0.09,weight_1_3
2019-01-26,2019-01-27,1.5,Tidak lebat <50 mm,0,17.0,57.19999999999998,122.1,135.2,135.20000000000005,0.08335625,0,0.09,weight_1_3
2019-01-27,2019-01-28,0.0,Tidak lebat <50 mm,0,1.5,53.29999999999998,58.69999999999998,123.6,136.70000000000005,0.038059387,0,0.09,weight_1_3
2019-01-28,2019-01-29,0.0,Tidak lebat <50 mm,0,0.0,18.499999999999982,58.69999999999998,123.6,136.70000000000005,0.044068165,0,0.09,weight_1_3
2019-01-29,2019-01-30,12.2,Tidak lebat <50 mm,0,0.0,1.4999999999999858,53.29999999999998,58.7,136.70000000000005,0.027830165,0,0.09,weight_1_3
2019-01-30,2019-01-31,0.0,Tidak lebat <50 mm,0,12.2,12.199999999999983,30.699999999999985,70.89999999999999,135.80000000000004,0.04888131,0,0.09,weight_1_3
2019-01-31,2019-02-01,0.0,Tidak lebat <50 mm,0,0.0,12.199999999999983,13.699999999999983,65.49999999999999,135.80000000000004,0.03716527,0,0.09,weight_1_3
2019-02-01,2019-02-02,4.4,Tidak lebat <50 mm,0,0.0,12.199999999999983,12.199999999999983,30.7,70.90000000000002,0.03252609,0,0.09,weight_1_3
2019-02-02,2019-02-03,0.0,Tidak lebat <50 mm,0,4.4,4.399999999999986,16.599999999999987,18.1,75.30000000000003,0.033418357,0,0.09,weight_1_3
2019-02-03,2019-02-04,0.0,Tidak lebat <50 mm,0,0.0,4.399999999999986,16.599999999999987,16.6,69.90000000000002,0.031122254,0,0.09,weight_1_3
2019-02-04,2019-02-05,1.2,Tidak lebat <50 mm,0,0.0,4.399999999999986,4.399999999999986,16.6,35.10000000000003,0.022796083,0,0.09,weight_1_3
2019-02-05,2019-02-06,1.5,Tidak lebat <50 mm,0,1.2,1.1999999999999855,5.599999999999986,17.8,19.30000000000003,0.020597002,0,0.09,weight_1_3
2019-02-06,2019-02-07,13.1,Tidak lebat <50 mm,0,1.5,2.699999999999986,7.099999999999986,7.1000000000000005,19.30000000000003,0.019476827,0,0.09,weight_1_3
2019-02-07,2019-02-08,1.8,Tidak lebat <50 mm,0,13.1,15.799999999999986,15.799999999999986,20.2,32.40000000000003,0.03247754,0,0.09,weight_1_3
2019-02-08,2019-02-09,18.5,Tidak lebat <50 mm,0,1.8,16.399999999999984,17.599999999999984,22.0,34.200000000000024,0.03128877,0,0.09,weight_1_3
2019-02-09,2019-02-10,0.0,Tidak lebat <50 mm,0,18.5,33.399999999999984,36.09999999999998,36.1,40.50000000000003,0.043426253,0,0.09,weight_1_3
2019-02-10,2019-02-11,0.7,Tidak lebat <50 mm,0,0.0,20.299999999999983,34.89999999999998,36.1,40.50000000000003,0.03779513,0,0.09,weight_1_3
2019-02-11,2019-02-12,0.0,Tidak lebat <50 mm,0,0.7,19.199999999999985,34.09999999999998,36.8,41.20000000000003,0.038505156,0,0.09,weight_1_3
2019-02-12,2019-02-13,0.0,Tidak lebat <50 mm,0,0.0,0.6999999999999857,20.999999999999982,35.6,36.80000000000003,0.03072835,0,0.09,weight_1_3
2019-02-13,2019-02-14,9.4,Tidak lebat <50 mm,0,0.0,0.6999999999999857,19.199999999999985,34.1,36.80000000000003,0.030019645,0,0.09,weight_1_3
2019-02-14,2019-02-15,7.1,Tidak lebat <50 mm,0,9.4,9.399999999999986,10.099999999999984,30.4,46.20000000000003,0.03424999,0,0.09,weight_1_3
2019-02-15,2019-02-16,55.6,Lebat 50-100 mm,1,7.1,16.499999999999986,17.199999999999985,35.7,52.10000000000002,0.040970933,0,0.09,weight_1_3
2019-02-16,2019-02-17,47.3,Tidak lebat <50 mm,0,55.6,72.1,72.1,72.8,106.20000000000005,0.09784631,1,0.09,weight_1_3
2019-02-17,2019-02-18,2.0,Tidak lebat <50 mm,0,47.3,110.0,119.39999999999998,120.1,140.40000000000003,0.15553436,1,0.09,weight_1_3
2019-02-18,2019-02-19,0.0,Tidak lebat <50 mm,0,2.0,104.89999999999998,121.39999999999998,121.4,140.60000000000002,0.040207956,0,0.09,weight_1_3
2019-02-19,2019-02-20,0.0,Tidak lebat <50 mm,0,0.0,49.29999999999998,111.99999999999996,121.4,122.10000000000002,0.035378266,0,0.09,weight_1_3
2019-02-20,2019-02-21,0.0,Tidak lebat <50 mm,0,0.0,1.9999999999999856,104.89999999999998,121.4,122.10000000000002,0.010915452,0,0.09,weight_1_3
2019-02-21,2019-02-22,1.8,Tidak lebat <50 mm,0,0.0,0.0,49.29999999999998,112.0,121.40000000000003,0.021860255,0,0.09,weight_1_3
2019-02-22,2019-02-23,1.2,Tidak lebat <50 mm,0,1.8,1.7999999999999858,3.7999999999999856,106.7,123.20000000000005,0.009495185,0,0.09,weight_1_3
2019-02-23,2019-02-24,7.4,Tidak lebat <50 mm,0,1.2,2.999999999999986,2.999999999999986,52.3,124.40000000000003,0.02158375,0,0.09,weight_1_3
2019-02-24,2019-02-25,4.6,Tidak lebat <50 mm,0,7.4,10.399999999999986,10.399999999999986,12.4,122.40000000000003,0.014515682,0,0.09,weight_1_3
2019-02-25,2019-02-26,1.0,Tidak lebat <50 mm,0,4.6,13.199999999999983,14.999999999999986,15.0,119.90000000000003,0.018319016,0,0.09,weight_1_3
2019-02-26,2019-02-27,0.0,Tidak lebat <50 mm,0,1.0,12.999999999999986,15.999999999999986,16.0,65.30000000000003,0.033017643,0,0.09,weight_1_3
2019-02-27,2019-02-28,1.7,Tidak lebat <50 mm,0,0.0,5.599999999999985,14.199999999999983,16.0,18.00000000000003,0.022815838,0,0.09,weight_1_3
2019-02-28,2019-03-01,8.8,Tidak lebat <50 mm,0,1.7,2.699999999999986,14.699999999999983,17.7,17.700000000000028,0.023139354,0,0.09,weight_1_3
2019-03-01,2019-03-02,1.1,Tidak lebat <50 mm,0,8.8,10.499999999999986,16.099999999999987,24.7,26.50000000000003,0.031142132,0,0.09,weight_1_3
2019-03-02,2019-03-03,4.1,Tidak lebat <50 mm,0,1.1,11.599999999999984,12.599999999999984,24.6,27.60000000000003,0.02766204,0,0.09,weight_1_3
2019-03-03,2019-03-04,0.0,Tidak lebat <50 mm,0,4.1,13.999999999999986,15.699999999999983,21.3,31.700000000000028,0.030989343,0,0.09,weight_1_3
2019-03-04,2019-03-05,3.7,Tidak lebat <50 mm,0,0.0,5.199999999999985,15.699999999999983,16.7,29.900000000000027,0.025344284,0,0.09,weight_1_3
2019-03-05,2019-03-06,41.0,Tidak lebat <50 mm,0,3.7,7.799999999999986,17.699999999999985,19.4,32.40000000000003,0.029600453,0,0.09,weight_1_3
2019-03-06,2019-03-07,14.8,Tidak lebat <50 mm,0,41.0,44.69999999999999,49.899999999999984,60.4,66.00000000000003,0.06196179,0,0.09,weight_1_3
2019-03-07,2019-03-08,0.0,Tidak lebat <50 mm,0,14.8,59.49999999999999,63.59999999999998,73.5,76.20000000000003,0.047796708,0,0.09,weight_1_3
2019-03-08,2019-03-09,1.6,Tidak lebat <50 mm,0,0.0,55.79999999999998,59.49999999999999,64.7,75.20000000000003,0.022253565,0,0.09,weight_1_3
2019-03-09,2019-03-10,0.0,Tidak lebat <50 mm,0,1.6,16.399999999999988,61.09999999999999,65.2,76.80000000000003,0.03969288,0,0.09,weight_1_3
2019-03-10,2019-03-11,1.4,Tidak lebat <50 mm,0,0.0,1.599999999999986,57.399999999999984,61.1,75.10000000000002,0.02002832,0,0.09,weight_1_3
2019-03-11,2019-03-12,16.0,Tidak lebat <50 mm,0,1.4,2.999999999999986,17.799999999999986,62.5,67.70000000000003,0.034580786,0,0.09,weight_1_3
2019-03-12,2019-03-13,13.6,Tidak lebat <50 mm,0,16.0,17.399999999999984,18.999999999999982,74.8,82.60000000000004,0.044638027,0,0.09,weight_1_3
2019-03-13,2019-03-14,32.5,Tidak lebat <50 mm,0,13.6,30.999999999999982,32.59999999999999,47.4,92.10000000000002,0.04537887,0,0.09,weight_1_3
2019-03-14,2019-03-15,0.0,Tidak lebat <50 mm,0,32.5,62.09999999999999,63.49999999999999,65.1,124.60000000000002,0.07361311,0,0.09,weight_1_3
2019-03-15,2019-03-16,0.0,Tidak lebat <50 mm,0,0.0,46.09999999999999,63.49999999999999,65.1,120.90000000000002,0.032540273,0,0.09,weight_1_3
2019-03-16,2019-03-17,0.0,Tidak lebat <50 mm,0,0.0,32.499999999999986,62.09999999999999,63.5,79.90000000000003,0.033239953,0,0.09,weight_1_3
2019-03-17,2019-03-18,18.2,Tidak lebat <50 mm,0,0.0,0.0,46.09999999999999,63.5,65.10000000000002,0.022639763,0,0.09,weight_1_3
2019-03-18,2019-03-19,2.0,Tidak lebat <50 mm,0,18.2,18.199999999999985,50.69999999999999,80.3,83.30000000000003,0.049910087,0,0.09,weight_1_3
2019-03-19,2019-03-20,26.4,Tidak lebat <50 mm,0,2.0,20.199999999999985,20.199999999999985,66.3,83.70000000000003,0.041595288,0,0.09,weight_1_3
2019-03-20,2019-03-21,0.0,Tidak lebat <50 mm,0,26.4,46.59999999999998,46.59999999999998,79.1,110.10000000000002,0.058571767,0,0.09,weight_1_3
2019-03-21,2019-03-22,1.0,Tidak lebat <50 mm,0,0.0,28.399999999999984,46.59999999999998,46.6,108.70000000000002,0.04263217,0,0.09,weight_1_3
2019-03-22,2019-03-23,5.2,Tidak lebat <50 mm,0,1.0,27.399999999999984,47.59999999999998,47.6,93.70000000000002,0.042192813,0,0.09,weight_1_3
2019-03-23,2019-03-24,11.4,Tidak lebat <50 mm,0,5.2,6.199999999999986,34.59999999999999,52.8,85.30000000000003,0.04101442,0,0.09,weight_1_3
2019-03-24,2019-03-25,0.0,Tidak lebat <50 mm,0,11.4,17.599999999999987,43.99999999999999,64.2,64.20000000000003,0.0456475,0,0.09,weight_1_3
2019-03-25,2019-03-26,0.0,Tidak lebat <50 mm,0,0.0,16.599999999999987,17.599999999999987,46.0,64.20000000000003,0.037540488,0,0.09,weight_1_3
2019-03-26,2019-03-27,3.8,Tidak lebat <50 mm,0,0.0,11.399999999999986,17.599999999999987,44.0,64.20000000000003,0.036555465,0,0.09,weight_1_3
2019-03-27,2019-03-28,1.7,Tidak lebat <50 mm,0,3.8,3.799999999999984,20.399999999999988,21.4,68.00000000000003,0.034360856,0,0.09,weight_1_3
2019-03-28,2019-03-29,0.0,Tidak lebat <50 mm,0,1.7,5.499999999999984,16.899999999999988,23.1,51.50000000000002,0.03216222,0,0.09,weight_1_3
2019-03-29,2019-03-30,1.4,Tidak lebat <50 mm,0,0.0,5.499999999999984,5.499999999999986,22.1,49.50000000000003,0.026771912,0,0.09,weight_1_3
2019-03-30,2019-03-31,0.0,Tidak lebat <50 mm,0,1.4,3.099999999999984,6.899999999999985,18.3,24.50000000000003,0.022681253,0,0.09,weight_1_3
2019-03-31,2019-04-01,0.0,Tidak lebat <50 mm,0,0.0,1.399999999999984,6.899999999999985,6.9,24.50000000000003,0.019303238,0,0.09,weight_1_3
2019-04-01,2019-04-02,0.0,Tidak lebat <50 mm,0,0.0,1.399999999999984,3.099999999999985,6.9,23.50000000000003,0.018257866,0,0.09,weight_1_3
2019-04-02,2019-04-03,0.0,Tidak lebat <50 mm,0,0.0,0.0,1.3999999999999857,6.9,18.30000000000003,0.01681345,0,0.09,weight_1_3
2019-04-03,2019-04-04,2.7,Tidak lebat <50 mm,0,0.0,0.0,1.3999999999999857,3.1,6.900000000000028,0.011914866,0,0.09,weight_1_3
2019-04-04,2019-04-05,1.3,Tidak lebat <50 mm,0,2.7,2.699999999999984,2.699999999999986,4.1,9.600000000000028,0.0147263445,0,0.09,weight_1_3
2019-04-05,2019-04-06,0.0,Tidak lebat <50 mm,0,1.3,3.999999999999984,3.999999999999986,5.4,10.900000000000029,0.016057178,0,0.09,weight_1_3
2019-04-06,2019-04-07,11.5,Tidak lebat <50 mm,0,0.0,3.999999999999984,3.999999999999986,4.0,7.100000000000028,0.013160135,0,0.09,weight_1_3
2019-04-07,2019-04-08,2.8,Tidak lebat <50 mm,0,11.5,12.799999999999985,15.499999999999986,15.5,16.900000000000027,0.027126199,0,0.09,weight_1_3
2019-04-08,2019-04-09,0.0,Tidak lebat <50 mm,0,2.8,14.299999999999985,18.299999999999983,18.3,19.700000000000028,0.027762437,0,0.09,weight_1_3
2019-04-09,2019-04-10,0.0,Tidak lebat <50 mm,0,0.0,14.299999999999985,15.599999999999987,18.3,18.30000000000003,0.025132617,0,0.09,weight_1_3
2019-04-10,2019-04-11,0.0,Tidak lebat <50 mm,0,0.0,2.799999999999982,14.299999999999986,18.3,18.30000000000003,0.02272494,0,0.09,weight_1_3
2019-04-11,2019-04-12,0.0,Tidak lebat <50 mm,0,0.0,0.0,14.299999999999986,15.6,18.30000000000003,0.021310203,0,0.09,weight_1_3
2019-04-12,2019-04-13,0.0,Tidak lebat <50 mm,0,0.0,0.0,2.7999999999999856,14.3,18.30000000000003,0.01846373,0,0.09,weight_1_3
2019-04-13,2019-04-14,0.0,Tidak lebat <50 mm,0,0.0,0.0,0.0,14.3,18.30000000000003,0.017617866,0,0.09,weight_1_3
2019-04-14,2019-04-15,9.4,Tidak lebat <50 mm,0,0.0,0.0,0.0,2.8,15.600000000000026,0.015285296,0,0.09,weight_1_3
2019-04-15,2019-04-16,1.8,Tidak lebat <50 mm,0,9.4,9.399999999999984,9.399999999999986,9.4,23.700000000000028,0.024300506,0,0.09,weight_1_3
2019-04-16,2019-04-17,15.5,Tidak lebat <50 mm,0,1.8,11.199999999999983,11.199999999999989,11.2,25.50000000000003,0.024070954,0,0.09,weight_1_3
2019-04-17,2019-04-18,0.0,Tidak lebat <50 mm,0,15.5,26.69999999999998,26.69999999999999,26.700000000000003,29.50000000000003,0.036978744,0,0.09,weight_1_3
2019-04-18,2019-04-19,26.2,Tidak lebat <50 mm,0,0.0,17.299999999999983,26.69999999999999,26.700000000000003,26.700000000000028,0.03187283,0,0.09,weight_1_3
2019-04-19,2019-04-20,20.9,Tidak lebat <50 mm,0,26.2,41.69999999999998,52.899999999999984,52.9,52.90000000000003,0.050536312,0,0.09,weight_1_3
2019-04-20,2019-04-21,3.2,Tidak lebat <50 mm,0,20.9,47.09999999999998,64.39999999999998,73.8,73.80000000000003,0.05112589,0,0.09,weight_1_3
2019-04-21,2019-04-22,1.3,Tidak lebat <50 mm,0,3.2,50.29999999999998,65.79999999999998,77.0,77.00000000000003,0.032789197,0,0.09,weight_1_3
2019-04-22,2019-04-23,0.0,Tidak lebat <50 mm,0,1.3,25.39999999999998,51.59999999999998,68.89999999999999,78.30000000000003,0.03877135,0,0.09,weight_1_3
2019-04-23,2019-04-24,0.0,Tidak lebat <50 mm,0,0.0,4.499999999999982,51.59999999999998,67.1,78.30000000000003,0.027974954,0,0.09,weight_1_3
2019-04-24,2019-04-25,3.2,Tidak lebat <50 mm,0,0.0,1.2999999999999825,25.399999999999984,51.6,78.30000000000003,0.03399053,0,0.09,weight_1_3
2019-04-25,2019-04-26,12.1,Tidak lebat <50 mm,0,3.2,3.1999999999999824,7.699999999999986,54.8,72.10000000000004,0.028613638,0,0.09,weight_1_3
2019-04-26,2019-04-27,9.1,Tidak lebat <50 mm,0,12.1,15.299999999999985,16.599999999999987,40.7,82.40000000000002,0.0408007,0,0.09,weight_1_3
2019-04-27,2019-04-28,2.0,Tidak lebat <50 mm,0,9.1,24.39999999999998,24.399999999999984,28.9,76.00000000000003,0.04342053,0,0.09,weight_1_3
2019-04-28,2019-04-29,13.0,Tidak lebat <50 mm,0,2.0,23.19999999999998,26.399999999999984,27.700000000000003,78.00000000000003,0.041436564,0,0.09,weight_1_3
2019-04-29,2019-04-30,14.0,Tidak lebat <50 mm,0,13.0,24.09999999999998,39.399999999999984,39.4,64.80000000000003,0.045370895,0,0.09,weight_1_3
2019-04-30,2019-05-01,0.0,Tidak lebat <50 mm,0,14.0,28.99999999999998,50.19999999999999,53.4,57.90000000000003,0.045594182,0,0.09,weight_1_3
2019-05-01,2019-05-02,0.0,Tidak lebat <50 mm,0,0.0,26.99999999999998,38.09999999999999,53.4,54.70000000000002,0.04019622,0,0.09,weight_1_3
2019-05-02,2019-05-03,0.0,Tidak lebat <50 mm,0,0.0,13.99999999999998,28.999999999999982,50.2,53.40000000000003,0.0391276,0,0.09,weight_1_3
2019-05-03,2019-05-04,0.0,Tidak lebat <50 mm,0,0.0,0.0,26.999999999999982,38.1,53.40000000000003,0.033546146,0,0.09,weight_1_3
2019-05-04,2019-05-05,4.8,Tidak lebat <50 mm,0,0.0,0.0,13.999999999999986,29.0,53.40000000000003,0.029695189,0,0.09,weight_1_3
2019-05-05,2019-05-06,0.0,Tidak lebat <50 mm,0,4.8,4.79999999999998,4.799999999999986,31.8,55.00000000000003,0.030582404,0,0.09,weight_1_3
2019-05-06,2019-05-07,15.2,Tidak lebat <50 mm,0,0.0,4.79999999999998,4.799999999999986,18.8,42.900000000000034,0.02465462,0,0.09,weight_1_3
2019-05-07,2019-05-08,0.0,Tidak lebat <50 mm,0,15.2,19.99999999999998,19.999999999999982,20.0,49.00000000000003,0.03814852,0,0.09,weight_1_3
2019-05-08,2019-05-09,0.0,Tidak lebat <50 mm,0,0.0,15.199999999999978,19.999999999999982,20.0,47.00000000000003,0.03280901,0,0.09,weight_1_3
2019-05-09,2019-05-10,5.5,Tidak lebat <50 mm,0,0.0,15.199999999999978,19.999999999999982,20.0,34.00000000000003,0.030236896,0,0.09,weight_1_3
2019-05-10,2019-05-11,0.0,Tidak lebat <50 mm,0,5.5,5.499999999999979,20.699999999999985,25.5,25.50000000000003,0.030051846,0,0.09,weight_1_3
2019-05-11,2019-05-12,0.0,Tidak lebat <50 mm,0,0.0,5.499999999999979,20.699999999999985,25.5,25.50000000000003,0.027881993,0,0.09,weight_1_3
2019-05-12,2019-05-13,0.0,Tidak lebat <50 mm,0,0.0,5.499999999999979,5.499999999999986,20.7,25.50000000000003,0.02264166,0,0.09,weight_1_3
2019-05-13,2019-05-14,6.6,Tidak lebat <50 mm,0,0.0,0.0,5.499999999999986,20.7,25.50000000000003,0.021367252,0,0.09,weight_1_3
2019-05-14,2019-05-15,0.0,Tidak lebat <50 mm,0,6.6,6.599999999999978,12.099999999999984,12.099999999999998,32.10000000000003,0.02625386,0,0.09,weight_1_3
2019-05-15,2019-05-16,11.3,Tidak lebat <50 mm,0,0.0,6.599999999999978,6.599999999999985,12.099999999999998,27.300000000000026,0.021779496,0,0.09,weight_1_3
2019-05-16,2019-05-17,0.5,Tidak lebat <50 mm,0,11.3,17.899999999999977,17.899999999999984,23.4,38.60000000000003,0.0358898,0,0.09,weight_1_3
2019-05-17,2019-05-18,0.0,Tidak lebat <50 mm,0,0.5,11.79999999999998,18.399999999999984,18.4,23.900000000000027,0.027086612,0,0.09,weight_1_3
2019-05-18,2019-05-19,0.0,Tidak lebat <50 mm,0,0.0,11.79999999999998,18.399999999999984,18.4,23.900000000000027,0.026813867,0,0.09,weight_1_3
2019-05-19,2019-05-20,0.0,Tidak lebat <50 mm,0,0.0,0.4999999999999787,11.799999999999986,18.4,23.900000000000027,0.022469515,0,0.09,weight_1_3
2019-05-20,2019-05-21,5.2,Tidak lebat <50 mm,0,0.0,0.0,11.799999999999986,18.4,18.400000000000027,0.021226935,0,0.09,weight_1_3
2019-05-21,2019-05-22,0.0,Tidak lebat <50 mm,0,5.2,5.199999999999979,5.699999999999986,17.0,23.60000000000003,0.023322916,0,0.09,weight_1_3
2019-05-22,2019-05-23,0.0,Tidak lebat <50 mm,0,0.0,5.199999999999979,5.199999999999986,17.0,23.60000000000003,0.02153134,0,0.09,weight_1_3
2019-05-23,2019-05-24,0.0,Tidak lebat <50 mm,0,0.0,5.199999999999979,5.199999999999986,5.699999999999998,23.60000000000003,0.019105379,0,0.09,weight_1_3
2019-05-24,2019-05-25,0.0,Tidak lebat <50 mm,0,0.0,0.0,5.199999999999986,5.199999999999998,17.00000000000003,0.017154988,0,0.09,weight_1_3
2019-05-25,2019-05-26,0.0,Tidak lebat <50 mm,0,0.0,0.0,5.199999999999986,5.199999999999998,17.00000000000003,0.017154988,0,0.09,weight_1_3
2019-05-26,2019-05-27,0.0,Tidak lebat <50 mm,0,0.0,0.0,0.0,5.199999999999998,5.700000000000029,0.011321566,0,0.09,weight_1_3
2019-05-27,2019-05-28,0.0,Tidak lebat <50 mm,0,0.0,0.0,0.0,5.199999999999998,5.200000000000029,0.011083063,0,0.09,weight_1_3
2019-05-28,2019-05-29,0.0,Tidak lebat <50 mm,0,0.0,0.0,0.0,0.0,5.200000000000029,0.010453928,0,0.09,weight_1_3
2019-05-29,2019-05-30,44.2,Tidak lebat <50 mm,0,0.0,0.0,0.0,0.0,5.200000000000029,0.010453928,0,0.09,weight_1_3
2019-05-30,2019-05-31,0.0,Tidak lebat <50 mm,0,44.2,44.19999999999998,44.19999999999999,44.2,49.400000000000034,0.06148058,0,0.09,weight_1_3
2019-05-31,2019-06-01,0.0,Tidak lebat <50 mm,0,0.0,44.19999999999998,44.19999999999999,44.2,44.20000000000003,0.02631972,0,0.09,weight_1_3
2019-06-01,2019-06-02,0.0,Tidak lebat <50 mm,0,0.0,44.19999999999998,44.19999999999999,44.2,44.20000000000003,0.02631972,0,0.09,weight_1_3
2019-06-02,2019-06-03,0.0,Tidak lebat <50 mm,0,0.0,0.0,44.19999999999999,44.2,44.20000000000003,0.023879124,0,0.09,weight_1_3
2019-06-03,2019-06-04,0.0,Tidak lebat <50 mm,0,0.0,0.0,44.19999999999999,44.2,44.20000000000003,0.023879124,0,0.09,weight_1_3
2019-06-04,2019-06-05,0.0,Tidak lebat <50 mm,0,0.0,0.0,0.0,44.2,44.20000000000003,0.019410562,0,0.09,weight_1_3
2019-06-05,2019-06-06,0.0,Tidak lebat <50 mm,0,0.0,0.0,0.0,44.2,44.20000000000003,0.019410562,0,0.09,weight_1_3
2019-06-06,2019-06-07,0.0,Tidak lebat <50 mm,0,0.0,0.0,0.0,0.0,44.20000000000003,0.014261507,0,0.09,weight_1_3
2019-06-07,2019-06-08,3.6,Tidak lebat <50 mm,0,0.0,0.0,0.0,0.0,44.20000000000003,0.014261507,0,0.09,weight_1_3
2019-06-08,2019-06-09,0.0,Tidak lebat <50 mm,0,3.6,3.5999999999999788,3.599999999999986,3.6,47.80000000000003,0.019579144,0,0.09,weight_1_3
2019-06-09,2019-06-10,0.0,Tidak lebat <50 mm,0,0.0,3.5999999999999788,3.599999999999986,3.6,3.6000000000000285,0.011210756,0,0.09,weight_1_3
2019-06-10,2019-06-11,0.0,Tidak lebat <50 mm,0,0.0,3.5999999999999788,3.599999999999986,3.6,3.6000000000000285,0.011210756,0,0.09,weight_1_3
2019-06-11,2019-06-12,0.0,Tidak lebat <50 mm,0,0.0,0.0,3.599999999999986,3.6,3.6000000000000285,0.010739463,0,0.09,weight_1_3
2019-06-12,2019-06-13,0.0,Tidak lebat <50 mm,0,0.0,0.0,3.599999999999986,3.6,3.6000000000000285,0.010739463,0,0.09,weight_1_3
2019-06-13,2019-06-14,0.0,Tidak lebat <50 mm,0,0.0,0.0,0.0,3.6,3.6000000000000285,0.010186661,0,0.09,weight_1_3
2019-06-14,2019-06-15,2.3,Tidak lebat <50 mm,0,0.0,0.0,0.0,3.6,3.6000000000000285,0.010186661,0,0.09,weight_1_3
2019-06-15,2019-06-16,0.5,Tidak lebat <50 mm,0,2.3,2.2999999999999785,2.2999999999999856,2.3,5.900000000000029,0.012170927,0,0.09,weight_1_3
2019-06-16,2019-06-17,3.4,Tidak lebat <50 mm,0,0.5,2.7999999999999785,2.7999999999999856,2.8,6.400000000000029,0.01238397,0,0.09,weight_1_3
2019-06-17,2019-06-18,0.0,Tidak lebat <50 mm,0,3.4,6.199999999999978,6.199999999999985,6.199999999999999,9.80000000000003,0.016798574,0,0.09,weight_1_3
2019-06-18,2019-06-19,0.0,Tidak lebat <50 mm,0,0.0,3.8999999999999786,6.199999999999985,6.199999999999999,6.200000000000029,0.013404042,0,0.09,weight_1_3
2019-06-19,2019-06-20,0.0,Tidak lebat <50 mm,0,0.0,3.3999999999999786,6.199999999999985,6.199999999999999,6.200000000000028,0.013360584,0,0.09,weight_1_3
2019-06-20,2019-06-21,0.0,Tidak lebat <50 mm,0,0.0,0.0,3.8999999999999857,6.199999999999999,6.200000000000028,0.012398331,0,0.09,weight_1_3
2019-06-21,2019-06-22,0.0,Tidak lebat <50 mm,0,0.0,0.0,3.3999999999999857,6.199999999999999,6.200000000000028,0.012308633,0,0.09,weight_1_3
2019-06-22,2019-06-23,0.0,Tidak lebat <50 mm,0,0.0,0.0,0.0,3.9,6.200000000000028,0.011414342,0,0.09,weight_1_3
2019-06-23,2019-06-24,0.0,Tidak lebat <50 mm,0,0.0,0.0,0.0,3.4,6.200000000000028,0.011350135,0,0.09,weight_1_3
2019-06-24,2019-06-25,0.0,Tidak lebat <50 mm,0,0.0,0.0,0.0,0.0,6.200000000000028,0.010894806,0,0.09,weight_1_3
2019-06-25,2019-06-26,0.0,Tidak lebat <50 mm,0,0.0,0.0,0.0,0.0,3.900000000000028,0.009907088,0,0.09,weight_1_3
2019-06-26,2019-06-27,0.0,Tidak lebat <50 mm,0,0.0,0.0,0.0,0.0,3.4000000000000283,0.009704383,0,0.09,weight_1_3
2019-06-27,2019-06-28,0.0,Tidak lebat <50 mm,0,0.0,0.0,0.0,0.0,0.0,0.008412858,0,0.09,weight_1_3
2019-06-28,2019-06-29,0.0,Tidak lebat <50 mm,0,0.0,0.0,0.0,0.0,0.0,0.008412858,0,0.09,weight_1_3
2019-06-29,2019-06-30,0.0,Tidak lebat <50 mm,0,0.0,0.0,0.0,0.0,0.0,0.008412858,0,0.09,weight_1_3
2019-06-30,2019-07-01,0.0,Tidak lebat <50 mm,0,0.0,0.0,0.0,0.0,0.0,0.008412858,0,0.09,weight_1_3
2019-07-01,2019-07-02,0.0,Tidak lebat <50 mm,0,0.0,0.0,0.0,0.0,0.0,0.008412858,0,0.09,weight_1_3
2019-07-02,2019-07-03,0.0,Tidak lebat <50 mm,0,0.0,0.0,0.0,0.0,0.0,0.008412858,0,0.09,weight_1_3
2019-07-03,2019-07-04,0.0,Tidak lebat <50 mm,0,0.0,0.0,0.0,0.0,0.0,0.008412858,0,0.09,weight_1_3
2019-07-04,2019-07-05,0.0,Tidak lebat <50 mm,0,0.0,0.0,0.0,0.0,0.0,0.008412858,0,0.09,weight_1_3
2019-07-05,2019-07-06,0.0,Tidak lebat <50 mm,0,0.0,0.0,0.0,0.0,0.0,0.008412858,0,0.09,weight_1_3
2019-07-06,2019-07-07,6.0,Tidak lebat <50 mm,0,0.0,0.0,0.0,0.0,0.0,0.008412858,0,0.09,weight_1_3
2019-07-07,2019-07-08,0.0,Tidak lebat <50 mm,0,6.0,5.999999999999979,5.999999999999986,6.0,6.000000000000028,0.014507744,0,0.09,weight_1_3
2019-07-08,2019-07-09,0.0,Tidak lebat <50 mm,0,0.0,5.999999999999979,5.999999999999986,6.0,6.000000000000028,0.01335408,0,0.09,weight_1_3
2019-07-09,2019-07-10,5.2,Tidak lebat <50 mm,0,0.0,5.999999999999979,5.999999999999986,6.0,6.000000000000028,0.01335408,0,0.09,weight_1_3
2019-07-10,2019-07-11,3.2,Tidak lebat <50 mm,0,5.2,5.199999999999979,11.199999999999983,11.2,11.200000000000028,0.019916475,0,0.09,weight_1_3
2019-07-11,2019-07-12,0.0,Tidak lebat <50 mm,0,3.2,8.399999999999979,14.399999999999986,14.4,14.400000000000029,0.023645421,0,0.09,weight_1_3
2019-07-12,2019-07-13,0.0,Tidak lebat <50 mm,0,0.0,8.399999999999979,8.399999999999986,14.4,14.400000000000029,0.02069526,0,0.09,weight_1_3
2019-07-13,2019-07-14,0.0,Tidak lebat <50 mm,0,0.0,3.199999999999979,8.399999999999986,14.4,14.400000000000029,0.019952979,0,0.09,weight_1_3
2019-07-14,2019-07-15,0.0,Tidak lebat <50 mm,0,0.0,0.0,8.399999999999986,8.4,14.400000000000029,0.017971871,0,0.09,weight_1_3
2019-07-15,2019-07-16,0.0,Tidak lebat <50 mm,0,0.0,0.0,3.199999999999986,8.4,14.400000000000029,0.016953235,0,0.09,weight_1_3
2019-07-16,2019-07-17,0.0,Tidak lebat <50 mm,0,0.0,0.0,0.0,8.4,14.400000000000029,0.016118709,0,0.09,weight_1_3
2019-07-17,2019-07-18,0.0,Tidak lebat <50 mm,0,0.0,0.0,0.0,3.2,8.400000000000029,0.0123996455,0,0.09,weight_1_3
2019-07-18,2019-07-19,0.0,Tidak lebat <50 mm,0,0.0,0.0,0.0,0.0,8.400000000000029,0.011930492,0,0.09,weight_1_3
2019-07-19,2019-07-20,0.0,Tidak lebat <50 mm,0,0.0,0.0,0.0,0.0,8.400000000000029,0.011930492,0,0.09,weight_1_3
2019-07-20,2019-07-21,0.0,Tidak lebat <50 mm,0,0.0,0.0,0.0,0.0,3.2000000000000286,0.009624458,0,0.09,weight_1_3
2019-07-21,2019-07-22,0.0,Tidak lebat <50 mm,0,0.0,0.0,0.0,0.0,0.0,0.008412858,0,0.09,weight_1_3
2019-07-22,2019-07-23,0.0,Tidak lebat <50 mm,0,0.0,0.0,0.0,0.0,0.0,0.008412858,0,0.09,weight_1_3
2019-07-23,2019-07-24,0.0,Tidak lebat <50 mm,0,0.0,0.0,0.0,0.0,0.0,0.008412858,0,0.09,weight_1_3
2019-07-24,2019-07-25,0.0,Tidak lebat <50 mm,0,0.0,0.0,0.0,0.0,0.0,0.008412858,0,0.09,weight_1_3
2019-07-25,2019-07-26,0.0,Tidak lebat <50 mm,0,0.0,0.0,0.0,0.0,0.0,0.008412858,0,0.09,weight_1_3
2019-07-26,2019-07-27,0.0,Tidak lebat <50 mm,0,0.0,0.0,0.0,0.0,0.0,0.008412858,0,0.09,weight_1_3
2019-07-27,2019-07-28,0.0,Tidak lebat <50 mm,0,0.0,0.0,0.0,0.0,0.0,0.008412858,0,0.09,weight_1_3
2019-07-28,2019-07-29,0.0,Tidak lebat <50 mm,0,0.0,0.0,0.0,0.0,0.0,0.008412858,0,0.09,weight_1_3
2019-07-29,2019-07-30,0.0,Tidak lebat <50 mm,0,0.0,0.0,0.0,0.0,0.0,0.008412858,0,0.09,weight_1_3
2019-07-30,2019-07-31,0.0,Tidak lebat <50 mm,0,0.0,0.0,0.0,0.0,0.0,0.008412858,0,0.09,weight_1_3
2019-07-31,2019-08-01,0.0,Tidak lebat <50 mm,0,0.0,0.0,0.0,0.0,0.0,0.008412858,0,0.09,weight_1_3
2019-08-01,2019-08-02,0.0,Tidak lebat <50 mm,0,0.0,0.0,0.0,0.0,0.0,0.008412858,0,0.09,weight_1_3
2019-08-02,2019-08-03,0.0,Tidak lebat <50 mm,0,0.0,0.0,0.0,0.0,0.0,0.008412858,0,0.09,weight_1_3
2019-08-03,2019-08-04,0.0,Tidak lebat <50 mm,0,0.0,0.0,0.0,0.0,0.0,0.008412858,0,0.09,weight_1_3
2019-08-04,2019-08-05,0.0,Tidak lebat <50 mm,0,0.0,0.0,0.0,0.0,0.0,0.008412858,0,0.09,weight_1_3
2019-08-05,2019-08-06,0.0,Tidak lebat <50 mm,0,0.0,0.0,0.0,0.0,0.0,0.008412858,0,0.09,weight_1_3
2019-08-06,2019-08-07,0.0,Tidak lebat <50 mm,0,0.0,0.0,0.0,0.0,0.0,0.008412858,0,0.09,weight_1_3
2019-08-07,2019-08-08,0.0,Tidak lebat <50 mm,0,0.0,0.0,0.0,0.0,0.0,0.008412858,0,0.09,weight_1_3
2019-08-08,2019-08-09,0.0,Tidak lebat <50 mm,0,0.0,0.0,0.0,0.0,0.0,0.008412858,0,0.09,weight_1_3
2019-08-09,2019-08-10,0.0,Tidak lebat <50 mm,0,0.0,0.0,0.0,0.0,0.0,0.008412858,0,0.09,weight_1_3
2019-08-10,2019-08-11,0.0,Tidak lebat <50 mm,0,0.0,0.0,0.0,0.0,0.0,0.008412858,0,0.09,weight_1_3
2019-08-11,2019-08-12,0.0,Tidak lebat <50 mm,0,0.0,0.0,0.0,0.0,0.0,0.008412858,0,0.09,weight_1_3
2019-08-12,2019-08-13,0.0,Tidak lebat <50 mm,0,0.0,0.0,0.0,0.0,0.0,0.008412858,0,0.09,weight_1_3
2019-08-13,2019-08-14,0.0,Tidak lebat <50 mm,0,0.0,0.0,0.0,0.0,0.0,0.008412858,0,0.09,weight_1_3
2019-08-14,2019-08-15,0.0,Tidak lebat <50 mm,0,0.0,0.0,0.0,0.0,0.0,0.008412858,0,0.09,weight_1_3
2019-08-15,2019-08-16,0.0,Tidak lebat <50 mm,0,0.0,0.0,0.0,0.0,0.0,0.008412858,0,0.09,weight_1_3
2019-08-16,2019-08-17,0.0,Tidak lebat <50 mm,0,0.0,0.0,0.0,0.0,0.0,0.008412858,0,0.09,weight_1_3
2019-08-17,2019-08-18,0.0,Tidak lebat <50 mm,0,0.0,0.0,0.0,0.0,0.0,0.008412858,0,0.09,weight_1_3
2019-08-18,2019-08-19,0.0,Tidak lebat <50 mm,0,0.0,0.0,0.0,0.0,0.0,0.008412858,0,0.09,weight_1_3
2019-08-19,2019-08-20,0.0,Tidak lebat <50 mm,0,0.0,0.0,0.0,0.0,0.0,0.008412858,0,0.09,weight_1_3
2019-08-20,2019-08-21,0.0,Tidak lebat <50 mm,0,0.0,0.0,0.0,0.0,0.0,0.008412858,0,0.09,weight_1_3
2019-08-21,2019-08-22,0.0,Tidak lebat <50 mm,0,0.0,0.0,0.0,0.0,0.0,0.008412858,0,0.09,weight_1_3
2019-08-22,2019-08-23,0.0,Tidak lebat <50 mm,0,0.0,0.0,0.0,0.0,0.0,0.008412858,0,0.09,weight_1_3
2019-08-23,2019-08-24,0.0,Tidak lebat <50 mm,0,0.0,0.0,0.0,0.0,0.0,0.008412858,0,0.09,weight_1_3
2019-08-24,2019-08-25,0.0,Tidak lebat <50 mm,0,0.0,0.0,0.0,0.0,0.0,0.008412858,0,0.09,weight_1_3
2019-08-25,2019-08-26,0.0,Tidak lebat <50 mm,0,0.0,0.0,0.0,0.0,0.0,0.008412858,0,0.09,weight_1_3
2019-08-26,2019-08-27,0.0,Tidak lebat <50 mm,0,0.0,0.0,0.0,0.0,0.0,0.008412858,0,0.09,weight_1_3
2019-08-27,2019-08-28,0.0,Tidak lebat <50 mm,0,0.0,0.0,0.0,0.0,0.0,0.008412858,0,0.09,weight_1_3
2019-08-28,2019-08-29,1.0,Tidak lebat <50 mm,0,0.0,0.0,0.0,0.0,0.0,0.008412858,0,0.09,weight_1_3
2019-08-29,2019-08-30,0.0,Tidak lebat <50 mm,0,1.0,0.9999999999999788,0.9999999999999858,1.0,1.0000000000000284,0.009249493,0,0.09,weight_1_3
2019-08-30,2019-08-31,0.0,Tidak lebat <50 mm,0,0.0,0.9999999999999788,0.9999999999999858,1.0,1.0000000000000284,0.00912913,0,0.09,weight_1_3
2019-08-31,2019-09-01,0.0,Tidak lebat <50 mm,0,0.0,0.9999999999999788,0.9999999999999858,1.0,1.0000000000000284,0.00912913,0,0.09,weight_1_3
2019-09-01,2019-09-02,0.0,Tidak lebat <50 mm,0,0.0,0.0,0.9999999999999858,1.0,1.0000000000000284,0.009015271,0,0.09,weight_1_3
2019-09-02,2019-09-03,0.0,Tidak lebat <50 mm,0,0.0,0.0,0.9999999999999858,1.0,1.0000000000000284,0.009015271,0,0.09,weight_1_3
2019-09-03,2019-09-04,0.0,Tidak lebat <50 mm,0,0.0,0.0,0.0,1.0,1.0000000000000284,0.008880641,0,0.09,weight_1_3
2019-09-04,2019-09-05,0.0,Tidak lebat <50 mm,0,0.0,0.0,0.0,1.0,1.0000000000000284,0.008880641,0,0.09,weight_1_3
2019-09-05,2019-09-06,0.0,Tidak lebat <50 mm,0,0.0,0.0,0.0,0.0,1.0000000000000284,0.008779817,0,0.09,weight_1_3
2019-09-06,2019-09-07,0.0,Tidak lebat <50 mm,0,0.0,0.0,0.0,0.0,1.0000000000000284,0.008779817,0,0.09,weight_1_3
2019-09-07,2019-09-08,0.0,Tidak lebat <50 mm,0,0.0,0.0,0.0,0.0,1.0000000000000284,0.008779817,0,0.09,weight_1_3
2019-09-08,2019-09-09,0.0,Tidak lebat <50 mm,0,0.0,0.0,0.0,0.0,0.0,0.008412858,0,0.09,weight_1_3
2019-09-09,2019-09-10,0.0,Tidak lebat <50 mm,0,0.0,0.0,0.0,0.0,0.0,0.008412858,0,0.09,weight_1_3
2019-09-10,2019-09-11,0.0,Tidak lebat <50 mm,0,0.0,0.0,0.0,0.0,0.0,0.008412858,0,0.09,weight_1_3
2019-09-11,2019-09-12,0.0,Tidak lebat <50 mm,0,0.0,0.0,0.0,0.0,0.0,0.008412858,0,0.09,weight_1_3
2019-09-12,2019-09-13,0.0,Tidak lebat <50 mm,0,0.0,0.0,0.0,0.0,0.0,0.008412858,0,0.09,weight_1_3
2019-09-13,2019-09-14,0.0,Tidak lebat <50 mm,0,0.0,0.0,0.0,0.0,0.0,0.008412858,0,0.09,weight_1_3
2019-09-14,2019-09-15,0.0,Tidak lebat <50 mm,0,0.0,0.0,0.0,0.0,0.0,0.008412858,0,0.09,weight_1_3
2019-09-15,2019-09-16,0.0,Tidak lebat <50 mm,0,0.0,0.0,0.0,0.0,0.0,0.008412858,0,0.09,weight_1_3
2019-09-16,2019-09-17,0.0,Tidak lebat <50 mm,0,0.0,0.0,0.0,0.0,0.0,0.008412858,0,0.09,weight_1_3
2019-09-17,2019-09-18,0.0,Tidak lebat <50 mm,0,0.0,0.0,0.0,0.0,0.0,0.008412858,0,0.09,weight_1_3
2019-09-18,2019-09-19,0.0,Tidak lebat <50 mm,0,0.0,0.0,0.0,0.0,0.0,0.008412858,0,0.09,weight_1_3
2019-09-19,2019-09-20,0.0,Tidak lebat <50 mm,0,0.0,0.0,0.0,0.0,0.0,0.008412858,0,0.09,weight_1_3
2019-09-20,2019-09-21,0.0,Tidak lebat <50 mm,0,0.0,0.0,0.0,0.0,0.0,0.008412858,0,0.09,weight_1_3
2019-09-21,2019-09-22,0.0,Tidak lebat <50 mm,0,0.0,0.0,0.0,0.0,0.0,0.008412858,0,0.09,weight_1_3
2019-09-22,2019-09-23,0.0,Tidak lebat <50 mm,0,0.0,0.0,0.0,0.0,0.0,0.008412858,0,0.09,weight_1_3
2019-09-23,2019-09-24,0.0,Tidak lebat <50 mm,0,0.0,0.0,0.0,0.0,0.0,0.008412858,0,0.09,weight_1_3
2019-09-24,2019-09-25,0.0,Tidak lebat <50 mm,0,0.0,0.0,0.0,0.0,0.0,0.008412858,0,0.09,weight_1_3
2019-09-25,2019-09-26,0.0,Tidak lebat <50 mm,0,0.0,0.0,0.0,0.0,0.0,0.008412858,0,0.09,weight_1_3
2019-09-26,2019-09-27,0.0,Tidak lebat <50 mm,0,0.0,0.0,0.0,0.0,0.0,0.008412858,0,0.09,weight_1_3
2019-09-27,2019-09-28,0.0,Tidak lebat <50 mm,0,0.0,0.0,0.0,0.0,0.0,0.008412858,0,0.09,weight_1_3
2019-09-28,2019-09-29,0.0,Tidak lebat <50 mm,0,0.0,0.0,0.0,0.0,0.0,0.008412858,0,0.09,weight_1_3
2019-09-29,2019-09-30,0.0,Tidak lebat <50 mm,0,0.0,0.0,0.0,0.0,0.0,0.008412858,0,0.09,weight_1_3
2019-09-30,2019-10-01,0.0,Tidak lebat <50 mm,0,0.0,0.0,0.0,0.0,0.0,0.008412858,0,0.09,weight_1_3
2019-10-01,2019-10-02,0.0,Tidak lebat <50 mm,0,0.0,0.0,0.0,0.0,0.0,0.008412858,0,0.09,weight_1_3
2019-10-02,2019-10-03,0.0,Tidak lebat <50 mm,0,0.0,0.0,0.0,0.0,0.0,0.008412858,0,0.09,weight_1_3
2019-10-03,2019-10-04,0.0,Tidak lebat <50 mm,0,0.0,0.0,0.0,0.0,0.0,0.008412858,0,0.09,weight_1_3
2019-10-04,2019-10-05,0.0,Tidak lebat <50 mm,0,0.0,0.0,0.0,0.0,0.0,0.008412858,0,0.09,weight_1_3
2019-10-05,2019-10-06,0.0,Tidak lebat <50 mm,0,0.0,0.0,0.0,0.0,0.0,0.008412858,0,0.09,weight_1_3
2019-10-06,2019-10-07,0.0,Tidak lebat <50 mm,0,0.0,0.0,0.0,0.0,0.0,0.008412858,0,0.09,weight_1_3
2019-10-07,2019-10-08,0.0,Tidak lebat <50 mm,0,0.0,0.0,0.0,0.0,0.0,0.008412858,0,0.09,weight_1_3
2019-10-08,2019-10-09,0.0,Tidak lebat <50 mm,0,0.0,0.0,0.0,0.0,0.0,0.008412858,0,0.09,weight_1_3
2019-10-09,2019-10-10,0.0,Tidak lebat <50 mm,0,0.0,0.0,0.0,0.0,0.0,0.008412858,0,0.09,weight_1_3
2019-10-10,2019-10-11,11.2,Tidak lebat <50 mm,0,0.0,0.0,0.0,0.0,0.0,0.008412858,0,0.09,weight_1_3
2019-10-11,2019-10-12,0.0,Tidak lebat <50 mm,0,11.2,11.199999999999978,11.199999999999983,11.2,11.200000000000028,0.021727439,0,0.09,weight_1_3
2019-10-12,2019-10-13,0.0,Tidak lebat <50 mm,0,0.0,11.199999999999978,11.199999999999983,11.2,11.200000000000028,0.019330211,0,0.09,weight_1_3
2019-10-13,2019-10-14,0.0,Tidak lebat <50 mm,0,0.0,11.199999999999978,11.199999999999983,11.2,11.200000000000028,0.019330211,0,0.09,weight_1_3
2019-10-14,2019-10-15,0.0,Tidak lebat <50 mm,0,0.0,0.0,11.199999999999983,11.2,11.200000000000028,0.017359491,0,0.09,weight_1_3
2019-10-15,2019-10-16,0.0,Tidak lebat <50 mm,0,0.0,0.0,11.199999999999983,11.2,11.200000000000028,0.017359491,0,0.09,weight_1_3
2019-10-16,2019-10-17,0.0,Tidak lebat <50 mm,0,0.0,0.0,0.0,11.2,11.200000000000028,0.015089627,0,0.09,weight_1_3
2019-10-17,2019-10-18,0.0,Tidak lebat <50 mm,0,0.0,0.0,0.0,11.2,11.200000000000028,0.015089627,0,0.09,weight_1_3
2019-10-18,2019-10-19,0.0,Tidak lebat <50 mm,0,0.0,0.0,0.0,0.0,11.200000000000028,0.013388175,0,0.09,weight_1_3
2019-10-19,2019-10-20,0.0,Tidak lebat <50 mm,0,0.0,0.0,0.0,0.0,11.200000000000028,0.013388175,0,0.09,weight_1_3
2019-10-20,2019-10-21,0.0,Tidak lebat <50 mm,0,0.0,0.0,0.0,0.0,11.200000000000028,0.013388175,0,0.09,weight_1_3
2019-10-21,2019-10-22,0.0,Tidak lebat <50 mm,0,0.0,0.0,0.0,0.0,0.0,0.008412858,0,0.09,weight_1_3
2019-10-22,2019-10-23,0.0,Tidak lebat <50 mm,0,0.0,0.0,0.0,0.0,0.0,0.008412858,0,0.09,weight_1_3
2019-10-23,2019-10-24,0.0,Tidak lebat <50 mm,0,0.0,0.0,0.0,0.0,0.0,0.008412858,0,0.09,weight_1_3
2019-10-24,2019-10-25,0.0,Tidak lebat <50 mm,0,0.0,0.0,0.0,0.0,0.0,0.008412858,0,0.09,weight_1_3
2019-10-25,2019-10-26,0.0,Tidak lebat <50 mm,0,0.0,0.0,0.0,0.0,0.0,0.008412858,0,0.09,weight_1_3
2019-10-26,2019-10-27,0.0,Tidak lebat <50 mm,0,0.0,0.0,0.0,0.0,0.0,0.008412858,0,0.09,weight_1_3
2019-10-27,2019-10-28,0.0,Tidak lebat <50 mm,0,0.0,0.0,0.0,0.0,0.0,0.008412858,0,0.09,weight_1_3
2019-10-28,2019-10-29,0.0,Tidak lebat <50 mm,0,0.0,0.0,0.0,0.0,0.0,0.008412858,0,0.09,weight_1_3
2019-10-29,2019-10-30,0.0,Tidak lebat <50 mm,0,0.0,0.0,0.0,0.0,0.0,0.008412858,0,0.09,weight_1_3
2019-10-30,2019-10-31,0.0,Tidak lebat <50 mm,0,0.0,0.0,0.0,0.0,0.0,0.008412858,0,0.09,weight_1_3
2019-10-31,2019-11-01,0.0,Tidak lebat <50 mm,0,0.0,0.0,0.0,0.0,0.0,0.008412858,0,0.09,weight_1_3
2019-11-01,2019-11-02,0.0,Tidak lebat <50 mm,0,0.0,0.0,0.0,0.0,0.0,0.008412858,0,0.09,weight_1_3
2019-11-02,2019-11-03,0.0,Tidak lebat <50 mm,0,0.0,0.0,0.0,0.0,0.0,0.008412858,0,0.09,weight_1_3
2019-11-03,2019-11-04,0.0,Tidak lebat <50 mm,0,0.0,0.0,0.0,0.0,0.0,0.008412858,0,0.09,weight_1_3
2019-11-04,2019-11-05,17.6,Tidak lebat <50 mm,0,0.0,0.0,0.0,0.0,0.0,0.008412858,0,0.09,weight_1_3
2019-11-05,2019-11-06,4.6,Tidak lebat <50 mm,0,17.6,17.59999999999998,17.599999999999987,17.6,17.60000000000003,0.029196074,0,0.09,weight_1_3
2019-11-06,2019-11-07,0.0,Tidak lebat <50 mm,0,4.6,22.19999999999998,22.19999999999999,22.200000000000003,22.20000000000003,0.03063481,0,0.09,weight_1_3
2019-11-07,2019-11-08,0.0,Tidak lebat <50 mm,0,0.0,22.19999999999998,22.19999999999999,22.200000000000003,22.20000000000003,0.029474948,0,0.09,weight_1_3
2019-11-08,2019-11-09,0.0,Tidak lebat <50 mm,0,0.0,4.599999999999978,22.19999999999999,22.200000000000003,22.20000000000003,0.02647344,0,0.09,weight_1_3
2019-11-09,2019-11-10,0.0,Tidak lebat <50 mm,0,0.0,0.0,22.19999999999999,22.200000000000003,22.20000000000003,0.024999727,0,0.09,weight_1_3
2019-11-10,2019-11-11,0.0,Tidak lebat <50 mm,0,0.0,0.0,4.599999999999985,22.200000000000003,22.20000000000003,0.020760959,0,0.09,weight_1_3
2019-11-11,2019-11-12,0.0,Tidak lebat <50 mm,0,0.0,0.0,0.0,22.200000000000003,22.20000000000003,0.01927944,0,0.09,weight_1_3
2019-11-12,2019-11-13,0.0,Tidak lebat <50 mm,0,0.0,0.0,0.0,4.6,22.20000000000003,0.016407734,0,0.09,weight_1_3
2019-11-13,2019-11-14,22.6,Tidak lebat <50 mm,0,0.0,0.0,0.0,0.0,22.20000000000003,0.015459757,0,0.09,weight_1_3
2019-11-14,2019-11-15,22.2,Tidak lebat <50 mm,0,22.6,22.59999999999998,22.599999999999987,22.6,44.80000000000003,0.03925314,0,0.09,weight_1_3
2019-11-15,2019-11-16,0.0,Tidak lebat <50 mm,0,22.2,44.79999999999998,44.79999999999998,44.8,49.400000000000034,0.047334492,0,0.09,weight_1_3
2019-11-16,2019-11-17,0.0,Tidak lebat <50 mm,0,0.0,44.79999999999998,44.79999999999998,44.8,44.800000000000026,0.026035013,0,0.09,weight_1_3
2019-11-17,2019-11-18,0.0,Tidak lebat <50 mm,0,0.0,22.199999999999974,44.79999999999998,44.8,44.800000000000026,0.038001053,0,0.09,weight_1_3
2019-11-18,2019-11-19,0.0,Tidak lebat <50 mm,0,0.0,0.0,44.79999999999998,44.8,44.800000000000026,0.023557723,0,0.09,weight_1_3
2019-11-19,2019-11-20,0.0,Tidak lebat <50 mm,0,0.0,0.0,22.199999999999985,44.8,44.800000000000026,0.032539133,0,0.09,weight_1_3
2019-11-20,2019-11-21,0.0,Tidak lebat <50 mm,0,0.0,0.0,0.0,44.8,44.800000000000026,0.019272111,0,0.09,weight_1_3
2019-11-21,2019-11-22,1.5,Tidak lebat <50 mm,0,0.0,0.0,0.0,22.2,44.800000000000026,0.022608772,0,0.09,weight_1_3
2019-11-22,2019-11-23,4.6,Tidak lebat <50 mm,0,1.5,1.499999999999979,1.4999999999999858,1.5,46.300000000000026,0.016238756,0,0.09,weight_1_3
2019-11-23,2019-11-24,0.0,Tidak lebat <50 mm,0,4.6,6.099999999999978,6.099999999999985,6.1,50.90000000000003,0.023353001,0,0.09,weight_1_3
2019-11-24,2019-11-25,0.0,Tidak lebat <50 mm,0,0.0,6.099999999999978,6.099999999999985,6.1,28.300000000000026,0.020191599,0,0.09,weight_1_3
2019-11-25,2019-11-26,0.0,Tidak lebat <50 mm,0,0.0,4.599999999999978,6.099999999999985,6.1,6.100000000000028,0.013359697,0,0.09,weight_1_3
2019-11-26,2019-11-27,0.0,Tidak lebat <50 mm,0,0.0,0.0,6.099999999999985,6.1,6.100000000000028,0.012660269,0,0.09,weight_1_3
2019-11-27,2019-11-28,0.0,Tidak lebat <50 mm,0,0.0,0.0,4.599999999999985,6.1,6.100000000000028,0.012457148,0,0.09,weight_1_3
2019-11-28,2019-11-29,1.5,Tidak lebat <50 mm,0,0.0,0.0,0.0,6.1,6.100000000000028,0.011621126,0,0.09,weight_1_3
2019-11-29,2019-11-30,0.0,Tidak lebat <50 mm,0,1.5,1.499999999999979,1.4999999999999858,6.1,7.600000000000028,0.013194958,0,0.09,weight_1_3
2019-11-30,2019-12-01,25.5,Tidak lebat <50 mm,0,0.0,1.499999999999979,1.4999999999999858,1.5,7.600000000000028,0.012265324,0,0.09,weight_1_3
2019-12-01,2019-12-02,0.0,Tidak lebat <50 mm,0,25.5,26.99999999999998,26.999999999999982,27.0,33.10000000000003,0.039396014,0,0.09,weight_1_3
2019-12-02,2019-12-03,0.0,Tidak lebat <50 mm,0,0.0,25.49999999999998,26.999999999999982,27.0,31.60000000000003,0.034069985,0,0.09,weight_1_3
2019-12-03,2019-12-04,10.0,Tidak lebat <50 mm,0,0.0,25.49999999999998,26.999999999999982,27.0,27.00000000000003,0.03278416,0,0.09,weight_1_3
2019-12-04,2019-12-05,3.6,Tidak lebat <50 mm,0,10.0,9.99999999999998,35.499999999999986,37.0,37.00000000000003,0.041689727,0,0.09,weight_1_3
2019-12-05,2019-12-06,0.0,Tidak lebat <50 mm,0,3.6,13.599999999999978,39.09999999999999,40.6,40.60000000000003,0.040060382,0,0.09,weight_1_3
2019-12-06,2019-12-07,21.1,Tidak lebat <50 mm,0,0.0,13.599999999999978,13.599999999999984,39.1,40.60000000000003,0.03334569,0,0.09,weight_1_3
2019-12-07,2019-12-08,6.1,Tidak lebat <50 mm,0,21.1,24.69999999999998,34.69999999999999,60.2,61.70000000000003,0.046141088,0,0.09,weight_1_3
2019-12-08,2019-12-09,0.0,Tidak lebat <50 mm,0,6.1,27.19999999999998,40.79999999999999,40.8,67.80000000000003,0.042020336,0,0.09,weight_1_3
2019-12-09,2019-12-10,0.0,Tidak lebat <50 mm,0,0.0,27.19999999999998,30.79999999999999,40.8,66.30000000000003,0.039937373,0,0.09,weight_1_3
2019-12-10,2019-12-11,0.0,Tidak lebat <50 mm,0,0.0,6.099999999999978,27.19999999999999,40.8,66.30000000000003,0.036827996,0,0.09,weight_1_3
2019-12-11,2019-12-12,1.8,Tidak lebat <50 mm,0,0.0,0.0,27.19999999999999,30.800000000000004,40.80000000000003,0.031289134,0,0.09,weight_1_3
2019-12-12,2019-12-13,2.1,Tidak lebat <50 mm,0,1.8,1.7999999999999787,7.899999999999985,29.0,42.60000000000003,0.027857577,0,0.09,weight_1_3
2019-12-13,2019-12-14,0.0,Tidak lebat <50 mm,0,2.1,3.899999999999979,3.899999999999986,31.1,44.70000000000003,0.028075399,0,0.09,weight_1_3
2019-12-14,2019-12-15,0.0,Tidak lebat <50 mm,0,0.0,3.8999999999999786,3.899999999999986,10.0,34.70000000000003,0.021177487,0,0.09,weight_1_3
2019-12-15,2019-12-16,0.0,Tidak lebat <50 mm,0,0.0,2.0999999999999783,3.899999999999986,3.9,31.10000000000003,0.018908374,0,0.09,weight_1_3
2019-12-16,2019-12-17,0.0,Tidak lebat <50 mm,0,0.0,0.0,3.899999999999986,3.9,31.10000000000003,0.018326145,0,0.09,weight_1_3
2019-12-17,2019-12-18,5.9,Tidak lebat <50 mm,0,0.0,0.0,2.0999999999999863,3.9,10.000000000000028,0.013805073,0,0.09,weight_1_3
2019-12-18,2019-12-19,3.7,Tidak lebat <50 mm,0,5.9,5.899999999999979,5.899999999999986,9.8,9.80000000000003,0.017700229,0,0.09,weight_1_3
2019-12-19,2019-12-20,0.6,Tidak lebat <50 mm,0,3.7,9.59999999999998,9.599999999999987,11.7,13.500000000000028,0.022099167,0,0.09,weight_1_3
2019-12-20,2019-12-21,0.0,Tidak lebat <50 mm,0,0.6,10.19999999999998,10.199999999999989,10.2,14.10000000000003,0.020783093,0,0.09,weight_1_3
2019-12-21,2019-12-22,8.4,Tidak lebat <50 mm,0,0.0,4.2999999999999785,10.199999999999989,10.2,14.10000000000003,0.019687187,0,0.09,weight_1_3
2019-12-22,2019-12-23,26.4,Tidak lebat <50 mm,0,8.4,8.999999999999979,18.599999999999987,18.6,20.70000000000003,0.02848251,0,0.09,weight_1_3
2019-12-23,2019-12-24,0.0,Tidak lebat <50 mm,0,26.4,34.799999999999976,39.09999999999999,45.0,45.00000000000003,0.047119178,0,0.09,weight_1_3
2019-12-24,2019-12-25,0.0,Tidak lebat <50 mm,0,0.0,34.799999999999976,35.399999999999984,45.0,45.00000000000003,0.03312378,0,0.09,weight_1_3
2019-12-25,2019-12-26,0.6,Tidak lebat <50 mm,0,0.0,26.399999999999977,34.79999999999999,39.1,45.00000000000003,0.03994763,0,0.09,weight_1_3
2019-12-26,2019-12-27,0.0,Tidak lebat <50 mm,0,0.6,0.5999999999999787,35.39999999999999,36.0,45.60000000000003,0.03149308,0,0.09,weight_1_3
2019-12-27,2019-12-28,26.6,Tidak lebat <50 mm,0,0.0,0.5999999999999787,26.999999999999982,35.4,45.60000000000003,0.034187336,0,0.09,weight_1_3
2019-12-28,2019-12-29,31.6,Tidak lebat <50 mm,0,26.6,27.19999999999998,27.19999999999999,62.0,66.30000000000004,0.048887342,0,0.09,weight_1_3
2019-12-29,2019-12-30,4.6,Tidak lebat <50 mm,0,31.6,58.19999999999998,58.79999999999999,85.2,94.20000000000005,0.06251201,0,0.09,weight_1_3
2019-12-30,2019-12-31,0.0,Tidak lebat <50 mm,0,4.6,62.79999999999998,63.39999999999999,63.400000000000006,98.20000000000005,0.032401703,0,0.09,weight_1_3
2019-12-31,2020-01-01,0.0,Tidak lebat <50 mm,0,0.0,36.19999999999998,62.79999999999999,63.400000000000006,98.20000000000005,0.033352066,0,0.09,weight_1_3
2020-01-01,2020-01-02,17.6,Tidak lebat <50 mm,0,0.0,4.599999999999978,62.79999999999999,63.400000000000006,89.80000000000003,0.021866728,0,0.09,weight_1_3
2020-01-02,2020-01-03,2.2,Tidak lebat <50 mm,0,17.6,17.59999999999998,53.79999999999999,80.4,81.00000000000003,0.049757887,0,0.09,weight_1_3
2020-01-03,2020-01-04,14.1,Tidak lebat <50 mm,0,2.2,19.79999999999998,24.399999999999988,82.60000000000001,83.20000000000003,0.041727755,0,0.09,weight_1_3
2020-01-04,2020-01-05,4.4,Tidak lebat <50 mm,0,14.1,33.89999999999998,33.89999999999999,70.10000000000001,97.30000000000004,0.04776822,0,0.09,weight_1_3
2020-01-05,2020-01-06,23.8,Tidak lebat <50 mm,0,4.4,20.69999999999998,38.29999999999999,42.900000000000006,101.10000000000004,0.046348482,0,0.09,weight_1_3
2020-01-06,2020-01-07,4.6,Tidak lebat <50 mm,0,23.8,42.29999999999998,62.1,62.1,124.90000000000003,0.06345571,0,0.09,weight_1_3
2020-01-07,2020-01-08,3.3,Tidak lebat <50 mm,0,4.6,32.799999999999976,49.1,66.7,102.90000000000003,0.043750573,0,0.09,weight_1_3
2020-01-08,2020-01-09,25.1,Tidak lebat <50 mm,0,3.3,31.699999999999974,50.19999999999999,70.0,74.60000000000004,0.040498696,0,0.09,weight_1_3
2020-01-09,2020-01-10,55.5,Lebat 50-100 mm,1,25.1,32.99999999999997,61.2,77.5,95.10000000000002,0.054422688,0,0.09,weight_1_3
2020-01-10,2020-01-11,8.8,Tidak lebat <50 mm,0,55.5,83.89999999999998,112.29999999999998,130.8,150.60000000000002,0.17378615,1,0.09,weight_1_3
2020-01-11,2020-01-12,1.8,Tidak lebat <50 mm,0,8.8,89.39999999999998,97.3,125.5,159.40000000000003,0.07743042,0,0.09,weight_1_3
2020-01-12,2020-01-13,0.5,Tidak lebat <50 mm,0,1.8,66.09999999999998,94.5,122.9,143.60000000000002,0.043655615,0,0.09,weight_1_3
2020-01-13,2020-01-14,10.3,Tidak lebat <50 mm,0,0.5,11.099999999999971,91.7,99.6,141.9,0.03132693,0,0.09,weight_1_3
2020-01-14,2020-01-15,6.5,Tidak lebat <50 mm,0,10.3,12.599999999999971,76.89999999999999,105.3,138.10000000000002,0.04955179,0,0.09,weight_1_3
2020-01-15,2020-01-16,4.5,Tidak lebat <50 mm,0,6.5,17.299999999999972,27.899999999999995,108.5,140.20000000000002,0.052803162,0,0.09,weight_1_3
2020-01-16,2020-01-17,9.8,Tidak lebat <50 mm,0,4.5,21.29999999999997,23.599999999999994,87.9,120.90000000000003,0.04673199,0,0.09,weight_1_3
2020-01-17,2020-01-18,0.0,Tidak lebat <50 mm,0,9.8,20.79999999999997,31.599999999999994,42.2,126.10000000000002,0.053268358,0,0.09,weight_1_3
2020-01-18,2020-01-19,0.0,Tidak lebat <50 mm,0,0.0,14.299999999999972,31.099999999999994,33.400000000000006,122.80000000000004,0.043629527,0,0.09,weight_1_3
2020-01-19,2020-01-20,0.0,Tidak lebat <50 mm,0,0.0,9.799999999999972,20.799999999999997,31.6,97.70000000000005,0.037411503,0,0.09,weight_1_3
2020-01-20,2020-01-21,0.0,Tidak lebat <50 mm,0,0.0,0.0,14.299999999999994,31.1,42.20000000000003,0.028745156,0,0.09,weight_1_3
2020-01-21,2020-01-22,12.5,Tidak lebat <50 mm,0,0.0,0.0,9.799999999999994,20.8,33.400000000000034,0.023730632,0,0.09,weight_1_3
2020-01-22,2020-01-23,1.2,Tidak lebat <50 mm,0,12.5,12.499999999999972,12.499999999999991,26.8,44.10000000000003,0.0348167,0,0.09,weight_1_3
2020-01-23,2020-01-24,10.0,Tidak lebat <50 mm,0,1.2,13.69999999999997,13.699999999999992,23.5,44.80000000000003,0.03156036,0,0.09,weight_1_3
2020-01-24,2020-01-25,26.8,Tidak lebat <50 mm,0,10.0,23.69999999999997,23.699999999999992,23.7,44.50000000000003,0.03886923,0,0.09,weight_1_3
2020-01-25,2020-01-26,6.7,Tidak lebat <50 mm,0,26.8,37.99999999999997,50.49999999999999,50.5,64.80000000000003,0.05146935,0,0.09,weight_1_3
2020-01-26,2020-01-27,36.0,Tidak lebat <50 mm,0,6.7,43.49999999999997,57.2,57.2,67.00000000000003,0.040332373,0,0.09,weight_1_3
2020-01-27,2020-01-28,4.6,Tidak lebat <50 mm,0,36.0,69.49999999999997,80.69999999999999,93.2,93.20000000000005,0.080289386,0,0.09,weight_1_3
2020-01-28,2020-01-29,10.4,Tidak lebat <50 mm,0,4.6,47.299999999999976,84.1,97.8,97.80000000000004,0.043157443,0,0.09,weight_1_3
2020-01-29,2020-01-30,66.6,Lebat 50-100 mm,1,10.4,50.99999999999997,84.5,95.7,108.20000000000005,0.053403854,0,0.09,weight_1_3
2020-01-30,2020-01-31,0.5,Tidak lebat <50 mm,0,66.6,81.59999999999997,124.3,161.1,174.8,0.18089247,1,0.09,weight_1_3
2020-01-31,2020-02-01,22.0,Tidak lebat <50 mm,0,0.5,77.49999999999997,118.1,151.6,175.3,0.051639155,0,0.09,weight_1_3
2020-02-01,2020-02-02,24.8,Tidak lebat <50 mm,0,22.0,89.09999999999997,104.1,146.8,184.8,0.13090548,1,0.09,weight_1_3
2020-02-02,2020-02-03,48.4,Tidak lebat <50 mm,0,24.8,47.29999999999997,124.3,164.9,208.40000000000003,0.13139294,1,0.09,weight_1_3
2020-02-03,2020-02-04,0.0,Tidak lebat <50 mm,0,48.4,95.19999999999996,162.3,177.29999999999998,246.80000000000004,0.19261484,1,0.09,weight_1_3
2020-02-04,2020-02-05,0.0,Tidak lebat <50 mm,0,0.0,73.19999999999997,95.7,172.7,220.00000000000003,0.049141902,0,0.09,weight_1_3
2020-02-05,2020-02-06,7.5,Tidak lebat <50 mm,0,0.0,48.39999999999998,95.2,162.3,213.30000000000004,0.054232523,0,0.09,weight_1_3
2020-02-06,2020-02-07,2.1,Tidak lebat <50 mm,0,7.5,7.499999999999972,80.7,103.2,184.8,0.03666431,0,0.09,weight_1_3
2020-02-07,2020-02-08,9.2,Tidak lebat <50 mm,0,2.1,9.599999999999971,58.00000000000001,104.8,182.3,0.050852343,0,0.09,weight_1_3
2020-02-08,2020-02-09,12.4,Tidak lebat <50 mm,0,9.2,18.79999999999997,18.8,92.0,181.10000000000005,0.04364733,0,0.09,weight_1_3
2020-02-09,2020-02-10,0.0,Tidak lebat <50 mm,0,12.4,23.69999999999997,31.2,79.60000000000001,126.90000000000003,0.054108582,0,0.09,weight_1_3
2020-02-10,2020-02-11,0.0,Tidak lebat <50 mm,0,0.0,21.59999999999997,31.2,31.2,126.40000000000003,0.04052142,0,0.09,weight_1_3
2020-02-11,2020-02-12,0.0,Tidak lebat <50 mm,0,0.0,12.399999999999972,23.7,31.2,104.40000000000003,0.040427346,0,0.09,weight_1_3
2020-02-12,2020-02-13,0.0,Tidak lebat <50 mm,0,0.0,0.0,21.6,31.2,79.60000000000004,0.033062723,0,0.09,weight_1_3
2020-02-13,2020-02-14,10.0,Tidak lebat <50 mm,0,0.0,0.0,12.4,23.7,31.200000000000028,0.024670998,0,0.09,weight_1_3
2020-02-14,2020-02-15,1.4,Tidak lebat <50 mm,0,10.0,9.999999999999972,10.0,31.6,41.20000000000003,0.033747762,0,0.09,weight_1_3
2020-02-15,2020-02-16,17.8,Tidak lebat <50 mm,0,1.4,11.399999999999972,11.4,23.8,42.60000000000003,0.030137237,0,0.09,weight_1_3
2020-02-16,2020-02-17,4.2,Tidak lebat <50 mm,0,17.8,29.19999999999997,29.200000000000003,29.2,52.90000000000003,0.044141516,0,0.09,weight_1_3
2020-02-17,2020-02-18,23.4,Tidak lebat <50 mm,0,4.2,23.39999999999997,33.4,33.4,55.00000000000003,0.04178308,0,0.09,weight_1_3
2020-02-18,2020-02-19,0.0,Tidak lebat <50 mm,0,23.4,45.39999999999997,56.8,56.8,69.20000000000003,0.050188303,0,0.09,weight_1_3
2020-02-19,2020-02-20,27.4,Tidak lebat <50 mm,0,0.0,27.59999999999997,46.8,56.8,56.800000000000026,0.038434763,0,0.09,weight_1_3
2020-02-20,2020-02-21,26.4,Tidak lebat <50 mm,0,27.4,50.79999999999997,72.8,84.19999999999999,84.20000000000002,0.06087508,0,0.09,weight_1_3
2020-02-21,2020-02-22,0.5,Tidak lebat <50 mm,0,26.4,53.79999999999997,81.4,100.6,110.60000000000002,0.07316299,0,0.09,weight_1_3
2020-02-22,2020-02-23,6.8,Tidak lebat <50 mm,0,0.5,54.29999999999997,77.69999999999999,99.7,111.10000000000002,0.030939054,0,0.09,weight_1_3
2020-02-23,2020-02-24,0.8,Tidak lebat <50 mm,0,6.8,33.69999999999997,61.1,88.69999999999999,117.90000000000002,0.04976462,0,0.09,weight_1_3
2020-02-24,2020-02-25,16.8,Tidak lebat <50 mm,0,0.8,8.099999999999971,61.9,85.29999999999998,108.70000000000002,0.03244327,0,0.09,weight_1_3
2020-02-25,2020-02-26,0.0,Tidak lebat <50 mm,0,16.8,24.39999999999997,51.3,78.7,124.10000000000002,0.056426875,0,0.09,weight_1_3
2020-02-26,2020-02-27,33.8,Tidak lebat <50 mm,0,0.0,17.599999999999973,24.9,78.7,106.3,0.041966278,0,0.09,weight_1_3
2020-02-27,2020-02-28,1.2,Tidak lebat <50 mm,0,33.8,50.599999999999966,58.2,85.1,135.90000000000003,0.07583442,0,0.09,weight_1_3
2020-02-28,2020-02-29,0.0,Tidak lebat <50 mm,0,1.2,34.99999999999997,52.60000000000001,59.900000000000006,113.70000000000002,0.042086456,0,0.09,weight_1_3
2020-02-29,2020-03-01,30.5,Tidak lebat <50 mm,0,0.0,34.99999999999997,51.8,59.400000000000006,113.70000000000002,0.03794383,0,0.09,weight_1_3
2020-03-01,2020-03-02,3.4,Tidak lebat <50 mm,0,30.5,31.69999999999997,65.5,83.10000000000001,116.80000000000004,0.067559816,0,0.09,weight_1_3
2020-03-02,2020-03-03,0.0,Tidak lebat <50 mm,0,3.4,33.89999999999997,68.89999999999999,85.7,93.80000000000004,0.040012106,0,0.09,weight_1_3
2020-03-03,2020-03-04,0.0,Tidak lebat <50 mm,0,0.0,33.89999999999997,35.1,68.89999999999999,93.30000000000004,0.035643637,0,0.09,weight_1_3
2020-03-04,2020-03-05,15.6,Tidak lebat <50 mm,0,0.0,3.3999999999999715,33.9,68.89999999999999,86.50000000000003,0.035122458,0,0.09,weight_1_3
2020-03-05,2020-03-06,0.0,Tidak lebat <50 mm,0,15.6,15.599999999999971,49.5,50.7,101.30000000000004,0.055164304,0,0.09,weight_1_3
2020-03-06,2020-03-07,27.5,Tidak lebat <50 mm,0,0.0,15.599999999999971,19.0,49.5,84.50000000000003,0.037329044,0,0.09,weight_1_3
2020-03-07,2020-03-08,0.5,Tidak lebat <50 mm,0,27.5,43.09999999999997,43.1,77.0,112.00000000000004,0.05811388,0,0.09,weight_1_3
2020-03-08,2020-03-09,0.0,Tidak lebat <50 mm,0,0.5,27.99999999999997,43.6,47.0,78.70000000000002,0.039421264,0,0.09,weight_1_3
2020-03-09,2020-03-10,0.5,Tidak lebat <50 mm,0,0.0,27.99999999999997,43.6,43.6,77.50000000000003,0.038170327,0,0.09,weight_1_3
2020-03-10,2020-03-11,4.0,Tidak lebat <50 mm,0,0.5,0.9999999999999716,28.5,44.1,78.00000000000003,0.034599528,0,0.09,weight_1_3
2020-03-11,2020-03-12,29.8,Tidak lebat <50 mm,0,4.0,4.499999999999972,32.5,48.1,51.50000000000003,0.04003706,0,0.09,weight_1_3
2020-03-12,2020-03-13,25.4,Tidak lebat <50 mm,0,29.8,34.29999999999997,34.8,62.3,77.90000000000003,0.050520863,0,0.09,weight_1_3
2020-03-13,2020-03-14,0.0,Tidak lebat <50 mm,0,25.4,59.19999999999997,59.7,87.69999999999999,103.30000000000004,0.06231283,0,0.09,weight_1_3
2020-03-14,2020-03-15,0.6,Tidak lebat <50 mm,0,0.0,55.19999999999997,59.7,60.2,103.30000000000004,0.02469584,0,0.09,weight_1_3
2020-03-15,2020-03-16,2.4,Tidak lebat <50 mm,0,0.6,25.99999999999997,59.8,60.3,88.30000000000003,0.036863122,0,0.09,weight_1_3
2020-03-16,2020-03-17,0.0,Tidak lebat <50 mm,0,2.4,2.999999999999972,58.2,62.7,90.70000000000005,0.023303969,0,0.09,weight_1_3
2020-03-17,2020-03-18,14.7,Tidak lebat <50 mm,0,0.0,2.999999999999972,28.4,62.2,63.20000000000003,0.035404112,0,0.09,weight_1_3
2020-03-18,2020-03-19,0.0,Tidak lebat <50 mm,0,14.7,17.09999999999997,17.7,72.9,77.40000000000003,0.04437005,0,0.09,weight_1_3
2020-03-19,2020-03-20,1.0,Tidak lebat <50 mm,0,0.0,14.69999999999997,17.7,43.1,77.40000000000003,0.036370914,0,0.09,weight_1_3
2020-03-20,2020-03-21,18.1,Tidak lebat <50 mm,0,1.0,15.69999999999997,18.1,18.7,77.90000000000003,0.03568744,0,0.09,weight_1_3
2020-03-21,2020-03-22,54.4,Lebat 50-100 mm,1,18.1,19.099999999999973,33.8,36.8,92.00000000000004,0.048877656,0,0.09,weight_1_3
2020-03-22,2020-03-23,13.8,Tidak lebat <50 mm,0,54.4,73.49999999999997,88.2,90.6,116.60000000000002,0.11914203,1,0.09,weight_1_3
2020-03-23,2020-03-24,2.0,Tidak lebat <50 mm,0,13.8,86.29999999999997,87.3,102.0,105.00000000000004,0.06662251,0,0.09,weight_1_3
2020-03-24,2020-03-25,0.0,Tidak lebat <50 mm,0,2.0,70.19999999999996,89.3,104.0,107.00000000000004,0.031470053,0,0.09,weight_1_3
2020-03-25,2020-03-26,0.0,Tidak lebat <50 mm,0,0.0,15.799999999999972,88.3,89.30000000000001,106.40000000000003,0.033848666,0,0.09,weight_1_3
2020-03-26,2020-03-27,0.0,Tidak lebat <50 mm,0,0.0,1.999999999999972,70.2,89.30000000000001,104.00000000000004,0.016884072,0,0.09,weight_1_3
2020-03-27,2020-03-28,42.2,Tidak lebat <50 mm,0,0.0,0.0,15.8,88.30000000000001,104.00000000000004,0.02084268,0,0.09,weight_1_3
2020-03-28,2020-03-29,0.0,Tidak lebat <50 mm,0,42.2,42.19999999999997,44.2,112.4,131.50000000000006,0.08202918,0,0.09,weight_1_3
2020-03-29,2020-03-30,0.0,Tidak lebat <50 mm,0,0.0,42.19999999999997,42.2,58.000000000000014,131.50000000000006,0.034219813,0,0.09,weight_1_3
2020-03-30,2020-03-31,0.5,Tidak lebat <50 mm,0,0.0,42.19999999999997,42.2,44.20000000000002,130.50000000000006,0.034511,0,0.09,weight_1_3
2020-03-31,2020-04-01,0.8,Tidak lebat <50 mm,0,0.5,0.4999999999999716,42.7,42.70000000000002,112.90000000000003,0.030737994,0,0.09,weight_1_3
2020-04-01,2020-04-02,0.0,Tidak lebat <50 mm,0,0.8,1.2999999999999716,43.5,43.500000000000014,59.30000000000004,0.028636167,0,0.09,weight_1_3
2020-04-02,2020-04-03,3.4,Tidak lebat <50 mm,0,0.0,1.2999999999999716,1.3,43.500000000000014,45.50000000000004,0.021827193,0,0.09,weight_1_3
2020-04-03,2020-04-04,0.0,Tidak lebat <50 mm,0,3.4,4.199999999999972,4.7,46.90000000000002,46.90000000000005,0.02831582,0,0.09,weight_1_3
2020-04-04,2020-04-05,7.4,Tidak lebat <50 mm,0,0.0,3.3999999999999715,4.699999999999999,4.700000000000014,46.90000000000005,0.019862266,0,0.09,weight_1_3
2020-04-05,2020-04-06,47.2,Tidak lebat <50 mm,0,7.4,10.799999999999972,11.6,12.100000000000016,54.30000000000005,0.03148981,0,0.09,weight_1_3
2020-04-06,2020-04-07,0.0,Tidak lebat <50 mm,0,47.2,54.59999999999997,58.0,59.30000000000002,101.50000000000004,0.075267464,0,0.09,weight_1_3
2020-04-07,2020-04-08,0.0,Tidak lebat <50 mm,0,0.0,54.59999999999997,58.0,58.80000000000002,59.30000000000004,0.022187104,0,0.09,weight_1_3
2020-04-08,2020-04-09,39.5,Tidak lebat <50 mm,0,0.0,47.19999999999997,54.6,58.00000000000002,59.30000000000004,0.02541404,0,0.09,weight_1_3
2020-04-09,2020-04-10,7.7,Tidak lebat <50 mm,0,39.5,39.49999999999997,94.1,97.50000000000004,98.80000000000004,0.076736845,0,0.09,weight_1_3
2020-04-10,2020-04-11,1.8,Tidak lebat <50 mm,0,7.7,47.19999999999997,94.4,101.8,106.00000000000004,0.049334504,0,0.09,weight_1_3
2020-04-11,2020-04-12,0.0,Tidak lebat <50 mm,0,1.8,48.99999999999997,49.0,103.60000000000002,107.00000000000004,0.03377562,0,0.09,weight_1_3
2020-04-12,2020-04-13,0.0,Tidak lebat <50 mm,0,0.0,9.499999999999972,49.0,96.20000000000005,107.00000000000004,0.036689278,0,0.09,weight_1_3
2020-04-13,2020-04-14,7.6,Tidak lebat <50 mm,0,0.0,1.7999999999999716,49.0,49.000000000000014,103.60000000000004,0.027958909,0,0.09,weight_1_3
2020-04-14,2020-04-15,0.0,Tidak lebat <50 mm,0,7.6,7.599999999999971,17.1,56.600000000000016,111.20000000000005,0.039423034,0,0.09,weight_1_3
2020-04-15,2020-04-16,0.0,Tidak lebat <50 mm,0,0.0,7.599999999999971,9.4,56.600000000000016,103.80000000000004,0.029994579,0,0.09,weight_1_3
2020-04-16,2020-04-17,0.0,Tidak lebat <50 mm,0,0.0,7.599999999999971,7.6,17.100000000000016,56.60000000000004,0.02743106,0,0.09,weight_1_3
2020-04-17,2020-04-18,3.0,Tidak lebat <50 mm,0,0.0,0.0,7.6,9.400000000000016,56.60000000000004,0.02310183,0,0.09,weight_1_3
2020-04-18,2020-04-19,0.7,Tidak lebat <50 mm,0,3.0,2.999999999999972,10.6,10.600000000000014,59.60000000000004,0.02665661,0,0.09,weight_1_3
2020-04-19,2020-04-20,0.0,Tidak lebat <50 mm,0,0.7,3.699999999999972,3.7,11.300000000000011,20.80000000000004,0.019680554,0,0.09,weight_1_3
2020-04-20,2020-04-21,0.0,Tidak lebat <50 mm,0,0.0,3.699999999999972,3.7,11.300000000000011,13.100000000000035,0.018012892,0,0.09,weight_1_3
2020-04-21,2020-04-22,48.2,Tidak lebat <50 mm,0,0.0,0.6999999999999715,3.7,3.7000000000000144,11.300000000000034,0.014993959,0,0.09,weight_1_3
2020-04-22,2020-04-23,0.0,Tidak lebat <50 mm,0,48.2,48.19999999999997,51.900000000000006,51.90000000000002,59.50000000000004,0.06767504,0,0.09,weight_1_3
2020-04-23,2020-04-24,0.0,Tidak lebat <50 mm,0,0.0,48.19999999999997,48.900000000000006,51.90000000000002,59.50000000000004,0.025026916,0,0.09,weight_1_3
2020-04-24,2020-04-25,18.6,Tidak lebat <50 mm,0,0.0,48.19999999999997,48.2,51.90000000000002,51.900000000000034,0.02481079,0,0.09,weight_1_3
2020-04-25,2020-04-26,0.0,Tidak lebat <50 mm,0,18.6,18.599999999999973,66.80000000000001,67.50000000000003,70.50000000000003,0.050402857,0,0.09,weight_1_3
2020-04-26,2020-04-27,2.1,Tidak lebat <50 mm,0,0.0,18.599999999999973,66.80000000000001,66.80000000000001,70.50000000000003,0.03607845,0,0.09,weight_1_3
2020-04-27,2020-04-28,13.8,Tidak lebat <50 mm,0,2.1,20.69999999999997,20.700000000000003,68.90000000000002,72.60000000000004,0.042022835,0,0.09,weight_1_3
2020-04-28,2020-04-29,0.0,Tidak lebat <50 mm,0,13.8,15.899999999999972,34.5,82.70000000000002,83.40000000000003,0.044708055,0,0.09,weight_1_3
2020-04-29,2020-04-30,0.0,Tidak lebat <50 mm,0,0.0,15.899999999999972,34.5,34.500000000000014,82.70000000000003,0.040757168,0,0.09,weight_1_3
2020-04-30,2020-05-01,0.0,Tidak lebat <50 mm,0,0.0,13.799999999999972,15.9,34.500000000000014,82.70000000000003,0.03519513,0,0.09,weight_1_3
2020-05-01,2020-05-02,21.8,Tidak lebat <50 mm,0,0.0,0.0,15.9,34.500000000000014,82.70000000000003,0.030936608,0,0.09,weight_1_3
2020-05-02,2020-05-03,0.0,Tidak lebat <50 mm,0,21.8,21.79999999999997,35.6,37.70000000000002,56.30000000000004,0.04790107,0,0.09,weight_1_3
2020-05-03,2020-05-04,8.0,Tidak lebat <50 mm,0,0.0,21.79999999999997,21.8,37.70000000000002,56.30000000000004,0.03941709,0,0.09,weight_1_3
2020-05-04,2020-05-05,15.2,Tidak lebat <50 mm,0,8.0,29.79999999999997,29.8,43.600000000000016,64.30000000000004,0.042747576,0,0.09,weight_1_3
2020-05-05,2020-05-06,0.0,Tidak lebat <50 mm,0,15.2,23.19999999999997,45.0,45.000000000000014,60.900000000000034,0.046568424,0,0.09,weight_1_3
2020-05-06,2020-05-07,5.5,Tidak lebat <50 mm,0,0.0,23.19999999999997,45.0,45.000000000000014,60.900000000000034,0.039641403,0,0.09,weight_1_3
2020-05-07,2020-05-08,0.0,Tidak lebat <50 mm,0,5.5,20.69999999999997,28.7,50.500000000000014,64.30000000000004,0.043372847,0,0.09,weight_1_3
2020-05-08,2020-05-09,1.6,Tidak lebat <50 mm,0,0.0,5.499999999999972,28.7,50.500000000000014,50.50000000000004,0.03668493,0,0.09,weight_1_3
2020-05-09,2020-05-10,0.0,Tidak lebat <50 mm,0,1.6,7.099999999999971,22.3,30.30000000000001,52.10000000000004,0.03638982,0,0.09,weight_1_3
2020-05-10,2020-05-11,17.5,Tidak lebat <50 mm,0,0.0,1.5999999999999717,7.1,30.30000000000001,52.10000000000004,0.028427025,0,0.09,weight_1_3
2020-05-11,2020-05-12,3.9,Tidak lebat <50 mm,0,17.5,19.099999999999973,24.6,39.80000000000001,69.60000000000004,0.044286482,0,0.09,weight_1_3
2020-05-12,2020-05-13,26.0,Tidak lebat <50 mm,0,3.9,21.39999999999997,23.0,28.50000000000001,51.70000000000004,0.039416406,0,0.09,weight_1_3
2020-05-13,2020-05-14,0.0,Tidak lebat <50 mm,0,26.0,47.39999999999997,49.0,54.500000000000014,77.70000000000003,0.049618155,0,0.09,weight_1_3
2020-05-14,2020-05-15,0.0,Tidak lebat <50 mm,0,0.0,29.89999999999997,47.4,49.000000000000014,69.70000000000003,0.03661414,0,0.09,weight_1_3
2020-05-15,2020-05-16,0.0,Tidak lebat <50 mm,0,0.0,25.99999999999997,47.4,49.000000000000014,54.50000000000003,0.03905084,0,0.09,weight_1_3
2020-05-16,2020-05-17,0.0,Tidak lebat <50 mm,0,0.0,0.0,29.9,47.40000000000001,54.50000000000003,0.031843476,0,0.09,weight_1_3
2020-05-17,2020-05-18,4.6,Tidak lebat <50 mm,0,0.0,0.0,26.0,47.40000000000001,49.00000000000003,0.03265635,0,0.09,weight_1_3
2020-05-18,2020-05-19,53.2,Lebat 50-100 mm,1,4.6,4.599999999999971,4.6,34.500000000000014,53.60000000000003,0.030855173,0,0.09,weight_1_3
2020-05-19,2020-05-20,0.0,Tidak lebat <50 mm,0,53.2,57.799999999999976,57.8,83.80000000000001,105.20000000000005,0.0861887,0,0.09,weight_1_3
2020-05-20,2020-05-21,24.4,Tidak lebat <50 mm,0,0.0,57.799999999999976,57.8,57.80000000000002,105.20000000000005,0.023888942,0,0.09,weight_1_3
2020-05-21,2020-05-22,0.0,Tidak lebat <50 mm,0,24.4,77.59999999999997,82.2,82.20000000000002,112.10000000000004,0.076816194,0,0.09,weight_1_3
2020-05-22,2020-05-23,3.7,Tidak lebat <50 mm,0,0.0,24.39999999999997,82.2,82.20000000000002,108.20000000000005,0.04193935,0,0.09,weight_1_3
2020-05-23,2020-05-24,0.0,Tidak lebat <50 mm,0,3.7,28.09999999999997,81.30000000000001,85.90000000000002,85.90000000000003,0.03975394,0,0.09,weight_1_3
2020-05-24,2020-05-25,0.0,Tidak lebat <50 mm,0,0.0,3.699999999999972,28.1,85.90000000000002,85.90000000000003,0.032412976,0,0.09,weight_1_3
2020-05-25,2020-05-26,0.0,Tidak lebat <50 mm,0,0.0,3.699999999999972,28.1,81.30000000000003,85.90000000000003,0.032859176,0,0.09,weight_1_3
2020-05-26,2020-05-27,0.0,Tidak lebat <50 mm,0,0.0,0.0,3.7,28.10000000000001,85.90000000000003,0.02537473,0,0.09,weight_1_3
2020-05-27,2020-05-28,0.0,Tidak lebat <50 mm,0,0.0,0.0,3.7,28.10000000000001,85.90000000000003,0.02537473,0,0.09,weight_1_3
2020-05-28,2020-05-29,0.0,Tidak lebat <50 mm,0,0.0,0.0,0.0,3.7000000000000144,81.30000000000004,0.011566271,0,0.09,weight_1_3
2020-05-29,2020-05-30,0.0,Tidak lebat <50 mm,0,0.0,0.0,0.0,3.7000000000000144,28.100000000000037,0.016914785,0,0.09,weight_1_3
2020-05-30,2020-05-31,0.0,Tidak lebat <50 mm,0,0.0,0.0,0.0,0.0,28.100000000000037,0.015439398,0,0.09,weight_1_3
2020-05-31,2020-06-01,0.0,Tidak lebat <50 mm,0,0.0,0.0,0.0,0.0,3.700000000000036,0.009825504,0,0.09,weight_1_3
2020-06-01,2020-06-02,4.0,Tidak lebat <50 mm,0,0.0,0.0,0.0,0.0,3.700000000000036,0.009825504,0,0.09,weight_1_3
2020-06-02,2020-06-03,3.6,Tidak lebat <50 mm,0,4.0,3.999999999999972,4.0,4.000000000000014,4.000000000000036,0.012193978,0,0.09,weight_1_3
2020-06-03,2020-06-04,0.0,Tidak lebat <50 mm,0,3.6,7.599999999999971,7.6,7.600000000000014,7.600000000000035,0.016077774,0,0.09,weight_1_3
2020-06-04,2020-06-05,0.0,Tidak lebat <50 mm,0,0.0,7.599999999999971,7.6,7.600000000000014,7.600000000000035,0.014996057,0,0.09,weight_1_3
2020-06-05,2020-06-06,0.0,Tidak lebat <50 mm,0,0.0,3.599999999999972,7.6,7.600000000000014,7.600000000000035,0.014647673,0,0.09,weight_1_3
2020-06-06,2020-06-07,0.0,Tidak lebat <50 mm,0,0.0,0.0,7.6,7.600000000000014,7.600000000000035,0.013904012,0,0.09,weight_1_3
2020-06-07,2020-06-08,0.0,Tidak lebat <50 mm,0,0.0,0.0,3.6,7.600000000000014,7.600000000000035,0.013287709,0,0.09,weight_1_3
2020-06-08,2020-06-09,6.8,Tidak lebat <50 mm,0,0.0,0.0,0.0,7.600000000000014,7.600000000000035,0.012573884,0,0.09,weight_1_3
2020-06-09,2020-06-10,0.0,Tidak lebat <50 mm,0,6.8,6.799999999999971,6.8,10.400000000000016,14.400000000000036,0.021300044,0,0.09,weight_1_3
2020-06-10,2020-06-11,0.0,Tidak lebat <50 mm,0,0.0,6.799999999999971,6.8,6.800000000000015,14.400000000000036,0.018578218,0,0.09,weight_1_3
2020-06-11,2020-06-12,12.7,Tidak lebat <50 mm,0,0.0,6.799999999999971,6.8,6.800000000000015,14.400000000000036,0.018578218,0,0.09,weight_1_3
2020-06-12,2020-06-13,0.0,Tidak lebat <50 mm,0,12.7,12.69999999999997,19.5,19.50000000000001,23.10000000000004,0.030929433,0,0.09,weight_1_3
2020-06-13,2020-06-14,0.0,Tidak lebat <50 mm,0,0.0,12.69999999999997,19.5,19.50000000000001,19.50000000000004,0.02649595,0,0.09,weight_1_3
2020-06-14,2020-06-15,0.0,Tidak lebat <50 mm,0,0.0,12.69999999999997,12.7,19.50000000000001,19.50000000000004,0.02450791,0,0.09,weight_1_3
2020-06-15,2020-06-16,9.4,Tidak lebat <50 mm,0,0.0,0.0,12.7,19.50000000000001,19.50000000000004,0.021810124,0,0.09,weight_1_3
2020-06-16,2020-06-17,0.0,Tidak lebat <50 mm,0,9.4,9.399999999999972,22.1,22.100000000000016,28.900000000000038,0.03258878,0,0.09,weight_1_3
2020-06-17,2020-06-18,0.0,Tidak lebat <50 mm,0,0.0,9.399999999999972,9.4,22.100000000000016,28.900000000000038,0.02542511,0,0.09,weight_1_3
2020-06-18,2020-06-19,17.1,Tidak lebat <50 mm,0,0.0,9.399999999999972,9.4,22.100000000000016,28.900000000000038,0.02542511,0,0.09,weight_1_3
2020-06-19,2020-06-20,4.3,Tidak lebat <50 mm,0,17.1,17.099999999999973,26.5,26.500000000000018,39.20000000000004,0.039907657,0,0.09,weight_1_3
2020-06-20,2020-06-21,0.0,Tidak lebat <50 mm,0,4.3,21.399999999999974,30.8,30.80000000000002,43.50000000000004,0.04010577,0,0.09,weight_1_3
2020-06-21,2020-06-22,4.6,Tidak lebat <50 mm,0,0.0,21.399999999999974,21.4,30.80000000000002,43.50000000000004,0.03666199,0,0.09,weight_1_3
2020-06-22,2020-06-23,17.4,Tidak lebat <50 mm,0,4.6,8.89999999999997,26.0,35.40000000000002,35.400000000000034,0.037416156,0,0.09,weight_1_3
2020-06-23,2020-06-24,0.0,Tidak lebat <50 mm,0,17.4,21.999999999999968,43.4,43.40000000000002,52.80000000000003,0.04750234,0,0.09,weight_1_3
2020-06-24,2020-06-25,0.0,Tidak lebat <50 mm,0,0.0,21.999999999999968,26.3,43.40000000000002,52.80000000000003,0.04055571,0,0.09,weight_1_3
2020-06-25,2020-06-26,0.0,Tidak lebat <50 mm,0,0.0,17.39999999999997,22.0,43.40000000000002,52.80000000000003,0.039154354,0,0.09,weight_1_3
2020-06-26,2020-06-27,0.0,Tidak lebat <50 mm,0,0.0,0.0,22.0,26.30000000000001,43.400000000000034,0.030236784,0,0.09,weight_1_3
2020-06-27,2020-06-28,0.0,Tidak lebat <50 mm,0,0.0,0.0,17.4,22.00000000000001,43.400000000000034,0.027771754,0,0.09,weight_1_3
2020-06-28,2020-06-29,0.0,Tidak lebat <50 mm,0,0.0,0.0,0.0,22.00000000000001,43.400000000000034,0.022379085,0,0.09,weight_1_3
2020-06-29,2020-06-30,0.0,Tidak lebat <50 mm,0,0.0,0.0,0.0,17.400000000000016,26.300000000000036,0.019200772,0,0.09,weight_1_3
2020-06-30,2020-07-01,0.0,Tidak lebat <50 mm,0,0.0,0.0,0.0,0.0,22.000000000000032,0.015437833,0,0.09,weight_1_3
2020-07-01,2020-07-02,0.0,Tidak lebat <50 mm,0,0.0,0.0,0.0,0.0,22.000000000000032,0.015437833,0,0.09,weight_1_3
2020-07-02,2020-07-03,0.0,Tidak lebat <50 mm,0,0.0,0.0,0.0,0.0,17.400000000000034,0.014941869,0,0.09,weight_1_3
2020-07-03,2020-07-04,0.0,Tidak lebat <50 mm,0,0.0,0.0,0.0,0.0,0.0,0.008412858,0,0.09,weight_1_3
2020-07-04,2020-07-05,0.0,Tidak lebat <50 mm,0,0.0,0.0,0.0,0.0,0.0,0.008412858,0,0.09,weight_1_3
2020-07-05,2020-07-06,0.0,Tidak lebat <50 mm,0,0.0,0.0,0.0,0.0,0.0,0.008412858,0,0.09,weight_1_3
2020-07-06,2020-07-07,1.5,Tidak lebat <50 mm,0,0.0,0.0,0.0,0.0,0.0,0.008412858,0,0.09,weight_1_3
2020-07-07,2020-07-08,0.0,Tidak lebat <50 mm,0,1.5,1.4999999999999716,1.5,1.5000000000000178,1.5000000000000355,0.009698204,0,0.09,weight_1_3
2020-07-08,2020-07-09,5.6,Tidak lebat <50 mm,0,0.0,1.4999999999999716,1.5,1.5000000000000178,1.5000000000000355,0.009509604,0,0.09,weight_1_3
2020-07-09,2020-07-10,0.0,Tidak lebat <50 mm,0,5.6,7.099999999999971,7.1,7.100000000000017,7.100000000000035,0.015779266,0,0.09,weight_1_3
2020-07-10,2020-07-11,0.0,Tidak lebat <50 mm,0,0.0,5.599999999999971,7.1,7.100000000000017,7.100000000000035,0.0143677965,0,0.09,weight_1_3
2020-07-11,2020-07-12,0.0,Tidak lebat <50 mm,0,0.0,5.599999999999971,7.1,7.100000000000017,7.100000000000035,0.0143677965,0,0.09,weight_1_3
2020-07-12,2020-07-13,0.0,Tidak lebat <50 mm,0,0.0,0.0,5.6,7.100000000000017,7.100000000000035,0.013295101,0,0.09,weight_1_3
2020-07-13,2020-07-14,0.0,Tidak lebat <50 mm,0,0.0,0.0,5.6,7.100000000000017,7.100000000000035,0.013295101,0,0.09,weight_1_3
2020-07-14,2020-07-15,5.8,Tidak lebat <50 mm,0,0.0,0.0,0.0,5.600000000000017,7.100000000000035,0.01206529,0,0.09,weight_1_3
2020-07-15,2020-07-16,0.0,Tidak lebat <50 mm,0,5.8,5.799999999999971,5.8,11.400000000000016,12.900000000000034,0.020355372,0,0.09,weight_1_3
2020-07-16,2020-07-17,0.0,Tidak lebat <50 mm,0,0.0,5.799999999999971,5.8,5.800000000000018,12.900000000000034,0.017651482,0,0.09,weight_1_3
2020-07-17,2020-07-18,0.0,Tidak lebat <50 mm,0,0.0,5.799999999999971,5.8,5.800000000000018,11.400000000000034,0.016632026,0,0.09,weight_1_3
2020-07-18,2020-07-19,0.0,Tidak lebat <50 mm,0,0.0,0.0,5.8,5.800000000000018,11.400000000000034,0.015693076,0,0.09,weight_1_3
2020-07-19,2020-07-20,0.0,Tidak lebat <50 mm,0,0.0,0.0,5.8,5.800000000000018,5.800000000000035,0.0124162175,0,0.09,weight_1_3
2020-07-20,2020-07-21,2.3,Tidak lebat <50 mm,0,0.0,0.0,0.0,5.800000000000018,5.800000000000035,0.011438963,0,0.09,weight_1_3
2020-07-21,2020-07-22,15.5,Tidak lebat <50 mm,0,2.3,2.2999999999999714,2.3,8.100000000000017,8.100000000000035,0.014223382,0,0.09,weight_1_3
2020-07-22,2020-07-23,0.0,Tidak lebat <50 mm,0,15.5,17.799999999999972,17.8,17.80000000000002,23.60000000000004,0.030862259,0,0.09,weight_1_3
2020-07-23,2020-07-24,0.0,Tidak lebat <50 mm,0,0.0,17.799999999999972,17.8,17.80000000000002,23.60000000000004,0.027043944,0,0.09,weight_1_3
2020-07-24,2020-07-25,0.0,Tidak lebat <50 mm,0,0.0,15.499999999999972,17.8,17.80000000000002,23.60000000000004,0.026937127,0,0.09,weight_1_3
2020-07-25,2020-07-26,0.0,Tidak lebat <50 mm,0,0.0,0.0,17.8,17.80000000000002,17.800000000000033,0.022286376,0,0.09,weight_1_3
2020-07-26,2020-07-27,0.0,Tidak lebat <50 mm,0,0.0,0.0,15.5,17.80000000000002,17.800000000000033,0.021836938,0,0.09,weight_1_3
2020-07-27,2020-07-28,0.0,Tidak lebat <50 mm,0,0.0,0.0,0.0,17.80000000000002,17.800000000000033,0.017968941,0,0.09,weight_1_3
2020-07-28,2020-07-29,0.0,Tidak lebat <50 mm,0,0.0,0.0,0.0,15.500000000000018,17.800000000000033,0.017687518,0,0.09,weight_1_3
2020-07-29,2020-07-30,0.0,Tidak lebat <50 mm,0,0.0,0.0,0.0,0.0,17.800000000000033,0.01498437,0,0.09,weight_1_3
2020-07-30,2020-07-31,0.0,Tidak lebat <50 mm,0,0.0,0.0,0.0,0.0,17.800000000000033,0.01498437,0,0.09,weight_1_3
2020-07-31,2020-08-01,0.0,Tidak lebat <50 mm,0,0.0,0.0,0.0,0.0,15.500000000000036,0.014723653,0,0.09,weight_1_3
2020-08-01,2020-08-02,0.0,Tidak lebat <50 mm,0,0.0,0.0,0.0,0.0,0.0,0.008412858,0,0.09,weight_1_3
2020-08-02,2020-08-03,0.0,Tidak lebat <50 mm,0,0.0,0.0,0.0,0.0,0.0,0.008412858,0,0.09,weight_1_3
2020-08-03,2020-08-04,0.0,Tidak lebat <50 mm,0,0.0,0.0,0.0,0.0,0.0,0.008412858,0,0.09,weight_1_3
2020-08-04,2020-08-05,0.0,Tidak lebat <50 mm,0,0.0,0.0,0.0,0.0,0.0,0.008412858,0,0.09,weight_1_3
2020-08-05,2020-08-06,0.0,Tidak lebat <50 mm,0,0.0,0.0,0.0,0.0,0.0,0.008412858,0,0.09,weight_1_3
2020-08-06,2020-08-07,0.0,Tidak lebat <50 mm,0,0.0,0.0,0.0,0.0,0.0,0.008412858,0,0.09,weight_1_3
2020-08-07,2020-08-08,0.0,Tidak lebat <50 mm,0,0.0,0.0,0.0,0.0,0.0,0.008412858,0,0.09,weight_1_3
2020-08-08,2020-08-09,0.0,Tidak lebat <50 mm,0,0.0,0.0,0.0,0.0,0.0,0.008412858,0,0.09,weight_1_3
2020-08-09,2020-08-10,0.0,Tidak lebat <50 mm,0,0.0,0.0,0.0,0.0,0.0,0.008412858,0,0.09,weight_1_3
2020-08-10,2020-08-11,0.0,Tidak lebat <50 mm,0,0.0,0.0,0.0,0.0,0.0,0.008412858,0,0.09,weight_1_3
2020-08-11,2020-08-12,0.0,Tidak lebat <50 mm,0,0.0,0.0,0.0,0.0,0.0,0.008412858,0,0.09,weight_1_3
2020-08-12,2020-08-13,0.0,Tidak lebat <50 mm,0,0.0,0.0,0.0,0.0,0.0,0.008412858,0,0.09,weight_1_3
2020-08-13,2020-08-14,24.3,Tidak lebat <50 mm,0,0.0,0.0,0.0,0.0,0.0,0.008412858,0,0.09,weight_1_3
2020-08-14,2020-08-15,0.0,Tidak lebat <50 mm,0,24.3,24.29999999999997,24.3,24.30000000000002,24.30000000000004,0.035202857,0,0.09,weight_1_3
2020-08-15,2020-08-16,0.0,Tidak lebat <50 mm,0,0.0,24.29999999999997,24.3,24.30000000000002,24.30000000000004,0.03104337,0,0.09,weight_1_3
2020-08-16,2020-08-17,1.0,Tidak lebat <50 mm,0,0.0,24.29999999999997,24.3,24.30000000000002,24.30000000000004,0.03104337,0,0.09,weight_1_3
2020-08-17,2020-08-18,0.0,Tidak lebat <50 mm,0,1.0,0.9999999999999716,25.3,25.30000000000002,25.30000000000004,0.02775842,0,0.09,weight_1_3
2020-08-18,2020-08-19,0.0,Tidak lebat <50 mm,0,0.0,0.9999999999999716,25.3,25.30000000000002,25.30000000000004,0.027397064,0,0.09,weight_1_3
2020-08-19,2020-08-20,0.0,Tidak lebat <50 mm,0,0.0,0.9999999999999716,1.0,25.30000000000002,25.30000000000004,0.020861179,0,0.09,weight_1_3
2020-08-20,2020-08-21,3.5,Tidak lebat <50 mm,0,0.0,0.0,1.0,25.30000000000002,25.30000000000004,0.020604035,0,0.09,weight_1_3
2020-08-21,2020-08-22,0.0,Tidak lebat <50 mm,0,3.5,3.499999999999972,4.5,4.500000000000018,28.80000000000004,0.02005576,0,0.09,weight_1_3
2020-08-22,2020-08-23,0.0,Tidak lebat <50 mm,0,0.0,3.499999999999972,3.5,4.500000000000018,28.80000000000004,0.018877104,0,0.09,weight_1_3
2020-08-23,2020-08-24,0.0,Tidak lebat <50 mm,0,0.0,3.499999999999972,3.5,4.500000000000018,28.80000000000004,0.018877104,0,0.09,weight_1_3
2020-08-24,2020-08-25,0.0,Tidak lebat <50 mm,0,0.0,0.0,3.5,3.5000000000000178,4.500000000000036,0.011132009,0,0.09,weight_1_3
2020-08-25,2020-08-26,0.0,Tidak lebat <50 mm,0,0.0,0.0,3.5,3.5000000000000178,4.500000000000036,0.011132009,0,0.09,weight_1_3
2020-08-26,2020-08-27,0.0,Tidak lebat <50 mm,0,0.0,0.0,0.0,3.5000000000000178,4.500000000000036,0.010574277,0,0.09,weight_1_3
2020-08-27,2020-08-28,0.0,Tidak lebat <50 mm,0,0.0,0.0,0.0,3.5000000000000178,3.5000000000000355,0.010133081,0,0.09,weight_1_3
2020-08-28,2020-08-29,0.0,Tidak lebat <50 mm,0,0.0,0.0,0.0,0.0,3.5000000000000355,0.009744595,0,0.09,weight_1_3
2020-08-29,2020-08-30,0.0,Tidak lebat <50 mm,0,0.0,0.0,0.0,0.0,3.5000000000000355,0.009744595,0,0.09,weight_1_3
2020-08-30,2020-08-31,0.0,Tidak lebat <50 mm,0,0.0,0.0,0.0,0.0,3.5000000000000355,0.009744595,0,0.09,weight_1_3
2020-08-31,2020-09-01,0.0,Tidak lebat <50 mm,0,0.0,0.0,0.0,0.0,0.0,0.008412858,0,0.09,weight_1_3
2020-09-01,2020-09-02,0.0,Tidak lebat <50 mm,0,0.0,0.0,0.0,0.0,0.0,0.008412858,0,0.09,weight_1_3
2020-09-02,2020-09-03,0.0,Tidak lebat <50 mm,0,0.0,0.0,0.0,0.0,0.0,0.008412858,0,0.09,weight_1_3
2020-09-03,2020-09-04,0.0,Tidak lebat <50 mm,0,0.0,0.0,0.0,0.0,0.0,0.008412858,0,0.09,weight_1_3
2020-09-04,2020-09-05,0.0,Tidak lebat <50 mm,0,0.0,0.0,0.0,0.0,0.0,0.008412858,0,0.09,weight_1_3
2020-09-05,2020-09-06,0.0,Tidak lebat <50 mm,0,0.0,0.0,0.0,0.0,0.0,0.008412858,0,0.09,weight_1_3
2020-09-06,2020-09-07,0.0,Tidak lebat <50 mm,0,0.0,0.0,0.0,0.0,0.0,0.008412858,0,0.09,weight_1_3
2020-09-07,2020-09-08,0.0,Tidak lebat <50 mm,0,0.0,0.0,0.0,0.0,0.0,0.008412858,0,0.09,weight_1_3
2020-09-08,2020-09-09,0.0,Tidak lebat <50 mm,0,0.0,0.0,0.0,0.0,0.0,0.008412858,0,0.09,weight_1_3
2020-09-09,2020-09-10,0.0,Tidak lebat <50 mm,0,0.0,0.0,0.0,0.0,0.0,0.008412858,0,0.09,weight_1_3
2020-09-10,2020-09-11,8.8,Tidak lebat <50 mm,0,0.0,0.0,0.0,0.0,0.0,0.008412858,0,0.09,weight_1_3
2020-09-11,2020-09-12,0.0,Tidak lebat <50 mm,0,8.8,8.799999999999972,8.8,8.800000000000018,8.800000000000036,0.01824504,0,0.09,weight_1_3
2020-09-12,2020-09-13,0.0,Tidak lebat <50 mm,0,0.0,8.799999999999972,8.8,8.800000000000018,8.800000000000036,0.016356561,0,0.09,weight_1_3
2020-09-13,2020-09-14,0.0,Tidak lebat <50 mm,0,0.0,8.799999999999972,8.8,8.800000000000018,8.800000000000036,0.016356561,0,0.09,weight_1_3
2020-09-14,2020-09-15,0.0,Tidak lebat <50 mm,0,0.0,0.0,8.8,8.800000000000018,8.800000000000036,0.014974331,0,0.09,weight_1_3
2020-09-15,2020-09-16,1.0,Tidak lebat <50 mm,0,0.0,0.0,8.8,8.800000000000018,8.800000000000036,0.014974331,0,0.09,weight_1_3
2020-09-16,2020-09-17,0.0,Tidak lebat <50 mm,0,1.0,0.9999999999999716,1.0,9.800000000000018,9.800000000000036,0.0146821095,0,0.09,weight_1_3
2020-09-17,2020-09-18,0.0,Tidak lebat <50 mm,0,0.0,0.9999999999999716,1.0,9.800000000000018,9.800000000000036,0.01449208,0,0.09,weight_1_3
2020-09-18,2020-09-19,0.0,Tidak lebat <50 mm,0,0.0,0.9999999999999716,1.0,1.0000000000000178,9.800000000000036,0.013160952,0,0.09,weight_1_3
2020-09-19,2020-09-20,0.0,Tidak lebat <50 mm,0,0.0,0.0,1.0,1.0000000000000178,9.800000000000036,0.012997462,0,0.09,weight_1_3
2020-09-20,2020-09-21,27.2,Tidak lebat <50 mm,0,0.0,0.0,1.0,1.0000000000000178,9.800000000000036,0.012997462,0,0.09,weight_1_3
2020-09-21,2020-09-22,0.0,Tidak lebat <50 mm,0,27.2,27.19999999999997,27.2,28.200000000000017,28.200000000000035,0.038484838,0,0.09,weight_1_3
2020-09-22,2020-09-23,18.4,Tidak lebat <50 mm,0,0.0,27.19999999999997,27.2,28.200000000000017,28.200000000000035,0.032643046,0,0.09,weight_1_3
2020-09-23,2020-09-24,0.0,Tidak lebat <50 mm,0,18.4,45.599999999999966,45.6,45.600000000000016,46.60000000000004,0.045479037,0,0.09,weight_1_3
2020-09-24,2020-09-25,0.0,Tidak lebat <50 mm,0,0.0,18.39999999999997,45.6,45.600000000000016,46.60000000000004,0.038612492,0,0.09,weight_1_3
2020-09-25,2020-09-26,0.0,Tidak lebat <50 mm,0,0.0,18.39999999999997,45.6,45.600000000000016,46.60000000000004,0.038612492,0,0.09,weight_1_3
2020-09-26,2020-09-27,0.0,Tidak lebat <50 mm,0,0.0,0.0,18.4,45.600000000000016,45.60000000000004,0.031822722,0,0.09,weight_1_3
2020-09-27,2020-09-28,0.0,Tidak lebat <50 mm,0,0.0,0.0,18.4,45.600000000000016,45.60000000000004,0.031822722,0,0.09,weight_1_3
2020-09-28,2020-09-29,0.0,Tidak lebat <50 mm,0,0.0,0.0,0.0,18.400000000000016,45.60000000000004,0.021971503,0,0.09,weight_1_3
2020-09-29,2020-09-30,0.0,Tidak lebat <50 mm,0,0.0,0.0,0.0,18.400000000000016,45.60000000000004,0.021971503,0,0.09,weight_1_3
2020-09-30,2020-10-01,0.0,Tidak lebat <50 mm,0,0.0,0.0,0.0,0.0,45.60000000000004,0.01415164,0,0.09,weight_1_3
2020-10-01,2020-10-02,0.0,Tidak lebat <50 mm,0,0.0,0.0,0.0,0.0,18.400000000000038,0.015048339,0,0.09,weight_1_3
2020-10-02,2020-10-03,7.8,Tidak lebat <50 mm,0,0.0,0.0,0.0,0.0,18.400000000000038,0.015048339,0,0.09,weight_1_3
2020-10-03,2020-10-04,3.5,Tidak lebat <50 mm,0,7.8,7.799999999999971,7.8,7.800000000000018,7.800000000000035,0.016827524,0,0.09,weight_1_3
2020-10-04,2020-10-05,0.0,Tidak lebat <50 mm,0,3.5,11.299999999999972,11.3,11.300000000000018,11.300000000000036,0.020901328,0,0.09,weight_1_3
2020-10-05,2020-10-06,0.0,Tidak lebat <50 mm,0,0.0,11.299999999999972,11.3,11.300000000000018,11.300000000000036,0.019462563,0,0.09,weight_1_3
2020-10-06,2020-10-07,0.0,Tidak lebat <50 mm,0,0.0,3.499999999999972,11.3,11.300000000000018,11.300000000000036,0.018364316,0,0.09,weight_1_3
2020-10-07,2020-10-08,0.0,Tidak lebat <50 mm,0,0.0,0.0,11.3,11.300000000000018,11.300000000000036,0.017466133,0,0.09,weight_1_3
2020-10-08,2020-10-09,0.0,Tidak lebat <50 mm,0,0.0,0.0,3.5,11.300000000000018,11.300000000000036,0.016056366,0,0.09,weight_1_3
2020-10-09,2020-10-10,0.0,Tidak lebat <50 mm,0,0.0,0.0,0.0,11.300000000000018,11.300000000000036,0.015163066,0,0.09,weight_1_3
2020-10-10,2020-10-11,0.0,Tidak lebat <50 mm,0,0.0,0.0,0.0,3.5000000000000178,11.300000000000036,0.014022291,0,0.09,weight_1_3
2020-10-11,2020-10-12,0.8,Tidak lebat <50 mm,0,0.0,0.0,0.0,0.0,11.300000000000036,0.013442437,0,0.09,weight_1_3
2020-10-12,2020-10-13,0.0,Tidak lebat <50 mm,0,0.8,0.7999999999999716,0.8,0.8000000000000178,12.100000000000035,0.014496364,0,0.09,weight_1_3
2020-10-13,2020-10-14,0.0,Tidak lebat <50 mm,0,0.0,0.7999999999999716,0.8,0.8000000000000178,4.300000000000035,0.010404176,0,0.09,weight_1_3
2020-10-14,2020-10-15,0.0,Tidak lebat <50 mm,0,0.0,0.7999999999999716,0.8,0.8000000000000178,0.8000000000000356,0.008981199,0,0.09,weight_1_3
2020-10-15,2020-10-16,0.0,Tidak lebat <50 mm,0,0.0,0.0,0.8,0.8000000000000178,0.8000000000000356,0.0088914605,0,0.09,weight_1_3
2020-10-16,2020-10-17,1.6,Tidak lebat <50 mm,0,0.0,0.0,0.8,0.8000000000000178,0.8000000000000356,0.0088914605,0,0.09,weight_1_3
2020-10-17,2020-10-18,0.0,Tidak lebat <50 mm,0,1.6,1.5999999999999717,1.6,2.400000000000018,2.400000000000036,0.010225986,0,0.09,weight_1_3
2020-10-18,2020-10-19,0.0,Tidak lebat <50 mm,0,0.0,1.5999999999999717,1.6,2.400000000000018,2.400000000000036,0.0100141205,0,0.09,weight_1_3
2020-10-19,2020-10-20,0.0,Tidak lebat <50 mm,0,0.0,1.5999999999999717,1.6,1.600000000000018,2.400000000000036,0.009920295,0,0.09,weight_1_3
2020-10-20,2020-10-21,0.0,Tidak lebat <50 mm,0,0.0,0.0,1.6,1.600000000000018,2.400000000000036,0.0097186,0,0.09,weight_1_3
2020-10-21,2020-10-22,7.3,Tidak lebat <50 mm,0,0.0,0.0,1.6,1.600000000000018,2.400000000000036,0.0097186,0,0.09,weight_1_3
2020-10-22,2020-10-23,0.6,Tidak lebat <50 mm,0,7.3,7.299999999999971,7.3,8.900000000000018,8.900000000000036,0.017619122,0,0.09,weight_1_3
2020-10-23,2020-10-24,0.0,Tidak lebat <50 mm,0,0.6,7.899999999999971,7.899999999999999,9.500000000000018,9.500000000000036,0.01691653,0,0.09,weight_1_3
2020-10-24,2020-10-25,5.4,Tidak lebat <50 mm,0,0.0,7.899999999999971,7.899999999999999,7.900000000000017,9.500000000000036,0.016400633,0,0.09,weight_1_3
2020-10-25,2020-10-26,0.0,Tidak lebat <50 mm,0,5.4,5.999999999999972,13.3,13.300000000000017,14.900000000000036,0.023186741,0,0.09,weight_1_3
2020-10-26,2020-10-27,15.8,Tidak lebat <50 mm,0,0.0,5.399999999999972,13.3,13.300000000000017,14.900000000000036,0.021323534,0,0.09,weight_1_3
2020-10-27,2020-10-28,0.0,Tidak lebat <50 mm,0,15.8,21.19999999999997,21.8,29.100000000000016,29.10000000000004,0.036793925,0,0.09,weight_1_3
2020-10-28,2020-10-29,2.3,Tidak lebat <50 mm,0,0.0,15.799999999999972,21.2,29.100000000000016,29.10000000000004,0.032022547,0,0.09,weight_1_3
2020-10-29,2020-10-30,0.0,Tidak lebat <50 mm,0,2.3,18.099999999999973,23.5,24.10000000000002,31.40000000000004,0.033471167,0,0.09,weight_1_3
2020-10-30,2020-10-31,16.0,Tidak lebat <50 mm,0,0.0,2.2999999999999714,18.1,23.500000000000018,31.40000000000004,0.027171763,0,0.09,weight_1_3
2020-10-31,2020-11-01,18.2,Tidak lebat <50 mm,0,16.0,18.29999999999997,34.1,39.500000000000014,47.400000000000034,0.04587035,0,0.09,weight_1_3
2020-11-01,2020-11-02,11.5,Tidak lebat <50 mm,0,18.2,34.199999999999974,36.5,52.30000000000002,58.30000000000004,0.0465236,0,0.09,weight_1_3
2020-11-02,2020-11-03,0.0,Tidak lebat <50 mm,0,11.5,45.69999999999997,48.0,63.80000000000002,69.20000000000005,0.042772934,0,0.09,weight_1_3
2020-11-03,2020-11-04,0.0,Tidak lebat <50 mm,0,0.0,29.69999999999997,45.7,48.000000000000014,69.20000000000005,0.037000045,0,0.09,weight_1_3
2020-11-04,2020-11-05,20.6,Tidak lebat <50 mm,0,0.0,11.499999999999972,45.7,48.000000000000014,63.80000000000003,0.039889593,0,0.09,weight_1_3
2020-11-05,2020-11-06,6.1,Tidak lebat <50 mm,0,20.6,20.599999999999973,50.3,66.30000000000001,84.40000000000003,0.05000378,0,0.09,weight_1_3
2020-11-06,2020-11-07,0.0,Tidak lebat <50 mm,0,6.1,26.69999999999997,38.2,72.40000000000002,74.70000000000003,0.043197773,0,0.09,weight_1_3
2020-11-07,2020-11-08,0.0,Tidak lebat <50 mm,0,0.0,26.69999999999997,26.700000000000003,56.40000000000002,74.70000000000005,0.040393565,0,0.09,weight_1_3
2020-11-08,2020-11-09,0.0,Tidak lebat <50 mm,0,0.0,6.099999999999971,26.700000000000003,38.20000000000002,72.40000000000003,0.036085833,0,0.09,weight_1_3
2020-11-09,2020-11-10,0.0,Tidak lebat <50 mm,0,0.0,0.0,26.700000000000003,26.700000000000017,72.40000000000003,0.03323537,0,0.09,weight_1_3
2020-11-10,2020-11-11,0.0,Tidak lebat <50 mm,0,0.0,0.0,6.1,26.700000000000017,56.400000000000034,0.026823996,0,0.09,weight_1_3
2020-11-11,2020-11-12,0.0,Tidak lebat <50 mm,0,0.0,0.0,0.0,26.700000000000017,38.20000000000004,0.021493036,0,0.09,weight_1_3
2020-11-12,2020-11-13,0.7,Tidak lebat <50 mm,0,0.0,0.0,0.0,6.100000000000017,26.70000000000004,0.017263815,0,0.09,weight_1_3
2020-11-13,2020-11-14,15.2,Tidak lebat <50 mm,0,0.7,0.6999999999999715,0.7,0.7000000000000177,27.40000000000004,0.016406063,0,0.09,weight_1_3
2020-11-14,2020-11-15,0.0,Tidak lebat <50 mm,0,15.2,15.89999999999997,15.9,15.900000000000016,42.60000000000004,0.033345748,0,0.09,weight_1_3
2020-11-15,2020-11-16,0.0,Tidak lebat <50 mm,0,0.0,15.89999999999997,15.9,15.900000000000016,22.00000000000004,0.0256055,0,0.09,weight_1_3
2020-11-16,2020-11-17,2.1,Tidak lebat <50 mm,0,0.0,15.19999999999997,15.9,15.900000000000016,15.900000000000034,0.024204716,0,0.09,weight_1_3
2020-11-17,2020-11-18,0.0,Tidak lebat <50 mm,0,2.1,2.099999999999972,18.0,18.000000000000018,18.000000000000036,0.023851134,0,0.09,weight_1_3
2020-11-18,2020-11-19,0.0,Tidak lebat <50 mm,0,0.0,2.099999999999972,17.3,18.000000000000018,18.000000000000036,0.023020219,0,0.09,weight_1_3
2020-11-19,2020-11-20,0.0,Tidak lebat <50 mm,0,0.0,2.099999999999972,2.1,18.000000000000018,18.000000000000036,0.019208927,0,0.09,weight_1_3
2020-11-20,2020-11-21,19.2,Tidak lebat <50 mm,0,0.0,0.0,2.1,17.30000000000002,18.000000000000036,0.018597914,0,0.09,weight_1_3
2020-11-21,2020-11-22,0.0,Tidak lebat <50 mm,0,19.2,19.19999999999997,21.3,21.30000000000002,37.20000000000003,0.036484677,0,0.09,weight_1_3
2020-11-22,2020-11-23,1.2,Tidak lebat <50 mm,0,0.0,19.19999999999997,19.2,21.30000000000002,37.20000000000003,0.031622693,0,0.09,weight_1_3
2020-11-23,2020-11-24,39.0,Tidak lebat <50 mm,0,1.2,20.39999999999997,20.4,22.500000000000018,37.70000000000003,0.032896932,0,0.09,weight_1_3
2020-11-24,2020-11-25,0.0,Tidak lebat <50 mm,0,39.0,40.19999999999997,59.4,59.40000000000002,61.50000000000004,0.0640381,0,0.09,weight_1_3
2020-11-25,2020-11-26,0.0,Tidak lebat <50 mm,0,0.0,40.19999999999997,59.4,59.40000000000002,61.50000000000004,0.029346291,0,0.09,weight_1_3
2020-11-26,2020-11-27,0.0,Tidak lebat <50 mm,0,0.0,38.99999999999997,40.2,59.40000000000002,61.50000000000004,0.030621743,0,0.09,weight_1_3
2020-11-27,2020-11-28,0.0,Tidak lebat <50 mm,0,0.0,0.0,40.2,59.40000000000002,59.400000000000034,0.026105307,0,0.09,weight_1_3
2020-11-28,2020-11-29,0.0,Tidak lebat <50 mm,0,0.0,0.0,39.0,40.20000000000002,59.400000000000034,0.028079575,0,0.09,weight_1_3
2020-11-29,2020-11-30,13.3,Tidak lebat <50 mm,0,0.0,0.0,0.0,40.20000000000002,59.400000000000034,0.020315124,0,0.09,weight_1_3
2020-11-30,2020-12-01,9.6,Tidak lebat <50 mm,0,13.3,13.299999999999972,13.3,52.300000000000026,72.70000000000003,0.041904707,0,0.09,weight_1_3
2020-12-01,2020-12-02,0.0,Tidak lebat <50 mm,0,9.6,22.89999999999997,22.9,22.90000000000002,63.10000000000003,0.040578485,0,0.09,weight_1_3
2020-12-02,2020-12-03,94.0,Lebat 50-100 mm,1,0.0,22.89999999999997,22.9,22.90000000000002,63.10000000000004,0.036875974,0,0.09,weight_1_3
2020-12-03,2020-12-04,0.0,Tidak lebat <50 mm,0,94.0,103.59999999999997,116.9,116.90000000000002,155.90000000000003,0.19439062,1,0.09,weight_1_3
2020-12-04,2020-12-05,0.0,Tidak lebat <50 mm,0,0.0,93.99999999999996,116.9,116.90000000000002,116.90000000000003,0.028107047,0,0.09,weight_1_3
2020-12-05,2020-12-06,15.7,Tidak lebat <50 mm,0,0.0,93.99999999999996,103.6,116.90000000000002,116.90000000000003,0.026719572,0,0.09,weight_1_3
2020-12-06,2020-12-07,25.6,Tidak lebat <50 mm,0,15.7,15.69999999999997,109.7,132.60000000000002,132.60000000000002,0.040130246,0,0.09,weight_1_3
2020-12-07,2020-12-08,5.7,Tidak lebat <50 mm,0,25.6,41.29999999999997,135.3,144.90000000000003,158.20000000000005,0.1132729,1,0.09,weight_1_3
2020-12-08,2020-12-09,23.1,Tidak lebat <50 mm,0,5.7,46.99999999999997,47.0,141.00000000000003,163.90000000000003,0.069229804,0,0.09,weight_1_3
2020-12-09,2020-12-10,2.7,Tidak lebat <50 mm,0,23.1,54.39999999999998,70.1,164.10000000000002,187.00000000000003,0.10173481,1,0.09,weight_1_3
2020-12-10,2020-12-11,0.6,Tidak lebat <50 mm,0,2.7,31.49999999999997,72.8,72.80000000000001,176.40000000000003,0.057056695,0,0.09,weight_1_3
2020-12-11,2020-12-12,1.7,Tidak lebat <50 mm,0,0.6,26.399999999999974,57.7,73.40000000000002,167.40000000000003,0.053351335,0,0.09,weight_1_3
2020-12-12,2020-12-13,0.0,Tidak lebat <50 mm,0,1.7,4.999999999999972,33.8,75.10000000000002,169.10000000000002,0.045044407,0,0.09,weight_1_3
2020-12-13,2020-12-14,0.0,Tidak lebat <50 mm,0,0.0,2.2999999999999714,28.1,59.40000000000001,75.10000000000002,0.034581102,0,0.09,weight_1_3
2020-12-14,2020-12-15,0.0,Tidak lebat <50 mm,0,0.0,1.699999999999971,5.0,33.80000000000001,75.10000000000002,0.027546281,0,0.09,weight_1_3
2020-12-15,2020-12-16,10.0,Tidak lebat <50 mm,0,0.0,0.0,2.3,28.100000000000016,75.10000000000002,0.025141357,0,0.09,weight_1_3
2020-12-16,2020-12-17,1.2,Tidak lebat <50 mm,0,10.0,9.999999999999972,11.7,15.000000000000014,69.40000000000003,0.03410088,0,0.09,weight_1_3
2020-12-17,2020-12-18,13.4,Tidak lebat <50 mm,0,1.2,11.19999999999997,11.2,13.500000000000014,45.00000000000004,0.027740652,0,0.09,weight_1_3
2020-12-18,2020-12-19,3.6,Tidak lebat <50 mm,0,13.4,24.599999999999973,24.6,26.30000000000001,52.70000000000003,0.04197625,0,0.09,weight_1_3
2020-12-19,2020-12-20,8.3,Tidak lebat <50 mm,0,3.6,18.19999999999997,28.2,28.200000000000014,33.20000000000003,0.036553215,0,0.09,weight_1_3
2020-12-20,2020-12-21,15.3,Tidak lebat <50 mm,0,8.3,25.29999999999997,36.5,36.500000000000014,38.800000000000026,0.041176062,0,0.09,weight_1_3
2020-12-21,2020-12-22,6.3,Tidak lebat <50 mm,0,15.3,27.19999999999997,41.8,51.80000000000001,53.50000000000003,0.046411328,0,0.09,weight_1_3
2020-12-22,2020-12-23,2.2,Tidak lebat <50 mm,0,6.3,29.89999999999997,46.9,58.100000000000016,58.10000000000002,0.04212994,0,0.09,weight_1_3
2020-12-23,2020-12-24,0.0,Tidak lebat <50 mm,0,2.2,23.799999999999976,35.7,50.30000000000001,60.300000000000026,0.04219584,0,0.09,weight_1_3
2020-12-24,2020-12-25,2.6,Tidak lebat <50 mm,0,0.0,8.499999999999972,32.099999999999994,49.10000000000001,60.300000000000026,0.039045807,0,0.09,weight_1_3
2020-12-25,2020-12-26,7.7,Tidak lebat <50 mm,0,2.6,4.799999999999972,26.4,38.30000000000001,62.90000000000003,0.03800813,0,0.09,weight_1_3
2020-12-26,2020-12-27,0.0,Tidak lebat <50 mm,0,7.7,10.299999999999972,18.8,42.40000000000001,60.60000000000004,0.040811136,0,0.09,weight_1_3
2020-12-27,2020-12-28,2.4,Tidak lebat <50 mm,0,0.0,10.299999999999972,12.5,34.100000000000016,59.400000000000034,0.033113174,0,0.09,weight_1_3
2020-12-28,2020-12-29,0.0,Tidak lebat <50 mm,0,2.4,10.099999999999971,12.7,21.200000000000014,48.400000000000034,0.031441186,0,0.09,weight_1_3
2020-12-29,2020-12-30,3.4,Tidak lebat <50 mm,0,0.0,2.3999999999999706,12.7,14.900000000000016,44.80000000000003,0.025967507,0,0.09,weight_1_3
2020-12-30,2020-12-31,1.5,Tidak lebat <50 mm,0,3.4,5.7999999999999705,13.5,16.100000000000016,39.90000000000003,0.028231988,0,0.09,weight_1_3
2020-12-31,2021-01-01,4.5,Tidak lebat <50 mm,0,1.5,4.89999999999997,7.3,17.600000000000016,26.10000000000003,0.023408158,0,0.09,weight_1_3
2021-01-01,2021-01-02,10.2,Tidak lebat <50 mm,0,4.5,9.39999999999997,11.8,19.50000000000001,24.30000000000003,0.027107304,0,0.09,weight_1_3
2021-01-02,2021-01-03,0.0,Tidak lebat <50 mm,0,10.2,16.199999999999967,19.6,22.00000000000001,32.300000000000026,0.034456067,0,0.09,weight_1_3
2021-01-03,2021-01-04,0.0,Tidak lebat <50 mm,0,0.0,14.699999999999967,19.6,22.00000000000001,32.300000000000026,0.03034859,0,0.09,weight_1_3
2021-01-04,2021-01-05,0.0,Tidak lebat <50 mm,0,0.0,10.199999999999967,16.200000000000003,19.600000000000016,29.700000000000028,0.027343914,0,0.09,weight_1_3
2021-01-05,2021-01-06,3.4,Tidak lebat <50 mm,0,0.0,0.0,14.7,19.600000000000016,22.00000000000003,0.02281802,0,0.09,weight_1_3
2021-01-06,2021-01-07,9.7,Tidak lebat <50 mm,0,3.4,3.3999999999999697,13.6,19.60000000000001,25.400000000000027,0.025514906,0,0.09,weight_1_3
2021-01-07,2021-01-08,0.0,Tidak lebat <50 mm,0,9.7,13.09999999999997,13.1,27.80000000000001,32.70000000000003,0.032776084,0,0.09,weight_1_3
2021-01-08,2021-01-09,0.8,Tidak lebat <50 mm,0,0.0,13.09999999999997,13.1,23.30000000000001,32.70000000000003,0.028177185,0,0.09,weight_1_3
2021-01-09,2021-01-10,13.6,Tidak lebat <50 mm,0,0.8,10.49999999999997,13.9,13.900000000000013,30.100000000000023,0.025740841,0,0.09,weight_1_3
2021-01-10,2021-01-11,0.0,Tidak lebat <50 mm,0,13.6,14.39999999999997,27.5,27.50000000000001,42.20000000000003,0.04048932,0,0.09,weight_1_3
2021-01-11,2021-01-12,22.4,Tidak lebat <50 mm,0,0.0,14.39999999999997,24.1,27.50000000000001,37.70000000000003,0.034334645,0,0.09,weight_1_3
2021-01-12,2021-01-13,0.6,Tidak lebat <50 mm,0,22.4,35.99999999999997,36.8,49.90000000000001,49.90000000000003,0.046826947,0,0.09,weight_1_3
2021-01-13,2021-01-14,0.0,Tidak lebat <50 mm,0,0.6,22.999999999999968,37.4,47.100000000000016,50.50000000000003,0.041217666,0,0.09,weight_1_3
2021-01-14,2021-01-15,0.0,Tidak lebat <50 mm,0,0.0,22.99999999999997,36.6,37.40000000000001,50.50000000000003,0.040652286,0,0.09,weight_1_3
2021-01-15,2021-01-16,0.0,Tidak lebat <50 mm,0,0.0,0.5999999999999716,23.0,37.40000000000001,50.50000000000003,0.03401095,0,0.09,weight_1_3
2021-01-16,2021-01-17,0.0,Tidak lebat <50 mm,0,0.0,0.0,23.0,36.600000000000016,47.10000000000003,0.033325333,0,0.09,weight_1_3
2021-01-17,2021-01-18,0.6,Tidak lebat <50 mm,0,0.0,0.0,0.6,23.00000000000001,37.40000000000003,0.021965161,0,0.09,weight_1_3
2021-01-18,2021-01-19,1.1,Tidak lebat <50 mm,0,0.6,0.5999999999999716,0.6,23.60000000000001,38.00000000000003,0.022507535,0,0.09,weight_1_3
2021-01-19,2021-01-20,7.0,Tidak lebat <50 mm,0,1.1,1.6999999999999718,1.7000000000000002,2.300000000000014,38.300000000000026,0.017608967,0,0.09,weight_1_3
2021-01-20,2021-01-21,4.0,Tidak lebat <50 mm,0,7.0,8.69999999999997,8.7,8.700000000000014,31.700000000000028,0.02485788,0,0.09,weight_1_3
2021-01-21,2021-01-22,0.0,Tidak lebat <50 mm,0,4.0,12.099999999999971,12.7,12.700000000000014,35.700000000000024,0.028004883,0,0.09,weight_1_3
2021-01-22,2021-01-23,0.0,Tidak lebat <50 mm,0,0.0,10.999999999999972,12.7,12.700000000000014,13.30000000000003,0.021480214,0,0.09,weight_1_3
2021-01-23,2021-01-24,25.8,Tidak lebat <50 mm,0,0.0,3.999999999999972,12.1,12.700000000000014,12.700000000000028,0.019999795,0,0.09,weight_1_3
2021-01-24,2021-01-25,7.6,Tidak lebat <50 mm,0,25.8,25.79999999999997,36.8,38.500000000000014,38.50000000000003,0.046353266,0,0.09,weight_1_3
2021-01-25,2021-01-26,0.0,Tidak lebat <50 mm,0,7.6,33.39999999999997,37.4,45.500000000000014,46.10000000000003,0.04207702,0,0.09,weight_1_3
2021-01-26,2021-01-27,34.5,Tidak lebat <50 mm,0,0.0,33.39999999999997,33.4,44.40000000000001,46.10000000000003,0.034440126,0,0.09,weight_1_3
2021-01-27,2021-01-28,19.6,Tidak lebat <50 mm,0,34.5,42.099999999999966,67.9,71.9,80.60000000000002,0.06274363,0,0.09,weight_1_3
2021-01-28,2021-01-29,6.3,Tidak lebat <50 mm,0,19.6,54.099999999999966,87.5,87.50000000000001,99.60000000000004,0.05991805,0,0.09,weight_1_3
2021-01-29,2021-01-30,13.1,Tidak lebat <50 mm,0,6.3,60.39999999999996,68.0,93.8,104.80000000000004,0.044295143,0,0.09,weight_1_3
2021-01-30,2021-01-31,13.3,Tidak lebat <50 mm,0,13.1,38.999999999999964,73.5,106.9,110.90000000000003,0.052320566,0,0.09,weight_1_3
2021-01-31,2021-02-01,0.0,Tidak lebat <50 mm,0,13.3,32.69999999999996,86.8,94.40000000000002,120.20000000000005,0.06465156,0,0.09,weight_1_3
2021-02-01,2021-02-02,15.6,Tidak lebat <50 mm,0,0.0,26.399999999999963,52.3,86.80000000000003,120.20000000000005,0.043985177,0,0.09,weight_1_3
2021-02-02,2021-02-03,59.1,Lebat 50-100 mm,1,15.6,28.899999999999963,48.3,102.40000000000002,135.80000000000004,0.059432536,0,0.09,weight_1_3
2021-02-03,2021-02-04,2.2,Tidak lebat <50 mm,0,59.1,74.69999999999996,101.1,127.0,169.10000000000002,0.17201295,1,0.09,weight_1_3
2021-02-04,2021-02-05,21.4,Tidak lebat <50 mm,0,2.2,76.89999999999996,90.2,109.6,163.70000000000005,0.044520643,0,0.09,weight_1_3
2021-02-05,2021-02-06,8.4,Tidak lebat <50 mm,0,21.4,82.69999999999996,98.3,124.70000000000002,185.1,0.12030735,1,0.09,weight_1_3
2021-02-06,2021-02-07,6.4,Tidak lebat <50 mm,0,8.4,31.999999999999964,106.7,120.0,159.00000000000003,0.08396907,0,0.09,weight_1_3
2021-02-07,2021-02-08,36.6,Tidak lebat <50 mm,0,6.4,36.19999999999996,97.5,113.1,145.80000000000004,0.06745469,0,0.09,weight_1_3
2021-02-08,2021-02-09,2.7,Tidak lebat <50 mm,0,36.6,51.39999999999997,75.0,149.70000000000002,176.10000000000002,0.11481448,1,0.09,weight_1_3
2021-02-09,2021-02-10,0.0,Tidak lebat <50 mm,0,2.7,45.69999999999997,75.5,136.8,165.70000000000005,0.0585351,0,0.09,weight_1_3
2021-02-10,2021-02-11,1.9,Tidak lebat <50 mm,0,0.0,39.29999999999997,54.10000000000001,77.70000000000002,152.40000000000003,0.039906412,0,0.09,weight_1_3
2021-02-11,2021-02-12,0.0,Tidak lebat <50 mm,0,1.9,4.599999999999971,47.6,77.40000000000002,154.3,0.04073911,0,0.09,weight_1_3
2021-02-12,2021-02-13,0.5,Tidak lebat <50 mm,0,0.0,1.8999999999999715,41.2,56.000000000000014,138.70000000000002,0.037329353,0,0.09,weight_1_3
2021-02-13,2021-02-14,9.8,Tidak lebat <50 mm,0,0.5,2.3999999999999715,5.1,48.100000000000016,80.10000000000004,0.024949903,0,0.09,weight_1_3
2021-02-14,2021-02-15,11.2,Tidak lebat <50 mm,0,9.8,10.299999999999972,12.2,51.500000000000014,87.70000000000003,0.038089495,0,0.09,weight_1_3
2021-02-15,2021-02-16,0.0,Tidak lebat <50 mm,0,11.2,21.49999999999997,23.4,26.100000000000016,77.50000000000003,0.04439311,0,0.09,weight_1_3
2021-02-16,2021-02-17,11.4,Tidak lebat <50 mm,0,0.0,20.99999999999997,21.5,23.400000000000013,69.10000000000004,0.037361294,0,0.09,weight_1_3
2021-02-17,2021-02-18,0.0,Tidak lebat <50 mm,0,11.4,22.599999999999973,32.9,34.80000000000001,74.10000000000002,0.04553096,0,0.09,weight_1_3
2021-02-18,2021-02-19,33.0,Tidak lebat <50 mm,0,0.0,11.399999999999972,32.4,32.90000000000002,37.50000000000003,0.03562047,0,0.09,weight_1_3
2021-02-19,2021-02-20,8.7,Tidak lebat <50 mm,0,33.0,44.39999999999997,55.6,65.90000000000002,67.80000000000003,0.057495683,0,0.09,weight_1_3
2021-02-20,2021-02-21,8.8,Tidak lebat <50 mm,0,8.7,41.69999999999997,53.1,74.10000000000002,76.50000000000003,0.041668285,0,0.09,weight_1_3
2021-02-21,2021-02-22,0.0,Tidak lebat <50 mm,0,8.8,50.49999999999997,61.9,73.10000000000002,83.40000000000003,0.042078808,0,0.09,weight_1_3
2021-02-22,2021-02-23,0.0,Tidak lebat <50 mm,0,0.0,17.49999999999997,50.5,61.90000000000002,83.40000000000003,0.03847895,0,0.09,weight_1_3
2021-02-23,2021-02-24,7.0,Tidak lebat <50 mm,0,0.0,8.799999999999972,50.5,61.90000000000002,82.90000000000003,0.037476193,0,0.09,weight_1_3
2021-02-24,2021-02-25,16.8,Tidak lebat <50 mm,0,7.0,6.999999999999972,24.5,57.500000000000014,80.10000000000002,0.039194148,0,0.09,weight_1_3
2021-02-25,2021-02-26,3.7,Tidak lebat <50 mm,0,16.8,23.79999999999997,32.6,74.30000000000001,85.70000000000003,0.04720195,0,0.09,weight_1_3
2021-02-26,2021-02-27,18.0,Tidak lebat <50 mm,0,3.7,27.49999999999997,27.5,45.000000000000014,89.40000000000003,0.040971592,0,0.09,weight_1_3
2021-02-27,2021-02-28,0.0,Tidak lebat <50 mm,0,18.0,38.49999999999997,45.5,54.30000000000001,96.00000000000004,0.048308287,0,0.09,weight_1_3
2021-02-28,2021-03-01,0.0,Tidak lebat <50 mm,0,0.0,21.69999999999997,45.5,45.500000000000014,96.00000000000004,0.042190503,0,0.09,weight_1_3
2021-03-01,2021-03-02,25.5,Tidak lebat <50 mm,0,0.0,17.99999999999997,38.5,45.500000000000014,63.00000000000003,0.040178306,0,0.09,weight_1_3
2021-03-02,2021-03-03,3.8,Tidak lebat <50 mm,0,25.5,25.49999999999997,47.2,71.00000000000001,79.80000000000003,0.050636448,0,0.09,weight_1_3
2021-03-03,2021-03-04,23.2,Tidak lebat <50 mm,0,3.8,29.29999999999997,47.3,67.80000000000001,74.80000000000003,0.04101782,0,0.09,weight_1_3
2021-03-04,2021-03-05,8.2,Tidak lebat <50 mm,0,23.2,52.49999999999997,52.5,74.20000000000002,98.00000000000004,0.05358119,0,0.09,weight_1_3
2021-03-05,2021-03-06,0.0,Tidak lebat <50 mm,0,8.2,35.199999999999974,60.7,78.70000000000002,106.20000000000005,0.046852477,0,0.09,weight_1_3
2021-03-06,2021-03-07,1.5,Tidak lebat <50 mm,0,0.0,31.39999999999997,60.7,60.70000000000002,99.20000000000005,0.036496785,0,0.09,weight_1_3
2021-03-07,2021-03-08,0.0,Tidak lebat <50 mm,0,1.5,9.69999999999997,36.7,62.20000000000002,83.90000000000003,0.038929235,0,0.09,weight_1_3
2021-03-08,2021-03-09,0.0,Tidak lebat <50 mm,0,0.0,1.4999999999999716,32.900000000000006,62.20000000000002,80.20000000000003,0.03191816,0,0.09,weight_1_3
2021-03-09,2021-03-10,1.6,Tidak lebat <50 mm,0,0.0,1.4999999999999716,9.7,36.70000000000002,62.20000000000003,0.029991707,0,0.09,weight_1_3
2021-03-10,2021-03-11,17.9,Tidak lebat <50 mm,0,1.6,1.5999999999999717,3.1,34.500000000000014,63.800000000000026,0.026743254,0,0.09,weight_1_3
2021-03-11,2021-03-12,0.0,Tidak lebat <50 mm,0,17.9,19.49999999999997,21.0,29.200000000000014,81.70000000000003,0.04404694,0,0.09,weight_1_3
2021-03-12,2021-03-13,0.0,Tidak lebat <50 mm,0,0.0,19.49999999999997,19.5,21.00000000000001,56.20000000000003,0.034765683,0,0.09,weight_1_3
2021-03-13,2021-03-14,0.0,Tidak lebat <50 mm,0,0.0,17.89999999999997,19.5,21.00000000000001,52.400000000000034,0.03402115,0,0.09,weight_1_3
2021-03-14,2021-03-15,5.8,Tidak lebat <50 mm,0,0.0,0.0,19.5,19.50000000000001,29.200000000000028,0.025174614,0,0.09,weight_1_3
2021-03-15,2021-03-16,0.0,Tidak lebat <50 mm,0,5.8,5.799999999999971,23.7,25.30000000000001,26.80000000000003,0.03128789,0,0.09,weight_1_3
2021-03-16,2021-03-17,12.6,Tidak lebat <50 mm,0,0.0,5.799999999999971,5.8,25.30000000000001,26.80000000000003,0.023796517,0,0.09,weight_1_3
2021-03-17,2021-03-18,0.0,Tidak lebat <50 mm,0,12.6,18.39999999999997,18.4,36.30000000000001,37.90000000000003,0.039365362,0,0.09,weight_1_3
2021-03-18,2021-03-19,0.0,Tidak lebat <50 mm,0,0.0,12.599999999999971,18.4,18.400000000000013,37.90000000000003,0.029668916,0,0.09,weight_1_3
2021-03-19,2021-03-20,0.0,Tidak lebat <50 mm,0,0.0,12.599999999999971,18.4,18.400000000000013,37.90000000000003,0.029668916,0,0.09,weight_1_3
2021-03-20,2021-03-21,7.4,Tidak lebat <50 mm,0,0.0,0.0,12.6,18.400000000000013,36.300000000000026,0.02444872,0,0.09,weight_1_3
2021-03-21,2021-03-22,0.0,Tidak lebat <50 mm,0,7.4,7.399999999999972,20.0,25.80000000000001,25.800000000000026,0.03112506,0,0.09,weight_1_3
2021-03-22,2021-03-23,0.0,Tidak lebat <50 mm,0,0.0,7.399999999999972,7.4,20.00000000000001,25.800000000000026,0.023497885,0,0.09,weight_1_3
2021-03-23,2021-03-24,0.0,Tidak lebat <50 mm,0,0.0,7.399999999999972,7.4,20.00000000000001,25.800000000000026,0.023497885,0,0.09,weight_1_3
2021-03-24,2021-03-25,0.0,Tidak lebat <50 mm,0,0.0,0.0,7.4,7.400000000000015,25.800000000000026,0.019234447,0,0.09,weight_1_3
2021-03-25,2021-03-26,1.0,Tidak lebat <50 mm,0,0.0,0.0,7.4,7.400000000000015,20.00000000000003,0.018461434,0,0.09,weight_1_3
2021-03-26,2021-03-27,0.0,Tidak lebat <50 mm,0,1.0,0.9999999999999716,1.0,8.400000000000015,21.00000000000003,0.017788868,0,0.09,weight_1_3
2021-03-27,2021-03-28,6.7,Tidak lebat <50 mm,0,0.0,0.9999999999999716,1.0,8.400000000000015,8.400000000000029,0.0134939775,0,0.09,weight_1_3
2021-03-28,2021-03-29,4.1,Tidak lebat <50 mm,0,6.7,7.699999999999972,7.7,7.700000000000014,15.10000000000003,0.021216437,0,0.09,weight_1_3
2021-03-29,2021-03-30,0.0,Tidak lebat <50 mm,0,4.1,10.799999999999972,11.8,11.800000000000017,19.200000000000028,0.024400296,0,0.09,weight_1_3
2021-03-30,2021-03-31,0.0,Tidak lebat <50 mm,0,0.0,10.799999999999972,11.8,11.800000000000017,19.200000000000028,0.022450818,0,0.09,weight_1_3
2021-03-31,2021-04-01,39.8,Tidak lebat <50 mm,0,0.0,4.099999999999971,10.8,11.800000000000017,11.80000000000003,0.018893503,0,0.09,weight_1_3
2021-04-01,2021-04-02,0.0,Tidak lebat <50 mm,0,39.8,39.79999999999997,50.6,51.60000000000001,51.60000000000002,0.061588496,0,0.09,weight_1_3
2021-04-02,2021-04-03,77.8,Lebat 50-100 mm,1,0.0,39.79999999999997,43.89999999999999,50.60000000000001,51.60000000000002,0.030010343,0,0.09,weight_1_3
2021-04-03,2021-04-04,15.0,Tidak lebat <50 mm,0,77.8,117.59999999999997,117.6,128.4,129.40000000000003,0.17716545,1,0.09,weight_1_3
2021-04-04,2021-04-05,0.0,Tidak lebat <50 mm,0,15.0,92.79999999999995,132.6,136.7,144.40000000000003,0.10641194,1,0.09,weight_1_3
2021-04-05,2021-04-06,8.8,Tidak lebat <50 mm,0,0.0,92.79999999999995,132.6,132.60000000000002,143.40000000000003,0.037519924,0,0.09,weight_1_3
2021-04-06,2021-04-07,2.2,Tidak lebat <50 mm,0,8.8,23.79999999999997,101.6,141.4,152.20000000000002,0.077214226,0,0.09,weight_1_3
2021-04-07,2021-04-08,0.0,Tidak lebat <50 mm,0,2.2,10.999999999999972,103.8,143.60000000000002,147.70000000000005,0.026617,0,0.09,weight_1_3
2021-04-08,2021-04-09,0.0,Tidak lebat <50 mm,0,0.0,10.999999999999972,26.0,103.8,143.60000000000002,0.043473445,0,0.09,weight_1_3
2021-04-09,2021-04-10,3.2,Tidak lebat <50 mm,0,0.0,2.199999999999972,11.0,103.8,143.60000000000002,0.016091056,0,0.09,weight_1_3
2021-04-10,2021-04-11,2.8,Tidak lebat <50 mm,0,3.2,3.199999999999972,14.2,29.200000000000017,146.8,0.022820912,0,0.09,weight_1_3
2021-04-11,2021-04-12,26.0,Tidak lebat <50 mm,0,2.8,5.999999999999972,8.2,17.000000000000014,109.80000000000004,0.018675275,0,0.09,weight_1_3
2021-04-12,2021-04-13,5.8,Tidak lebat <50 mm,0,26.0,31.99999999999997,32.0,43.000000000000014,135.8,0.05663604,0,0.09,weight_1_3
2021-04-13,2021-04-14,0.6,Tidak lebat <50 mm,0,5.8,34.59999999999997,37.8,40.000000000000014,63.800000000000026,0.041547827,0,0.09,weight_1_3
2021-04-14,2021-04-15,0.8,Tidak lebat <50 mm,0,0.6,32.39999999999997,38.4,38.40000000000001,49.40000000000003,0.037159804,0,0.09,weight_1_3
2021-04-15,2021-04-16,34.0,Tidak lebat <50 mm,0,0.8,7.199999999999972,36.0,39.20000000000002,50.20000000000003,0.03993982,0,0.09,weight_1_3
2021-04-16,2021-04-17,0.0,Tidak lebat <50 mm,0,34.0,35.39999999999997,67.2,73.20000000000002,75.40000000000003,0.06012679,0,0.09,weight_1_3
2021-04-17,2021-04-18,0.0,Tidak lebat <50 mm,0,0.0,34.79999999999997,41.2,70.00000000000001,73.20000000000003,0.033693444,0,0.09,weight_1_3
2021-04-18,2021-04-19,0.0,Tidak lebat <50 mm,0,0.0,33.99999999999997,35.400000000000006,67.20000000000002,73.20000000000003,0.03548447,0,0.09,weight_1_3
2021-04-19,2021-04-20,0.0,Tidak lebat <50 mm,0,0.0,0.0,34.800000000000004,41.20000000000002,73.20000000000003,0.02991935,0,0.09,weight_1_3
2021-04-20,2021-04-21,15.6,Tidak lebat <50 mm,0,0.0,0.0,34.0,35.40000000000002,70.00000000000003,0.030248389,0,0.09,weight_1_3
2021-04-21,2021-04-22,0.0,Tidak lebat <50 mm,0,15.6,15.599999999999971,15.6,50.40000000000002,82.80000000000003,0.04169693,0,0.09,weight_1_3
2021-04-22,2021-04-23,0.0,Tidak lebat <50 mm,0,0.0,15.599999999999971,15.6,49.600000000000016,56.80000000000003,0.038272366,0,0.09,weight_1_3
2021-04-23,2021-04-24,0.0,Tidak lebat <50 mm,0,0.0,15.599999999999971,15.6,15.600000000000014,51.00000000000004,0.030530084,0,0.09,weight_1_3
2021-04-24,2021-04-25,1.4,Tidak lebat <50 mm,0,0.0,0.0,15.6,15.600000000000014,50.400000000000034,0.02665023,0,0.09,weight_1_3
2021-04-25,2021-04-26,0.0,Tidak lebat <50 mm,0,1.4,1.3999999999999715,17.0,17.000000000000014,51.00000000000003,0.028599022,0,0.09,weight_1_3
2021-04-26,2021-04-27,0.0,Tidak lebat <50 mm,0,0.0,1.3999999999999715,1.4,17.000000000000014,17.00000000000003,0.018492227,0,0.09,weight_1_3
2021-04-27,2021-04-28,0.0,Tidak lebat <50 mm,0,0.0,1.3999999999999715,1.4,17.000000000000014,17.00000000000003,0.018492227,0,0.09,weight_1_3
2021-04-28,2021-04-29,0.0,Tidak lebat <50 mm,0,0.0,0.0,1.4,1.400000000000014,17.00000000000003,0.015513835,0,0.09,weight_1_3
2021-04-29,2021-04-30,0.0,Tidak lebat <50 mm,0,0.0,0.0,1.4,1.400000000000014,17.00000000000003,0.015513835,0,0.09,weight_1_3
2021-04-30,2021-05-01,0.0,Tidak lebat <50 mm,0,0.0,0.0,0.0,1.400000000000014,17.00000000000003,0.015185653,0,0.09,weight_1_3
2021-05-01,2021-05-02,5.0,Tidak lebat <50 mm,0,0.0,0.0,0.0,1.400000000000014,1.4000000000000283,0.0090702,0,0.09,weight_1_3
2021-05-02,2021-05-03,0.0,Tidak lebat <50 mm,0,5.0,4.999999999999972,5.0,5.000000000000014,6.400000000000029,0.014127234,0,0.09,weight_1_3
2021-05-03,2021-05-04,0.5,Tidak lebat <50 mm,0,0.0,4.999999999999972,5.0,5.000000000000014,6.400000000000029,0.013180896,0,0.09,weight_1_3
2021-05-04,2021-05-05,0.0,Tidak lebat <50 mm,0,0.5,5.499999999999972,5.5,5.500000000000014,6.900000000000029,0.013808611,0,0.09,weight_1_3
2021-05-05,2021-05-06,0.0,Tidak lebat <50 mm,0,0.0,0.4999999999999716,5.5,5.500000000000014,5.500000000000028,0.0122760795,0,0.09,weight_1_3
2021-05-06,2021-05-07,0.0,Tidak lebat <50 mm,0,0.0,0.4999999999999716,5.5,5.500000000000014,5.500000000000028,0.0122760795,0,0.09,weight_1_3
2021-05-07,2021-05-08,0.0,Tidak lebat <50 mm,0,0.0,0.0,0.5,5.500000000000014,5.500000000000028,0.011353449,0,0.09,weight_1_3
2021-05-08,2021-05-09,2.8,Tidak lebat <50 mm,0,0.0,0.0,0.5,5.500000000000014,5.500000000000028,0.011353449,0,0.09,weight_1_3
2021-05-09,2021-05-10,0.0,Tidak lebat <50 mm,0,2.8,2.7999999999999714,2.8,3.300000000000014,8.30000000000003,0.013864019,0,0.09,weight_1_3
2021-05-10,2021-05-11,0.0,Tidak lebat <50 mm,0,0.0,2.7999999999999714,2.8,3.300000000000014,8.30000000000003,0.0133828465,0,0.09,weight_1_3
2021-05-11,2021-05-12,0.0,Tidak lebat <50 mm,0,0.0,2.7999999999999714,2.8,2.800000000000014,8.30000000000003,0.013294243,0,0.09,weight_1_3
2021-05-12,2021-05-13,0.0,Tidak lebat <50 mm,0,0.0,0.0,2.8,2.800000000000014,3.300000000000028,0.010398438,0,0.09,weight_1_3
2021-05-13,2021-05-14,0.0,Tidak lebat <50 mm,0,0.0,0.0,2.8,2.800000000000014,3.300000000000028,0.010398438,0,0.09,weight_1_3
2021-05-14,2021-05-15,0.0,Tidak lebat <50 mm,0,0.0,0.0,0.0,2.800000000000014,2.800000000000028,0.009765751,0,0.09,weight_1_3
2021-05-15,2021-05-16,0.0,Tidak lebat <50 mm,0,0.0,0.0,0.0,2.800000000000014,2.800000000000028,0.009765751,0,0.09,weight_1_3
2021-05-16,2021-05-17,0.0,Tidak lebat <50 mm,0,0.0,0.0,0.0,0.0,2.800000000000028,0.0094665615,0,0.09,weight_1_3
2021-05-17,2021-05-18,6.6,Tidak lebat <50 mm,0,0.0,0.0,0.0,0.0,2.800000000000028,0.0094665615,0,0.09,weight_1_3
2021-05-18,2021-05-19,0.0,Tidak lebat <50 mm,0,6.6,6.599999999999971,6.6,6.600000000000014,9.400000000000029,0.017187241,0,0.09,weight_1_3
2021-05-19,2021-05-20,0.0,Tidak lebat <50 mm,0,0.0,6.599999999999971,6.6,6.600000000000014,6.600000000000028,0.013947937,0,0.09,weight_1_3
2021-05-20,2021-05-21,0.0,Tidak lebat <50 mm,0,0.0,6.599999999999971,6.6,6.600000000000014,6.600000000000028,0.013947937,0,0.09,weight_1_3
2021-05-21,2021-05-22,5.2,Tidak lebat <50 mm,0,0.0,0.0,6.6,6.600000000000014,6.600000000000028,0.013069978,0,0.09,weight_1_3
2021-05-22,2021-05-23,0.0,Tidak lebat <50 mm,0,5.2,5.199999999999972,11.8,11.800000000000017,11.80000000000003,0.020656869,0,0.09,weight_1_3
2021-05-23,2021-05-24,5.1,Tidak lebat <50 mm,0,0.0,5.199999999999972,5.2,11.800000000000017,11.80000000000003,0.01781217,0,0.09,weight_1_3
2021-05-24,2021-05-25,8.0,Tidak lebat <50 mm,0,5.1,10.299999999999972,10.3,16.900000000000013,16.900000000000027,0.024810467,0,0.09,weight_1_3
2021-05-25,2021-05-26,0.0,Tidak lebat <50 mm,0,8.0,13.099999999999971,18.3,18.30000000000001,24.900000000000027,0.030612614,0,0.09,weight_1_3
2021-05-26,2021-05-27,0.0,Tidak lebat <50 mm,0,0.0,13.099999999999971,18.3,18.30000000000001,24.900000000000027,0.027234148,0,0.09,weight_1_3
2021-05-27,2021-05-28,0.0,Tidak lebat <50 mm,0,0.0,7.999999999999972,13.1,18.30000000000001,24.900000000000027,0.024855845,0,0.09,weight_1_3
2021-05-28,2021-05-29,7.4,Tidak lebat <50 mm,0,0.0,0.0,13.1,18.30000000000001,18.300000000000026,0.021493047,0,0.09,weight_1_3
2021-05-29,2021-05-30,8.2,Tidak lebat <50 mm,0,7.4,7.399999999999972,15.4,20.50000000000001,25.700000000000024,0.028559202,0,0.09,weight_1_3
2021-05-30,2021-05-31,0.0,Tidak lebat <50 mm,0,8.2,15.599999999999971,15.599999999999998,28.700000000000014,33.90000000000003,0.034793023,0,0.09,weight_1_3
2021-05-31,2021-06-01,4.3,Tidak lebat <50 mm,0,0.0,15.599999999999971,15.599999999999998,23.60000000000001,33.90000000000003,0.029697964,0,0.09,weight_1_3
2021-06-01,2021-06-02,0.0,Tidak lebat <50 mm,0,4.3,12.499999999999972,19.9,19.900000000000013,33.00000000000003,0.03214076,0,0.09,weight_1_3
2021-06-02,2021-06-03,0.0,Tidak lebat <50 mm,0,0.0,4.299999999999971,19.9,19.900000000000013,33.00000000000003,0.027492572,0,0.09,weight_1_3
2021-06-03,2021-06-04,0.6,Tidak lebat <50 mm,0,0.0,4.299999999999971,12.499999999999996,19.900000000000013,27.900000000000027,0.02474655,0,0.09,weight_1_3
2021-06-04,2021-06-05,61.6,Lebat 50-100 mm,1,0.6,0.5999999999999716,4.899999999999998,20.50000000000001,20.50000000000003,0.020647744,0,0.09,weight_1_3
2021-06-05,2021-06-06,0.0,Tidak lebat <50 mm,0,61.6,62.19999999999997,66.5,74.70000000000002,82.10000000000002,0.090912215,1,0.09,weight_1_3
2021-06-06,2021-06-07,2.0,Tidak lebat <50 mm,0,0.0,62.19999999999997,62.2,66.5,82.10000000000002,0.020995997,0,0.09,weight_1_3
2021-06-07,2021-06-08,2.0,Tidak lebat <50 mm,0,2.0,63.59999999999997,64.2,68.5,84.10000000000002,0.024940485,0,0.09,weight_1_3
2021-06-08,2021-06-09,0.0,Tidak lebat <50 mm,0,2.0,3.999999999999972,66.2,66.20000000000002,78.70000000000002,0.020676227,0,0.09,weight_1_3
2021-06-09,2021-06-10,0.0,Tidak lebat <50 mm,0,0.0,3.999999999999972,65.6,66.20000000000002,70.50000000000003,0.019641822,0,0.09,weight_1_3
2021-06-10,2021-06-11,0.0,Tidak lebat <50 mm,0,0.0,1.999999999999972,4.0,66.20000000000002,70.50000000000003,0.01711923,0,0.09,weight_1_3
2021-06-11,2021-06-12,10.5,Tidak lebat <50 mm,0,0.0,0.0,4.0,65.60000000000002,66.20000000000002,0.016903378,0,0.09,weight_1_3
2021-06-12,2021-06-13,1.0,Tidak lebat <50 mm,0,10.5,10.499999999999972,12.5,14.500000000000009,76.70000000000002,0.030855855,0,0.09,weight_1_3
2021-06-13,2021-06-14,0.0,Tidak lebat <50 mm,0,1.0,11.499999999999972,11.5,15.500000000000009,77.70000000000002,0.02851739,0,0.09,weight_1_3
2021-06-14,2021-06-15,0.0,Tidak lebat <50 mm,0,0.0,11.499999999999972,11.5,13.500000000000009,77.10000000000002,0.025882686,0,0.09,weight_1_3
2021-06-15,2021-06-16,0.0,Tidak lebat <50 mm,0,0.0,0.9999999999999716,11.5,11.500000000000009,15.500000000000028,0.01977803,0,0.09,weight_1_3
2021-06-16,2021-06-17,0.0,Tidak lebat <50 mm,0,0.0,0.0,11.5,11.500000000000009,15.500000000000028,0.019446282,0,0.09,weight_1_3
2021-06-17,2021-06-18,4.5,Tidak lebat <50 mm,0,0.0,0.0,1.0,11.500000000000009,13.500000000000028,0.016634934,0,0.09,weight_1_3
2021-06-18,2021-06-19,1.3,Tidak lebat <50 mm,0,4.5,4.499999999999972,4.5,16.000000000000007,16.00000000000003,0.020946436,0,0.09,weight_1_3
2021-06-19,2021-06-20,0.0,Tidak lebat <50 mm,0,1.3,5.799999999999971,5.8,6.800000000000007,17.30000000000003,0.019259732,0,0.09,weight_1_3
2021-06-20,2021-06-21,8.1,Tidak lebat <50 mm,0,0.0,5.799999999999971,5.8,5.800000000000007,17.30000000000003,0.018492835,0,0.09,weight_1_3
2021-06-21,2021-06-22,0.0,Tidak lebat <50 mm,0,8.1,9.39999999999997,13.9,13.900000000000006,25.400000000000027,0.027144112,0,0.09,weight_1_3
2021-06-22,2021-06-23,0.0,Tidak lebat <50 mm,0,0.0,8.099999999999971,13.9,13.900000000000007,14.900000000000029,0.022073306,0,0.09,weight_1_3
2021-06-23,2021-06-24,29.7,Tidak lebat <50 mm,0,0.0,8.099999999999971,9.4,13.900000000000007,13.900000000000029,0.02074004,0,0.09,weight_1_3
2021-06-24,2021-06-25,1.1,Tidak lebat <50 mm,0,29.7,29.69999999999997,37.8,43.60000000000001,43.60000000000003,0.050721794,0,0.09,weight_1_3
2021-06-25,2021-06-26,0.0,Tidak lebat <50 mm,0,1.1,30.79999999999997,38.9,40.2,44.70000000000002,0.039389245,0,0.09,weight_1_3
2021-06-26,2021-06-27,0.7,Tidak lebat <50 mm,0,0.0,30.79999999999997,30.8,38.900000000000006,44.70000000000002,0.03633246,0,0.09,weight_1_3
2021-06-27,2021-06-28,0.0,Tidak lebat <50 mm,0,0.7,1.7999999999999716,31.500000000000004,39.60000000000001,45.40000000000003,0.036220953,0,0.09,weight_1_3
2021-06-28,2021-06-29,0.0,Tidak lebat <50 mm,0,0.0,0.6999999999999715,31.5,31.500000000000007,40.90000000000003,0.031579573,0,0.09,weight_1_3
2021-06-29,2021-06-30,0.0,Tidak lebat <50 mm,0,0.0,0.6999999999999715,1.8000000000000036,31.500000000000007,39.60000000000003,0.023678534,0,0.09,weight_1_3
2021-06-30,2021-07-01,0.0,Tidak lebat <50 mm,0,0.0,0.0,0.7000000000000035,31.500000000000007,39.60000000000003,0.022109529,0,0.09,weight_1_3
2021-07-01,2021-07-02,0.0,Tidak lebat <50 mm,0,0.0,0.0,0.7000000000000035,1.8000000000000036,31.50000000000003,0.016715022,0,0.09,weight_1_3
2021-07-02,2021-07-03,0.0,Tidak lebat <50 mm,0,0.0,0.0,0.0,0.7000000000000035,31.50000000000003,0.015769094,0,0.09,weight_1_3
2021-07-03,2021-07-04,0.0,Tidak lebat <50 mm,0,0.0,0.0,0.0,0.7000000000000035,31.50000000000003,0.015769094,0,0.09,weight_1_3
2021-07-04,2021-07-05,0.0,Tidak lebat <50 mm,0,0.0,0.0,0.0,0.0,1.800000000000025,0.009082946,0,0.09,weight_1_3
2021-07-05,2021-07-06,0.0,Tidak lebat <50 mm,0,0.0,0.0,0.0,0.0,0.7000000000000248,0.00866809,0,0.09,weight_1_3
2021-07-06,2021-07-07,0.0,Tidak lebat <50 mm,0,0.0,0.0,0.0,0.0,0.7000000000000248,0.00866809,0,0.09,weight_1_3
2021-07-07,2021-07-08,0.0,Tidak lebat <50 mm,0,0.0,0.0,0.0,0.0,0.0,0.008412858,0,0.09,weight_1_3
2021-07-08,2021-07-09,0.0,Tidak lebat <50 mm,0,0.0,0.0,0.0,0.0,0.0,0.008412858,0,0.09,weight_1_3
2021-07-09,2021-07-10,0.0,Tidak lebat <50 mm,0,0.0,0.0,0.0,0.0,0.0,0.008412858,0,0.09,weight_1_3
2021-07-10,2021-07-11,0.0,Tidak lebat <50 mm,0,0.0,0.0,0.0,0.0,0.0,0.008412858,0,0.09,weight_1_3
2021-07-11,2021-07-12,0.6,Tidak lebat <50 mm,0,0.0,0.0,0.0,0.0,0.0,0.008412858,0,0.09,weight_1_3
2021-07-12,2021-07-13,0.0,Tidak lebat <50 mm,0,0.6,0.5999999999999716,0.6000000000000035,0.6000000000000035,0.6000000000000248,0.008905388,0,0.09,weight_1_3
2021-07-13,2021-07-14,6.0,Tidak lebat <50 mm,0,0.0,0.5999999999999716,0.6000000000000035,0.6000000000000035,0.6000000000000248,0.008835643,0,0.09,weight_1_3
2021-07-14,2021-07-15,0.0,Tidak lebat <50 mm,0,6.0,6.599999999999971,6.600000000000003,6.600000000000003,6.6000000000000245,0.015215884,0,0.09,weight_1_3
2021-07-15,2021-07-16,0.0,Tidak lebat <50 mm,0,0.0,5.999999999999972,6.600000000000003,6.600000000000003,6.6000000000000245,0.013911258,0,0.09,weight_1_3
2021-07-16,2021-07-17,0.0,Tidak lebat <50 mm,0,0.0,5.999999999999972,6.600000000000003,6.600000000000003,6.6000000000000245,0.013911258,0,0.09,weight_1_3
2021-07-17,2021-07-18,0.0,Tidak lebat <50 mm,0,0.0,0.0,6.000000000000004,6.600000000000003,6.6000000000000245,0.0129945325,0,0.09,weight_1_3
2021-07-18,2021-07-19,0.0,Tidak lebat <50 mm,0,0.0,0.0,6.000000000000004,6.600000000000003,6.6000000000000245,0.0129945325,0,0.09,weight_1_3
2021-07-19,2021-07-20,0.0,Tidak lebat <50 mm,0,0.0,0.0,0.0,6.000000000000004,6.6000000000000245,0.011859087,0,0.09,weight_1_3
2021-07-20,2021-07-21,0.0,Tidak lebat <50 mm,0,0.0,0.0,0.0,6.000000000000004,6.6000000000000245,0.011859087,0,0.09,weight_1_3
2021-07-21,2021-07-22,0.0,Tidak lebat <50 mm,0,0.0,0.0,0.0,0.0,6.6000000000000245,0.011076265,0,0.09,weight_1_3
2021-07-22,2021-07-23,0.0,Tidak lebat <50 mm,0,0.0,0.0,0.0,0.0,6.000000000000025,0.010805184,0,0.09,weight_1_3
2021-07-23,2021-07-24,38.0,Tidak lebat <50 mm,0,0.0,0.0,0.0,0.0,6.000000000000025,0.010805184,0,0.09,weight_1_3
2021-07-24,2021-07-25,0.0,Tidak lebat <50 mm,0,38.0,37.99999999999997,38.0,38.0,38.00000000000003,0.05170119,0,0.09,weight_1_3
2021-07-25,2021-07-26,0.0,Tidak lebat <50 mm,0,0.0,37.99999999999997,38.0,38.0,38.00000000000003,0.02890973,0,0.09,weight_1_3
2021-07-26,2021-07-27,0.0,Tidak lebat <50 mm,0,0.0,37.99999999999997,38.0,38.0,38.00000000000003,0.02890973,0,0.09,weight_1_3
2021-07-27,2021-07-28,0.0,Tidak lebat <50 mm,0,0.0,0.0,38.0,38.0,38.00000000000003,0.026598316,0,0.09,weight_1_3
2021-07-28,2021-07-29,0.0,Tidak lebat <50 mm,0,0.0,0.0,38.0,38.0,38.00000000000003,0.026598316,0,0.09,weight_1_3
2021-07-29,2021-07-30,0.0,Tidak lebat <50 mm,0,0.0,0.0,0.0,38.0,38.00000000000003,0.020145414,0,0.09,weight_1_3
2021-07-30,2021-07-31,0.0,Tidak lebat <50 mm,0,0.0,0.0,0.0,38.0,38.00000000000003,0.020145414,0,0.09,weight_1_3
2021-07-31,2021-08-01,0.0,Tidak lebat <50 mm,0,0.0,0.0,0.0,0.0,38.00000000000003,0.014739281,0,0.09,weight_1_3
2021-08-01,2021-08-02,2.0,Tidak lebat <50 mm,0,0.0,0.0,0.0,0.0,38.00000000000003,0.014739281,0,0.09,weight_1_3
2021-08-02,2021-08-03,12.2,Tidak lebat <50 mm,0,2.0,1.999999999999972,2.0,2.0,40.00000000000003,0.017617859,0,0.09,weight_1_3
2021-08-03,2021-08-04,0.6,Tidak lebat <50 mm,0,12.2,14.19999999999997,14.2,14.2,14.200000000000028,0.025744982,0,0.09,weight_1_3
2021-08-04,2021-08-05,0.0,Tidak lebat <50 mm,0,0.6,14.79999999999997,14.8,14.8,14.800000000000027,0.023586389,0,0.09,weight_1_3
2021-08-05,2021-08-06,0.0,Tidak lebat <50 mm,0,0.0,12.79999999999997,14.8,14.8,14.800000000000027,0.023142628,0,0.09,weight_1_3
2021-08-06,2021-08-07,0.0,Tidak lebat <50 mm,0,0.0,0.5999999999999716,14.8,14.8,14.800000000000027,0.020665474,0,0.09,weight_1_3
2021-08-07,2021-08-08,0.0,Tidak lebat <50 mm,0,0.0,0.0,12.8,14.8,14.800000000000027,0.020097127,0,0.09,weight_1_3
2021-08-08,2021-08-09,0.0,Tidak lebat <50 mm,0,0.0,0.0,0.6,14.8,14.800000000000027,0.017194733,0,0.09,weight_1_3
2021-08-09,2021-08-10,4.8,Tidak lebat <50 mm,0,0.0,0.0,0.0,12.8,14.800000000000027,0.016788749,0,0.09,weight_1_3
2021-08-10,2021-08-11,0.0,Tidak lebat <50 mm,0,4.8,4.799999999999971,4.8,5.4,19.600000000000023,0.019615892,0,0.09,weight_1_3
2021-08-11,2021-08-12,0.0,Tidak lebat <50 mm,0,0.0,4.799999999999971,4.8,4.8,19.600000000000023,0.018201763,0,0.09,weight_1_3
2021-08-12,2021-08-13,0.0,Tidak lebat <50 mm,0,0.0,4.799999999999971,4.8,4.8,17.600000000000026,0.017944323,0,0.09,weight_1_3
2021-08-13,2021-08-14,0.0,Tidak lebat <50 mm,0,0.0,0.0,4.8,4.8,5.400000000000028,0.011936728,0,0.09,weight_1_3
2021-08-14,2021-08-15,0.0,Tidak lebat <50 mm,0,0.0,0.0,4.8,4.8,4.800000000000028,0.0116357915,0,0.09,weight_1_3
2021-08-15,2021-08-16,0.0,Tidak lebat <50 mm,0,0.0,0.0,0.0,4.8,4.800000000000028,0.0108519085,0,0.09,weight_1_3
2021-08-16,2021-08-17,0.0,Tidak lebat <50 mm,0,0.0,0.0,0.0,4.8,4.800000000000028,0.0108519085,0,0.09,weight_1_3
2021-08-17,2021-08-18,0.0,Tidak lebat <50 mm,0,0.0,0.0,0.0,0.0,4.800000000000028,0.010282564,0,0.09,weight_1_3
2021-08-18,2021-08-19,1.0,Tidak lebat <50 mm,0,0.0,0.0,0.0,0.0,4.800000000000028,0.010282564,0,0.09,weight_1_3
2021-08-19,2021-08-20,0.0,Tidak lebat <50 mm,0,1.0,0.9999999999999716,1.0,1.0,5.800000000000028,0.01130603,0,0.09,weight_1_3
2021-08-20,2021-08-21,0.0,Tidak lebat <50 mm,0,0.0,0.9999999999999716,1.0,1.0,1.0000000000000284,0.00912913,0,0.09,weight_1_3
2021-08-21,2021-08-22,0.0,Tidak lebat <50 mm,0,0.0,0.9999999999999716,1.0,1.0,1.0000000000000284,0.00912913,0,0.09,weight_1_3
2021-08-22,2021-08-23,0.0,Tidak lebat <50 mm,0,0.0,0.0,1.0,1.0,1.0000000000000284,0.009015271,0,0.09,weight_1_3
2021-08-23,2021-08-24,0.0,Tidak lebat <50 mm,0,0.0,0.0,1.0,1.0,1.0000000000000284,0.009015271,0,0.09,weight_1_3
2021-08-24,2021-08-25,10.2,Tidak lebat <50 mm,0,0.0,0.0,0.0,1.0,1.0000000000000284,0.008880641,0,0.09,weight_1_3
2021-08-25,2021-08-26,0.5,Tidak lebat <50 mm,0,10.2,10.19999999999997,10.2,11.2,11.200000000000028,0.021333478,0,0.09,weight_1_3
2021-08-26,2021-08-27,0.0,Tidak lebat <50 mm,0,0.5,10.69999999999997,10.7,10.7,11.700000000000028,0.019680822,0,0.09,weight_1_3
2021-08-27,2021-08-28,0.0,Tidak lebat <50 mm,0,0.0,10.69999999999997,10.7,10.7,11.700000000000028,0.019481152,0,0.09,weight_1_3
2021-08-28,2021-08-29,0.0,Tidak lebat <50 mm,0,0.0,0.4999999999999716,10.7,10.7,11.700000000000028,0.017713161,0,0.09,weight_1_3
2021-08-29,2021-08-30,0.0,Tidak lebat <50 mm,0,0.0,0.0,10.7,10.7,10.700000000000028,0.016835816,0,0.09,weight_1_3
2021-08-30,2021-08-31,0.0,Tidak lebat <50 mm,0,0.0,0.0,0.5,10.7,10.700000000000028,0.014849148,0,0.09,weight_1_3
2021-08-31,2021-09-01,2.6,Tidak lebat <50 mm,0,0.0,0.0,0.0,10.7,10.700000000000028,0.014719987,0,0.09,weight_1_3
2021-09-01,2021-09-02,0.0,Tidak lebat <50 mm,0,2.6,2.599999999999972,2.6,3.1,13.300000000000027,0.01663416,0,0.09,weight_1_3
2021-09-02,2021-09-03,0.0,Tidak lebat <50 mm,0,0.0,2.599999999999972,2.6,2.6,13.300000000000027,0.015986515,0,0.09,weight_1_3
2021-09-03,2021-09-04,0.0,Tidak lebat <50 mm,0,0.0,2.599999999999972,2.6,2.6,13.300000000000027,0.015986515,0,0.09,weight_1_3
2021-09-04,2021-09-05,0.0,Tidak lebat <50 mm,0,0.0,0.0,2.6,2.6,3.1000000000000285,0.010260059,0,0.09,weight_1_3
2021-09-05,2021-09-06,3.4,Tidak lebat <50 mm,0,0.0,0.0,2.6,2.6,2.6000000000000285,0.010043695,0,0.09,weight_1_3
2021-09-06,2021-09-07,7.6,Tidak lebat <50 mm,0,3.4,3.3999999999999715,3.4,6.0,6.000000000000028,0.0132774655,0,0.09,weight_1_3
2021-09-07,2021-09-08,12.2,Tidak lebat <50 mm,0,7.6,10.999999999999972,11.0,13.6,13.600000000000028,0.02391621,0,0.09,weight_1_3
2021-09-08,2021-09-09,0.0,Tidak lebat <50 mm,0,12.2,23.19999999999997,23.2,23.2,25.800000000000026,0.034276515,0,0.09,weight_1_3
2021-09-09,2021-09-10,0.0,Tidak lebat <50 mm,0,0.0,19.79999999999997,23.2,23.2,25.800000000000026,0.030575393,0,0.09,weight_1_3
2021-09-10,2021-09-11,0.0,Tidak lebat <50 mm,0,0.0,12.19999999999997,23.2,23.2,25.800000000000026,0.02956597,0,0.09,weight_1_3
2021-09-11,2021-09-12,0.0,Tidak lebat <50 mm,0,0.0,0.0,19.8,23.2,23.200000000000024,0.024922356,0,0.09,weight_1_3
2021-09-12,2021-09-13,33.4,Tidak lebat <50 mm,0,0.0,0.0,12.2,23.2,23.200000000000024,0.02299774,0,0.09,weight_1_3
2021-09-13,2021-09-14,105.8,Sangat lebat 100-150 mm,1,33.4,33.39999999999997,33.4,53.2,56.60000000000002,0.052712627,0,0.09,weight_1_3
2021-09-14,2021-09-15,0.6,Tidak lebat <50 mm,0,105.8,139.19999999999996,139.2,151.39999999999998,162.40000000000003,0.21218151,1,0.09,weight_1_3
2021-09-15,2021-09-16,0.0,Tidak lebat <50 mm,0,0.6,139.79999999999998,139.8,139.8,163.00000000000003,0.03928403,0,0.09,weight_1_3
2021-09-16,2021-09-17,0.0,Tidak lebat <50 mm,0,0.0,106.39999999999996,139.8,139.8,159.60000000000002,0.045190282,0,0.09,weight_1_3
2021-09-17,2021-09-18,12.5,Tidak lebat <50 mm,0,0.0,0.5999999999999858,139.8,139.8,152.00000000000003,0.008029651,0,0.09,weight_1_3
2021-09-18,2021-09-19,0.0,Tidak lebat <50 mm,0,12.5,12.499999999999986,118.9,152.3,152.30000000000004,0.030102022,0,0.09,weight_1_3
2021-09-19,2021-09-20,6.2,Tidak lebat <50 mm,0,0.0,12.499999999999986,13.100000000000014,152.3,152.30000000000004,0.011124211,0,0.09,weight_1_3
2021-09-20,2021-09-21,0.0,Tidak lebat <50 mm,0,6.2,18.699999999999985,18.700000000000014,125.1,158.50000000000003,0.028746499,0,0.09,weight_1_3
2021-09-21,2021-09-22,8.0,Tidak lebat <50 mm,0,0.0,6.199999999999986,18.700000000000014,19.3,158.50000000000003,0.013067543,0,0.09,weight_1_3
2021-09-22,2021-09-23,8.8,Tidak lebat <50 mm,0,8.0,14.199999999999983,26.700000000000014,26.7,166.50000000000003,0.022959728,0,0.09,weight_1_3
2021-09-23,2021-09-24,0.0,Tidak lebat <50 mm,0,8.8,16.799999999999986,23.00000000000001,35.5,141.90000000000003,0.044509,0,0.09,weight_1_3
2021-09-24,2021-09-25,0.0,Tidak lebat <50 mm,0,0.0,16.799999999999986,23.00000000000001,35.5,36.10000000000003,0.035782002,0,0.09,weight_1_3
2021-09-25,2021-09-26,0.0,Tidak lebat <50 mm,0,0.0,8.799999999999986,16.800000000000015,23.0,35.50000000000003,0.029100887,0,0.09,weight_1_3
2021-09-26,2021-09-27,0.0,Tidak lebat <50 mm,0,0.0,0.0,16.800000000000015,23.0,35.50000000000003,0.026460553,0,0.09,weight_1_3
2021-09-27,2021-09-28,6.4,Tidak lebat <50 mm,0,0.0,0.0,8.800000000000015,16.8,35.50000000000003,0.022991419,0,0.09,weight_1_3
2021-09-28,2021-09-29,0.0,Tidak lebat <50 mm,0,6.4,6.399999999999986,6.400000000000015,23.200000000000003,29.400000000000027,0.026470577,0,0.09,weight_1_3
2021-09-29,2021-09-30,0.0,Tidak lebat <50 mm,0,0.0,6.399999999999986,6.400000000000015,15.2,29.400000000000027,0.022624878,0,0.09,weight_1_3
2021-09-30,2021-10-01,0.0,Tidak lebat <50 mm,0,0.0,6.399999999999986,6.400000000000015,6.4,23.20000000000003,0.019667577,0,0.09,weight_1_3
2021-10-01,2021-10-02,0.0,Tidak lebat <50 mm,0,0.0,0.0,6.400000000000015,6.4,23.20000000000003,0.018472575,0,0.09,weight_1_3
2021-10-02,2021-10-03,0.0,Tidak lebat <50 mm,0,0.0,0.0,6.400000000000015,6.4,15.20000000000003,0.0173899,0,0.09,weight_1_3
2021-10-03,2021-10-04,0.0,Tidak lebat <50 mm,0,0.0,0.0,0.0,6.4,6.400000000000029,0.011806155,0,0.09,weight_1_3
2021-10-04,2021-10-05,0.0,Tidak lebat <50 mm,0,0.0,0.0,0.0,6.4,6.400000000000029,0.011806155,0,0.09,weight_1_3
2021-10-05,2021-10-06,0.0,Tidak lebat <50 mm,0,0.0,0.0,0.0,0.0,6.400000000000029,0.010985165,0,0.09,weight_1_3
2021-10-06,2021-10-07,0.0,Tidak lebat <50 mm,0,0.0,0.0,0.0,0.0,6.400000000000029,0.010985165,0,0.09,weight_1_3
2021-10-07,2021-10-08,0.0,Tidak lebat <50 mm,0,0.0,0.0,0.0,0.0,6.400000000000029,0.010985165,0,0.09,weight_1_3
2021-10-08,2021-10-09,0.0,Tidak lebat <50 mm,0,0.0,0.0,0.0,0.0,0.0,0.008412858,0,0.09,weight_1_3
2021-10-09,2021-10-10,0.0,Tidak lebat <50 mm,0,0.0,0.0,0.0,0.0,0.0,0.008412858,0,0.09,weight_1_3
2021-10-10,2021-10-11,0.0,Tidak lebat <50 mm,0,0.0,0.0,0.0,0.0,0.0,0.008412858,0,0.09,weight_1_3
2021-10-11,2021-10-12,0.0,Tidak lebat <50 mm,0,0.0,0.0,0.0,0.0,0.0,0.008412858,0,0.09,weight_1_3
2021-10-12,2021-10-13,1.4,Tidak lebat <50 mm,0,0.0,0.0,0.0,0.0,0.0,0.008412858,0,0.09,weight_1_3
2021-10-13,2021-10-14,0.0,Tidak lebat <50 mm,0,1.4,1.3999999999999857,1.400000000000014,1.4,1.4000000000000283,0.00960677,0,0.09,weight_1_3
2021-10-14,2021-10-15,0.0,Tidak lebat <50 mm,0,0.0,1.3999999999999857,1.400000000000014,1.4,1.4000000000000283,0.009432275,0,0.09,weight_1_3
2021-10-15,2021-10-16,0.0,Tidak lebat <50 mm,0,0.0,1.3999999999999857,1.400000000000014,1.4,1.4000000000000283,0.009432275,0,0.09,weight_1_3
2021-10-16,2021-10-17,0.0,Tidak lebat <50 mm,0,0.0,0.0,1.400000000000014,1.4,1.4000000000000283,0.009267453,0,0.09,weight_1_3
2021-10-17,2021-10-18,8.3,Tidak lebat <50 mm,0,0.0,0.0,1.400000000000014,1.4,1.4000000000000283,0.009267453,0,0.09,weight_1_3
2021-10-18,2021-10-19,52.6,Lebat 50-100 mm,1,8.3,8.299999999999986,8.300000000000015,9.7,9.70000000000003,0.018894166,0,0.09,weight_1_3
2021-10-19,2021-10-20,2.8,Tidak lebat <50 mm,0,52.6,60.89999999999999,60.90000000000002,62.3,62.30000000000003,0.07552978,0,0.09,weight_1_3
2021-10-20,2021-10-21,1.6,Tidak lebat <50 mm,0,2.8,63.69999999999998,63.70000000000001,63.7,65.10000000000004,0.02598784,0,0.09,weight_1_3
2021-10-21,2021-10-22,0.9,Tidak lebat <50 mm,0,1.6,56.99999999999998,65.30000000000001,65.30000000000001,66.70000000000003,0.025173446,0,0.09,weight_1_3
2021-10-22,2021-10-23,0.0,Tidak lebat <50 mm,0,0.9,5.299999999999986,66.20000000000002,66.2,67.60000000000004,0.022033302,0,0.09,weight_1_3
2021-10-23,2021-10-24,0.0,Tidak lebat <50 mm,0,0.0,2.499999999999986,57.90000000000001,66.2,66.20000000000003,0.02104482,0,0.09,weight_1_3
2021-10-24,2021-10-25,0.0,Tidak lebat <50 mm,0,0.0,0.8999999999999858,5.300000000000007,66.2,66.20000000000003,0.0183298,0,0.09,weight_1_3
2021-10-25,2021-10-26,0.0,Tidak lebat <50 mm,0,0.0,0.0,2.500000000000007,57.9,66.20000000000003,0.018157478,0,0.09,weight_1_3
2021-10-26,2021-10-27,0.0,Tidak lebat <50 mm,0,0.0,0.0,0.9000000000000071,5.3,66.20000000000003,0.015841555,0,0.09,weight_1_3
2021-10-27,2021-10-28,4.0,Tidak lebat <50 mm,0,0.0,0.0,0.0,2.5,66.20000000000003,0.013471455,0,0.09,weight_1_3
2021-10-28,2021-10-29,16.7,Tidak lebat <50 mm,0,4.0,3.999999999999986,4.000000000000007,4.9,61.90000000000003,0.018946245,0,0.09,weight_1_3
2021-10-29,2021-10-30,0.0,Tidak lebat <50 mm,0,16.7,20.699999999999985,20.700000000000006,20.7,26.00000000000003,0.033340894,0,0.09,weight_1_3
2021-10-30,2021-10-31,1.8,Tidak lebat <50 mm,0,0.0,20.699999999999985,20.700000000000006,20.7,23.200000000000028,0.028958712,0,0.09,weight_1_3
2021-10-31,2021-11-01,1.8,Tidak lebat <50 mm,0,1.8,18.499999999999982,22.500000000000007,22.5,23.40000000000003,0.030434217,0,0.09,weight_1_3
2021-11-01,2021-11-02,18.4,Tidak lebat <50 mm,0,1.8,3.599999999999986,24.300000000000008,24.3,24.30000000000003,0.028455472,0,0.09,weight_1_3
2021-11-02,2021-11-03,1.4,Tidak lebat <50 mm,0,18.4,21.999999999999982,38.7,42.7,42.70000000000003,0.04525409,0,0.09,weight_1_3
2021-11-03,2021-11-04,1.8,Tidak lebat <50 mm,0,1.4,21.599999999999984,23.40000000000001,44.1,44.10000000000003,0.038828544,0,0.09,weight_1_3
2021-11-04,2021-11-05,0.0,Tidak lebat <50 mm,0,1.8,21.599999999999984,25.200000000000006,41.9,45.90000000000003,0.039750885,0,0.09,weight_1_3
2021-11-05,2021-11-06,0.0,Tidak lebat <50 mm,0,0.0,3.199999999999986,23.40000000000001,25.2,45.90000000000003,0.03210167,0,0.09,weight_1_3
2021-11-06,2021-11-07,0.0,Tidak lebat <50 mm,0,0.0,1.7999999999999858,21.600000000000005,25.2,45.90000000000003,0.031108312,0,0.09,weight_1_3
2021-11-07,2021-11-08,10.0,Tidak lebat <50 mm,0,0.0,0.0,3.2000000000000077,23.4,41.90000000000003,0.023666872,0,0.09,weight_1_3
2021-11-08,2021-11-09,9.2,Tidak lebat <50 mm,0,10.0,9.999999999999986,11.800000000000008,31.6,35.20000000000003,0.033135697,0,0.09,weight_1_3
2021-11-09,2021-11-10,20.9,Tidak lebat <50 mm,0,9.2,19.199999999999985,19.200000000000006,22.4,44.40000000000003,0.037501436,0,0.09,weight_1_3
2021-11-10,2021-11-11,0.0,Tidak lebat <50 mm,0,20.9,40.09999999999998,40.10000000000001,41.9,63.50000000000003,0.046775833,0,0.09,weight_1_3
2021-11-11,2021-11-12,0.0,Tidak lebat <50 mm,0,0.0,30.099999999999984,40.10000000000001,40.1,61.70000000000002,0.037166093,0,0.09,weight_1_3
2021-11-12,2021-11-13,0.0,Tidak lebat <50 mm,0,0.0,20.899999999999984,40.10000000000001,40.1,43.300000000000026,0.03828007,0,0.09,weight_1_3
2021-11-13,2021-11-14,0.0,Tidak lebat <50 mm,0,0.0,0.0,30.100000000000005,40.1,41.90000000000003,0.031351194,0,0.09,weight_1_3
2021-11-14,2021-11-15,11.0,Tidak lebat <50 mm,0,0.0,0.0,20.90000000000001,40.1,40.10000000000002,0.031550333,0,0.09,weight_1_3
2021-11-15,2021-11-16,1.8,Tidak lebat <50 mm,0,11.0,10.999999999999986,11.000000000000009,41.1,51.10000000000002,0.037993416,0,0.09,weight_1_3
2021-11-16,2021-11-17,0.0,Tidak lebat <50 mm,0,1.8,12.799999999999986,12.800000000000008,33.7,52.90000000000002,0.034989387,0,0.09,weight_1_3
2021-11-17,2021-11-18,0.0,Tidak lebat <50 mm,0,0.0,12.799999999999986,12.800000000000008,12.8,52.90000000000002,0.028797932,0,0.09,weight_1_3
2021-11-18,2021-11-19,17.8,Tidak lebat <50 mm,0,0.0,1.7999999999999858,12.800000000000008,12.8,42.90000000000002,0.024906738,0,0.09,weight_1_3
2021-11-19,2021-11-20,4.2,Tidak lebat <50 mm,0,17.8,17.799999999999986,30.60000000000001,30.6,51.50000000000003,0.044387344,0,0.09,weight_1_3
2021-11-20,2021-11-21,0.0,Tidak lebat <50 mm,0,4.2,21.999999999999982,23.800000000000008,34.800000000000004,34.80000000000003,0.037315544,0,0.09,weight_1_3
2021-11-21,2021-11-22,0.9,Tidak lebat <50 mm,0,0.0,21.999999999999982,22.000000000000007,34.800000000000004,34.80000000000003,0.03549028,0,0.09,weight_1_3
2021-11-22,2021-11-23,10.2,Tidak lebat <50 mm,0,0.9,5.099999999999986,22.90000000000001,24.700000000000003,35.70000000000003,0.030921044,0,0.09,weight_1_3
2021-11-23,2021-11-24,0.0,Tidak lebat <50 mm,0,10.2,11.099999999999984,33.10000000000001,33.1,45.90000000000003,0.04258654,0,0.09,weight_1_3
2021-11-24,2021-11-25,0.0,Tidak lebat <50 mm,0,0.0,11.099999999999984,15.300000000000006,33.1,45.90000000000003,0.033713926,0,0.09,weight_1_3
2021-11-25,2021-11-26,0.0,Tidak lebat <50 mm,0,0.0,10.199999999999983,11.100000000000003,33.1,34.90000000000003,0.029509095,0,0.09,weight_1_3
2021-11-26,2021-11-27,0.0,Tidak lebat <50 mm,0,0.0,0.0,11.100000000000003,15.3,33.10000000000003,0.022913871,0,0.09,weight_1_3
2021-11-27,2021-11-28,16.6,Tidak lebat <50 mm,0,0.0,0.0,10.200000000000006,11.099999999999998,33.10000000000003,0.021755666,0,0.09,weight_1_3
2021-11-28,2021-11-29,77.4,Lebat 50-100 mm,1,16.6,16.599999999999987,16.60000000000001,27.7,49.70000000000003,0.03899449,0,0.09,weight_1_3
2021-11-29,2021-11-30,4.0,Tidak lebat <50 mm,0,77.4,94.0,94.0,104.2,109.30000000000004,0.14477062,1,0.09,weight_1_3
2021-11-30,2021-12-01,0.0,Tidak lebat <50 mm,0,4.0,98.0,98.0,98.0,109.10000000000004,0.031108959,0,0.09,weight_1_3
2021-12-01,2021-12-02,0.0,Tidak lebat <50 mm,0,0.0,81.4,98.0,98.0,109.10000000000004,0.025093764,0,0.09,weight_1_3
2021-12-02,2021-12-03,0.0,Tidak lebat <50 mm,0,0.0,4.0,98.0,98.0,108.20000000000005,0.012922188,0,0.09,weight_1_3
2021-12-03,2021-12-04,3.4,Tidak lebat <50 mm,0,0.0,0.0,81.4,98.0,98.00000000000004,0.011592696,0,0.09,weight_1_3
2021-12-04,2021-12-05,3.8,Tidak lebat <50 mm,0,3.4,3.4,7.4,101.4,101.40000000000003,0.011831282,0,0.09,weight_1_3
2021-12-05,2021-12-06,13.8,Tidak lebat <50 mm,0,3.8,7.199999999999999,7.199999999999999,88.60000000000001,105.20000000000005,0.016307717,0,0.09,weight_1_3
2021-12-06,2021-12-07,48.2,Tidak lebat <50 mm,0,13.8,21.0,21.0,25.0,119.00000000000004,0.034901213,0,0.09,weight_1_3
2021-12-07,2021-12-08,0.2,Tidak lebat <50 mm,0,48.2,65.80000000000001,69.2,69.2,167.20000000000005,0.104999155,1,0.09,weight_1_3
2021-12-08,2021-12-09,1.5,Tidak lebat <50 mm,0,0.2,62.2,69.4,69.4,150.80000000000004,0.030027034,0,0.09,weight_1_3
2021-12-09,2021-12-10,27.5,Tidak lebat <50 mm,0,1.5,49.900000000000006,67.5,70.9,74.90000000000005,0.028431885,0,0.09,weight_1_3
2021-12-10,2021-12-11,4.2,Tidak lebat <50 mm,0,27.5,29.2,91.2,98.4,98.40000000000003,0.06541723,0,0.09,weight_1_3
2021-12-11,2021-12-12,0.0,Tidak lebat <50 mm,0,4.2,33.2,81.60000000000001,99.2,102.60000000000004,0.043347884,0,0.09,weight_1_3
2021-12-12,2021-12-13,0.0,Tidak lebat <50 mm,0,0.0,31.7,33.4,95.4,102.60000000000004,0.039214265,0,0.09,weight_1_3
2021-12-13,2021-12-14,0.0,Tidak lebat <50 mm,0,0.0,4.2,33.2,81.60000000000001,102.60000000000004,0.035275742,0,0.09,weight_1_3
2021-12-14,2021-12-15,0.0,Tidak lebat <50 mm,0,0.0,0.0,31.7,33.4,99.20000000000005,0.034407783,0,0.09,weight_1_3
2021-12-15,2021-12-16,1.5,Tidak lebat <50 mm,0,0.0,0.0,4.2,33.2,95.40000000000003,0.025721444,0,0.09,weight_1_3
2021-12-16,2021-12-17,9.9,Tidak lebat <50 mm,0,1.5,1.5,1.5,33.2,83.10000000000005,0.02366215,0,0.09,weight_1_3
2021-12-17,2021-12-18,3.5,Tidak lebat <50 mm,0,9.9,11.4,11.4,15.6,44.80000000000004,0.031013869,0,0.09,weight_1_3
2021-12-18,2021-12-19,0.0,Tidak lebat <50 mm,0,3.5,14.9,14.9,14.900000000000002,48.10000000000004,0.031690944,0,0.09,weight_1_3
2021-12-19,2021-12-20,0.0,Tidak lebat <50 mm,0,0.0,13.4,14.9,14.900000000000002,46.60000000000004,0.029198265,0,0.09,weight_1_3
2021-12-20,2021-12-21,5.8,Tidak lebat <50 mm,0,0.0,3.5,14.9,14.900000000000002,19.100000000000044,0.022531424,0,0.09,weight_1_3
2021-12-21,2021-12-22,1.9,Tidak lebat <50 mm,0,5.8,5.8,19.2,20.700000000000003,20.700000000000045,0.027524833,0,0.09,weight_1_3
2021-12-22,2021-12-23,0.2,Tidak lebat <50 mm,0,1.9,7.699999999999999,11.2,22.6,22.600000000000044,0.02552653,0,0.09,weight_1_3
2021-12-23,2021-12-24,20.1,Tidak lebat <50 mm,0,0.2,7.899999999999999,7.899999999999999,21.3,22.800000000000043,0.023455689,0,0.09,weight_1_3
2021-12-24,2021-12-25,0.6,Tidak lebat <50 mm,0,20.1,22.200000000000003,28.0,31.5,42.90000000000005,0.043281432,0,0.09,weight_1_3
2021-12-25,2021-12-26,52.5,Lebat 50-100 mm,1,0.6,20.90000000000001,28.6,28.6,43.50000000000004,0.037620857,0,0.09,weight_1_3
2021-12-26,2021-12-27,3.4,Tidak lebat <50 mm,0,52.5,73.2,75.3,81.1,94.50000000000004,0.093564965,1,0.09,weight_1_3
2021-12-27,2021-12-28,0.5,Tidak lebat <50 mm,0,3.4,56.5,76.8,84.5,88.00000000000004,0.03270543,0,0.09,weight_1_3
2021-12-28,2021-12-29,13.8,Tidak lebat <50 mm,0,0.5,56.4,77.10000000000001,79.2,85.00000000000004,0.025032546,0,0.09,weight_1_3
2021-12-29,2021-12-30,3.9,Tidak lebat <50 mm,0,13.8,17.700000000000003,70.8,91.1,98.80000000000004,0.05022041,0,0.09,weight_1_3
2021-12-30,2021-12-31,15.5,Tidak lebat <50 mm,0,3.9,18.2,74.1,94.8,102.70000000000005,0.045326557,0,0.09,weight_1_3
2021-12-31,2022-01-01,1.2,Tidak lebat <50 mm,0,15.5,33.2,37.1,90.2,112.40000000000003,0.052516025,0,0.09,weight_1_3
2022-01-01,2022-01-02,0.0,Tidak lebat <50 mm,0,1.2,20.6,34.900000000000006,90.8,111.70000000000005,0.04483929,0,0.09,weight_1_3
2022-01-02,2022-01-03,3.3,Tidak lebat <50 mm,0,0.0,16.700000000000003,34.400000000000006,38.3,111.50000000000004,0.044016283,0,0.09,weight_1_3
2022-01-03,2022-01-04,0.0,Tidak lebat <50 mm,0,3.3,4.5,23.9,38.2,94.70000000000005,0.038827404,0,0.09,weight_1_3
2022-01-04,2022-01-05,0.0,Tidak lebat <50 mm,0,0.0,3.3,20.0,37.7,94.10000000000004,0.034804974,0,0.09,weight_1_3
2022-01-05,2022-01-06,1.2,Tidak lebat <50 mm,0,0.0,3.3,4.5,23.9,41.60000000000005,0.025253184,0,0.09,weight_1_3
2022-01-06,2022-01-07,0.2,Tidak lebat <50 mm,0,1.2,1.2,4.5,21.2,39.40000000000005,0.024130607,0,0.09,weight_1_3
2022-01-07,2022-01-08,0.0,Tidak lebat <50 mm,0,0.2,1.4,4.7,5.9,39.10000000000005,0.020594385,0,0.09,weight_1_3
2022-01-08,2022-01-09,0.0,Tidak lebat <50 mm,0,0.0,1.4,1.4,4.7,25.30000000000004,0.01748806,0,0.09,weight_1_3
2022-01-09,2022-01-10,1.5,Tidak lebat <50 mm,0,0.0,0.2,1.4,4.7,21.40000000000004,0.016759241,0,0.09,weight_1_3
2022-01-10,2022-01-11,28.8,Tidak lebat <50 mm,0,1.5,1.5,2.9,2.9,7.400000000000043,0.012899727,0,0.09,weight_1_3
2022-01-11,2022-01-12,8.4,Tidak lebat <50 mm,0,28.8,30.3,30.5,31.7,35.00000000000004,0.04328015,0,0.09,weight_1_3
2022-01-12,2022-01-13,4.6,Tidak lebat <50 mm,0,8.4,38.7,38.7,40.1,43.40000000000004,0.040557217,0,0.09,weight_1_3
2022-01-13,2022-01-14,14.0,Tidak lebat <50 mm,0,4.6,41.8,43.3,43.5,44.700000000000045,0.03851465,0,0.09,weight_1_3
2022-01-14,2022-01-15,14.5,Tidak lebat <50 mm,0,14.0,27.0,57.3,57.3,58.700000000000045,0.04731243,0,0.09,weight_1_3
2022-01-15,2022-01-16,0.0,Tidak lebat <50 mm,0,14.5,33.1,70.3,71.8,73.20000000000005,0.046875946,0,0.09,weight_1_3
2022-01-16,2022-01-17,0.0,Tidak lebat <50 mm,0,0.0,28.5,41.5,71.8,72.00000000000004,0.037983242,0,0.09,weight_1_3
2022-01-17,2022-01-18,1.3,Tidak lebat <50 mm,0,0.0,14.5,33.099999999999994,70.3,71.80000000000004,0.038942046,0,0.09,weight_1_3
2022-01-18,2022-01-19,3.9,Tidak lebat <50 mm,0,1.3,1.3,29.8,42.8,73.10000000000004,0.03565246,0,0.09,weight_1_3
2022-01-19,2022-01-20,7.6,Tidak lebat <50 mm,0,3.9,5.2,19.7,38.3,77.00000000000004,0.036456026,0,0.09,weight_1_3
2022-01-20,2022-01-21,8.2,Tidak lebat <50 mm,0,7.6,12.8,12.8,41.3,83.10000000000004,0.0382902,0,0.09,weight_1_3
2022-01-21,2022-01-22,7.4,Tidak lebat <50 mm,0,8.2,19.7,21.0,35.5,62.50000000000004,0.042649288,0,0.09,weight_1_3
2022-01-22,2022-01-23,0.0,Tidak lebat <50 mm,0,7.4,23.200000000000003,28.4,28.4,61.50000000000004,0.041967142,0,0.09,weight_1_3
2022-01-23,2022-01-24,0.0,Tidak lebat <50 mm,0,0.0,15.6,27.1,28.4,56.90000000000004,0.038021315,0,0.09,weight_1_3
2022-01-24,2022-01-25,0.0,Tidak lebat <50 mm,0,0.0,7.4,23.200000000000003,28.4,42.90000000000004,0.03366034,0,0.09,weight_1_3
2022-01-25,2022-01-26,0.9,Tidak lebat <50 mm,0,0.0,0.0,15.6,27.1,28.40000000000004,0.025593666,0,0.09,weight_1_3
2022-01-26,2022-01-27,0.0,Tidak lebat <50 mm,0,0.9,0.9,8.3,24.1,29.300000000000043,0.023935761,0,0.09,weight_1_3
2022-01-27,2022-01-28,0.0,Tidak lebat <50 mm,0,0.0,0.9,0.9,16.5,29.300000000000043,0.019980839,0,0.09,weight_1_3
2022-01-28,2022-01-29,0.8,Tidak lebat <50 mm,0,0.0,0.9,0.9,8.3,28.000000000000043,0.018368924,0,0.09,weight_1_3
2022-01-29,2022-01-30,0.0,Tidak lebat <50 mm,0,0.8,0.8,1.7000000000000002,1.7000000000000002,24.900000000000045,0.0168922,0,0.09,weight_1_3
2022-01-30,2022-01-31,1.3,Tidak lebat <50 mm,0,0.0,0.8,1.7000000000000002,1.7000000000000002,17.300000000000043,0.015840402,0,0.09,weight_1_3
2022-01-31,2022-02-01,0.0,Tidak lebat <50 mm,0,1.3,2.1,2.1,3.0,10.400000000000045,0.01451642,0,0.09,weight_1_3
2022-02-01,2022-02-02,0.0,Tidak lebat <50 mm,0,0.0,1.3,2.1,3.0,3.000000000000042,0.01038333,0,0.09,weight_1_3
2022-02-02,2022-02-03,0.0,Tidak lebat <50 mm,0,0.0,1.3,2.1,2.1,3.000000000000042,0.010273994,0,0.09,weight_1_3
2022-02-03,2022-02-04,2.6,Tidak lebat <50 mm,0,0.0,0.0,1.3,2.1,3.000000000000042,0.009989992,0,0.09,weight_1_3
2022-02-04,2022-02-05,4.9,Tidak lebat <50 mm,0,2.6,2.6,3.9,4.7,5.600000000000042,0.012760232,0,0.09,weight_1_3
2022-02-05,2022-02-06,8.1,Tidak lebat <50 mm,0,4.9,7.5,7.500000000000001,8.8,9.600000000000042,0.017965863,0,0.09,weight_1_3
2022-02-06,2022-02-07,1.0,Tidak lebat <50 mm,0,8.1,15.6,15.6,16.9,17.700000000000042,0.02792852,0,0.09,weight_1_3
2022-02-07,2022-02-08,0.4,Tidak lebat <50 mm,0,1.0,14.0,16.6,16.6,18.70000000000004,0.025665324,0,0.09,weight_1_3
2022-02-08,2022-02-09,0.0,Tidak lebat <50 mm,0,0.4,9.5,17.0,17.0,18.30000000000004,0.02464516,0,0.09,weight_1_3
2022-02-09,2022-02-10,20.5,Tidak lebat <50 mm,0,0.0,1.4,14.4,17.0,18.30000000000004,0.022099355,0,0.09,weight_1_3
2022-02-10,2022-02-11,0.0,Tidak lebat <50 mm,0,20.5,20.9,30.0,37.5,37.50000000000004,0.042907197,0,0.09,weight_1_3
2022-02-11,2022-02-12,0.0,Tidak lebat <50 mm,0,0.0,20.5,21.9,34.9,37.50000000000004,0.036083926,0,0.09,weight_1_3
2022-02-12,2022-02-13,0.3,Tidak lebat <50 mm,0,0.0,20.5,20.9,30.0,37.50000000000004,0.03493388,0,0.09,weight_1_3
2022-02-13,2022-02-14,3.0,Tidak lebat <50 mm,0,0.3,0.3,20.8,22.2,37.80000000000004,0.027965013,0,0.09,weight_1_3
2022-02-14,2022-02-15,0.5,Tidak lebat <50 mm,0,3.0,3.3,23.8,24.200000000000003,38.20000000000004,0.03175385,0,0.09,weight_1_3
2022-02-15,2022-02-16,0.0,Tidak lebat <50 mm,0,0.5,3.8,3.8,24.3,33.80000000000004,0.02409913,0,0.09,weight_1_3
2022-02-16,2022-02-17,0.2,Tidak lebat <50 mm,0,0.0,3.5,3.8,24.3,25.70000000000004,0.022390146,0,0.09,weight_1_3
2022-02-17,2022-02-18,5.3,Tidak lebat <50 mm,0,0.2,0.7,4.0,4.0,24.90000000000004,0.017825864,0,0.09,weight_1_3
2022-02-18,2022-02-19,2.2,Tidak lebat <50 mm,0,5.3,5.5,9.0,9.3,29.800000000000043,0.023733448,0,0.09,weight_1_3
2022-02-19,2022-02-20,0.0,Tidak lebat <50 mm,0,2.2,7.7,8.2,11.5,32.00000000000004,0.024104446,0,0.09,weight_1_3
2022-02-20,2022-02-21,10.3,Tidak lebat <50 mm,0,0.0,7.5,7.7,11.2,11.500000000000044,0.018422455,0,0.09,weight_1_3
2022-02-21,2022-02-22,4.5,Tidak lebat <50 mm,0,10.3,12.5,18.0,18.5,21.800000000000043,0.029781334,0,0.09,weight_1_3
2022-02-22,2022-02-23,0.8,Tidak lebat <50 mm,0,4.5,14.8,22.3,22.5,26.300000000000043,0.03252699,0,0.09,weight_1_3
2022-02-23,2022-02-24,16.5,Tidak lebat <50 mm,0,0.8,15.6,17.8,23.3,26.800000000000043,0.02941951,0,0.09,weight_1_3
2022-02-24,2022-02-25,4.5,Tidak lebat <50 mm,0,16.5,21.8,32.1,39.6,40.30000000000004,0.044155564,0,0.09,weight_1_3
2022-02-25,2022-02-26,12.6,Tidak lebat <50 mm,0,4.5,21.8,36.6,38.8,44.30000000000004,0.04158905,0,0.09,weight_1_3
2022-02-26,2022-02-27,12.3,Tidak lebat <50 mm,0,12.6,33.6,38.9,49.2,56.90000000000004,0.045113683,0,0.09,weight_1_3
2022-02-27,2022-02-28,10.5,Tidak lebat <50 mm,0,12.3,29.4,46.7,61.5,69.00000000000004,0.045228444,0,0.09,weight_1_3
2022-02-28,2022-03-01,180.4,Ekstrem >150 mm,1,10.5,35.4,56.400000000000006,61.7,74.20000000000005,0.043568663,0,0.09,weight_1_3
2022-03-01,2022-03-02,19.9,Tidak lebat <50 mm,0,180.4,203.2,220.3,237.6,252.40000000000003,0.24129157,1,0.09,weight_1_3
2022-03-02,2022-03-03,7.1,Tidak lebat <50 mm,0,19.9,210.8,235.7,256.7,272.30000000000007,0.12213361,1,0.09,weight_1_3
2022-03-03,2022-03-04,26.5,Tidak lebat <50 mm,0,7.1,207.4,230.2,247.3,269.1,0.07601133,0,0.09,weight_1_3
2022-03-04,2022-03-05,0.0,Tidak lebat <50 mm,0,26.5,53.5,244.4,269.29999999999995,291.1,0.11843945,1,0.09,weight_1_3
2022-03-05,2022-03-06,16.5,Tidak lebat <50 mm,0,0.0,33.6,233.9,256.70000000000005,290.30000000000007,0.032049853,0,0.09,weight_1_3
2022-03-06,2022-03-07,5.1,Tidak lebat <50 mm,0,16.5,43.0,70.0,260.9,290.30000000000007,0.0841161,0,0.09,weight_1_3
2022-03-07,2022-03-08,0.0,Tidak lebat <50 mm,0,5.1,21.6,55.2,255.5,290.90000000000003,0.038658593,0,0.09,weight_1_3
2022-03-08,2022-03-09,0.0,Tidak lebat <50 mm,0,0.0,21.6,48.1,75.09999999999997,278.30000000000007,0.0503124,0,0.09,weight_1_3
2022-03-09,2022-03-10,2.4,Tidak lebat <50 mm,0,0.0,5.1,21.6,55.19999999999997,266.00000000000006,0.020458434,0,0.09,weight_1_3
2022-03-10,2022-03-11,0.0,Tidak lebat <50 mm,0,2.4,2.4,24.0,50.49999999999997,257.90000000000003,0.019836096,0,0.09,weight_1_3
2022-03-11,2022-03-12,3.6,Tidak lebat <50 mm,0,0.0,2.4,7.5,23.99999999999997,77.50000000000006,0.028311111,0,0.09,weight_1_3
2022-03-12,2022-03-13,0.2,Tidak lebat <50 mm,0,3.6,6.0,6.0,27.599999999999973,61.20000000000006,0.030469863,0,0.09,weight_1_3
2022-03-13,2022-03-14,0.3,Tidak lebat <50 mm,0,0.2,3.8,6.2,11.29999999999997,54.30000000000005,0.025325082,0,0.09,weight_1_3
2022-03-14,2022-03-15,0.0,Tidak lebat <50 mm,0,0.3,4.1,6.5,6.499999999999972,28.10000000000006,0.020326087,0,0.09,weight_1_3
2022-03-15,2022-03-16,4.2,Tidak lebat <50 mm,0,0.0,0.5,4.1,6.499999999999972,28.10000000000006,0.018786468,0,0.09,weight_1_3
2022-03-16,2022-03-17,0.0,Tidak lebat <50 mm,0,4.2,4.5,8.3,10.69999999999997,15.800000000000058,0.021220071,0,0.09,weight_1_3
2022-03-17,2022-03-18,0.3,Tidak lebat <50 mm,0,0.0,4.2,4.7,8.299999999999972,10.700000000000056,0.016257454,0,0.09,weight_1_3
2022-03-18,2022-03-19,0.0,Tidak lebat <50 mm,0,0.3,4.5,4.8,8.599999999999971,11.000000000000057,0.016667776,0,0.09,weight_1_3
2022-03-19,2022-03-20,0.0,Tidak lebat <50 mm,0,0.0,0.3,4.5,4.999999999999972,11.000000000000057,0.015127525,0,0.09,weight_1_3
2022-03-20,2022-03-21,0.9,Tidak lebat <50 mm,0,0.0,0.3,4.5,4.799999999999971,8.600000000000056,0.013668491,0,0.09,weight_1_3
2022-03-21,2022-03-22,1.7,Tidak lebat <50 mm,0,0.9,0.9,1.2,5.399999999999972,9.500000000000057,0.013894177,0,0.09,weight_1_3
2022-03-22,2022-03-23,0.0,Tidak lebat <50 mm,0,1.7,2.6,2.9,7.099999999999971,7.600000000000056,0.013866119,0,0.09,weight_1_3
2022-03-23,2022-03-24,1.5,Tidak lebat <50 mm,0,0.0,2.6,2.6,2.8999999999999715,7.400000000000057,0.012766817,0,0.09,weight_1_3
2022-03-24,2022-03-25,0.0,Tidak lebat <50 mm,0,1.5,3.2,4.1,4.399999999999972,8.600000000000056,0.014372734,0,0.09,weight_1_3
2022-03-25,2022-03-26,0.0,Tidak lebat <50 mm,0,0.0,1.4999999999999998,4.1,4.099999999999971,8.600000000000056,0.013722029,0,0.09,weight_1_3
2022-03-26,2022-03-27,4.7,Tidak lebat <50 mm,0,0.0,1.4999999999999998,3.2,4.099999999999971,4.400000000000057,0.011374744,0,0.09,weight_1_3
2022-03-27,2022-03-28,13.7,Tidak lebat <50 mm,0,4.7,4.7,6.2,8.799999999999972,9.100000000000056,0.016726522,0,0.09,weight_1_3
2022-03-28,2022-03-29,0.0,Tidak lebat <50 mm,0,13.7,18.4,19.9,21.599999999999973,22.500000000000057,0.03235944,0,0.09,weight_1_3
2022-03-29,2022-03-30,0.0,Tidak lebat <50 mm,0,0.0,18.4,18.4,19.89999999999997,22.500000000000057,0.027630057,0,0.09,weight_1_3
2022-03-30,2022-03-31,0.0,Tidak lebat <50 mm,0,0.0,13.7,18.4,19.89999999999997,22.500000000000057,0.027228808,0,0.09,weight_1_3
2022-03-31,2022-04-01,0.0,Tidak lebat <50 mm,0,0.0,0.0,18.4,18.39999999999997,21.60000000000006,0.023315584,0,0.09,weight_1_3
2022-04-01,2022-04-02,0.0,Tidak lebat <50 mm,0,0.0,0.0,13.7,18.39999999999997,19.900000000000052,0.021967344,0,0.09,weight_1_3
2022-04-02,2022-04-03,0.0,Tidak lebat <50 mm,0,0.0,0.0,0.0,18.39999999999997,19.900000000000052,0.018396156,0,0.09,weight_1_3
2022-04-03,2022-04-04,0.0,Tidak lebat <50 mm,0,0.0,0.0,0.0,13.69999999999997,18.400000000000052,0.017553471,0,0.09,weight_1_3
2022-04-04,2022-04-05,0.0,Tidak lebat <50 mm,0,0.0,0.0,0.0,0.0,18.400000000000052,0.015048339,0,0.09,weight_1_3
2022-04-05,2022-04-06,0.0,Tidak lebat <50 mm,0,0.0,0.0,0.0,0.0,18.400000000000052,0.015048339,0,0.09,weight_1_3
2022-04-06,2022-04-07,0.0,Tidak lebat <50 mm,0,0.0,0.0,0.0,0.0,13.700000000000056,0.014433764,0,0.09,weight_1_3
2022-04-07,2022-04-08,0.0,Tidak lebat <50 mm,0,0.0,0.0,0.0,0.0,0.0,0.008412858,0,0.09,weight_1_3
2022-04-08,2022-04-09,0.0,Tidak lebat <50 mm,0,0.0,0.0,0.0,0.0,0.0,0.008412858,0,0.09,weight_1_3
2022-04-09,2022-04-10,0.8,Tidak lebat <50 mm,0,0.0,0.0,0.0,0.0,0.0,0.008412858,0,0.09,weight_1_3
2022-04-10,2022-04-11,18.0,Tidak lebat <50 mm,0,0.8,0.8,0.8,0.7999999999999716,0.8000000000000569,0.009075824,0,0.09,weight_1_3
2022-04-11,2022-04-12,0.2,Tidak lebat <50 mm,0,18.0,18.8,18.8,18.79999999999997,18.800000000000058,0.030350845,0,0.09,weight_1_3
2022-04-12,2022-04-13,1.7,Tidak lebat <50 mm,0,0.2,19.0,19.0,18.99999999999997,19.000000000000057,0.026942223,0,0.09,weight_1_3
2022-04-13,2022-04-14,24.1,Tidak lebat <50 mm,0,1.7,19.9,20.7,20.69999999999997,20.700000000000056,0.028694665,0,0.09,weight_1_3
2022-04-14,2022-04-15,0.0,Tidak lebat <50 mm,0,24.1,26.0,44.8,44.79999999999997,44.80000000000005,0.0482828,0,0.09,weight_1_3
2022-04-15,2022-04-16,0.0,Tidak lebat <50 mm,0,0.0,25.8,44.0,44.79999999999997,44.80000000000005,0.038704522,0,0.09,weight_1_3
2022-04-16,2022-04-17,0.0,Tidak lebat <50 mm,0,0.0,24.1,26.0,44.79999999999997,44.80000000000005,0.03925302,0,0.09,weight_1_3
2022-04-17,2022-04-18,22.2,Tidak lebat <50 mm,0,0.0,0.0,25.8,43.99999999999997,44.80000000000005,0.032526538,0,0.09,weight_1_3
2022-04-18,2022-04-19,0.0,Tidak lebat <50 mm,0,22.2,22.2,46.3,48.19999999999997,67.00000000000006,0.050156344,0,0.09,weight_1_3
2022-04-19,2022-04-20,1.8,Tidak lebat <50 mm,0,0.0,22.2,22.2,47.99999999999997,67.00000000000006,0.039829623,0,0.09,weight_1_3
2022-04-20,2022-04-21,1.2,Tidak lebat <50 mm,0,1.8,24.0,24.0,48.09999999999997,68.00000000000006,0.0405009,0,0.09,weight_1_3
2022-04-21,2022-04-22,1.4,Tidak lebat <50 mm,0,1.2,3.0,25.2,25.19999999999997,51.20000000000006,0.033829987,0,0.09,weight_1_3
2022-04-22,2022-04-23,3.0,Tidak lebat <50 mm,0,1.4,4.4,26.6,26.59999999999997,52.400000000000055,0.03538261,0,0.09,weight_1_3
2022-04-23,2022-04-24,2.4,Tidak lebat <50 mm,0,3.0,5.6,7.4,29.59999999999997,53.70000000000005,0.031242482,0,0.09,weight_1_3
2022-04-24,2022-04-25,0.0,Tidak lebat <50 mm,0,2.4,6.8,9.8,31.99999999999997,32.00000000000006,0.028919276,0,0.09,weight_1_3
2022-04-25,2022-04-26,0.0,Tidak lebat <50 mm,0,0.0,5.4,7.999999999999999,9.799999999999972,32.00000000000006,0.022299252,0,0.09,weight_1_3
2022-04-26,2022-04-27,0.0,Tidak lebat <50 mm,0,0.0,2.4,6.8,9.799999999999972,32.00000000000006,0.02144006,0,0.09,weight_1_3
2022-04-27,2022-04-28,99.8,Lebat 50-100 mm,1,0.0,0.0,5.4,7.999999999999972,32.00000000000006,0.019864485,0,0.09,weight_1_3
2022-04-28,2022-04-29,7.9,Tidak lebat <50 mm,0,99.8,99.8,102.2,106.59999999999997,109.60000000000004,0.16486892,1,0.09,weight_1_3
2022-04-29,2022-04-30,0.0,Tidak lebat <50 mm,0,7.9,107.7,107.7,113.09999999999997,117.50000000000006,0.045508355,0,0.09,weight_1_3
2022-04-30,2022-05-01,1.0,Tidak lebat <50 mm,0,0.0,107.7,107.7,110.09999999999997,115.70000000000006,0.024073105,0,0.09,weight_1_3
2022-05-01,2022-05-02,1.0,Tidak lebat <50 mm,0,1.0,8.9,108.7,108.69999999999996,115.50000000000006,0.01745393,0,0.09,weight_1_3
2022-05-02,2022-05-03,0.0,Tidak lebat <50 mm,0,1.0,2.0,109.7,109.69999999999996,115.10000000000004,0.010131937,0,0.09,weight_1_3
2022-05-03,2022-05-04,1.0,Tidak lebat <50 mm,0,0.0,2.0,9.9,109.69999999999996,112.10000000000004,0.011470085,0,0.09,weight_1_3
2022-05-04,2022-05-05,7.5,Tidak lebat <50 mm,0,1.0,2.0,3.0,110.69999999999996,110.70000000000006,0.007664522,0,0.09,weight_1_3
2022-05-05,2022-05-06,0.0,Tidak lebat <50 mm,0,7.5,8.5,10.5,18.39999999999997,118.20000000000006,0.019975549,0,0.09,weight_1_3
2022-05-06,2022-05-07,0.0,Tidak lebat <50 mm,0,0.0,8.5,9.5,10.499999999999972,118.20000000000006,0.012191336,0,0.09,weight_1_3
2022-05-07,2022-05-08,46.0,Tidak lebat <50 mm,0,0.0,7.5,8.5,10.499999999999972,118.20000000000006,0.01191975,0,0.09,weight_1_3
2022-05-08,2022-05-09,0.0,Tidak lebat <50 mm,0,46.0,46.0,54.5,55.49999999999997,64.40000000000006,0.067758374,0,0.09,weight_1_3
2022-05-09,2022-05-10,1.1,Tidak lebat <50 mm,0,0.0,46.0,53.5,54.49999999999997,56.50000000000006,0.025971524,0,0.09,weight_1_3
2022-05-10,2022-05-11,0.4,Tidak lebat <50 mm,0,1.1,47.1,47.1,55.59999999999997,57.60000000000006,0.028284151,0,0.09,weight_1_3
2022-05-11,2022-05-12,3.0,Tidak lebat <50 mm,0,0.4,1.5,47.5,54.99999999999997,57.00000000000006,0.025666483,0,0.09,weight_1_3
2022-05-12,2022-05-13,0.0,Tidak lebat <50 mm,0,3.0,4.5,50.5,50.49999999999997,59.00000000000006,0.032950282,0,0.09,weight_1_3
2022-05-13,2022-05-14,0.0,Tidak lebat <50 mm,0,0.0,3.4,4.5,50.49999999999997,59.00000000000006,0.025099084,0,0.09,weight_1_3
2022-05-14,2022-05-15,0.0,Tidak lebat <50 mm,0,0.0,3.0,4.5,50.49999999999997,58.00000000000006,0.0250683,0,0.09,weight_1_3
2022-05-15,2022-05-16,0.0,Tidak lebat <50 mm,0,0.0,0.0,3.4,4.499999999999972,50.50000000000006,0.01850228,0,0.09,weight_1_3
2022-05-16,2022-05-17,0.7,Tidak lebat <50 mm,0,0.0,0.0,3.0,4.499999999999972,50.50000000000006,0.0184045,0,0.09,weight_1_3
2022-05-17,2022-05-18,12.7,Tidak lebat <50 mm,0,0.7,0.7,0.7,4.099999999999971,51.20000000000006,0.017688403,0,0.09,weight_1_3
2022-05-18,2022-05-19,15.8,Tidak lebat <50 mm,0,12.7,13.4,13.4,16.39999999999997,17.900000000000055,0.027038725,0,0.09,weight_1_3
2022-05-19,2022-05-20,18.4,Tidak lebat <50 mm,0,15.8,29.2,29.2,29.19999999999997,33.70000000000006,0.03932231,0,0.09,weight_1_3
2022-05-20,2022-05-21,14.7,Tidak lebat <50 mm,0,18.4,46.9,47.6,47.599999999999966,51.00000000000006,0.04650736,0,0.09,weight_1_3
2022-05-21,2022-05-22,0.0,Tidak lebat <50 mm,0,14.7,48.900000000000006,62.3,62.29999999999997,65.30000000000005,0.045327652,0,0.09,weight_1_3
2022-05-22,2022-05-23,0.0,Tidak lebat <50 mm,0,0.0,33.099999999999994,61.6,62.29999999999997,62.30000000000005,0.033001572,0,0.09,weight_1_3
2022-05-23,2022-05-24,0.7,Tidak lebat <50 mm,0,0.0,14.7,48.9,62.29999999999997,62.30000000000005,0.038902443,0,0.09,weight_1_3
2022-05-24,2022-05-25,0.0,Tidak lebat <50 mm,0,0.7,0.7,33.8,62.29999999999997,63.00000000000006,0.030196512,0,0.09,weight_1_3
2022-05-25,2022-05-26,0.0,Tidak lebat <50 mm,0,0.0,0.7,15.4,49.59999999999997,63.00000000000006,0.032902334,0,0.09,weight_1_3
2022-05-26,2022-05-27,0.0,Tidak lebat <50 mm,0,0.0,0.7,0.7,33.79999999999997,63.00000000000006,0.022294605,0,0.09,weight_1_3
2022-05-27,2022-05-28,28.6,Tidak lebat <50 mm,0,0.0,0.0,0.7,15.39999999999997,62.30000000000005,0.023374816,0,0.09,weight_1_3
2022-05-28,2022-05-29,16.9,Tidak lebat <50 mm,0,28.6,28.6,29.3,29.29999999999997,78.20000000000006,0.04914433,0,0.09,weight_1_3
2022-05-29,2022-05-30,2.8,Tidak lebat <50 mm,0,16.9,45.5,45.5,46.19999999999997,79.30000000000005,0.045587793,0,0.09,weight_1_3
2022-05-30,2022-05-31,19.3,Tidak lebat <50 mm,0,2.8,48.3,48.3,48.99999999999997,63.70000000000005,0.03189522,0,0.09,weight_1_3
2022-05-31,2022-06-01,26.5,Tidak lebat <50 mm,0,19.3,39.0,67.6,67.59999999999997,68.30000000000005,0.049584005,0,0.09,weight_1_3
2022-06-01,2022-06-02,0.0,Tidak lebat <50 mm,0,26.5,48.6,94.1,94.09999999999997,94.80000000000004,0.06562775,0,0.09,weight_1_3
2022-06-02,2022-06-03,0.0,Tidak lebat <50 mm,0,0.0,45.8,65.5,94.09999999999997,94.80000000000004,0.028854733,0,0.09,weight_1_3
2022-06-03,2022-06-04,0.0,Tidak lebat <50 mm,0,0.0,26.5,48.6,94.09999999999997,94.10000000000004,0.038537633,0,0.09,weight_1_3
2022-06-04,2022-06-05,0.0,Tidak lebat <50 mm,0,0.0,0.0,45.8,65.49999999999997,94.10000000000004,0.022871058,0,0.09,weight_1_3
2022-06-05,2022-06-06,0.0,Tidak lebat <50 mm,0,0.0,0.0,26.5,48.599999999999966,94.10000000000004,0.032675724,0,0.09,weight_1_3
2022-06-06,2022-06-07,0.0,Tidak lebat <50 mm,0,0.0,0.0,0.0,45.79999999999997,94.10000000000004,0.017561646,0,0.09,weight_1_3
2022-06-07,2022-06-08,3.0,Tidak lebat <50 mm,0,0.0,0.0,0.0,26.49999999999997,65.50000000000006,0.022683263,0,0.09,weight_1_3
2022-06-08,2022-06-09,0.0,Tidak lebat <50 mm,0,3.0,3.0,3.0,2.999999999999972,51.60000000000005,0.018274968,0,0.09,weight_1_3
2022-06-09,2022-06-10,5.0,Tidak lebat <50 mm,0,0.0,3.0,3.0,2.999999999999972,48.80000000000005,0.017832829,0,0.09,weight_1_3
2022-06-10,2022-06-11,12.1,Tidak lebat <50 mm,0,5.0,8.0,8.0,7.999999999999972,34.50000000000006,0.0244321,0,0.09,weight_1_3
2022-06-11,2022-06-12,1.0,Tidak lebat <50 mm,0,12.1,17.1,20.1,20.099999999999973,20.10000000000006,0.031122673,0,0.09,weight_1_3
2022-06-12,2022-06-13,18.2,Tidak lebat <50 mm,0,1.0,18.1,21.1,21.099999999999973,21.10000000000006,0.02880088,0,0.09,weight_1_3
2022-06-13,2022-06-14,4.8,Tidak lebat <50 mm,0,18.2,31.3,36.3,39.29999999999997,39.30000000000005,0.04355823,0,0.09,weight_1_3
2022-06-14,2022-06-15,7.3,Tidak lebat <50 mm,0,4.8,24.0,41.1,44.099999999999966,44.10000000000005,0.0411687,0,0.09,weight_1_3
2022-06-15,2022-06-16,5.6,Tidak lebat <50 mm,0,7.3,30.3,43.4,48.39999999999997,51.400000000000055,0.042646226,0,0.09,weight_1_3
2022-06-16,2022-06-17,1.8,Tidak lebat <50 mm,0,5.6,17.699999999999996,36.89999999999999,53.99999999999997,57.00000000000006,0.043636724,0,0.09,weight_1_3
2022-06-17,2022-06-18,2.3,Tidak lebat <50 mm,0,1.8,14.699999999999996,37.7,50.79999999999997,58.80000000000005,0.04126084,0,0.09,weight_1_3
2022-06-18,2022-06-19,0.0,Tidak lebat <50 mm,0,2.3,9.699999999999996,21.8,40.999999999999964,58.10000000000005,0.0389112,0,0.09,weight_1_3
2022-06-19,2022-06-20,0.0,Tidak lebat <50 mm,0,0.0,4.099999999999996,17.0,39.999999999999964,58.10000000000005,0.034019973,0,0.09,weight_1_3
2022-06-20,2022-06-21,0.0,Tidak lebat <50 mm,0,0.0,2.2999999999999963,9.7,21.79999999999997,53.10000000000005,0.027804682,0,0.09,weight_1_3
2022-06-21,2022-06-22,4.9,Tidak lebat <50 mm,0,0.0,0.0,4.1,16.99999999999997,41.00000000000005,0.022568937,0,0.09,weight_1_3
2022-06-22,2022-06-23,0.0,Tidak lebat <50 mm,0,4.9,4.899999999999997,7.2,14.599999999999971,44.90000000000005,0.026732162,0,0.09,weight_1_3
2022-06-23,2022-06-24,0.0,Tidak lebat <50 mm,0,0.0,4.899999999999997,4.9,8.999999999999972,26.700000000000056,0.020275824,0,0.09,weight_1_3
2022-06-24,2022-06-25,0.5,Tidak lebat <50 mm,0,0.0,4.899999999999997,4.9,7.199999999999972,21.900000000000052,0.01915983,0,0.09,weight_1_3
2022-06-25,2022-06-26,0.0,Tidak lebat <50 mm,0,0.5,0.4999999999999964,5.4,5.399999999999972,15.100000000000056,0.017203493,0,0.09,weight_1_3
2022-06-26,2022-06-27,5.3,Tidak lebat <50 mm,0,0.0,0.4999999999999964,5.4,5.399999999999972,9.500000000000057,0.014492577,0,0.09,weight_1_3
2022-06-27,2022-06-28,16.3,Tidak lebat <50 mm,0,5.3,5.799999999999996,5.8,10.69999999999997,13.000000000000057,0.020200534,0,0.09,weight_1_3
2022-06-28,2022-06-29,0.0,Tidak lebat <50 mm,0,16.3,21.6,22.1,26.99999999999997,27.000000000000057,0.035812054,0,0.09,weight_1_3
2022-06-29,2022-06-30,0.0,Tidak lebat <50 mm,0,0.0,21.6,22.1,22.099999999999973,27.000000000000057,0.0305842,0,0.09,weight_1_3
2022-06-30,2022-07-01,0.0,Tidak lebat <50 mm,0,0.0,16.299999999999997,21.6,22.099999999999973,27.000000000000057,0.030006638,0,0.09,weight_1_3
2022-07-01,2022-07-02,0.0,Tidak lebat <50 mm,0,0.0,0.0,21.6,22.099999999999973,27.000000000000057,0.025889577,0,0.09,weight_1_3
2022-07-02,2022-07-03,3.0,Tidak lebat <50 mm,0,0.0,0.0,16.3,21.599999999999973,22.10000000000006,0.023545593,0,0.09,weight_1_3
2022-07-03,2022-07-04,2.4,Tidak lebat <50 mm,0,3.0,2.9999999999999964,3.0,24.599999999999973,25.10000000000006,0.022813788,0,0.09,weight_1_3
2022-07-04,2022-07-05,0.0,Tidak lebat <50 mm,0,2.4,5.399999999999997,5.4,21.69999999999997,27.500000000000057,0.024189595,0,0.09,weight_1_3
2022-07-05,2022-07-06,1.5,Tidak lebat <50 mm,0,0.0,5.399999999999997,5.4,5.399999999999972,27.000000000000057,0.01955772,0,0.09,weight_1_3
2022-07-06,2022-07-07,0.0,Tidak lebat <50 mm,0,1.5,3.899999999999997,6.9,6.899999999999972,28.500000000000057,0.021003535,0,0.09,weight_1_3
2022-07-07,2022-07-08,0.0,Tidak lebat <50 mm,0,0.0,1.4999999999999964,6.9,6.899999999999972,23.200000000000056,0.019159041,0,0.09,weight_1_3
2022-07-08,2022-07-09,0.0,Tidak lebat <50 mm,0,0.0,1.4999999999999964,3.9,6.899999999999972,6.900000000000057,0.013160072,0,0.09,weight_1_3
2022-07-09,2022-07-10,0.0,Tidak lebat <50 mm,0,0.0,0.0,1.5,6.899999999999972,6.900000000000057,0.012422925,0,0.09,weight_1_3
2022-07-10,2022-07-11,0.0,Tidak lebat <50 mm,0,0.0,0.0,1.5,3.899999999999972,6.900000000000057,0.012043932,0,0.09,weight_1_3
2022-07-11,2022-07-12,0.0,Tidak lebat <50 mm,0,0.0,0.0,0.0,1.4999999999999716,6.900000000000057,0.011426928,0,0.09,weight_1_3
2022-07-12,2022-07-13,0.0,Tidak lebat <50 mm,0,0.0,0.0,0.0,1.4999999999999716,6.900000000000057,0.011426928,0,0.09,weight_1_3
2022-07-13,2022-07-14,0.1,Tidak lebat <50 mm,0,0.0,0.0,0.0,0.0,3.9000000000000568,0.009907088,0,0.09,weight_1_3
2022-07-14,2022-07-15,0.0,Tidak lebat <50 mm,0,0.1,0.0999999999999964,0.1,0.0999999999999715,1.600000000000057,0.009054647,0,0.09,weight_1_3
2022-07-15,2022-07-16,26.7,Tidak lebat <50 mm,0,0.0,0.0999999999999964,0.1,0.0999999999999715,1.600000000000057,0.009042771,0,0.09,weight_1_3
2022-07-16,2022-07-17,3.1,Tidak lebat <50 mm,0,26.7,26.8,26.8,26.79999999999997,26.800000000000058,0.037457086,0,0.09,weight_1_3
2022-07-17,2022-07-18,0.0,Tidak lebat <50 mm,0,3.1,29.8,29.9,29.899999999999974,29.90000000000006,0.03498367,0,0.09,weight_1_3
2022-07-18,2022-07-19,0.0,Tidak lebat <50 mm,0,0.0,29.8,29.9,29.899999999999974,29.90000000000006,0.031923834,0,0.09,weight_1_3
2022-07-19,2022-07-20,0.0,Tidak lebat <50 mm,0,0.0,3.0999999999999965,29.8,29.899999999999974,29.90000000000006,0.031472854,0,0.09,weight_1_3
2022-07-20,2022-07-21,0.0,Tidak lebat <50 mm,0,0.0,0.0,29.8,29.899999999999974,29.90000000000006,0.027912771,0,0.09,weight_1_3
2022-07-21,2022-07-22,0.0,Tidak lebat <50 mm,0,0.0,0.0,3.1,29.79999999999997,29.90000000000006,0.022821452,0,0.09,weight_1_3
2022-07-22,2022-07-23,0.0,Tidak lebat <50 mm,0,0.0,0.0,0.0,29.79999999999997,29.90000000000006,0.019869814,0,0.09,weight_1_3
2022-07-23,2022-07-24,0.0,Tidak lebat <50 mm,0,0.0,0.0,0.0,3.099999999999972,29.90000000000006,0.017001988,0,0.09,weight_1_3
2022-07-24,2022-07-25,0.0,Tidak lebat <50 mm,0,0.0,0.0,0.0,0.0,29.800000000000058,0.015338139,0,0.09,weight_1_3
2022-07-25,2022-07-26,6.3,Tidak lebat <50 mm,0,0.0,0.0,0.0,0.0,29.800000000000058,0.015338139,0,0.09,weight_1_3
2022-07-26,2022-07-27,0.0,Tidak lebat <50 mm,0,6.3,6.299999999999996,6.3,6.299999999999971,9.400000000000055,0.016972663,0,0.09,weight_1_3
2022-07-27,2022-07-28,0.0,Tidak lebat <50 mm,0,0.0,6.299999999999996,6.3,6.299999999999971,6.3000000000000576,0.01364782,0,0.09,weight_1_3
2022-07-28,2022-07-29,0.0,Tidak lebat <50 mm,0,0.0,6.299999999999996,6.3,6.299999999999971,6.3000000000000576,0.01364782,0,0.09,weight_1_3
2022-07-29,2022-07-30,0.0,Tidak lebat <50 mm,0,0.0,0.0,6.3,6.299999999999971,6.3000000000000576,0.012824709,0,0.09,weight_1_3
2022-07-30,2022-07-31,0.0,Tidak lebat <50 mm,0,0.0,0.0,6.3,6.299999999999971,6.3000000000000576,0.012824709,0,0.09,weight_1_3
2022-07-31,2022-08-01,0.0,Tidak lebat <50 mm,0,0.0,0.0,0.0,6.299999999999971,6.3000000000000576,0.011744153,0,0.09,weight_1_3
2022-08-01,2022-08-02,0.0,Tidak lebat <50 mm,0,0.0,0.0,0.0,6.299999999999971,6.3000000000000576,0.011744153,0,0.09,weight_1_3
2022-08-02,2022-08-03,0.0,Tidak lebat <50 mm,0,0.0,0.0,0.0,0.0,6.3000000000000576,0.010939895,0,0.09,weight_1_3
2022-08-03,2022-08-04,7.8,Tidak lebat <50 mm,0,0.0,0.0,0.0,0.0,6.3000000000000576,0.010939895,0,0.09,weight_1_3
2022-08-04,2022-08-05,0.5,Tidak lebat <50 mm,0,7.8,7.799999999999996,7.8,7.799999999999971,14.100000000000058,0.021116525,0,0.09,weight_1_3
2022-08-05,2022-08-06,2.0,Tidak lebat <50 mm,0,0.5,8.299999999999997,8.3,8.299999999999972,8.300000000000058,0.015937824,0,0.09,weight_1_3
2022-08-06,2022-08-07,0.0,Tidak lebat <50 mm,0,2.0,10.299999999999995,10.3,10.299999999999972,10.300000000000058,0.018922815,0,0.09,weight_1_3
2022-08-07,2022-08-08,0.0,Tidak lebat <50 mm,0,0.0,2.4999999999999964,10.3,10.299999999999972,10.300000000000058,0.017105484,0,0.09,weight_1_3
2022-08-08,2022-08-09,0.0,Tidak lebat <50 mm,0,0.0,1.9999999999999964,10.3,10.299999999999972,10.300000000000058,0.016990047,0,0.09,weight_1_3
2022-08-09,2022-08-10,0.0,Tidak lebat <50 mm,0,0.0,0.0,2.5,10.299999999999972,10.300000000000058,0.015031986,0,0.09,weight_1_3
2022-08-10,2022-08-11,0.0,Tidak lebat <50 mm,0,0.0,0.0,2.0,10.299999999999972,10.300000000000058,0.0149180405,0,0.09,weight_1_3
2022-08-11,2022-08-12,10.0,Tidak lebat <50 mm,0,0.0,0.0,0.0,2.499999999999972,10.300000000000058,0.013300906,0,0.09,weight_1_3
2022-08-12,2022-08-13,0.0,Tidak lebat <50 mm,0,10.0,9.999999999999996,10.0,11.999999999999972,20.300000000000058,0.024836343,0,0.09,weight_1_3
2022-08-13,2022-08-14,0.0,Tidak lebat <50 mm,0,0.0,9.999999999999996,10.0,9.999999999999972,20.300000000000058,0.021598233,0,0.09,weight_1_3
2022-08-14,2022-08-15,0.0,Tidak lebat <50 mm,0,0.0,9.999999999999996,10.0,9.999999999999972,12.500000000000057,0.019774111,0,0.09,weight_1_3
2022-08-15,2022-08-16,8.1,Tidak lebat <50 mm,0,0.0,0.0,10.0,9.999999999999972,12.000000000000057,0.017550718,0,0.09,weight_1_3
2022-08-16,2022-08-17,2.5,Tidak lebat <50 mm,0,8.1,8.099999999999996,18.1,18.099999999999973,18.10000000000006,0.02721969,0,0.09,weight_1_3
2022-08-17,2022-08-18,40.6,Tidak lebat <50 mm,0,2.5,10.599999999999996,10.6,20.599999999999973,20.60000000000006,0.025270902,0,0.09,weight_1_3
2022-08-18,2022-08-19,0.0,Tidak lebat <50 mm,0,40.6,51.2,51.2,61.19999999999997,61.20000000000006,0.0614854,0,0.09,weight_1_3
2022-08-19,2022-08-20,0.0,Tidak lebat <50 mm,0,0.0,43.1,51.2,51.19999999999997,61.20000000000006,0.02780463,0,0.09,weight_1_3
2022-08-20,2022-08-21,0.0,Tidak lebat <50 mm,0,0.0,40.6,51.2,51.19999999999997,61.20000000000006,0.029378334,0,0.09,weight_1_3
2022-08-21,2022-08-22,24.0,Tidak lebat <50 mm,0,0.0,0.0,43.1,51.19999999999997,61.20000000000006,0.025452547,0,0.09,weight_1_3
2022-08-22,2022-08-23,0.0,Tidak lebat <50 mm,0,24.0,23.999999999999996,64.6,75.19999999999997,75.20000000000006,0.052887682,0,0.09,weight_1_3
2022-08-23,2022-08-24,0.0,Tidak lebat <50 mm,0,0.0,23.999999999999996,24.0,67.09999999999998,75.20000000000006,0.04233808,0,0.09,weight_1_3
2022-08-24,2022-08-25,0.0,Tidak lebat <50 mm,0,0.0,23.999999999999996,24.0,64.59999999999998,75.20000000000006,0.042457398,0,0.09,weight_1_3
2022-08-25,2022-08-26,0.0,Tidak lebat <50 mm,0,0.0,0.0,24.0,23.99999999999997,75.20000000000006,0.033705104,0,0.09,weight_1_3
2022-08-26,2022-08-27,0.0,Tidak lebat <50 mm,0,0.0,0.0,24.0,23.99999999999997,67.10000000000007,0.032505706,0,0.09,weight_1_3
2022-08-27,2022-08-28,0.0,Tidak lebat <50 mm,0,0.0,0.0,0.0,23.99999999999997,64.60000000000007,0.023418091,0,0.09,weight_1_3
2022-08-28,2022-08-29,5.2,Tidak lebat <50 mm,0,0.0,0.0,0.0,23.99999999999997,24.000000000000057,0.019545289,0,0.09,weight_1_3
2022-08-29,2022-08-30,0.4,Tidak lebat <50 mm,0,5.2,5.199999999999993,5.2,5.199999999999972,29.200000000000056,0.02119953,0,0.09,weight_1_3
2022-08-30,2022-08-31,0.0,Tidak lebat <50 mm,0,0.4,5.599999999999993,5.6000000000000005,5.599999999999972,29.60000000000006,0.020214137,0,0.09,weight_1_3
2022-08-31,2022-09-01,0.0,Tidak lebat <50 mm,0,0.0,5.599999999999993,5.6000000000000005,5.599999999999972,29.60000000000006,0.020050004,0,0.09,weight_1_3
2022-09-01,2022-09-02,0.9,Tidak lebat <50 mm,0,0.0,0.3999999999999929,5.6000000000000005,5.599999999999972,5.600000000000057,0.012335961,0,0.09,weight_1_3
2022-09-02,2022-09-03,0.8,Tidak lebat <50 mm,0,0.9,0.8999999999999929,6.5,6.499999999999972,6.500000000000057,0.013339856,0,0.09,weight_1_3
2022-09-03,2022-09-04,0.0,Tidak lebat <50 mm,0,0.8,1.699999999999993,2.1,7.299999999999972,7.3000000000000576,0.013230077,0,0.09,weight_1_3
2022-09-04,2022-09-05,0.0,Tidak lebat <50 mm,0,0.0,1.699999999999993,1.7000000000000002,7.299999999999972,7.3000000000000576,0.013006182,0,0.09,weight_1_3
2022-09-05,2022-09-06,4.0,Tidak lebat <50 mm,0,0.0,0.7999999999999929,1.7000000000000002,2.099999999999972,7.3000000000000576,0.012140569,0,0.09,weight_1_3
2022-09-06,2022-09-07,1.0,Tidak lebat <50 mm,0,4.0,3.999999999999993,5.7,5.699999999999972,11.300000000000058,0.017316088,0,0.09,weight_1_3
2022-09-07,2022-09-08,7.0,Tidak lebat <50 mm,0,1.0,4.999999999999993,5.8,6.699999999999972,12.300000000000058,0.017762925,0,0.09,weight_1_3
2022-09-08,2022-09-09,1.3,Tidak lebat <50 mm,0,7.0,11.999999999999991,12.0,13.69999999999997,14.100000000000058,0.024506621,0,0.09,weight_1_3
2022-09-09,2022-09-10,1.1,Tidak lebat <50 mm,0,1.3,9.299999999999994,13.3,14.099999999999971,15.000000000000057,0.022842357,0,0.09,weight_1_3
2022-09-10,2022-09-11,0.0,Tidak lebat <50 mm,0,1.1,9.399999999999991,14.4,14.399999999999972,16.10000000000006,0.023388622,0,0.09,weight_1_3
2022-09-11,2022-09-12,0.8,Tidak lebat <50 mm,0,0.0,2.399999999999993,10.4,14.39999999999997,16.10000000000006,0.020689934,0,0.09,weight_1_3
2022-09-12,2022-09-13,0.0,Tidak lebat <50 mm,0,0.8,1.899999999999993,10.2,15.19999999999997,16.000000000000057,0.020800393,0,0.09,weight_1_3
2022-09-13,2022-09-14,0.0,Tidak lebat <50 mm,0,0.0,0.7999999999999929,3.2,11.19999999999997,15.200000000000058,0.01783363,0,0.09,weight_1_3
2022-09-14,2022-09-15,0.0,Tidak lebat <50 mm,0,0.0,0.7999999999999929,1.9,10.19999999999997,15.200000000000058,0.017308194,0,0.09,weight_1_3
2022-09-15,2022-09-16,0.0,Tidak lebat <50 mm,0,0.0,0.0,0.8,3.199999999999972,15.200000000000058,0.015497877,0,0.09,weight_1_3
2022-09-16,2022-09-17,0.0,Tidak lebat <50 mm,0,0.0,0.0,0.8,1.899999999999972,11.200000000000058,0.013889969,0,0.09,weight_1_3
2022-09-17,2022-09-18,0.0,Tidak lebat <50 mm,0,0.0,0.0,0.0,0.7999999999999716,10.200000000000058,0.012986712,0,0.09,weight_1_3
2022-09-18,2022-09-19,0.0,Tidak lebat <50 mm,0,0.0,0.0,0.0,0.7999999999999716,3.200000000000058,0.009727387,0,0.09,weight_1_3
2022-09-19,2022-09-20,0.0,Tidak lebat <50 mm,0,0.0,0.0,0.0,0.0,1.9000000000000576,0.009120603,0,0.09,weight_1_3
2022-09-20,2022-09-21,0.0,Tidak lebat <50 mm,0,0.0,0.0,0.0,0.0,0.8000000000000578,0.008705176,0,0.09,weight_1_3
2022-09-21,2022-09-22,9.0,Tidak lebat <50 mm,0,0.0,0.0,0.0,0.0,0.8000000000000578,0.008705176,0,0.09,weight_1_3
2022-09-22,2022-09-23,8.0,Tidak lebat <50 mm,0,9.0,8.999999999999993,9.0,8.999999999999972,9.000000000000057,0.018537749,0,0.09,weight_1_3
2022-09-23,2022-09-24,19.6,Tidak lebat <50 mm,0,8.0,16.999999999999993,17.0,16.99999999999997,17.000000000000057,0.028318444,0,0.09,weight_1_3
2022-09-24,2022-09-25,0.0,Tidak lebat <50 mm,0,19.6,36.6,36.6,36.59999999999997,36.60000000000006,0.042188194,0,0.09,weight_1_3
2022-09-25,2022-09-26,0.0,Tidak lebat <50 mm,0,0.0,27.599999999999994,36.6,36.59999999999997,36.60000000000006,0.03607961,0,0.09,weight_1_3
2022-09-26,2022-09-27,3.1,Tidak lebat <50 mm,0,0.0,19.599999999999994,36.6,36.59999999999997,36.60000000000006,0.036273606,0,0.09,weight_1_3
2022-09-27,2022-09-28,0.0,Tidak lebat <50 mm,0,3.1,3.099999999999993,30.700000000000003,39.69999999999997,39.70000000000006,0.036961682,0,0.09,weight_1_3
2022-09-28,2022-09-29,0.0,Tidak lebat <50 mm,0,0.0,3.099999999999993,22.700000000000003,39.69999999999997,39.70000000000006,0.03322388,0,0.09,weight_1_3
2022-09-29,2022-09-30,0.0,Tidak lebat <50 mm,0,0.0,3.099999999999993,3.1,30.69999999999997,39.70000000000006,0.025810568,0,0.09,weight_1_3
2022-09-30,2022-10-01,0.0,Tidak lebat <50 mm,0,0.0,0.0,3.1,22.69999999999997,39.70000000000006,0.023173135,0,0.09,weight_1_3
2022-10-01,2022-10-02,21.2,Tidak lebat <50 mm,0,0.0,0.0,3.1,3.099999999999972,39.70000000000006,0.017828086,0,0.09,weight_1_3
2022-10-02,2022-10-03,0.0,Tidak lebat <50 mm,0,21.2,21.199999999999992,21.2,24.29999999999997,51.90000000000006,0.0407971,0,0.09,weight_1_3
2022-10-03,2022-10-04,0.0,Tidak lebat <50 mm,0,0.0,21.199999999999992,21.2,24.29999999999997,43.90000000000006,0.03478324,0,0.09,weight_1_3
2022-10-04,2022-10-05,30.0,Tidak lebat <50 mm,0,0.0,21.199999999999992,21.2,21.19999999999997,24.300000000000058,0.029492358,0,0.09,weight_1_3
2022-10-05,2022-10-06,68.5,Lebat 50-100 mm,1,30.0,29.999999999999996,51.2,51.19999999999997,54.30000000000005,0.053705852,0,0.09,weight_1_3
2022-10-06,2022-10-07,20.4,Tidak lebat <50 mm,0,68.5,98.5,119.7,119.69999999999996,122.80000000000004,0.17131446,1,0.09,weight_1_3
2022-10-07,2022-10-08,1.1,Tidak lebat <50 mm,0,20.4,118.9,118.9,140.09999999999997,140.10000000000005,0.11594514,1,0.09,weight_1_3
2022-10-08,2022-10-09,0.0,Tidak lebat <50 mm,0,1.1,90.0,120.0,141.19999999999996,141.20000000000005,0.04211794,0,0.09,weight_1_3
2022-10-09,2022-10-10,3.8,Tidak lebat <50 mm,0,0.0,21.5,120.0,119.99999999999996,141.20000000000005,0.042405687,0,0.09,weight_1_3
2022-10-10,2022-10-11,0.0,Tidak lebat <50 mm,0,3.8,4.9,93.8,123.79999999999995,145.00000000000006,0.021265835,0,0.09,weight_1_3
2022-10-11,2022-10-12,0.0,Tidak lebat <50 mm,0,0.0,3.8,25.3,123.79999999999995,145.00000000000006,0.027983384,0,0.09,weight_1_3
2022-10-12,2022-10-13,0.0,Tidak lebat <50 mm,0,0.0,3.8,4.9,93.79999999999995,123.80000000000004,0.012801921,0,0.09,weight_1_3
2022-10-13,2022-10-14,0.1,Tidak lebat <50 mm,0,0.0,0.0,3.8,25.29999999999997,123.80000000000004,0.018106822,0,0.09,weight_1_3
2022-10-14,2022-10-15,0.0,Tidak lebat <50 mm,0,0.1,0.1,3.9,4.999999999999972,123.90000000000003,0.0072299154,0,0.09,weight_1_3
2022-10-15,2022-10-16,0.0,Tidak lebat <50 mm,0,0.0,0.1,0.1,3.899999999999972,93.90000000000003,0.00951985,0,0.09,weight_1_3
2022-10-16,2022-10-17,0.0,Tidak lebat <50 mm,0,0.0,0.1,0.1,3.899999999999972,25.400000000000052,0.016684469,0,0.09,weight_1_3
2022-10-17,2022-10-18,0.0,Tidak lebat <50 mm,0,0.0,0.0,0.1,0.0999999999999715,5.000000000000057,0.0103969565,0,0.09,weight_1_3
2022-10-18,2022-10-19,0.0,Tidak lebat <50 mm,0,0.0,0.0,0.1,0.0999999999999715,3.9000000000000568,0.009934862,0,0.09,weight_1_3
2022-10-19,2022-10-20,0.0,Tidak lebat <50 mm,0,0.0,0.0,0.0,0.0999999999999715,3.9000000000000568,0.0099203,0,0.09,weight_1_3
2022-10-20,2022-10-21,0.0,Tidak lebat <50 mm,0,0.0,0.0,0.0,0.0999999999999715,0.1000000000000568,0.008458818,0,0.09,weight_1_3
2022-10-21,2022-10-22,0.0,Tidak lebat <50 mm,0,0.0,0.0,0.0,0.0,0.1000000000000568,0.008448858,0,0.09,weight_1_3
2022-10-22,2022-10-23,1.7,Tidak lebat <50 mm,0,0.0,0.0,0.0,0.0,0.1000000000000568,0.008448858,0,0.09,weight_1_3
2022-10-23,2022-10-24,0.0,Tidak lebat <50 mm,0,1.7,1.7,1.7,1.6999999999999715,1.8000000000000569,0.009925898,0,0.09,weight_1_3
2022-10-24,2022-10-25,2.3,Tidak lebat <50 mm,0,0.0,1.7,1.7,1.6999999999999715,1.7000000000000568,0.009666163,0,0.09,weight_1_3
2022-10-25,2022-10-26,50.8,Lebat 50-100 mm,1,2.3,4.0,4.0,3.999999999999972,4.000000000000057,0.012013779,0,0.09,weight_1_3
2022-10-26,2022-10-27,0.5,Tidak lebat <50 mm,0,50.8,53.1,54.8,54.79999999999997,54.80000000000005,0.06932495,0,0.09,weight_1_3
2022-10-27,2022-10-28,0.0,Tidak lebat <50 mm,0,0.5,53.6,55.3,55.29999999999997,55.30000000000005,0.023110043,0,0.09,weight_1_3
2022-10-28,2022-10-29,0.0,Tidak lebat <50 mm,0,0.0,51.3,53.6,55.29999999999997,55.30000000000005,0.023220751,0,0.09,weight_1_3
2022-10-29,2022-10-30,0.0,Tidak lebat <50 mm,0,0.0,0.5,53.6,55.29999999999997,55.30000000000005,0.020225123,0,0.09,weight_1_3
2022-10-30,2022-10-31,0.0,Tidak lebat <50 mm,0,0.0,0.0,51.3,53.599999999999966,55.30000000000005,0.02062297,0,0.09,weight_1_3
2022-10-31,2022-11-01,0.0,Tidak lebat <50 mm,0,0.0,0.0,0.5,53.599999999999966,55.30000000000005,0.017528983,0,0.09,weight_1_3
2022-11-01,2022-11-02,0.0,Tidak lebat <50 mm,0,0.0,0.0,0.0,51.29999999999997,55.30000000000005,0.017678471,0,0.09,weight_1_3
2022-11-02,2022-11-03,0.0,Tidak lebat <50 mm,0,0.0,0.0,0.0,0.4999999999999716,53.60000000000005,0.014031432,0,0.09,weight_1_3
2022-11-03,2022-11-04,7.5,Tidak lebat <50 mm,0,0.0,0.0,0.0,0.0,53.60000000000005,0.013660033,0,0.09,weight_1_3
2022-11-04,2022-11-05,1.6,Tidak lebat <50 mm,0,7.5,7.5,7.5,7.499999999999972,58.80000000000005,0.024955217,0,0.09,weight_1_3
2022-11-05,2022-11-06,24.1,Tidak lebat <50 mm,0,1.6,9.1,9.1,9.099999999999971,9.600000000000056,0.017630978,0,0.09,weight_1_3
2022-11-06,2022-11-07,0.0,Tidak lebat <50 mm,0,24.1,33.2,33.2,33.199999999999974,33.20000000000006,0.041246116,0,0.09,weight_1_3
2022-11-07,2022-11-08,0.1,Tidak lebat <50 mm,0,0.0,25.700000000000003,33.2,33.199999999999974,33.20000000000006,0.03616139,0,0.09,weight_1_3
2022-11-08,2022-11-09,10.4,Tidak lebat <50 mm,0,0.1,24.200000000000003,33.300000000000004,33.299999999999976,33.30000000000006,0.036344234,0,0.09,weight_1_3
2022-11-09,2022-11-10,2.0,Tidak lebat <50 mm,0,10.4,10.5,36.2,43.69999999999997,43.70000000000006,0.044469148,0,0.09,weight_1_3
2022-11-10,2022-11-11,0.0,Tidak lebat <50 mm,0,2.0,12.5,36.6,45.69999999999997,45.70000000000006,0.04007718,0,0.09,weight_1_3
2022-11-11,2022-11-12,10.7,Tidak lebat <50 mm,0,0.0,12.4,12.5,38.19999999999997,45.70000000000006,0.03368292,0,0.09,weight_1_3
2022-11-12,2022-11-13,0.0,Tidak lebat <50 mm,0,10.7,12.7,23.2,47.29999999999997,56.40000000000006,0.043190517,0,0.09,weight_1_3
2022-11-13,2022-11-14,40.0,Tidak lebat <50 mm,0,0.0,10.7,23.1,23.19999999999997,56.40000000000006,0.034745704,0,0.09,weight_1_3
2022-11-14,2022-11-15,0.0,Tidak lebat <50 mm,0,40.0,50.7,52.7,63.19999999999997,88.90000000000006,0.061045792,0,0.09,weight_1_3
2022-11-15,2022-11-16,0.0,Tidak lebat <50 mm,0,0.0,40.0,50.7,63.09999999999997,87.30000000000007,0.029361833,0,0.09,weight_1_3
2022-11-16,2022-11-17,38.0,Tidak lebat <50 mm,0,0.0,40.0,50.7,52.69999999999997,63.20000000000006,0.029798435,0,0.09,weight_1_3
2022-11-17,2022-11-18,18.2,Tidak lebat <50 mm,0,38.0,38.0,78.0,88.69999999999997,101.20000000000006,0.07060162,0,0.09,weight_1_3
2022-11-18,2022-11-19,0.1,Tidak lebat <50 mm,0,18.2,56.2,96.2,106.89999999999998,119.30000000000008,0.070403054,0,0.09,weight_1_3
2022-11-19,2022-11-20,0.0,Tidak lebat <50 mm,0,0.1,56.3,56.3,96.29999999999995,109.00000000000006,0.026385002,0,0.09,weight_1_3
2022-11-20,2022-11-21,2.0,Tidak lebat <50 mm,0,0.0,18.3,56.3,96.29999999999995,107.00000000000006,0.039197203,0,0.09,weight_1_3
2022-11-21,2022-11-22,0.0,Tidak lebat <50 mm,0,2.0,2.1,58.3,58.29999999999997,109.00000000000006,0.025149819,0,0.09,weight_1_3
2022-11-22,2022-11-23,0.0,Tidak lebat <50 mm,0,0.0,2.0,20.3,58.29999999999997,98.30000000000004,0.03375261,0,0.09,weight_1_3
2022-11-23,2022-11-24,1.6,Tidak lebat <50 mm,0,0.0,2.0,2.1,58.29999999999997,98.30000000000004,0.017534418,0,0.09,weight_1_3
2022-11-24,2022-11-25,0.1,Tidak lebat <50 mm,0,1.6,1.6,3.6,21.89999999999997,59.900000000000055,0.026288392,0,0.09,weight_1_3
2022-11-25,2022-11-26,0.1,Tidak lebat <50 mm,0,0.1,1.7000000000000002,3.7,3.799999999999972,60.00000000000006,0.01690635,0,0.09,weight_1_3
2022-11-26,2022-11-27,0.0,Tidak lebat <50 mm,0,0.1,1.8,1.8,3.799999999999972,60.10000000000006,0.016407195,0,0.09,weight_1_3
2022-11-27,2022-11-28,0.0,Tidak lebat <50 mm,0,0.0,0.2,1.8,3.799999999999972,22.10000000000005,0.016756514,0,0.09,weight_1_3
2022-11-28,2022-11-29,0.2,Tidak lebat <50 mm,0,0.0,0.1,1.8,1.7999999999999716,3.900000000000057,0.010425731,0,0.09,weight_1_3
2022-11-29,2022-11-30,0.0,Tidak lebat <50 mm,0,0.2,0.2,0.4,1.999999999999972,4.000000000000057,0.010316311,0,0.09,weight_1_3
2022-11-30,2022-12-01,0.0,Tidak lebat <50 mm,0,0.0,0.2,0.3,1.999999999999972,4.000000000000057,0.010272249,0,0.09,weight_1_3
2022-12-01,2022-12-02,0.0,Tidak lebat <50 mm,0,0.0,0.2,0.2,0.3999999999999716,2.000000000000057,0.009256168,0,0.09,weight_1_3
2022-12-02,2022-12-03,0.0,Tidak lebat <50 mm,0,0.0,0.0,0.2,0.2999999999999716,2.000000000000057,0.0092221005,0,0.09,weight_1_3
2022-12-03,2022-12-04,0.0,Tidak lebat <50 mm,0,0.0,0.0,0.2,0.1999999999999716,2.000000000000057,0.009209888,0,0.09,weight_1_3
2022-12-04,2022-12-05,0.0,Tidak lebat <50 mm,0,0.0,0.0,0.0,0.1999999999999716,0.4000000000000568,0.008577972,0,0.09,weight_1_3
2022-12-05,2022-12-06,0.0,Tidak lebat <50 mm,0,0.0,0.0,0.0,0.1999999999999716,0.3000000000000569,0.008541426,0,0.09,weight_1_3
2022-12-06,2022-12-07,0.0,Tidak lebat <50 mm,0,0.0,0.0,0.0,0.0,0.2000000000000568,0.008485014,0,0.09,weight_1_3
2022-12-07,2022-12-08,24.7,Tidak lebat <50 mm,0,0.0,0.0,0.0,0.0,0.2000000000000568,0.008485014,0,0.09,weight_1_3
2022-12-08,2022-12-09,0.0,Tidak lebat <50 mm,0,24.7,24.7,24.7,24.69999999999997,24.900000000000052,0.035616916,0,0.09,weight_1_3
2022-12-09,2022-12-10,3.8,Tidak lebat <50 mm,0,0.0,24.7,24.7,24.69999999999997,24.700000000000056,0.031303342,0,0.09,weight_1_3
2022-12-10,2022-12-11,0.0,Tidak lebat <50 mm,0,3.8,28.5,28.5,28.49999999999997,28.500000000000057,0.03442768,0,0.09,weight_1_3
2022-12-11,2022-12-12,18.3,Tidak lebat <50 mm,0,0.0,3.8,28.5,28.49999999999997,28.500000000000057,0.030546969,0,0.09,weight_1_3
2022-12-12,2022-12-13,2.0,Tidak lebat <50 mm,0,18.3,22.1,46.8,46.79999999999997,46.80000000000005,0.047089346,0,0.09,weight_1_3
2022-12-13,2022-12-14,0.1,Tidak lebat <50 mm,0,2.0,20.3,24.1,48.79999999999997,48.80000000000005,0.039795373,0,0.09,weight_1_3
2022-12-14,2022-12-15,0.0,Tidak lebat <50 mm,0,0.1,20.4,24.200000000000003,48.89999999999997,48.900000000000055,0.039036203,0,0.09,weight_1_3
2022-12-15,2022-12-16,0.0,Tidak lebat <50 mm,0,0.0,2.1,20.4,24.19999999999997,48.900000000000055,0.031137314,0,0.09,weight_1_3
2022-12-16,2022-12-17,0.0,Tidak lebat <50 mm,0,0.0,0.1,20.4,24.19999999999997,48.900000000000055,0.030198775,0,0.09,weight_1_3
2022-12-17,2022-12-18,0.0,Tidak lebat <50 mm,0,0.0,0.0,2.1,20.399999999999974,48.900000000000055,0.02363678,0,0.09,weight_1_3
2022-12-18,2022-12-19,0.0,Tidak lebat <50 mm,0,0.0,0.0,0.1,20.399999999999974,24.20000000000006,0.019405162,0,0.09,weight_1_3
2022-12-19,2022-12-20,0.6,Tidak lebat <50 mm,0,0.0,0.0,0.0,2.099999999999972,24.20000000000006,0.016123861,0,0.09,weight_1_3
2022-12-20,2022-12-21,0.6,Tidak lebat <50 mm,0,0.6,0.6,0.6,0.6999999999999715,21.000000000000057,0.015859695,0,0.09,weight_1_3
2022-12-21,2022-12-22,3.5,Tidak lebat <50 mm,0,0.6,1.2,1.2,1.1999999999999715,21.60000000000006,0.016304053,0,0.09,weight_1_3
2022-12-22,2022-12-23,2.0,Tidak lebat <50 mm,0,3.5,4.7,4.7,4.699999999999972,6.800000000000057,0.014075235,0,0.09,weight_1_3
2022-12-23,2022-12-24,0.0,Tidak lebat <50 mm,0,2.0,6.1000000000000005,6.7,6.699999999999972,6.800000000000057,0.014650873,0,0.09,weight_1_3
2022-12-24,2022-12-25,8.0,Tidak lebat <50 mm,0,0.0,5.5,6.7,6.699999999999972,6.700000000000057,0.013975626,0,0.09,weight_1_3
2022-12-25,2022-12-26,12.4,Tidak lebat <50 mm,0,8.0,10.0,14.1,14.69999999999997,14.700000000000056,0.025179131,0,0.09,weight_1_3
2022-12-26,2022-12-27,21.1,Tidak lebat <50 mm,0,12.4,20.4,25.9,27.099999999999973,27.10000000000006,0.03657445,0,0.09,weight_1_3
2022-12-27,2022-12-28,5.5,Tidak lebat <50 mm,0,21.1,41.5,43.5,47.59999999999997,48.20000000000006,0.046785038,0,0.09,weight_1_3
2022-12-28,2022-12-29,36.5,Tidak lebat <50 mm,0,5.5,39.0,47.0,52.49999999999997,53.70000000000006,0.040820766,0,0.09,weight_1_3
2022-12-29,2022-12-30,2.8,Tidak lebat <50 mm,0,36.5,63.1,83.5,85.49999999999997,90.20000000000006,0.07709876,0,0.09,weight_1_3
2022-12-30,2022-12-31,10.6,Tidak lebat <50 mm,0,2.8,44.8,78.3,86.29999999999997,92.40000000000006,0.03646998,0,0.09,weight_1_3
2022-12-31,2023-01-01,6.8,Tidak lebat <50 mm,0,10.6,49.9,76.5,96.89999999999998,102.40000000000006,0.050286133,0,0.09,weight_1_3
2023-01-01,2023-01-02,2.2,Tidak lebat <50 mm,0,6.8,20.2,62.2,95.69999999999996,105.70000000000006,0.047389522,0,0.09,weight_1_3
2023-01-02,2023-01-03,0.3,Tidak lebat <50 mm,0,2.2,19.6,58.9,85.49999999999997,105.90000000000006,0.043382302,0,0.09,weight_1_3
2023-01-03,2023-01-04,3.6,Tidak lebat <50 mm,0,0.3,9.3,22.7,64.69999999999997,106.20000000000006,0.038552232,0,0.09,weight_1_3
2023-01-04,2023-01-05,8.2,Tidak lebat <50 mm,0,3.6,6.1,23.5,62.79999999999997,101.80000000000004,0.039132155,0,0.09,weight_1_3
2023-01-05,2023-01-06,1.7,Tidak lebat <50 mm,0,8.2,12.099999999999998,21.1,34.49999999999997,97.60000000000008,0.043043304,0,0.09,weight_1_3
2023-01-06,2023-01-07,0.0,Tidak lebat <50 mm,0,1.7,13.499999999999996,15.999999999999998,33.39999999999997,78.20000000000006,0.036137383,0,0.09,weight_1_3
2023-01-07,2023-01-08,6.9,Tidak lebat <50 mm,0,0.0,9.899999999999997,13.8,22.79999999999997,72.70000000000006,0.032161463,0,0.09,weight_1_3
2023-01-08,2023-01-09,1.0,Tidak lebat <50 mm,0,6.9,8.599999999999998,20.4,22.89999999999997,43.10000000000006,0.03482944,0,0.09,weight_1_3
2023-01-09,2023-01-10,0.0,Tidak lebat <50 mm,0,1.0,7.899999999999999,17.8,21.69999999999997,41.30000000000006,0.030581558,0,0.09,weight_1_3
2023-01-10,2023-01-11,0.0,Tidak lebat <50 mm,0,0.0,7.899999999999999,9.6,21.39999999999997,30.700000000000056,0.025433984,0,0.09,weight_1_3
2023-01-11,2023-01-12,0.0,Tidak lebat <50 mm,0,0.0,0.9999999999999982,7.9,17.799999999999972,23.900000000000052,0.021582916,0,0.09,weight_1_3
2023-01-12,2023-01-13,0.0,Tidak lebat <50 mm,0,0.0,0.0,7.9,9.599999999999971,21.700000000000056,0.019333674,0,0.09,weight_1_3
2023-01-13,2023-01-14,1.0,Tidak lebat <50 mm,0,0.0,0.0,1.0,7.899999999999972,21.400000000000052,0.017293317,0,0.09,weight_1_3
2023-01-14,2023-01-15,0.0,Tidak lebat <50 mm,0,1.0,0.9999999999999982,1.0,8.899999999999972,18.800000000000058,0.017608818,0,0.09,weight_1_3
2023-01-15,2023-01-16,0.0,Tidak lebat <50 mm,0,0.0,0.9999999999999982,1.0,1.999999999999972,10.600000000000058,0.013782854,0,0.09,weight_1_3
2023-01-16,2023-01-17,0.8,Tidak lebat <50 mm,0,0.0,0.9999999999999982,1.0,0.9999999999999716,8.900000000000059,0.012681715,0,0.09,weight_1_3
2023-01-17,2023-01-18,4.1,Tidak lebat <50 mm,0,0.8,0.7999999999999983,1.8,1.7999999999999716,9.700000000000058,0.0135095185,0,0.09,weight_1_3
2023-01-18,2023-01-19,4.2,Tidak lebat <50 mm,0,4.1,4.899999999999998,5.9,5.899999999999971,6.900000000000056,0.014666162,0,0.09,weight_1_3
2023-01-19,2023-01-20,1.0,Tidak lebat <50 mm,0,4.2,9.099999999999998,9.1,10.099999999999971,10.100000000000056,0.019140787,0,0.09,weight_1_3
2023-01-20,2023-01-21,1.0,Tidak lebat <50 mm,0,1.0,9.299999999999995,10.1,11.099999999999971,11.100000000000056,0.019195806,0,0.09,weight_1_3
2023-01-21,2023-01-22,4.5,Tidak lebat <50 mm,0,1.0,6.199999999999998,11.1,11.099999999999971,12.100000000000056,0.01979208,0,0.09,weight_1_3
2023-01-22,2023-01-23,7.5,Tidak lebat <50 mm,0,4.5,6.499999999999998,14.8,15.599999999999971,16.60000000000006,0.02449527,0,0.09,weight_1_3
2023-01-23,2023-01-24,4.4,Tidak lebat <50 mm,0,7.5,12.999999999999998,18.2,23.099999999999973,24.10000000000006,0.031619336,0,0.09,weight_1_3
2023-01-24,2023-01-25,16.0,Tidak lebat <50 mm,0,4.4,16.4,18.4,26.69999999999997,27.500000000000057,0.032645065,0,0.09,weight_1_3
2023-01-25,2023-01-26,1.0,Tidak lebat <50 mm,0,16.0,27.9,33.4,38.59999999999997,43.50000000000006,0.04466317,0,0.09,weight_1_3
2023-01-26,2023-01-27,5.0,Tidak lebat <50 mm,0,1.0,21.4,33.4,35.39999999999997,44.50000000000006,0.039787337,0,0.09,weight_1_3
2023-01-27,2023-01-28,55.8,Lebat 50-100 mm,1,5.0,22.0,33.9,39.39999999999997,48.70000000000006,0.04331323,0,0.09,weight_1_3
2023-01-28,2023-01-29,11.2,Tidak lebat <50 mm,0,55.8,61.8,82.19999999999999,94.19999999999996,100.40000000000006,0.10445328,1,0.09,weight_1_3
2023-01-29,2023-01-30,0.0,Tidak lebat <50 mm,0,11.2,72.0,88.99999999999999,100.89999999999996,107.40000000000003,0.06172939,0,0.09,weight_1_3
2023-01-30,2023-01-31,0.5,Tidak lebat <50 mm,0,0.0,67.0,72.99999999999999,93.39999999999996,106.40000000000003,0.025172533,0,0.09,weight_1_3
2023-01-31,2023-02-01,8.6,Tidak lebat <50 mm,0,0.5,11.7,72.49999999999999,89.49999999999997,105.90000000000003,0.032917436,0,0.09,weight_1_3
2023-02-01,2023-02-02,2.5,Tidak lebat <50 mm,0,8.6,9.1,76.1,82.09999999999998,110.00000000000006,0.032605562,0,0.09,weight_1_3
2023-02-02,2023-02-03,35.2,Tidak lebat <50 mm,0,2.5,11.6,22.8,83.59999999999997,105.00000000000006,0.04053983,0,0.09,weight_1_3
2023-02-03,2023-02-04,0.0,Tidak lebat <50 mm,0,35.2,46.3,46.8,113.79999999999995,135.80000000000004,0.07812302,0,0.09,weight_1_3
2023-02-04,2023-02-05,0.0,Tidak lebat <50 mm,0,0.0,37.7,46.8,57.99999999999997,119.80000000000004,0.036758676,0,0.09,weight_1_3
2023-02-05,2023-02-06,0.0,Tidak lebat <50 mm,0,0.0,35.2,46.3,46.79999999999997,118.80000000000004,0.03879693,0,0.09,weight_1_3
2023-02-06,2023-02-07,0.0,Tidak lebat <50 mm,0,0.0,0.0,37.7,46.79999999999997,113.80000000000004,0.03229479,0,0.09,weight_1_3
2023-02-07,2023-02-08,0.8,Tidak lebat <50 mm,0,0.0,0.0,35.2,46.29999999999997,58.00000000000006,0.030429784,0,0.09,weight_1_3
2023-02-08,2023-02-09,0.0,Tidak lebat <50 mm,0,0.8,0.8,0.7999999999999929,38.49999999999997,47.60000000000005,0.022822505,0,0.09,weight_1_3
2023-02-09,2023-02-10,7.4,Tidak lebat <50 mm,0,0.0,0.8,0.7999999999999929,35.99999999999997,47.60000000000005,0.023033585,0,0.09,weight_1_3
2023-02-10,2023-02-11,2.2,Tidak lebat <50 mm,0,7.4,8.200000000000001,8.199999999999994,8.19999999999997,54.50000000000006,0.026846845,0,0.09,weight_1_3
2023-02-11,2023-02-12,81.9,Lebat 50-100 mm,1,2.2,9.6,10.399999999999991,10.399999999999972,48.10000000000006,0.027342163,0,0.09,weight_1_3
2023-02-12,2023-02-13,6.6,Tidak lebat <50 mm,0,81.9,91.5,92.3,92.29999999999998,127.50000000000006,0.15729262,1,0.09,weight_1_3
2023-02-13,2023-02-14,0.0,Tidak lebat <50 mm,0,6.6,90.7,98.1,98.89999999999998,98.90000000000003,0.03711234,0,0.09,weight_1_3
2023-02-14,2023-02-15,3.2,Tidak lebat <50 mm,0,0.0,88.5,98.1,98.89999999999998,98.90000000000003,0.02215607,0,0.09,weight_1_3
2023-02-15,2023-02-16,5.8,Tidak lebat <50 mm,0,3.2,9.8,93.9,101.29999999999998,102.10000000000004,0.022335157,0,0.09,weight_1_3
2023-02-16,2023-02-17,9.7,Tidak lebat <50 mm,0,5.8,9.0,97.5,107.09999999999998,107.90000000000003,0.022156639,0,0.09,weight_1_3
2023-02-17,2023-02-18,0.4,Tidak lebat <50 mm,0,9.7,18.7,25.299999999999983,109.39999999999998,117.60000000000004,0.041365206,0,0.09,weight_1_3
2023-02-18,2023-02-19,0.0,Tidak lebat <50 mm,0,0.4,15.9,19.099999999999984,107.59999999999998,117.20000000000006,0.026262676,0,0.09,weight_1_3
2023-02-19,2023-02-20,0.0,Tidak lebat <50 mm,0,0.0,10.1,19.099999999999987,25.69999999999997,117.20000000000006,0.030067319,0,0.09,weight_1_3
2023-02-20,2023-02-21,6.8,Tidak lebat <50 mm,0,0.0,0.4,15.899999999999984,19.099999999999973,109.80000000000004,0.020866977,0,0.09,weight_1_3
2023-02-21,2023-02-22,31.8,Tidak lebat <50 mm,0,6.8,6.8,16.899999999999984,25.899999999999974,114.40000000000003,0.032243017,0,0.09,weight_1_3
2023-02-22,2023-02-23,2.9,Tidak lebat <50 mm,0,31.8,38.6,38.99999999999999,54.49999999999997,64.30000000000004,0.05151294,0,0.09,weight_1_3
2023-02-23,2023-02-24,32.8,Tidak lebat <50 mm,0,2.9,41.5,41.49999999999999,51.59999999999997,60.60000000000005,0.037748855,0,0.09,weight_1_3
2023-02-24,2023-02-25,5.5,Tidak lebat <50 mm,0,32.8,67.5,74.29999999999998,74.69999999999996,93.40000000000003,0.06671402,0,0.09,weight_1_3
2023-02-25,2023-02-26,22.1,Tidak lebat <50 mm,0,5.5,41.2,79.79999999999998,79.79999999999998,95.70000000000005,0.042218104,0,0.09,weight_1_3
2023-02-26,2023-02-27,42.1,Tidak lebat <50 mm,0,22.1,60.4,95.1,101.89999999999998,112.00000000000004,0.072594866,0,0.09,weight_1_3
2023-02-27,2023-02-28,2.6,Tidak lebat <50 mm,0,42.1,69.7,105.39999999999998,143.99999999999997,144.40000000000003,0.12669368,1,0.09,weight_1_3
2023-02-28,2023-03-01,4.0,Tidak lebat <50 mm,0,2.6,66.8,105.09999999999998,139.79999999999995,146.60000000000002,0.045684926,0,0.09,weight_1_3
2023-03-01,2023-03-02,47.9,Tidak lebat <50 mm,0,4.0,48.7,76.29999999999998,111.99999999999996,150.60000000000002,0.055103835,0,0.09,weight_1_3
2023-03-02,2023-03-03,11.0,Tidak lebat <50 mm,0,47.9,54.5,118.7,156.99999999999997,198.50000000000003,0.15289539,1,0.09,weight_1_3
2023-03-03,2023-03-04,0.0,Tidak lebat <50 mm,0,11.0,62.9,107.6,135.2,202.70000000000005,0.10135745,1,0.09,weight_1_3
2023-03-04,2023-03-05,0.7,Tidak lebat <50 mm,0,0.0,58.9,65.5,129.7,170.90000000000003,0.03953554,0,0.09,weight_1_3
2023-03-05,2023-03-06,0.5,Tidak lebat <50 mm,0,0.7,11.7,63.59999999999999,108.29999999999995,168.70000000000005,0.05017544,0,0.09,weight_1_3
2023-03-06,2023-03-07,0.0,Tidak lebat <50 mm,0,0.5,1.2,60.09999999999999,66.69999999999996,136.40000000000006,0.023796596,0,0.09,weight_1_3
2023-03-07,2023-03-08,11.0,Tidak lebat <50 mm,0,0.0,1.2,12.199999999999983,64.09999999999997,130.90000000000006,0.029671375,0,0.09,weight_1_3
2023-03-08,2023-03-09,43.0,Tidak lebat <50 mm,0,11.0,11.5,12.199999999999983,71.09999999999997,119.80000000000004,0.034889504,0,0.09,weight_1_3
2023-03-09,2023-03-10,1.0,Tidak lebat <50 mm,0,43.0,54.0,55.19999999999999,66.19999999999996,120.70000000000005,0.07935931,0,0.09,weight_1_3
2023-03-10,2023-03-11,63.0,Lebat 50-100 mm,1,1.0,55.0,55.49999999999999,56.19999999999997,119.10000000000004,0.02820591,0,0.09,weight_1_3
2023-03-11,2023-03-12,10.8,Tidak lebat <50 mm,0,63.0,107.0,118.0,119.19999999999996,178.10000000000002,0.18301295,1,0.09,weight_1_3
2023-03-12,2023-03-13,0.0,Tidak lebat <50 mm,0,10.8,74.8,128.79999999999998,129.29999999999995,141.00000000000003,0.08676169,0,0.09,weight_1_3
2023-03-13,2023-03-14,11.4,Tidak lebat <50 mm,0,0.0,73.8,117.79999999999998,128.79999999999995,130.00000000000003,0.032888737,0,0.09,weight_1_3
2023-03-14,2023-03-15,68.5,Lebat 50-100 mm,1,11.4,22.200000000000003,86.19999999999999,140.19999999999996,141.40000000000003,0.06621482,0,0.09,weight_1_3
2023-03-15,2023-03-16,0.8,Tidak lebat <50 mm,0,68.5,79.9,153.7,197.7,209.20000000000005,0.1869102,1,0.09,weight_1_3
2023-03-16,2023-03-17,0.0,Tidak lebat <50 mm,0,0.8,80.7,91.5,155.49999999999997,209.50000000000009,0.04800077,0,0.09,weight_1_3
2023-03-17,2023-03-18,0.0,Tidak lebat <50 mm,0,0.0,69.3,80.69999999999999,154.49999999999997,209.50000000000009,0.044900045,0,0.09,weight_1_3
2023-03-18,2023-03-19,0.0,Tidak lebat <50 mm,0,0.0,0.8,80.69999999999999,91.49999999999996,198.50000000000009,0.020103788,0,0.09,weight_1_3
2023-03-19,2023-03-20,0.0,Tidak lebat <50 mm,0,0.0,0.0,69.29999999999998,80.69999999999996,155.50000000000006,0.019330159,0,0.09,weight_1_3
2023-03-20,2023-03-21,0.0,Tidak lebat <50 mm,0,0.0,0.0,0.7999999999999858,80.69999999999996,154.50000000000006,0.012017458,0,0.09,weight_1_3
2023-03-21,2023-03-22,0.0,Tidak lebat <50 mm,0,0.0,0.0,0.0,69.29999999999995,91.50000000000004,0.0118558025,0,0.09,weight_1_3
2023-03-22,2023-03-23,1.8,Tidak lebat <50 mm,0,0.0,0.0,0.0,0.7999999999999574,80.70000000000005,0.0100467615,0,0.09,weight_1_3
2023-03-23,2023-03-24,0.0,Tidak lebat <50 mm,0,1.8,1.8,1.7999999999999858,1.7999999999999574,82.50000000000004,0.011121242,0,0.09,weight_1_3
2023-03-24,2023-03-25,0.0,Tidak lebat <50 mm,0,0.0,1.8,1.7999999999999858,1.7999999999999574,71.10000000000004,0.01279889,0,0.09,weight_1_3
2023-03-25,2023-03-26,0.0,Tidak lebat <50 mm,0,0.0,1.8,1.7999999999999858,1.7999999999999574,2.6000000000000427,0.010083541,0,0.09,weight_1_3
2023-03-26,2023-03-27,0.0,Tidak lebat <50 mm,0,0.0,0.0,1.7999999999999858,1.7999999999999574,1.800000000000043,0.009519365,0,0.09,weight_1_3
2023-03-27,2023-03-28,1.1,Tidak lebat <50 mm,0,0.0,0.0,1.7999999999999858,1.7999999999999574,1.800000000000043,0.009519365,0,0.09,weight_1_3
2023-03-28,2023-03-29,0.0,Tidak lebat <50 mm,0,1.1,1.1,1.099999999999986,2.8999999999999577,2.900000000000043,0.010284365,0,0.09,weight_1_3
2023-03-29,2023-03-30,0.0,Tidak lebat <50 mm,0,0.0,1.1,1.099999999999986,2.8999999999999577,2.900000000000043,0.010137401,0,0.09,weight_1_3
2023-03-30,2023-03-31,0.0,Tidak lebat <50 mm,0,0.0,1.1,1.099999999999986,1.0999999999999577,2.900000000000043,0.009938469,0,0.09,weight_1_3
2023-03-31,2023-04-01,24.0,Tidak lebat <50 mm,0,0.0,0.0,1.099999999999986,1.0999999999999577,2.900000000000043,0.009802316,0,0.09,weight_1_3
2023-04-01,2023-04-02,17.7,Tidak lebat <50 mm,0,24.0,24.0,25.099999999999987,25.09999999999996,26.90000000000004,0.036343567,0,0.09,weight_1_3
2023-04-02,2023-04-03,0.0,Tidak lebat <50 mm,0,17.7,41.7,41.69999999999999,42.79999999999996,42.80000000000004,0.0440145,0,0.09,weight_1_3
2023-04-03,2023-04-04,0.0,Tidak lebat <50 mm,0,0.0,41.7,41.69999999999999,42.79999999999996,42.80000000000004,0.027680375,0,0.09,weight_1_3
2023-04-04,2023-04-05,0.3,Tidak lebat <50 mm,0,0.0,17.7,41.69999999999999,41.69999999999996,42.80000000000004,0.037715457,0,0.09,weight_1_3
2023-04-05,2023-04-06,0.0,Tidak lebat <50 mm,0,0.3,0.3,41.99999999999999,41.99999999999996,43.10000000000004,0.025905842,0,0.09,weight_1_3
2023-04-06,2023-04-07,0.0,Tidak lebat <50 mm,0,0.0,0.3,17.999999999999986,41.99999999999996,43.10000000000004,0.031608403,0,0.09,weight_1_3
2023-04-07,2023-04-08,0.0,Tidak lebat <50 mm,0,0.0,0.3,0.2999999999999858,41.99999999999996,42.00000000000004,0.020323731,0,0.09,weight_1_3
2023-04-08,2023-04-09,0.0,Tidak lebat <50 mm,0,0.0,0.0,0.2999999999999858,17.999999999999957,42.00000000000004,0.021537658,0,0.09,weight_1_3
2023-04-09,2023-04-10,10.0,Tidak lebat <50 mm,0,0.0,0.0,0.2999999999999858,0.2999999999999573,42.00000000000004,0.014736518,0,0.09,weight_1_3
2023-04-10,2023-04-11,10.3,Tidak lebat <50 mm,0,10.0,10.0,9.999999999999986,10.299999999999958,52.00000000000004,0.030043423,0,0.09,weight_1_3
2023-04-11,2023-04-12,0.3,Tidak lebat <50 mm,0,10.3,20.3,20.299999999999983,20.59999999999996,38.30000000000004,0.035815675,0,0.09,weight_1_3
2023-04-12,2023-04-13,0.0,Tidak lebat <50 mm,0,0.3,20.6,20.599999999999987,20.59999999999996,20.900000000000045,0.028390119,0,0.09,weight_1_3
2023-04-13,2023-04-14,0.0,Tidak lebat <50 mm,0,0.0,10.6,20.599999999999987,20.59999999999996,20.900000000000045,0.026855057,0,0.09,weight_1_3
2023-04-14,2023-04-15,0.0,Tidak lebat <50 mm,0,0.0,0.3,20.599999999999987,20.59999999999996,20.900000000000045,0.024177104,0,0.09,weight_1_3
2023-04-15,2023-04-16,0.0,Tidak lebat <50 mm,0,0.0,0.0,10.599999999999987,20.59999999999996,20.600000000000044,0.021683658,0,0.09,weight_1_3
2023-04-16,2023-04-17,0.0,Tidak lebat <50 mm,0,0.0,0.0,0.2999999999999858,20.59999999999996,20.600000000000044,0.018893475,0,0.09,weight_1_3
2023-04-17,2023-04-18,0.0,Tidak lebat <50 mm,0,0.0,0.0,0.0,10.59999999999996,20.600000000000044,0.017358469,0,0.09,weight_1_3
2023-04-18,2023-04-19,4.8,Tidak lebat <50 mm,0,0.0,0.0,0.0,0.2999999999999573,20.600000000000044,0.015350962,0,0.09,weight_1_3
2023-04-19,2023-04-20,61.7,Lebat 50-100 mm,1,4.8,4.8,4.799999999999986,4.799999999999957,25.40000000000004,0.020262396,0,0.09,weight_1_3
2023-04-20,2023-04-21,0.0,Tidak lebat <50 mm,0,61.7,66.5,66.49999999999999,66.49999999999996,77.10000000000005,0.08781333,0,0.09,weight_1_3
2023-04-21,2023-04-22,0.0,Tidak lebat <50 mm,0,0.0,66.5,66.49999999999999,66.49999999999996,66.80000000000004,0.020110128,0,0.09,weight_1_3
2023-04-22,2023-04-23,0.0,Tidak lebat <50 mm,0,0.0,61.7,66.49999999999999,66.49999999999996,66.50000000000006,0.020956973,0,0.09,weight_1_3
2023-04-23,2023-04-24,0.0,Tidak lebat <50 mm,0,0.0,0.0,66.49999999999999,66.49999999999996,66.50000000000006,0.014304877,0,0.09,weight_1_3
2023-04-24,2023-04-25,1.0,Tidak lebat <50 mm,0,0.0,0.0,61.69999999999999,66.49999999999996,66.50000000000006,0.015977765,0,0.09,weight_1_3
2023-04-25,2023-04-26,0.0,Tidak lebat <50 mm,0,1.0,1.0,0.9999999999999858,67.49999999999996,67.50000000000006,0.013827825,0,0.09,weight_1_3
2023-04-26,2023-04-27,0.0,Tidak lebat <50 mm,0,0.0,1.0,0.9999999999999858,62.69999999999996,67.50000000000006,0.015122673,0,0.09,weight_1_3
2023-04-27,2023-04-28,0.0,Tidak lebat <50 mm,0,0.0,1.0,0.9999999999999858,0.9999999999999574,67.50000000000006,0.012590685,0,0.09,weight_1_3
2023-04-28,2023-04-29,0.0,Tidak lebat <50 mm,0,0.0,0.0,0.9999999999999858,0.9999999999999574,67.50000000000006,0.012434191,0,0.09,weight_1_3
2023-04-29,2023-04-30,0.0,Tidak lebat <50 mm,0,0.0,0.0,0.9999999999999858,0.9999999999999574,62.700000000000045,0.013208804,0,0.09,weight_1_3
2023-04-30,2023-05-01,0.0,Tidak lebat <50 mm,0,0.0,0.0,0.0,0.9999999999999574,1.0000000000000426,0.008880641,0,0.09,weight_1_3
2023-05-01,2023-05-02,0.0,Tidak lebat <50 mm,0,0.0,0.0,0.0,0.9999999999999574,1.0000000000000426,0.008880641,0,0.09,weight_1_3
2023-05-02,2023-05-03,0.0,Tidak lebat <50 mm,0,0.0,0.0,0.0,0.0,1.0000000000000426,0.008779817,0,0.09,weight_1_3
2023-05-03,2023-05-04,48.3,Tidak lebat <50 mm,0,0.0,0.0,0.0,0.0,1.0000000000000426,0.008779817,0,0.09,weight_1_3
2023-05-04,2023-05-05,0.0,Tidak lebat <50 mm,0,48.3,48.3,48.29999999999998,48.29999999999996,49.30000000000004,0.06492721,0,0.09,weight_1_3
2023-05-05,2023-05-06,12.5,Tidak lebat <50 mm,0,0.0,48.3,48.29999999999998,48.29999999999996,48.30000000000004,0.024431102,0,0.09,weight_1_3
2023-05-06,2023-05-07,0.0,Tidak lebat <50 mm,0,12.5,60.8,60.79999999999998,60.79999999999996,60.80000000000004,0.04387957,0,0.09,weight_1_3
2023-05-07,2023-05-08,0.1,Tidak lebat <50 mm,0,0.0,12.5,60.79999999999998,60.79999999999996,60.80000000000004,0.0371361,0,0.09,weight_1_3
2023-05-08,2023-05-09,0.0,Tidak lebat <50 mm,0,0.1,12.6,60.899999999999984,60.89999999999996,60.90000000000004,0.037307274,0,0.09,weight_1_3
2023-05-09,2023-05-10,0.0,Tidak lebat <50 mm,0,0.0,0.1,12.599999999999984,60.89999999999996,60.90000000000004,0.03097317,0,0.09,weight_1_3
2023-05-10,2023-05-11,0.0,Tidak lebat <50 mm,0,0.0,0.1,12.599999999999984,60.89999999999996,60.90000000000004,0.03097317,0,0.09,weight_1_3
2023-05-11,2023-05-12,0.0,Tidak lebat <50 mm,0,0.0,0.0,0.0999999999999858,12.599999999999955,60.90000000000004,0.022604147,0,0.09,weight_1_3
2023-05-12,2023-05-13,0.0,Tidak lebat <50 mm,0,0.0,0.0,0.0999999999999858,12.599999999999955,60.90000000000004,0.022604147,0,0.09,weight_1_3
2023-05-13,2023-05-14,0.0,Tidak lebat <50 mm,0,0.0,0.0,0.0,0.0999999999999573,60.90000000000004,0.012666553,0,0.09,weight_1_3
2023-05-14,2023-05-15,0.0,Tidak lebat <50 mm,0,0.0,0.0,0.0,0.0999999999999573,12.600000000000042,0.014187404,0,0.09,weight_1_3
2023-05-15,2023-05-16,0.0,Tidak lebat <50 mm,0,0.0,0.0,0.0,0.0,12.600000000000042,0.014167856,0,0.09,weight_1_3
2023-05-16,2023-05-17,0.0,Tidak lebat <50 mm,0,0.0,0.0,0.0,0.0,0.1000000000000426,0.008448858,0,0.09,weight_1_3
2023-05-17,2023-05-18,0.0,Tidak lebat <50 mm,0,0.0,0.0,0.0,0.0,0.1000000000000426,0.008448858,0,0.09,weight_1_3
2023-05-18,2023-05-19,0.0,Tidak lebat <50 mm,0,0.0,0.0,0.0,0.0,0.0,0.008412858,0,0.09,weight_1_3
2023-05-19,2023-05-20,0.0,Tidak lebat <50 mm,0,0.0,0.0,0.0,0.0,0.0,0.008412858,0,0.09,weight_1_3
2023-05-20,2023-05-21,0.0,Tidak lebat <50 mm,0,0.0,0.0,0.0,0.0,0.0,0.008412858,0,0.09,weight_1_3
2023-05-21,2023-05-22,0.0,Tidak lebat <50 mm,0,0.0,0.0,0.0,0.0,0.0,0.008412858,0,0.09,weight_1_3
2023-05-22,2023-05-23,0.0,Tidak lebat <50 mm,0,0.0,0.0,0.0,0.0,0.0,0.008412858,0,0.09,weight_1_3
2023-05-23,2023-05-24,0.0,Tidak lebat <50 mm,0,0.0,0.0,0.0,0.0,0.0,0.008412858,0,0.09,weight_1_3
2023-05-24,2023-05-25,0.0,Tidak lebat <50 mm,0,0.0,0.0,0.0,0.0,0.0,0.008412858,0,0.09,weight_1_3
2023-05-25,2023-05-26,0.0,Tidak lebat <50 mm,0,0.0,0.0,0.0,0.0,0.0,0.008412858,0,0.09,weight_1_3
2023-05-26,2023-05-27,0.9,Tidak lebat <50 mm,0,0.0,0.0,0.0,0.0,0.0,0.008412858,0,0.09,weight_1_3
2023-05-27,2023-05-28,0.0,Tidak lebat <50 mm,0,0.9,0.9,0.8999999999999858,0.8999999999999574,0.9000000000000427,0.009162256,0,0.09,weight_1_3
2023-05-28,2023-05-29,0.0,Tidak lebat <50 mm,0,0.0,0.9,0.8999999999999858,0.8999999999999574,0.9000000000000427,0.009054866,0,0.09,weight_1_3
2023-05-29,2023-05-30,0.0,Tidak lebat <50 mm,0,0.0,0.9,0.8999999999999858,0.8999999999999574,0.9000000000000427,0.009054866,0,0.09,weight_1_3
2023-05-30,2023-05-31,7.3,Tidak lebat <50 mm,0,0.0,0.0,0.8999999999999858,0.8999999999999574,0.9000000000000427,0.008953151,0,0.09,weight_1_3
2023-05-31,2023-06-01,0.0,Tidak lebat <50 mm,0,7.3,7.3,8.199999999999985,8.199999999999957,8.200000000000042,0.0171788,0,0.09,weight_1_3
2023-06-01,2023-06-02,0.0,Tidak lebat <50 mm,0,0.0,7.3,7.299999999999986,8.199999999999957,8.200000000000042,0.015406199,0,0.09,weight_1_3
2023-06-02,2023-06-03,0.0,Tidak lebat <50 mm,0,0.0,7.3,7.299999999999986,8.199999999999957,8.200000000000042,0.015406199,0,0.09,weight_1_3
2023-06-03,2023-06-04,0.0,Tidak lebat <50 mm,0,0.0,0.0,7.299999999999986,7.299999999999957,8.200000000000042,0.014180162,0,0.09,weight_1_3
2023-06-04,2023-06-05,0.0,Tidak lebat <50 mm,0,0.0,0.0,7.299999999999986,7.299999999999957,8.200000000000042,0.014180162,0,0.09,weight_1_3
2023-06-05,2023-06-06,4.1,Tidak lebat <50 mm,0,0.0,0.0,0.0,7.299999999999957,8.200000000000042,0.0128617855,0,0.09,weight_1_3
2023-06-06,2023-06-07,0.0,Tidak lebat <50 mm,0,4.1,4.1,4.099999999999985,11.399999999999956,11.40000000000004,0.01803541,0,0.09,weight_1_3
2023-06-07,2023-06-08,0.8,Tidak lebat <50 mm,0,0.0,4.1,4.099999999999985,4.099999999999957,11.40000000000004,0.015758106,0,0.09,weight_1_3
2023-06-08,2023-06-09,0.0,Tidak lebat <50 mm,0,0.8,4.9,4.899999999999985,4.899999999999957,12.200000000000042,0.016982522,0,0.09,weight_1_3
2023-06-09,2023-06-10,0.0,Tidak lebat <50 mm,0,0.0,0.8,4.899999999999985,4.899999999999957,12.200000000000042,0.01607248,0,0.09,weight_1_3
2023-06-10,2023-06-11,0.4,Tidak lebat <50 mm,0,0.0,0.8,4.899999999999985,4.899999999999957,4.900000000000042,0.011859182,0,0.09,weight_1_3
2023-06-11,2023-06-12,0.0,Tidak lebat <50 mm,0,0.4,0.4,1.199999999999986,5.299999999999957,5.3000000000000425,0.011482705,0,0.09,weight_1_3
2023-06-12,2023-06-13,0.0,Tidak lebat <50 mm,0,0.0,0.4,1.199999999999986,5.299999999999957,5.3000000000000425,0.011422813,0,0.09,weight_1_3
2023-06-13,2023-06-14,0.8,Tidak lebat <50 mm,0,0.0,0.4,0.3999999999999858,1.1999999999999575,5.3000000000000425,0.010783006,0,0.09,weight_1_3
2023-06-14,2023-06-15,1.5,Tidak lebat <50 mm,0,0.8,0.8,1.199999999999986,1.9999999999999571,6.100000000000042,0.011574935,0,0.09,weight_1_3
2023-06-15,2023-06-16,84.2,Lebat 50-100 mm,1,1.5,2.3,2.699999999999986,2.699999999999957,7.600000000000042,0.013064118,0,0.09,weight_1_3
2023-06-16,2023-06-17,10.6,Tidak lebat <50 mm,0,84.2,86.5,86.49999999999999,86.89999999999996,87.70000000000005,0.12681985,1,0.09,weight_1_3
2023-06-17,2023-06-18,0.0,Tidak lebat <50 mm,0,10.6,96.3,97.09999999999998,97.49999999999996,98.30000000000004,0.048710056,0,0.09,weight_1_3
2023-06-18,2023-06-19,3.5,Tidak lebat <50 mm,0,0.0,94.8,97.09999999999998,97.09999999999997,97.50000000000004,0.020922258,0,0.09,weight_1_3
2023-06-19,2023-06-20,1.6,Tidak lebat <50 mm,0,3.5,14.1,99.79999999999998,100.59999999999997,101.00000000000004,0.028358331,0,0.09,weight_1_3
2023-06-20,2023-06-21,7.7,Tidak lebat <50 mm,0,1.6,5.1,99.9,102.19999999999996,102.60000000000004,0.013734508,0,0.09,weight_1_3
2023-06-21,2023-06-22,3.4,Tidak lebat <50 mm,0,7.7,12.8,23.399999999999984,109.09999999999997,109.90000000000003,0.033588096,0,0.09,weight_1_3
2023-06-22,2023-06-23,0.0,Tidak lebat <50 mm,0,3.4,12.7,16.199999999999985,110.99999999999996,113.30000000000004,0.020978576,0,0.09,weight_1_3
2023-06-23,2023-06-24,4.2,Tidak lebat <50 mm,0,0.0,11.1,16.199999999999985,26.79999999999996,113.30000000000004,0.031895027,0,0.09,weight_1_3
2023-06-24,2023-06-25,0.0,Tidak lebat <50 mm,0,4.2,7.6,16.899999999999984,20.39999999999996,116.70000000000005,0.024186352,0,0.09,weight_1_3
2023-06-25,2023-06-26,27.6,Tidak lebat <50 mm,0,0.0,4.199999999999999,15.299999999999986,20.39999999999996,115.20000000000005,0.021537669,0,0.09,weight_1_3
2023-06-26,2023-06-27,0.1,Tidak lebat <50 mm,0,27.6,31.8,35.19999999999999,44.49999999999996,58.60000000000005,0.049935624,0,0.09,weight_1_3
2023-06-27,2023-06-28,0.0,Tidak lebat <50 mm,0,0.1,27.700000000000003,31.89999999999999,42.99999999999996,48.10000000000005,0.039916735,0,0.09,weight_1_3
2023-06-28,2023-06-29,0.0,Tidak lebat <50 mm,0,0.0,27.700000000000003,31.89999999999999,35.29999999999996,48.10000000000005,0.039115824,0,0.09,weight_1_3
2023-06-29,2023-06-30,0.8,Tidak lebat <50 mm,0,0.0,0.1,27.69999999999999,31.89999999999996,44.60000000000005,0.032279532,0,0.09,weight_1_3
2023-06-30,2023-07-01,0.0,Tidak lebat <50 mm,0,0.8,0.8,28.499999999999982,32.69999999999996,43.80000000000004,0.033926204,0,0.09,weight_1_3
2023-07-01,2023-07-02,0.0,Tidak lebat <50 mm,0,0.0,0.8,0.8999999999999858,28.49999999999996,36.10000000000005,0.022328433,0,0.09,weight_1_3
2023-07-02,2023-07-03,0.0,Tidak lebat <50 mm,0,0.0,0.8,0.7999999999999858,28.49999999999996,32.700000000000045,0.021615705,0,0.09,weight_1_3
2023-07-03,2023-07-04,0.0,Tidak lebat <50 mm,0,0.0,0.0,0.7999999999999858,0.8999999999999574,32.700000000000045,0.016037745,0,0.09,weight_1_3
2023-07-04,2023-07-05,0.0,Tidak lebat <50 mm,0,0.0,0.0,0.7999999999999858,0.7999999999999574,28.500000000000043,0.016162552,0,0.09,weight_1_3
2023-07-05,2023-07-06,0.0,Tidak lebat <50 mm,0,0.0,0.0,0.0,0.7999999999999574,28.500000000000043,0.015974667,0,0.09,weight_1_3
2023-07-06,2023-07-07,0.0,Tidak lebat <50 mm,0,0.0,0.0,0.0,0.7999999999999574,0.9000000000000427,0.008824932,0,0.09,weight_1_3
2023-07-07,2023-07-08,51.9,Lebat 50-100 mm,1,0.0,0.0,0.0,0.0,0.8000000000000427,0.008705176,0,0.09,weight_1_3
2023-07-08,2023-07-09,0.1,Tidak lebat <50 mm,0,51.9,51.9,51.899999999999984,51.89999999999996,52.70000000000004,0.06883981,0,0.09,weight_1_3
2023-07-09,2023-07-10,0.2,Tidak lebat <50 mm,0,0.1,52.0,51.99999999999999,51.99999999999996,52.80000000000004,0.022994613,0,0.09,weight_1_3
2023-07-10,2023-07-11,0.0,Tidak lebat <50 mm,0,0.2,52.2,52.19999999999998,52.19999999999995,52.20000000000004,0.02304346,0,0.09,weight_1_3
2023-07-11,2023-07-12,2.0,Tidak lebat <50 mm,0,0.0,0.3,52.19999999999998,52.19999999999995,52.20000000000004,0.020599715,0,0.09,weight_1_3
2023-07-12,2023-07-13,0.0,Tidak lebat <50 mm,0,2.0,2.2,54.19999999999998,54.19999999999995,54.20000000000004,0.024202058,0,0.09,weight_1_3
2023-07-13,2023-07-14,0.0,Tidak lebat <50 mm,0,0.0,2.0,2.2999999999999856,54.19999999999995,54.20000000000004,0.020098425,0,0.09,weight_1_3
2023-07-14,2023-07-15,11.9,Tidak lebat <50 mm,0,0.0,2.0,2.199999999999985,54.19999999999995,54.20000000000004,0.019964784,0,0.09,weight_1_3
2023-07-15,2023-07-16,0.0,Tidak lebat <50 mm,0,11.9,11.9,13.899999999999986,14.199999999999957,66.10000000000004,0.035074897,0,0.09,weight_1_3
2023-07-16,2023-07-17,0.0,Tidak lebat <50 mm,0,0.0,11.9,13.899999999999986,14.099999999999955,66.10000000000004,0.031138306,0,0.09,weight_1_3
2023-07-17,2023-07-18,0.9,Tidak lebat <50 mm,0,0.0,11.9,11.899999999999986,13.899999999999956,66.10000000000004,0.030310247,0,0.09,weight_1_3
2023-07-18,2023-07-19,0.0,Tidak lebat <50 mm,0,0.9,0.9,12.799999999999986,14.799999999999956,15.100000000000042,0.020732082,0,0.09,weight_1_3
2023-07-19,2023-07-20,0.0,Tidak lebat <50 mm,0,0.0,0.9,12.799999999999986,12.799999999999956,15.000000000000044,0.020087918,0,0.09,weight_1_3
2023-07-20,2023-07-21,0.0,Tidak lebat <50 mm,0,0.0,0.9,0.8999999999999858,12.799999999999956,14.800000000000042,0.017252274,0,0.09,weight_1_3
2023-07-21,2023-07-22,0.0,Tidak lebat <50 mm,0,0.0,0.0,0.8999999999999858,12.799999999999956,14.800000000000042,0.017060079,0,0.09,weight_1_3
2023-07-22,2023-07-23,0.0,Tidak lebat <50 mm,0,0.0,0.0,0.8999999999999858,0.8999999999999556,12.800000000000042,0.014652457,0,0.09,weight_1_3
2023-07-23,2023-07-24,0.0,Tidak lebat <50 mm,0,0.0,0.0,0.0,0.8999999999999556,12.800000000000042,0.014458353,0,0.09,weight_1_3
2023-07-24,2023-07-25,12.0,Tidak lebat <50 mm,0,0.0,0.0,0.0,0.8999999999999556,12.800000000000042,0.014458353,0,0.09,weight_1_3
2023-07-25,2023-07-26,10.0,Tidak lebat <50 mm,0,12.0,12.0,11.999999999999986,11.999999999999956,12.90000000000004,0.023822129,0,0.09,weight_1_3
2023-07-26,2023-07-27,0.0,Tidak lebat <50 mm,0,10.0,22.0,21.999999999999982,21.99999999999996,22.90000000000004,0.03278076,0,0.09,weight_1_3
2023-07-27,2023-07-28,0.0,Tidak lebat <50 mm,0,0.0,22.0,21.999999999999982,21.99999999999996,22.90000000000004,0.029561786,0,0.09,weight_1_3
2023-07-28,2023-07-29,0.0,Tidak lebat <50 mm,0,0.0,10.0,21.999999999999982,21.99999999999996,22.000000000000043,0.027618187,0,0.09,weight_1_3
2023-07-29,2023-07-30,0.0,Tidak lebat <50 mm,0,0.0,0.0,21.999999999999982,21.99999999999996,22.000000000000043,0.024873408,0,0.09,weight_1_3
2023-07-30,2023-07-31,0.0,Tidak lebat <50 mm,0,0.0,0.0,9.999999999999986,21.99999999999996,22.000000000000043,0.022018317,0,0.09,weight_1_3
2023-07-31,2023-08-01,0.0,Tidak lebat <50 mm,0,0.0,0.0,0.0,21.99999999999996,22.000000000000043,0.019217966,0,0.09,weight_1_3
2023-08-01,2023-08-02,0.0,Tidak lebat <50 mm,0,0.0,0.0,0.0,9.999999999999956,22.000000000000043,0.017433176,0,0.09,weight_1_3
2023-08-02,2023-08-03,0.0,Tidak lebat <50 mm,0,0.0,0.0,0.0,0.0,22.000000000000043,0.015437833,0,0.09,weight_1_3
2023-08-03,2023-08-04,0.0,Tidak lebat <50 mm,0,0.0,0.0,0.0,0.0,22.000000000000043,0.015437833,0,0.09,weight_1_3
2023-08-04,2023-08-05,0.0,Tidak lebat <50 mm,0,0.0,0.0,0.0,0.0,10.00000000000004,0.012744251,0,0.09,weight_1_3
2023-08-05,2023-08-06,0.0,Tidak lebat <50 mm,0,0.0,0.0,0.0,0.0,0.0,0.008412858,0,0.09,weight_1_3
2023-08-06,2023-08-07,0.0,Tidak lebat <50 mm,0,0.0,0.0,0.0,0.0,0.0,0.008412858,0,0.09,weight_1_3
2023-08-07,2023-08-08,0.0,Tidak lebat <50 mm,0,0.0,0.0,0.0,0.0,0.0,0.008412858,0,0.09,weight_1_3
2023-08-08,2023-08-09,0.0,Tidak lebat <50 mm,0,0.0,0.0,0.0,0.0,0.0,0.008412858,0,0.09,weight_1_3
2023-08-09,2023-08-10,0.0,Tidak lebat <50 mm,0,0.0,0.0,0.0,0.0,0.0,0.008412858,0,0.09,weight_1_3
2023-08-10,2023-08-11,0.0,Tidak lebat <50 mm,0,0.0,0.0,0.0,0.0,0.0,0.008412858,0,0.09,weight_1_3
2023-08-11,2023-08-12,0.0,Tidak lebat <50 mm,0,0.0,0.0,0.0,0.0,0.0,0.008412858,0,0.09,weight_1_3
2023-08-12,2023-08-13,0.0,Tidak lebat <50 mm,0,0.0,0.0,0.0,0.0,0.0,0.008412858,0,0.09,weight_1_3
2023-08-13,2023-08-14,0.0,Tidak lebat <50 mm,0,0.0,0.0,0.0,0.0,0.0,0.008412858,0,0.09,weight_1_3
2023-08-14,2023-08-15,0.0,Tidak lebat <50 mm,0,0.0,0.0,0.0,0.0,0.0,0.008412858,0,0.09,weight_1_3
2023-08-15,2023-08-16,0.0,Tidak lebat <50 mm,0,0.0,0.0,0.0,0.0,0.0,0.008412858,0,0.09,weight_1_3
2023-08-16,2023-08-17,0.0,Tidak lebat <50 mm,0,0.0,0.0,0.0,0.0,0.0,0.008412858,0,0.09,weight_1_3
2023-08-17,2023-08-18,0.0,Tidak lebat <50 mm,0,0.0,0.0,0.0,0.0,0.0,0.008412858,0,0.09,weight_1_3
2023-08-18,2023-08-19,0.0,Tidak lebat <50 mm,0,0.0,0.0,0.0,0.0,0.0,0.008412858,0,0.09,weight_1_3
2023-08-19,2023-08-20,0.0,Tidak lebat <50 mm,0,0.0,0.0,0.0,0.0,0.0,0.008412858,0,0.09,weight_1_3
2023-08-20,2023-08-21,0.0,Tidak lebat <50 mm,0,0.0,0.0,0.0,0.0,0.0,0.008412858,0,0.09,weight_1_3
2023-08-21,2023-08-22,0.0,Tidak lebat <50 mm,0,0.0,0.0,0.0,0.0,0.0,0.008412858,0,0.09,weight_1_3
2023-08-22,2023-08-23,0.0,Tidak lebat <50 mm,0,0.0,0.0,0.0,0.0,0.0,0.008412858,0,0.09,weight_1_3
2023-08-23,2023-08-24,0.0,Tidak lebat <50 mm,0,0.0,0.0,0.0,0.0,0.0,0.008412858,0,0.09,weight_1_3
2023-08-24,2023-08-25,0.0,Tidak lebat <50 mm,0,0.0,0.0,0.0,0.0,0.0,0.008412858,0,0.09,weight_1_3
2023-08-25,2023-08-26,0.0,Tidak lebat <50 mm,0,0.0,0.0,0.0,0.0,0.0,0.008412858,0,0.09,weight_1_3
2023-08-26,2023-08-27,0.0,Tidak lebat <50 mm,0,0.0,0.0,0.0,0.0,0.0,0.008412858,0,0.09,weight_1_3
2023-08-27,2023-08-28,0.0,Tidak lebat <50 mm,0,0.0,0.0,0.0,0.0,0.0,0.008412858,0,0.09,weight_1_3
2023-08-28,2023-08-29,0.0,Tidak lebat <50 mm,0,0.0,0.0,0.0,0.0,0.0,0.008412858,0,0.09,weight_1_3
2023-08-29,2023-08-30,0.0,Tidak lebat <50 mm,0,0.0,0.0,0.0,0.0,0.0,0.008412858,0,0.09,weight_1_3
2023-08-30,2023-08-31,0.0,Tidak lebat <50 mm,0,0.0,0.0,0.0,0.0,0.0,0.008412858,0,0.09,weight_1_3
2023-08-31,2023-09-01,0.0,Tidak lebat <50 mm,0,0.0,0.0,0.0,0.0,0.0,0.008412858,0,0.09,weight_1_3
2023-09-01,2023-09-02,0.0,Tidak lebat <50 mm,0,0.0,0.0,0.0,0.0,0.0,0.008412858,0,0.09,weight_1_3
2023-09-02,2023-09-03,0.0,Tidak lebat <50 mm,0,0.0,0.0,0.0,0.0,0.0,0.008412858,0,0.09,weight_1_3
2023-09-03,2023-09-04,0.0,Tidak lebat <50 mm,0,0.0,0.0,0.0,0.0,0.0,0.008412858,0,0.09,weight_1_3
2023-09-04,2023-09-05,0.0,Tidak lebat <50 mm,0,0.0,0.0,0.0,0.0,0.0,0.008412858,0,0.09,weight_1_3
2023-09-05,2023-09-06,0.0,Tidak lebat <50 mm,0,0.0,0.0,0.0,0.0,0.0,0.008412858,0,0.09,weight_1_3
2023-09-06,2023-09-07,0.0,Tidak lebat <50 mm,0,0.0,0.0,0.0,0.0,0.0,0.008412858,0,0.09,weight_1_3
2023-09-07,2023-09-08,0.0,Tidak lebat <50 mm,0,0.0,0.0,0.0,0.0,0.0,0.008412858,0,0.09,weight_1_3
2023-09-08,2023-09-09,0.0,Tidak lebat <50 mm,0,0.0,0.0,0.0,0.0,0.0,0.008412858,0,0.09,weight_1_3
2023-09-09,2023-09-10,0.0,Tidak lebat <50 mm,0,0.0,0.0,0.0,0.0,0.0,0.008412858,0,0.09,weight_1_3
2023-09-10,2023-09-11,0.0,Tidak lebat <50 mm,0,0.0,0.0,0.0,0.0,0.0,0.008412858,0,0.09,weight_1_3
2023-09-11,2023-09-12,0.0,Tidak lebat <50 mm,0,0.0,0.0,0.0,0.0,0.0,0.008412858,0,0.09,weight_1_3
2023-09-12,2023-09-13,0.0,Tidak lebat <50 mm,0,0.0,0.0,0.0,0.0,0.0,0.008412858,0,0.09,weight_1_3
2023-09-13,2023-09-14,0.0,Tidak lebat <50 mm,0,0.0,0.0,0.0,0.0,0.0,0.008412858,0,0.09,weight_1_3
2023-09-14,2023-09-15,0.0,Tidak lebat <50 mm,0,0.0,0.0,0.0,0.0,0.0,0.008412858,0,0.09,weight_1_3
2023-09-15,2023-09-16,0.0,Tidak lebat <50 mm,0,0.0,0.0,0.0,0.0,0.0,0.008412858,0,0.09,weight_1_3
2023-09-16,2023-09-17,0.0,Tidak lebat <50 mm,0,0.0,0.0,0.0,0.0,0.0,0.008412858,0,0.09,weight_1_3
2023-09-17,2023-09-18,0.0,Tidak lebat <50 mm,0,0.0,0.0,0.0,0.0,0.0,0.008412858,0,0.09,weight_1_3
2023-09-18,2023-09-19,0.0,Tidak lebat <50 mm,0,0.0,0.0,0.0,0.0,0.0,0.008412858,0,0.09,weight_1_3
2023-09-19,2023-09-20,0.0,Tidak lebat <50 mm,0,0.0,0.0,0.0,0.0,0.0,0.008412858,0,0.09,weight_1_3
2023-09-20,2023-09-21,0.0,Tidak lebat <50 mm,0,0.0,0.0,0.0,0.0,0.0,0.008412858,0,0.09,weight_1_3
2023-09-21,2023-09-22,0.0,Tidak lebat <50 mm,0,0.0,0.0,0.0,0.0,0.0,0.008412858,0,0.09,weight_1_3
2023-09-22,2023-09-23,0.0,Tidak lebat <50 mm,0,0.0,0.0,0.0,0.0,0.0,0.008412858,0,0.09,weight_1_3
2023-09-23,2023-09-24,0.5,Tidak lebat <50 mm,0,0.0,0.0,0.0,0.0,0.0,0.008412858,0,0.09,weight_1_3
2023-09-24,2023-09-25,0.0,Tidak lebat <50 mm,0,0.5,0.5,0.4999999999999858,0.4999999999999556,0.5000000000000409,0.008821366,0,0.09,weight_1_3
2023-09-25,2023-09-26,0.0,Tidak lebat <50 mm,0,0.0,0.5,0.4999999999999858,0.4999999999999556,0.5000000000000409,0.008763744,0,0.09,weight_1_3
2023-09-26,2023-09-27,0.0,Tidak lebat <50 mm,0,0.0,0.5,0.4999999999999858,0.4999999999999556,0.5000000000000409,0.008763744,0,0.09,weight_1_3
2023-09-27,2023-09-28,0.0,Tidak lebat <50 mm,0,0.0,0.0,0.4999999999999858,0.4999999999999556,0.5000000000000409,0.008708902,0,0.09,weight_1_3
2023-09-28,2023-09-29,0.0,Tidak lebat <50 mm,0,0.0,0.0,0.4999999999999858,0.4999999999999556,0.5000000000000409,0.008708902,0,0.09,weight_1_3
2023-09-29,2023-09-30,0.0,Tidak lebat <50 mm,0,0.0,0.0,0.0,0.4999999999999556,0.5000000000000409,0.008645175,0,0.09,weight_1_3
2023-09-30,2023-10-01,0.0,Tidak lebat <50 mm,0,0.0,0.0,0.0,0.4999999999999556,0.5000000000000409,0.008645175,0,0.09,weight_1_3
2023-10-01,2023-10-02,0.0,Tidak lebat <50 mm,0,0.0,0.0,0.0,0.0,0.5000000000000409,0.008594395,0,0.09,weight_1_3
2023-10-02,2023-10-03,0.0,Tidak lebat <50 mm,0,0.0,0.0,0.0,0.0,0.5000000000000409,0.008594395,0,0.09,weight_1_3
2023-10-03,2023-10-04,0.0,Tidak lebat <50 mm,0,0.0,0.0,0.0,0.0,0.5000000000000409,0.008594395,0,0.09,weight_1_3
2023-10-04,2023-10-05,0.0,Tidak lebat <50 mm,0,0.0,0.0,0.0,0.0,0.0,0.008412858,0,0.09,weight_1_3
2023-10-05,2023-10-06,0.0,Tidak lebat <50 mm,0,0.0,0.0,0.0,0.0,0.0,0.008412858,0,0.09,weight_1_3
2023-10-06,2023-10-07,0.0,Tidak lebat <50 mm,0,0.0,0.0,0.0,0.0,0.0,0.008412858,0,0.09,weight_1_3
2023-10-07,2023-10-08,0.0,Tidak lebat <50 mm,0,0.0,0.0,0.0,0.0,0.0,0.008412858,0,0.09,weight_1_3
2023-10-08,2023-10-09,0.0,Tidak lebat <50 mm,0,0.0,0.0,0.0,0.0,0.0,0.008412858,0,0.09,weight_1_3
2023-10-09,2023-10-10,0.0,Tidak lebat <50 mm,0,0.0,0.0,0.0,0.0,0.0,0.008412858,0,0.09,weight_1_3
2023-10-10,2023-10-11,0.0,Tidak lebat <50 mm,0,0.0,0.0,0.0,0.0,0.0,0.008412858,0,0.09,weight_1_3
2023-10-11,2023-10-12,0.0,Tidak lebat <50 mm,0,0.0,0.0,0.0,0.0,0.0,0.008412858,0,0.09,weight_1_3
2023-10-12,2023-10-13,0.0,Tidak lebat <50 mm,0,0.0,0.0,0.0,0.0,0.0,0.008412858,0,0.09,weight_1_3
2023-10-13,2023-10-14,0.0,Tidak lebat <50 mm,0,0.0,0.0,0.0,0.0,0.0,0.008412858,0,0.09,weight_1_3
2023-10-14,2023-10-15,0.0,Tidak lebat <50 mm,0,0.0,0.0,0.0,0.0,0.0,0.008412858,0,0.09,weight_1_3
2023-10-15,2023-10-16,0.0,Tidak lebat <50 mm,0,0.0,0.0,0.0,0.0,0.0,0.008412858,0,0.09,weight_1_3
2023-10-16,2023-10-17,0.0,Tidak lebat <50 mm,0,0.0,0.0,0.0,0.0,0.0,0.008412858,0,0.09,weight_1_3
2023-10-17,2023-10-18,0.0,Tidak lebat <50 mm,0,0.0,0.0,0.0,0.0,0.0,0.008412858,0,0.09,weight_1_3
2023-10-18,2023-10-19,0.0,Tidak lebat <50 mm,0,0.0,0.0,0.0,0.0,0.0,0.008412858,0,0.09,weight_1_3
2023-10-19,2023-10-20,0.0,Tidak lebat <50 mm,0,0.0,0.0,0.0,0.0,0.0,0.008412858,0,0.09,weight_1_3
2023-10-20,2023-10-21,0.0,Tidak lebat <50 mm,0,0.0,0.0,0.0,0.0,0.0,0.008412858,0,0.09,weight_1_3
2023-10-21,2023-10-22,0.0,Tidak lebat <50 mm,0,0.0,0.0,0.0,0.0,0.0,0.008412858,0,0.09,weight_1_3
2023-10-22,2023-10-23,0.0,Tidak lebat <50 mm,0,0.0,0.0,0.0,0.0,0.0,0.008412858,0,0.09,weight_1_3
2023-10-23,2023-10-24,0.0,Tidak lebat <50 mm,0,0.0,0.0,0.0,0.0,0.0,0.008412858,0,0.09,weight_1_3
2023-10-24,2023-10-25,0.0,Tidak lebat <50 mm,0,0.0,0.0,0.0,0.0,0.0,0.008412858,0,0.09,weight_1_3
2023-10-25,2023-10-26,0.0,Tidak lebat <50 mm,0,0.0,0.0,0.0,0.0,0.0,0.008412858,0,0.09,weight_1_3
2023-10-26,2023-10-27,0.0,Tidak lebat <50 mm,0,0.0,0.0,0.0,0.0,0.0,0.008412858,0,0.09,weight_1_3
2023-10-27,2023-10-28,0.0,Tidak lebat <50 mm,0,0.0,0.0,0.0,0.0,0.0,0.008412858,0,0.09,weight_1_3
2023-10-28,2023-10-29,0.0,Tidak lebat <50 mm,0,0.0,0.0,0.0,0.0,0.0,0.008412858,0,0.09,weight_1_3
2023-10-29,2023-10-30,0.0,Tidak lebat <50 mm,0,0.0,0.0,0.0,0.0,0.0,0.008412858,0,0.09,weight_1_3
2023-10-30,2023-10-31,0.0,Tidak lebat <50 mm,0,0.0,0.0,0.0,0.0,0.0,0.008412858,0,0.09,weight_1_3
2023-10-31,2023-11-01,0.5,Tidak lebat <50 mm,0,0.0,0.0,0.0,0.0,0.0,0.008412858,0,0.09,weight_1_3
2023-11-01,2023-11-02,0.0,Tidak lebat <50 mm,0,0.5,0.5,0.4999999999999858,0.4999999999999556,0.5000000000000409,0.008821366,0,0.09,weight_1_3
2023-11-02,2023-11-03,1.0,Tidak lebat <50 mm,0,0.0,0.5,0.4999999999999858,0.4999999999999556,0.5000000000000409,0.008763744,0,0.09,weight_1_3
2023-11-03,2023-11-04,0.0,Tidak lebat <50 mm,0,1.0,1.5,1.4999999999999858,1.4999999999999556,1.5000000000000409,0.009634958,0,0.09,weight_1_3
2023-11-04,2023-11-05,20.2,Tidak lebat <50 mm,0,0.0,1.0,1.4999999999999858,1.4999999999999556,1.5000000000000409,0.009450143,0,0.09,weight_1_3
2023-11-05,2023-11-06,2.8,Tidak lebat <50 mm,0,20.2,21.2,21.699999999999985,21.699999999999957,21.70000000000004,0.032690767,0,0.09,weight_1_3
2023-11-06,2023-11-07,0.3,Tidak lebat <50 mm,0,2.8,23.0,23.999999999999982,24.49999999999996,24.500000000000043,0.03154751,0,0.09,weight_1_3
2023-11-07,2023-11-08,0.0,Tidak lebat <50 mm,0,0.3,23.3,24.299999999999983,24.79999999999996,24.800000000000043,0.031319816,0,0.09,weight_1_3
2023-11-08,2023-11-09,0.0,Tidak lebat <50 mm,0,0.0,3.1,23.299999999999983,24.29999999999996,24.800000000000043,0.027438974,0,0.09,weight_1_3
2023-11-09,2023-11-10,0.0,Tidak lebat <50 mm,0,0.0,0.3,23.299999999999983,24.29999999999996,24.800000000000043,0.026408335,0,0.09,weight_1_3
2023-11-10,2023-11-11,0.0,Tidak lebat <50 mm,0,0.0,0.0,3.099999999999985,23.29999999999996,24.800000000000043,0.020923382,0,0.09,weight_1_3
2023-11-11,2023-11-12,2.5,Tidak lebat <50 mm,0,0.0,0.0,0.2999999999999858,23.29999999999996,24.300000000000043,0.01989706,0,0.09,weight_1_3
2023-11-12,2023-11-13,0.0,Tidak lebat <50 mm,0,2.5,2.5,2.499999999999986,5.599999999999957,26.80000000000004,0.019050274,0,0.09,weight_1_3
2023-11-13,2023-11-14,0.0,Tidak lebat <50 mm,0,0.0,2.5,2.499999999999986,2.799999999999957,25.80000000000004,0.0176609,0,0.09,weight_1_3
2023-11-14,2023-11-15,13.2,Tidak lebat <50 mm,0,0.0,2.5,2.499999999999986,2.4999999999999574,25.80000000000004,0.017585414,0,0.09,weight_1_3
2023-11-15,2023-11-16,13.5,Tidak lebat <50 mm,0,13.2,13.2,15.699999999999983,15.699999999999957,18.80000000000004,0.0278547,0,0.09,weight_1_3
2023-11-16,2023-11-17,0.0,Tidak lebat <50 mm,0,13.5,26.7,29.199999999999985,29.19999999999996,29.500000000000043,0.038082875,0,0.09,weight_1_3
2023-11-17,2023-11-18,0.0,Tidak lebat <50 mm,0,0.0,26.7,26.699999999999985,29.19999999999996,29.20000000000004,0.033390556,0,0.09,weight_1_3
2023-11-18,2023-11-19,0.0,Tidak lebat <50 mm,0,0.0,13.5,26.699999999999985,29.19999999999996,29.20000000000004,0.032857038,0,0.09,weight_1_3
2023-11-19,2023-11-20,0.8,Tidak lebat <50 mm,0,0.0,0.0,26.699999999999985,26.69999999999996,29.20000000000004,0.0276287,0,0.09,weight_1_3
2023-11-20,2023-11-21,0.0,Tidak lebat <50 mm,0,0.8,0.8,14.299999999999986,27.49999999999996,30.00000000000004,0.02625809,0,0.09,weight_1_3
2023-11-21,2023-11-22,0.5,Tidak lebat <50 mm,0,0.0,0.8,0.7999999999999858,27.49999999999996,30.00000000000004,0.0212678,0,0.09,weight_1_3
2023-11-22,2023-11-23,0.0,Tidak lebat <50 mm,0,0.5,1.3,1.2999999999999858,14.799999999999958,28.000000000000043,0.019866118,0,0.09,weight_1_3
2023-11-23,2023-11-24,0.0,Tidak lebat <50 mm,0,0.0,0.5,1.2999999999999858,1.2999999999999574,28.000000000000043,0.016769284,0,0.09,weight_1_3
2023-11-24,2023-11-25,7.2,Tidak lebat <50 mm,0,0.0,0.5,1.2999999999999858,1.2999999999999574,28.000000000000043,0.016769284,0,0.09,weight_1_3
2023-11-25,2023-11-26,63.6,Lebat 50-100 mm,1,7.2,7.2,7.699999999999986,8.499999999999957,22.000000000000043,0.022575531,0,0.09,weight_1_3
2023-11-26,2023-11-27,0.0,Tidak lebat <50 mm,0,63.6,70.8,71.29999999999998,72.09999999999997,72.10000000000005,0.093862,1,0.09,weight_1_3
2023-11-27,2023-11-28,0.0,Tidak lebat <50 mm,0,0.0,70.80000000000001,70.79999999999998,71.29999999999995,72.10000000000005,0.019708836,0,0.09,weight_1_3
2023-11-28,2023-11-29,8.5,Tidak lebat <50 mm,0,0.0,63.6,70.79999999999998,71.29999999999995,72.10000000000005,0.020967022,0,0.09,weight_1_3
2023-11-29,2023-11-30,3.6,Tidak lebat <50 mm,0,8.5,8.5,79.29999999999998,79.29999999999995,80.60000000000005,0.025058022,0,0.09,weight_1_3
2023-11-30,2023-12-01,9.6,Tidak lebat <50 mm,0,3.6,12.1,75.69999999999999,82.89999999999996,83.40000000000005,0.032434553,0,0.09,weight_1_3
2023-12-01,2023-12-02,18.9,Tidak lebat <50 mm,0,9.6,21.7,21.699999999999985,92.49999999999996,93.00000000000004,0.04007483,0,0.09,weight_1_3
2023-12-02,2023-12-03,7.0,Tidak lebat <50 mm,0,18.9,32.099999999999994,40.59999999999998,104.19999999999996,111.40000000000003,0.052762732,0,0.09,weight_1_3
2023-12-03,2023-12-04,3.3,Tidak lebat <50 mm,0,7.0,35.5,47.59999999999998,47.59999999999995,118.40000000000003,0.049282867,0,0.09,weight_1_3
2023-12-04,2023-12-05,0.0,Tidak lebat <50 mm,0,3.3,29.2,42.399999999999984,50.89999999999996,121.70000000000005,0.049174402,0,0.09,weight_1_3
2023-12-05,2023-12-06,0.0,Tidak lebat <50 mm,0,0.0,10.3,38.79999999999998,50.89999999999996,114.50000000000004,0.04420415,0,0.09,weight_1_3
2023-12-06,2023-12-07,0.7,Tidak lebat <50 mm,0,0.0,3.3,29.199999999999985,42.39999999999996,50.90000000000004,0.036838636,0,0.09,weight_1_3
2023-12-07,2023-12-08,0.0,Tidak lebat <50 mm,0,0.7,0.7,10.999999999999986,39.49999999999995,51.60000000000004,0.030948775,0,0.09,weight_1_3
2023-12-08,2023-12-09,0.0,Tidak lebat <50 mm,0,0.0,0.7,3.999999999999986,29.89999999999996,51.60000000000004,0.026839485,0,0.09,weight_1_3
2023-12-09,2023-12-10,0.0,Tidak lebat <50 mm,0,0.0,0.7,0.6999999999999857,10.999999999999956,43.10000000000004,0.020681163,0,0.09,weight_1_3
2023-12-10,2023-12-11,0.0,Tidak lebat <50 mm,0,0.0,0.0,0.6999999999999857,3.999999999999957,39.50000000000004,0.017913701,0,0.09,weight_1_3
2023-12-11,2023-12-12,0.0,Tidak lebat <50 mm,0,0.0,0.0,0.6999999999999857,0.6999999999999573,29.90000000000004,0.016006878,0,0.09,weight_1_3
2023-12-12,2023-12-13,0.0,Tidak lebat <50 mm,0,0.0,0.0,0.0,0.6999999999999573,11.000000000000044,0.013404497,0,0.09,weight_1_3
2023-12-13,2023-12-14,0.0,Tidak lebat <50 mm,0,0.0,0.0,0.0,0.6999999999999573,4.000000000000043,0.01004138,0,0.09,weight_1_3
2023-12-14,2023-12-15,0.0,Tidak lebat <50 mm,0,0.0,0.0,0.0,0.0,0.7000000000000426,0.00866809,0,0.09,weight_1_3
2023-12-15,2023-12-16,0.0,Tidak lebat <50 mm,0,0.0,0.0,0.0,0.0,0.7000000000000426,0.00866809,0,0.09,weight_1_3
2023-12-16,2023-12-17,0.0,Tidak lebat <50 mm,0,0.0,0.0,0.0,0.0,0.7000000000000426,0.00866809,0,0.09,weight_1_3
2023-12-17,2023-12-18,0.0,Tidak lebat <50 mm,0,0.0,0.0,0.0,0.0,0.0,0.008412858,0,0.09,weight_1_3
2023-12-18,2023-12-19,0.0,Tidak lebat <50 mm,0,0.0,0.0,0.0,0.0,0.0,0.008412858,0,0.09,weight_1_3
2023-12-19,2023-12-20,0.0,Tidak lebat <50 mm,0,0.0,0.0,0.0,0.0,0.0,0.008412858,0,0.09,weight_1_3
2023-12-20,2023-12-21,0.0,Tidak lebat <50 mm,0,0.0,0.0,0.0,0.0,0.0,0.008412858,0,0.09,weight_1_3
2023-12-21,2023-12-22,0.0,Tidak lebat <50 mm,0,0.0,0.0,0.0,0.0,0.0,0.008412858,0,0.09,weight_1_3
2023-12-22,2023-12-23,0.0,Tidak lebat <50 mm,0,0.0,0.0,0.0,0.0,0.0,0.008412858,0,0.09,weight_1_3
2023-12-23,2023-12-24,0.0,Tidak lebat <50 mm,0,0.0,0.0,0.0,0.0,0.0,0.008412858,0,0.09,weight_1_3
2023-12-24,2023-12-25,1.7,Tidak lebat <50 mm,0,0.0,0.0,0.0,0.0,0.0,0.008412858,0,0.09,weight_1_3
2023-12-25,2023-12-26,5.4,Tidak lebat <50 mm,0,1.7,1.7,1.6999999999999855,1.699999999999957,1.7000000000000426,0.009883667,0,0.09,weight_1_3
2023-12-26,2023-12-27,0.8,Tidak lebat <50 mm,0,5.4,7.1000000000000005,7.099999999999986,7.099999999999958,7.100000000000043,0.01575515,0,0.09,weight_1_3
2023-12-27,2023-12-28,12.9,Tidak lebat <50 mm,0,0.8,7.9,7.899999999999986,7.899999999999958,7.900000000000043,0.015578514,0,0.09,weight_1_3
2023-12-28,2023-12-29,0.0,Tidak lebat <50 mm,0,12.9,19.1,20.799999999999983,20.79999999999996,20.800000000000043,0.031875405,0,0.09,weight_1_3
2023-12-29,2023-12-30,17.5,Tidak lebat <50 mm,0,0.0,13.7,20.799999999999983,20.79999999999996,20.800000000000043,0.027568312,0,0.09,weight_1_3
2023-12-30,2023-12-31,0.0,Tidak lebat <50 mm,0,17.5,30.4,36.59999999999999,38.29999999999996,38.30000000000004,0.042954125,0,0.09,weight_1_3
2023-12-31,2024-01-01,39.5,Tidak lebat <50 mm,0,0.0,17.5,31.199999999999985,38.29999999999996,38.30000000000004,0.03728084,0,0.09,weight_1_3
2024-01-01,2024-01-02,0.0,Tidak lebat <50 mm,0,39.5,57.0,69.89999999999998,76.09999999999995,77.80000000000004,0.07008531,0,0.09,weight_1_3
2024-01-02,2024-01-03,0.0,Tidak lebat <50 mm,0,0.0,39.5,56.99999999999999,70.69999999999996,77.80000000000004,0.029977506,0,0.09,weight_1_3
2024-01-03,2024-01-04,4.8,Tidak lebat <50 mm,0,0.0,39.5,56.99999999999999,69.89999999999995,77.80000000000004,0.029977573,0,0.09,weight_1_3
2024-01-04,2024-01-05,35.7,Tidak lebat <50 mm,0,4.8,4.8,44.29999999999998,61.79999999999996,80.90000000000003,0.038709324,0,0.09,weight_1_3
2024-01-05,2024-01-06,0.5,Tidak lebat <50 mm,0,35.7,40.5,79.99999999999999,97.49999999999996,111.20000000000005,0.076077394,0,0.09,weight_1_3
2024-01-06,2024-01-07,0.0,Tidak lebat <50 mm,0,0.5,41.0,40.99999999999999,80.49999999999996,110.90000000000003,0.035890903,0,0.09,weight_1_3
2024-01-07,2024-01-08,35.8,Tidak lebat <50 mm,0,0.0,36.2,40.99999999999999,80.49999999999996,98.00000000000004,0.03470889,0,0.09,weight_1_3
2024-01-08,2024-01-09,0.0,Tidak lebat <50 mm,0,35.8,36.3,76.79999999999998,76.79999999999995,133.80000000000004,0.0811805,0,0.09,weight_1_3
2024-01-09,2024-01-10,0.0,Tidak lebat <50 mm,0,0.0,35.8,71.99999999999999,76.79999999999995,116.30000000000004,0.03785582,0,0.09,weight_1_3
2024-01-10,2024-01-11,11.2,Tidak lebat <50 mm,0,0.0,35.8,36.29999999999998,76.79999999999995,116.30000000000004,0.039269425,0,0.09,weight_1_3
2024-01-11,2024-01-12,8.3,Tidak lebat <50 mm,0,11.2,11.2,46.99999999999999,83.19999999999996,88.00000000000004,0.045193635,0,0.09,weight_1_3
2024-01-12,2024-01-13,0.5,Tidak lebat <50 mm,0,8.3,19.5,55.29999999999998,55.79999999999996,96.30000000000004,0.049015854,0,0.09,weight_1_3
2024-01-13,2024-01-14,0.0,Tidak lebat <50 mm,0,0.5,20.0,19.999999999999982,55.79999999999996,96.80000000000004,0.040816307,0,0.09,weight_1_3
2024-01-14,2024-01-15,6.4,Tidak lebat <50 mm,0,0.0,8.8,19.999999999999982,55.79999999999996,92.00000000000004,0.035314515,0,0.09,weight_1_3
2024-01-15,2024-01-16,60.7,Lebat 50-100 mm,1,6.4,6.9,26.399999999999984,26.39999999999996,62.70000000000004,0.03847588,0,0.09,weight_1_3
2024-01-16,2024-01-17,1.1,Tidak lebat <50 mm,0,60.7,67.10000000000001,75.89999999999999,87.09999999999997,122.90000000000003,0.116469674,1,0.09,weight_1_3
2024-01-17,2024-01-18,6.8,Tidak lebat <50 mm,0,1.1,68.2,68.69999999999999,88.19999999999996,124.00000000000004,0.030068504,0,0.09,weight_1_3
2024-01-18,2024-01-19,49.5,Tidak lebat <50 mm,0,6.8,68.60000000000001,75.0,83.79999999999995,95.00000000000004,0.04021602,0,0.09,weight_1_3
2024-01-19,2024-01-20,16.9,Tidak lebat <50 mm,0,49.5,57.4,124.5,124.99999999999996,144.50000000000006,0.13009532,1,0.09,weight_1_3
2024-01-20,2024-01-21,12.2,Tidak lebat <50 mm,0,16.9,73.19999999999999,135.0,141.39999999999995,161.40000000000003,0.107968435,1,0.09,weight_1_3
2024-01-21,2024-01-22,21.7,Tidak lebat <50 mm,0,12.2,78.6,86.49999999999999,153.59999999999997,162.40000000000006,0.0853985,0,0.09,weight_1_3
2024-01-22,2024-01-23,2.0,Tidak lebat <50 mm,0,21.7,50.8,107.1,168.89999999999995,175.80000000000004,0.09579724,1,0.09,weight_1_3
2024-01-23,2024-01-24,3.5,Tidak lebat <50 mm,0,2.0,35.9,102.29999999999998,110.19999999999996,177.30000000000004,0.065024756,0,0.09,weight_1_3
2024-01-24,2024-01-25,1.0,Tidak lebat <50 mm,0,3.5,27.2,56.29999999999998,112.59999999999997,180.80000000000004,0.058907565,0,0.09,weight_1_3
2024-01-25,2024-01-26,0.0,Tidak lebat <50 mm,0,1.0,6.5,40.399999999999984,106.79999999999995,175.40000000000003,0.047842354,0,0.09,weight_1_3
2024-01-26,2024-01-27,6.1,Tidak lebat <50 mm,0,0.0,4.5,28.199999999999985,57.29999999999996,114.70000000000005,0.038872685,0,0.09,weight_1_3
2024-01-27,2024-01-28,8.7,Tidak lebat <50 mm,0,6.1,7.1,12.599999999999984,46.49999999999996,119.70000000000005,0.037841976,0,0.09,weight_1_3
2024-01-28,2024-01-29,8.0,Tidak lebat <50 mm,0,8.7,14.8,19.299999999999983,42.99999999999995,121.60000000000004,0.046567217,0,0.09,weight_1_3
2024-01-29,2024-01-30,18.9,Tidak lebat <50 mm,0,8.0,22.8,23.799999999999983,29.299999999999955,80.10000000000004,0.04378969,0,0.09,weight_1_3
2024-01-30,2024-01-31,8.7,Tidak lebat <50 mm,0,18.9,35.599999999999994,41.69999999999998,46.19999999999995,82.10000000000004,0.046368886,0,0.09,weight_1_3
2024-01-31,2024-02-01,0.0,Tidak lebat <50 mm,0,8.7,35.599999999999994,50.39999999999998,51.39999999999995,78.60000000000004,0.041893624,0,0.09,weight_1_3
2024-02-01,2024-02-02,11.7,Tidak lebat <50 mm,0,0.0,27.6,44.29999999999998,50.39999999999995,56.900000000000034,0.039176233,0,0.09,weight_1_3
2024-02-02,2024-02-03,3.6,Tidak lebat <50 mm,0,11.7,20.4,47.29999999999998,62.09999999999995,66.60000000000004,0.04602293,0,0.09,weight_1_3
2024-02-03,2024-02-04,15.4,Tidak lebat <50 mm,0,3.6,15.3,42.899999999999984,59.59999999999995,66.70000000000003,0.041702993,0,0.09,weight_1_3
2024-02-04,2024-02-05,0.0,Tidak lebat <50 mm,0,15.4,30.7,39.399999999999984,66.29999999999995,81.10000000000004,0.04541793,0,0.09,weight_1_3
2024-02-05,2024-02-06,4.1,Tidak lebat <50 mm,0,0.0,19.0,30.699999999999985,58.29999999999996,81.10000000000004,0.038793996,0,0.09,weight_1_3
2024-02-06,2024-02-07,5.8,Tidak lebat <50 mm,0,4.1,19.5,34.79999999999998,43.49999999999996,79.10000000000004,0.04221194,0,0.09,weight_1_3
2024-02-07,2024-02-08,9.9,Tidak lebat <50 mm,0,5.8,9.9,28.899999999999984,40.59999999999995,76.20000000000005,0.041655853,0,0.09,weight_1_3
2024-02-08,2024-02-09,0.0,Tidak lebat <50 mm,0,9.9,19.8,35.19999999999999,50.49999999999996,78.10000000000004,0.044902824,0,0.09,weight_1_3
2024-02-09,2024-02-10,0.0,Tidak lebat <50 mm,0,0.0,15.7,19.799999999999983,38.79999999999996,59.200000000000045,0.037964847,0,0.09,weight_1_3
2024-02-10,2024-02-11,0.2,Tidak lebat <50 mm,0,0.0,9.900000000000002,19.799999999999983,35.19999999999996,50.50000000000004,0.03598815,0,0.09,weight_1_3
2024-02-11,2024-02-12,0.2,Tidak lebat <50 mm,0,0.2,0.2,15.899999999999986,19.99999999999996,50.70000000000004,0.028151982,0,0.09,weight_1_3
2024-02-12,2024-02-13,6.7,Tidak lebat <50 mm,0,0.2,0.4,10.299999999999988,20.19999999999996,39.200000000000045,0.02491099,0,0.09,weight_1_3
2024-02-13,2024-02-14,15.2,Tidak lebat <50 mm,0,6.7,7.1000000000000005,7.099999999999986,22.79999999999996,42.30000000000004,0.029263562,0,0.09,weight_1_3
2024-02-14,2024-02-15,0.0,Tidak lebat <50 mm,0,15.2,22.1,22.299999999999983,32.19999999999996,42.10000000000005,0.04140179,0,0.09,weight_1_3
2024-02-15,2024-02-16,45.2,Tidak lebat <50 mm,0,0.0,21.9,22.299999999999983,22.29999999999996,42.10000000000005,0.03397206,0,0.09,weight_1_3
2024-02-16,2024-02-17,8.7,Tidak lebat <50 mm,0,45.2,60.4,67.29999999999998,67.49999999999996,83.20000000000005,0.073141955,0,0.09,weight_1_3
2024-02-17,2024-02-18,1.1,Tidak lebat <50 mm,0,8.7,53.900000000000006,75.79999999999998,76.19999999999996,86.10000000000005,0.04420353,0,0.09,weight_1_3
2024-02-18,2024-02-19,0.0,Tidak lebat <50 mm,0,1.1,55.0,70.19999999999999,77.09999999999995,77.30000000000004,0.025931122,0,0.09,weight_1_3
2024-02-19,2024-02-20,1.1,Tidak lebat <50 mm,0,0.0,9.8,54.99999999999999,76.89999999999995,77.30000000000004,0.036136106,0,0.09,weight_1_3
2024-02-20,2024-02-21,0.0,Tidak lebat <50 mm,0,1.1,2.2,56.09999999999999,71.29999999999997,78.40000000000005,0.021989893,0,0.09,weight_1_3
2024-02-21,2024-02-22,0.0,Tidak lebat <50 mm,0,0.0,1.1,10.899999999999984,56.09999999999996,78.20000000000005,0.030753598,0,0.09,weight_1_3
2024-02-22,2024-02-23,0.0,Tidak lebat <50 mm,0,0.0,1.1,2.199999999999986,56.09999999999995,78.00000000000006,0.018226039,0,0.09,weight_1_3
2024-02-23,2024-02-24,0.0,Tidak lebat <50 mm,0,0.0,0.0,1.099999999999986,10.899999999999949,71.30000000000005,0.01971206,0,0.09,weight_1_3
2024-02-24,2024-02-25,6.2,Tidak lebat <50 mm,0,0.0,0.0,1.099999999999986,2.1999999999999504,56.10000000000005,0.015213477,0,0.09,weight_1_3
2024-02-25,2024-02-26,4.2,Tidak lebat <50 mm,0,6.2,6.2,6.199999999999986,7.299999999999951,62.30000000000005,0.02301371,0,0.09,weight_1_3
2024-02-26,2024-02-27,0.0,Tidak lebat <50 mm,0,4.2,10.4,10.399999999999986,11.49999999999995,21.300000000000043,0.024323875,0,0.09,weight_1_3
2024-02-27,2024-02-28,56.1,Lebat 50-100 mm,1,0.0,10.4,10.399999999999986,10.39999999999995,12.600000000000044,0.020073611,0,0.09,weight_1_3
2024-02-28,2024-02-29,1.9,Tidak lebat <50 mm,0,56.1,60.3,66.49999999999999,66.49999999999996,67.60000000000005,0.08162623,0,0.09,weight_1_3
2024-02-29,2024-03-01,0.4,Tidak lebat <50 mm,0,1.9,58.0,68.39999999999999,68.39999999999995,69.50000000000004,0.025858788,0,0.09,weight_1_3
2024-03-01,2024-03-02,0.0,Tidak lebat <50 mm,0,0.4,58.4,62.59999999999998,68.79999999999995,68.80000000000005,0.022693304,0,0.09,weight_1_3
2024-03-02,2024-03-03,36.7,Tidak lebat <50 mm,0,0.0,2.3,58.399999999999984,68.79999999999995,68.80000000000005,0.020488596,0,0.09,weight_1_3
2024-03-03,2024-03-04,7.9,Tidak lebat <50 mm,0,36.7,37.1,95.1,99.29999999999995,105.50000000000006,0.078213684,0,0.09,weight_1_3
2024-03-04,2024-03-05,1.2,Tidak lebat <50 mm,0,7.9,44.6,46.899999999999984,102.99999999999994,113.40000000000003,0.049193878,0,0.09,weight_1_3
2024-03-05,2024-03-06,1.0,Tidak lebat <50 mm,0,1.2,45.8,46.19999999999999,104.19999999999996,114.60000000000004,0.035789654,0,0.09,weight_1_3
2024-03-06,2024-03-07,1.0,Tidak lebat <50 mm,0,1.0,10.1,46.79999999999999,49.09999999999995,109.40000000000003,0.04518049,0,0.09,weight_1_3
2024-03-07,2024-03-08,1.3,Tidak lebat <50 mm,0,1.0,3.2,47.79999999999999,48.19999999999995,106.20000000000005,0.033331964,0,0.09,weight_1_3
2024-03-08,2024-03-09,0.5,Tidak lebat <50 mm,0,1.3,3.3,12.399999999999986,49.09999999999995,107.50000000000004,0.03335691,0,0.09,weight_1_3
2024-03-09,2024-03-10,28.4,Tidak lebat <50 mm,0,0.5,2.8,4.999999999999986,49.59999999999995,51.90000000000004,0.026532147,0,0.09,weight_1_3
2024-03-10,2024-03-11,1.3,Tidak lebat <50 mm,0,28.4,30.2,32.19999999999998,41.29999999999995,78.40000000000003,0.04862499,0,0.09,weight_1_3
2024-03-11,2024-03-12,1.6,Tidak lebat <50 mm,0,1.3,30.2,32.499999999999986,34.699999999999946,79.30000000000004,0.0412792,0,0.09,weight_1_3
2024-03-12,2024-03-13,16.2,Tidak lebat <50 mm,0,1.6,31.3,33.09999999999999,35.099999999999945,80.90000000000003,0.041420095,0,0.09,weight_1_3
2024-03-13,2024-03-14,1.9,Tidak lebat <50 mm,0,16.2,19.1,47.99999999999999,50.29999999999994,60.400000000000034,0.049507234,0,0.09,weight_1_3
2024-03-14,2024-03-15,15.6,Tidak lebat <50 mm,0,1.9,19.7,49.399999999999984,51.199999999999946,54.40000000000004,0.040933646,0,0.09,weight_1_3
2024-03-15,2024-03-16,7.3,Tidak lebat <50 mm,0,15.6,33.7,36.59999999999998,65.49999999999994,68.80000000000004,0.046208672,0,0.09,weight_1_3
2024-03-16,2024-03-17,43.4,Tidak lebat <50 mm,0,7.3,24.8,42.59999999999999,72.29999999999994,75.10000000000004,0.042586986,0,0.09,weight_1_3
2024-03-17,2024-03-18,2.2,Tidak lebat <50 mm,0,43.4,66.3,84.39999999999998,87.29999999999995,117.50000000000004,0.104002655,1,0.09,weight_1_3
2024-03-18,2024-03-19,12.4,Tidak lebat <50 mm,0,2.2,52.900000000000006,70.39999999999998,88.19999999999995,118.40000000000003,0.03686849,0,0.09,weight_1_3
2024-03-19,2024-03-20,0.0,Tidak lebat <50 mm,0,12.4,58.00000000000001,80.89999999999999,98.99999999999994,130.30000000000004,0.06895265,0,0.09,weight_1_3
2024-03-20,2024-03-21,0.0,Tidak lebat <50 mm,0,0.0,14.600000000000009,65.29999999999998,82.79999999999995,101.90000000000003,0.038059074,0,0.09,weight_1_3
2024-03-21,2024-03-22,42.5,Tidak lebat <50 mm,0,0.0,12.40000000000001,57.99999999999999,80.89999999999995,100.60000000000004,0.037883963,0,0.09,weight_1_3
2024-03-22,2024-03-23,0.0,Tidak lebat <50 mm,0,42.5,42.50000000000001,57.09999999999999,107.79999999999995,141.50000000000006,0.09345928,1,0.09,weight_1_3
2024-03-23,2024-03-24,0.0,Tidak lebat <50 mm,0,0.0,42.50000000000001,54.899999999999984,100.49999999999996,125.30000000000004,0.03689588,0,0.09,weight_1_3
2024-03-24,2024-03-25,41.7,Tidak lebat <50 mm,0,0.0,42.50000000000001,42.49999999999999,57.09999999999995,123.40000000000003,0.033188965,0,0.09,weight_1_3
2024-03-25,2024-03-26,0.8,Tidak lebat <50 mm,0,41.7,41.70000000000001,84.19999999999999,96.59999999999997,149.50000000000006,0.099296115,1,0.09,weight_1_3
2024-03-26,2024-03-27,23.5,Tidak lebat <50 mm,0,0.8,42.50000000000001,84.99999999999999,84.99999999999996,143.00000000000006,0.04227278,0,0.09,weight_1_3
2024-03-27,2024-03-28,1.5,Tidak lebat <50 mm,0,23.5,66.00000000000001,65.99999999999999,108.49999999999994,123.10000000000004,0.073478445,0,0.09,weight_1_3
2024-03-28,2024-03-29,20.2,Tidak lebat <50 mm,0,1.5,25.800000000000008,67.49999999999999,109.99999999999994,122.40000000000003,0.045024924,0,0.09,weight_1_3
2024-03-29,2024-03-30,0.0,Tidak lebat <50 mm,0,20.2,45.2,87.69999999999999,87.69999999999995,130.20000000000005,0.07479233,0,0.09,weight_1_3
2024-03-30,2024-03-31,0.0,Tidak lebat <50 mm,0,0.0,21.700000000000006,45.99999999999999,87.69999999999996,130.20000000000005,0.046233878,0,0.09,weight_1_3
2024-03-31,2024-04-01,18.0,Tidak lebat <50 mm,0,0.0,20.200000000000006,45.19999999999999,87.69999999999996,130.20000000000005,0.046224266,0,0.09,weight_1_3
2024-04-01,2024-04-02,0.0,Tidak lebat <50 mm,0,18.0,18.000000000000007,39.69999999999999,63.99999999999995,105.70000000000005,0.050886948,0,0.09,weight_1_3
2024-04-02,2024-04-03,0.0,Tidak lebat <50 mm,0,0.0,18.000000000000007,38.19999999999999,63.19999999999995,105.70000000000005,0.04180233,0,0.09,weight_1_3
2024-04-03,2024-04-04,11.3,Tidak lebat <50 mm,0,0.0,18.000000000000007,17.999999999999986,39.699999999999946,105.70000000000005,0.03873389,0,0.09,weight_1_3
2024-04-04,2024-04-05,0.0,Tidak lebat <50 mm,0,11.3,11.300000000000008,29.299999999999983,49.49999999999994,75.30000000000004,0.043135494,0,0.09,weight_1_3
2024-04-05,2024-04-06,0.0,Tidak lebat <50 mm,0,0.0,11.300000000000008,29.299999999999983,29.29999999999995,74.50000000000004,0.039279155,0,0.09,weight_1_3
2024-04-06,2024-04-07,0.0,Tidak lebat <50 mm,0,0.0,11.300000000000008,11.299999999999986,29.29999999999995,51.00000000000004,0.031919062,0,0.09,weight_1_3
2024-04-07,2024-04-08,0.8,Tidak lebat <50 mm,0,0.0,0.0,11.299999999999986,29.29999999999995,49.50000000000004,0.028520519,0,0.09,weight_1_3
2024-04-08,2024-04-09,0.0,Tidak lebat <50 mm,0,0.8,0.8000000000000071,12.099999999999987,12.099999999999952,30.100000000000044,0.022457369,0,0.09,weight_1_3
2024-04-09,2024-04-10,5.4,Tidak lebat <50 mm,0,0.0,0.8000000000000071,0.7999999999999858,12.099999999999952,30.100000000000044,0.019251114,0,0.09,weight_1_3
2024-04-10,2024-04-11,0.1,Tidak lebat <50 mm,0,5.4,6.200000000000007,6.199999999999986,17.49999999999995,35.50000000000004,0.025933448,0,0.09,weight_1_3
2024-04-11,2024-04-12,0.2,Tidak lebat <50 mm,0,0.1,5.500000000000007,6.299999999999986,6.29999999999995,17.600000000000044,0.018809555,0,0.09,weight_1_3
2024-04-12,2024-04-13,51.0,Lebat 50-100 mm,1,0.2,5.700000000000007,6.499999999999986,6.49999999999995,17.800000000000043,0.01899892,0,0.09,weight_1_3
2024-04-13,2024-04-14,0.6,Tidak lebat <50 mm,0,51.0,51.3,56.69999999999999,57.49999999999995,68.80000000000004,0.071367465,0,0.09,weight_1_3
2024-04-14,2024-04-15,0.0,Tidak lebat <50 mm,0,0.6,51.8,57.29999999999999,58.09999999999995,58.10000000000005,0.024341015,0,0.09,weight_1_3
2024-04-15,2024-04-16,0.0,Tidak lebat <50 mm,0,0.0,51.60000000000001,51.89999999999999,57.29999999999996,58.10000000000004,0.023165474,0,0.09,weight_1_3
2024-04-16,2024-04-17,6.5,Tidak lebat <50 mm,0,0.0,0.6000000000000071,51.79999999999999,57.29999999999996,58.10000000000004,0.02124999,0,0.09,weight_1_3
2024-04-17,2024-04-18,26.2,Tidak lebat <50 mm,0,6.5,6.500000000000007,58.09999999999999,58.39999999999995,64.60000000000004,0.03406931,0,0.09,weight_1_3
2024-04-18,2024-04-19,0.9,Tidak lebat <50 mm,0,26.2,32.7,33.29999999999998,84.49999999999994,90.00000000000003,0.049628787,0,0.09,weight_1_3
2024-04-19,2024-04-20,0.8,Tidak lebat <50 mm,0,0.9,33.60000000000001,33.59999999999998,85.19999999999995,90.90000000000003,0.03946401,0,0.09,weight_1_3
2024-04-20,2024-04-21,3.4,Tidak lebat <50 mm,0,0.8,27.90000000000001,34.399999999999984,34.99999999999995,86.30000000000003,0.04284935,0,0.09,weight_1_3
2024-04-21,2024-04-22,0.5,Tidak lebat <50 mm,0,3.4,5.100000000000007,37.79999999999998,37.79999999999995,89.60000000000004,0.04501855,0,0.09,weight_1_3
2024-04-22,2024-04-23,0.0,Tidak lebat <50 mm,0,0.5,4.700000000000006,31.799999999999983,38.29999999999995,89.90000000000003,0.040159445,0,0.09,weight_1_3
2024-04-23,2024-04-24,0.7,Tidak lebat <50 mm,0,0.0,3.900000000000007,5.599999999999985,38.29999999999995,38.900000000000034,0.028366048,0,0.09,weight_1_3
2024-04-24,2024-04-25,0.0,Tidak lebat <50 mm,0,0.7,1.200000000000007,5.399999999999985,32.49999999999994,39.00000000000003,0.026525648,0,0.09,weight_1_3
2024-04-25,2024-04-26,14.5,Tidak lebat <50 mm,0,0.0,0.7000000000000071,4.599999999999985,6.29999999999995,39.00000000000003,0.020398682,0,0.09,weight_1_3
2024-04-26,2024-04-27,17.5,Tidak lebat <50 mm,0,14.5,15.200000000000006,15.699999999999983,19.89999999999995,53.50000000000003,0.036496595,0,0.09,weight_1_3
2024-04-27,2024-04-28,5.3,Tidak lebat <50 mm,0,17.5,32.00000000000001,32.69999999999999,36.59999999999995,64.50000000000003,0.045255713,0,0.09,weight_1_3
2024-04-28,2024-04-29,0.0,Tidak lebat <50 mm,0,5.3,37.3,37.99999999999999,38.49999999999995,43.60000000000004,0.03953753,0,0.09,weight_1_3
2024-04-29,2024-04-30,0.0,Tidak lebat <50 mm,0,0.0,22.800000000000008,37.29999999999998,37.99999999999995,42.70000000000004,0.039116148,0,0.09,weight_1_3
2024-04-30,2024-05-01,0.6,Tidak lebat <50 mm,0,0.0,5.300000000000007,37.29999999999998,37.99999999999995,41.900000000000034,0.03770627,0,0.09,weight_1_3
2024-05-01,2024-05-02,40.5,Tidak lebat <50 mm,0,0.6,0.6000000000000071,23.399999999999984,37.89999999999995,39.10000000000004,0.032311276,0,0.09,weight_1_3
2024-05-02,2024-05-03,3.6,Tidak lebat <50 mm,0,40.5,41.10000000000001,46.399999999999984,78.39999999999995,79.10000000000004,0.063500784,0,0.09,weight_1_3
2024-05-03,2024-05-04,2.4,Tidak lebat <50 mm,0,3.6,44.70000000000001,44.69999999999999,67.49999999999994,82.70000000000003,0.03745135,0,0.09,weight_1_3
2024-05-04,2024-05-05,29.3,Tidak lebat <50 mm,0,2.4,46.50000000000001,47.09999999999999,52.39999999999995,84.40000000000003,0.031324312,0,0.09,weight_1_3
2024-05-05,2024-05-06,0.0,Tidak lebat <50 mm,0,29.3,35.30000000000001,76.39999999999999,76.39999999999995,113.70000000000005,0.069269516,0,0.09,weight_1_3
2024-05-06,2024-05-07,30.3,Tidak lebat <50 mm,0,0.0,31.700000000000006,75.79999999999998,76.39999999999995,99.20000000000005,0.034813818,0,0.09,weight_1_3
2024-05-07,2024-05-08,0.0,Tidak lebat <50 mm,0,30.3,59.60000000000001,65.6,106.69999999999996,112.00000000000004,0.070507266,0,0.09,weight_1_3
2024-05-08,2024-05-09,0.0,Tidak lebat <50 mm,0,0.0,30.300000000000008,61.99999999999999,106.09999999999994,106.70000000000005,0.03703613,0,0.09,weight_1_3
2024-05-09,2024-05-10,0.0,Tidak lebat <50 mm,0,0.0,30.300000000000008,59.59999999999999,65.59999999999994,106.70000000000005,0.038788803,0,0.09,weight_1_3
2024-05-10,2024-05-11,0.0,Tidak lebat <50 mm,0,0.0,0.0,30.299999999999983,61.99999999999995,106.70000000000005,0.0317,0,0.09,weight_1_3
2024-05-11,2024-05-12,53.1,Lebat 50-100 mm,1,0.0,0.0,30.299999999999983,59.59999999999995,106.10000000000004,0.031779736,0,0.09,weight_1_3
2024-05-12,2024-05-13,0.0,Tidak lebat <50 mm,0,53.1,53.10000000000001,53.09999999999999,83.39999999999995,118.70000000000005,0.08876729,0,0.09,weight_1_3
2024-05-13,2024-05-14,9.2,Tidak lebat <50 mm,0,0.0,53.10000000000001,53.09999999999999,83.39999999999995,115.10000000000004,0.0280818,0,0.09,weight_1_3
2024-05-14,2024-05-15,0.0,Tidak lebat <50 mm,0,9.2,62.30000000000001,62.29999999999998,62.29999999999996,121.90000000000003,0.051849097,0,0.09,weight_1_3
2024-05-15,2024-05-16,0.0,Tidak lebat <50 mm,0,0.0,9.200000000000006,62.29999999999998,62.29999999999996,92.60000000000004,0.03161255,0,0.09,weight_1_3
2024-05-16,2024-05-17,14.5,Tidak lebat <50 mm,0,0.0,9.200000000000006,62.29999999999998,62.29999999999996,92.60000000000004,0.03161255,0,0.09,weight_1_3
2024-05-17,2024-05-18,0.0,Tidak lebat <50 mm,0,14.5,14.500000000000009,23.699999999999985,76.79999999999995,76.80000000000004,0.04471781,0,0.09,weight_1_3
2024-05-18,2024-05-19,0.0,Tidak lebat <50 mm,0,0.0,14.500000000000009,23.699999999999985,76.79999999999995,76.80000000000004,0.039421342,0,0.09,weight_1_3
2024-05-19,2024-05-20,1.6,Tidak lebat <50 mm,0,0.0,14.500000000000009,14.499999999999986,23.69999999999995,76.80000000000004,0.03338349,0,0.09,weight_1_3
2024-05-20,2024-05-21,0.0,Tidak lebat <50 mm,0,1.6,1.6000000000000072,16.099999999999987,25.29999999999995,78.40000000000003,0.031779002,0,0.09,weight_1_3
2024-05-21,2024-05-22,0.0,Tidak lebat <50 mm,0,0.0,1.6000000000000072,16.099999999999987,16.09999999999995,78.40000000000003,0.02796644,0,0.09,weight_1_3
2024-05-22,2024-05-23,20.0,Tidak lebat <50 mm,0,0.0,1.6000000000000072,1.599999999999986,16.09999999999995,25.30000000000004,0.019778762,0,0.09,weight_1_3
2024-05-23,2024-05-24,65.1,Lebat 50-100 mm,1,20.0,20.000000000000007,21.599999999999987,36.09999999999995,45.30000000000004,0.04329239,0,0.09,weight_1_3
2024-05-24,2024-05-25,33.9,Tidak lebat <50 mm,0,65.1,85.1,86.69999999999999,86.69999999999995,101.20000000000005,0.117457174,1,0.09,weight_1_3
2024-05-25,2024-05-26,1.0,Tidak lebat <50 mm,0,33.9,119.0,119.0,120.59999999999994,135.10000000000002,0.13153334,1,0.09,weight_1_3
2024-05-26,2024-05-27,0.0,Tidak lebat <50 mm,0,1.0,100.0,120.0,121.59999999999994,136.10000000000002,0.03657196,0,0.09,weight_1_3
2024-05-27,2024-05-28,0.0,Tidak lebat <50 mm,0,0.0,34.9,120.0,119.99999999999994,121.60000000000002,0.04411622,0,0.09,weight_1_3
2024-05-28,2024-05-29,0.0,Tidak lebat <50 mm,0,0.0,1.0,100.0,119.99999999999994,121.60000000000002,0.0106789125,0,0.09,weight_1_3
2024-05-29,2024-05-30,0.0,Tidak lebat <50 mm,0,0.0,0.0,34.9,119.99999999999994,121.60000000000002,0.02733084,0,0.09,weight_1_3
2024-05-30,2024-05-31,0.0,Tidak lebat <50 mm,0,0.0,0.0,1.0,99.99999999999994,120.00000000000004,0.008410114,0,0.09,weight_1_3
2024-05-31,2024-06-01,0.0,Tidak lebat <50 mm,0,0.0,0.0,0.0,34.89999999999996,120.00000000000004,0.019627845,0,0.09,weight_1_3
2024-06-01,2024-06-02,0.0,Tidak lebat <50 mm,0,0.0,0.0,0.0,0.9999999999999574,120.00000000000004,0.0057488647,0,0.09,weight_1_3
2024-06-02,2024-06-03,0.4,Tidak lebat <50 mm,0,0.0,0.0,0.0,0.0,100.00000000000004,0.007164522,0,0.09,weight_1_3
2024-06-03,2024-06-04,13.5,Tidak lebat <50 mm,0,0.4,0.4,0.4,0.3999999999999574,35.30000000000004,0.015507091,0,0.09,weight_1_3
2024-06-04,2024-06-05,0.0,Tidak lebat <50 mm,0,13.5,13.9,13.9,13.899999999999958,14.900000000000045,0.025849538,0,0.09,weight_1_3
2024-06-05,2024-06-06,0.0,Tidak lebat <50 mm,0,0.0,13.9,13.9,13.899999999999958,13.900000000000045,0.022513263,0,0.09,weight_1_3
2024-06-06,2024-06-07,0.0,Tidak lebat <50 mm,0,0.0,13.5,13.9,13.899999999999958,13.900000000000045,0.02248453,0,0.09,weight_1_3
2024-06-07,2024-06-08,0.0,Tidak lebat <50 mm,0,0.0,0.0,13.9,13.899999999999958,13.900000000000045,0.019877652,0,0.09,weight_1_3
2024-06-08,2024-06-09,0.0,Tidak lebat <50 mm,0,0.0,0.0,13.5,13.899999999999958,13.900000000000045,0.019815134,0,0.09,weight_1_3
2024-06-09,2024-06-10,0.0,Tidak lebat <50 mm,0,0.0,0.0,0.0,13.899999999999958,13.900000000000045,0.01669673,0,0.09,weight_1_3
2024-06-10,2024-06-11,5.2,Tidak lebat <50 mm,0,0.0,0.0,0.0,13.499999999999956,13.900000000000045,0.016652668,0,0.09,weight_1_3
2024-06-11,2024-06-12,0.4,Tidak lebat <50 mm,0,5.2,5.2,5.2,5.1999999999999575,19.100000000000044,0.019740397,0,0.09,weight_1_3
2024-06-12,2024-06-13,0.0,Tidak lebat <50 mm,0,0.4,5.6000000000000005,5.6000000000000005,5.599999999999958,19.500000000000043,0.018821519,0,0.09,weight_1_3
2024-06-13,2024-06-14,0.0,Tidak lebat <50 mm,0,0.0,5.6000000000000005,5.6000000000000005,5.599999999999958,19.100000000000044,0.018615738,0,0.09,weight_1_3
2024-06-14,2024-06-15,40.6,Tidak lebat <50 mm,0,0.0,0.4,5.6000000000000005,5.599999999999958,5.600000000000043,0.012335961,0,0.09,weight_1_3
2024-06-15,2024-06-16,6.6,Tidak lebat <50 mm,0,40.6,40.6,46.2,46.19999999999996,46.200000000000045,0.059147917,0,0.09,weight_1_3
2024-06-16,2024-06-17,0.0,Tidak lebat <50 mm,0,6.6,47.2,47.6,52.79999999999996,52.80000000000005,0.03976605,0,0.09,weight_1_3
2024-06-17,2024-06-18,0.0,Tidak lebat <50 mm,0,0.0,47.2,47.2,52.79999999999996,52.80000000000005,0.025476037,0,0.09,weight_1_3
2024-06-18,2024-06-19,0.0,Tidak lebat <50 mm,0,0.0,6.6,47.2,47.59999999999996,52.80000000000005,0.037776127,0,0.09,weight_1_3
2024-06-19,2024-06-20,0.0,Tidak lebat <50 mm,0,0.0,0.0,47.2,47.19999999999996,52.80000000000005,0.022954829,0,0.09,weight_1_3
2024-06-20,2024-06-21,0.0,Tidak lebat <50 mm,0,0.0,0.0,6.6,47.19999999999996,52.80000000000005,0.02873898,0,0.09,weight_1_3
2024-06-21,2024-06-22,0.0,Tidak lebat <50 mm,0,0.0,0.0,0.0,47.19999999999996,47.60000000000005,0.018751482,0,0.09,weight_1_3
2024-06-22,2024-06-23,0.0,Tidak lebat <50 mm,0,0.0,0.0,0.0,6.599999999999957,47.200000000000045,0.019206898,0,0.09,weight_1_3
2024-06-23,2024-06-24,0.0,Tidak lebat <50 mm,0,0.0,0.0,0.0,0.0,47.200000000000045,0.014082609,0,0.09,weight_1_3
2024-06-24,2024-06-25,0.0,Tidak lebat <50 mm,0,0.0,0.0,0.0,0.0,47.200000000000045,0.014082609,0,0.09,weight_1_3
2024-06-25,2024-06-26,2.1,Tidak lebat <50 mm,0,0.0,0.0,0.0,0.0,6.600000000000042,0.011076265,0,0.09,weight_1_3
2024-06-26,2024-06-27,0.0,Tidak lebat <50 mm,0,2.1,2.1,2.1,2.099999999999957,2.1000000000000427,0.010265182,0,0.09,weight_1_3
2024-06-27,2024-06-28,2.0,Tidak lebat <50 mm,0,0.0,2.1,2.1,2.099999999999957,2.1000000000000427,0.009986959,0,0.09,weight_1_3
2024-06-28,2024-06-29,0.0,Tidak lebat <50 mm,0,2.0,4.1,4.1,4.099999999999957,4.100000000000042,0.01205131,0,0.09,weight_1_3
2024-06-29,2024-06-30,58.7,Lebat 50-100 mm,1,0.0,2.0,4.1,4.099999999999957,4.100000000000042,0.011448435,0,0.09,weight_1_3
2024-06-30,2024-07-01,0.0,Tidak lebat <50 mm,0,58.7,60.7,62.8,62.79999999999996,62.80000000000005,0.08138482,0,0.09,weight_1_3
2024-07-01,2024-07-02,0.0,Tidak lebat <50 mm,0,0.0,58.7,60.7,62.79999999999996,62.80000000000005,0.021300491,0,0.09,weight_1_3
2024-07-02,2024-07-03,0.0,Tidak lebat <50 mm,0,0.0,58.7,60.7,62.79999999999996,62.80000000000005,0.021300491,0,0.09,weight_1_3
2024-07-03,2024-07-04,6.8,Tidak lebat <50 mm,0,0.0,0.0,58.7,60.69999999999996,62.80000000000005,0.017146684,0,0.09,weight_1_3
2024-07-04,2024-07-05,6.4,Tidak lebat <50 mm,0,6.8,6.8,65.5,67.49999999999996,69.60000000000005,0.028987244,0,0.09,weight_1_3
2024-07-05,2024-07-06,4.0,Tidak lebat <50 mm,0,6.4,13.2,13.2,71.89999999999996,76.00000000000004,0.034378882,0,0.09,weight_1_3
2024-07-06,2024-07-07,36.6,Tidak lebat <50 mm,0,4.0,17.2,17.2,75.89999999999996,77.90000000000005,0.040107917,0,0.09,weight_1_3
2024-07-07,2024-07-08,1.0,Tidak lebat <50 mm,0,36.6,47.0,53.8,53.79999999999996,114.50000000000006,0.0684613,0,0.09,weight_1_3
2024-07-08,2024-07-09,2.8,Tidak lebat <50 mm,0,1.0,41.6,54.8,54.79999999999996,113.50000000000006,0.03617567,0,0.09,weight_1_3
2024-07-09,2024-07-10,1.6,Tidak lebat <50 mm,0,2.8,40.4,50.8,57.59999999999996,116.30000000000004,0.043783523,0,0.09,weight_1_3
2024-07-10,2024-07-11,0.0,Tidak lebat <50 mm,0,1.6,5.4,46.0,59.19999999999996,59.200000000000045,0.036702022,0,0.09,weight_1_3
2024-07-11,2024-07-12,0.0,Tidak lebat <50 mm,0,0.0,4.4,42.0,52.39999999999996,59.200000000000045,0.03653629,0,0.09,weight_1_3
2024-07-12,2024-07-13,0.0,Tidak lebat <50 mm,0,0.0,1.6,5.4,45.99999999999996,59.200000000000045,0.027872292,0,0.09,weight_1_3
2024-07-13,2024-07-14,0.0,Tidak lebat <50 mm,0,0.0,0.0,4.4,41.99999999999996,59.200000000000045,0.026526755,0,0.09,weight_1_3
2024-07-14,2024-07-15,0.0,Tidak lebat <50 mm,0,0.0,0.0,1.6,5.399999999999958,52.40000000000005,0.018572386,0,0.09,weight_1_3
2024-07-15,2024-07-16,0.0,Tidak lebat <50 mm,0,0.0,0.0,0.0,4.399999999999958,46.00000000000004,0.01759831,0,0.09,weight_1_3
2024-07-16,2024-07-17,0.0,Tidak lebat <50 mm,0,0.0,0.0,0.0,1.5999999999999577,42.00000000000004,0.015719505,0,0.09,weight_1_3
2024-07-17,2024-07-18,0.0,Tidak lebat <50 mm,0,0.0,0.0,0.0,0.0,5.400000000000043,0.0105406735,0,0.09,weight_1_3
2024-07-18,2024-07-19,0.0,Tidak lebat <50 mm,0,0.0,0.0,0.0,0.0,4.400000000000043,0.010113977,0,0.09,weight_1_3
2024-07-19,2024-07-20,0.0,Tidak lebat <50 mm,0,0.0,0.0,0.0,0.0,1.6000000000000427,0.009007564,0,0.09,weight_1_3
2024-07-20,2024-07-21,0.1,Tidak lebat <50 mm,0,0.0,0.0,0.0,0.0,0.0,0.008412858,0,0.09,weight_1_3
2024-07-21,2024-07-22,0.0,Tidak lebat <50 mm,0,0.1,0.1,0.1,0.0999999999999573,0.1000000000000426,0.008493045,0,0.09,weight_1_3
2024-07-22,2024-07-23,0.0,Tidak lebat <50 mm,0,0.0,0.1,0.1,0.0999999999999573,0.1000000000000426,0.008481901,0,0.09,weight_1_3
2024-07-23,2024-07-24,0.0,Tidak lebat <50 mm,0,0.0,0.1,0.1,0.0999999999999573,0.1000000000000426,0.008481901,0,0.09,weight_1_3
2024-07-24,2024-07-25,0.0,Tidak lebat <50 mm,0,0.0,0.0,0.1,0.0999999999999573,0.1000000000000426,0.008471253,0,0.09,weight_1_3
2024-07-25,2024-07-26,0.0,Tidak lebat <50 mm,0,0.0,0.0,0.1,0.0999999999999573,0.1000000000000426,0.008471253,0,0.09,weight_1_3
2024-07-26,2024-07-27,0.0,Tidak lebat <50 mm,0,0.0,0.0,0.0,0.0999999999999573,0.1000000000000426,0.008458818,0,0.09,weight_1_3
2024-07-27,2024-07-28,0.0,Tidak lebat <50 mm,0,0.0,0.0,0.0,0.0999999999999573,0.1000000000000426,0.008458818,0,0.09,weight_1_3
2024-07-28,2024-07-29,0.0,Tidak lebat <50 mm,0,0.0,0.0,0.0,0.0,0.1000000000000426,0.008448858,0,0.09,weight_1_3
2024-07-29,2024-07-30,0.0,Tidak lebat <50 mm,0,0.0,0.0,0.0,0.0,0.1000000000000426,0.008448858,0,0.09,weight_1_3
2024-07-30,2024-07-31,0.0,Tidak lebat <50 mm,0,0.0,0.0,0.0,0.0,0.1000000000000426,0.008448858,0,0.09,weight_1_3
2024-07-31,2024-08-01,0.0,Tidak lebat <50 mm,0,0.0,0.0,0.0,0.0,0.0,0.008412858,0,0.09,weight_1_3
2024-08-01,2024-08-02,0.0,Tidak lebat <50 mm,0,0.0,0.0,0.0,0.0,0.0,0.008412858,0,0.09,weight_1_3
2024-08-02,2024-08-03,0.0,Tidak lebat <50 mm,0,0.0,0.0,0.0,0.0,0.0,0.008412858,0,0.09,weight_1_3
2024-08-03,2024-08-04,1.0,Tidak lebat <50 mm,0,0.0,0.0,0.0,0.0,0.0,0.008412858,0,0.09,weight_1_3
2024-08-04,2024-08-05,3.9,Tidak lebat <50 mm,0,1.0,1.0,1.0,0.9999999999999574,1.0000000000000426,0.009249493,0,0.09,weight_1_3
2024-08-05,2024-08-06,0.0,Tidak lebat <50 mm,0,3.9,4.9,4.9,4.899999999999958,4.900000000000043,0.013115109,0,0.09,weight_1_3
2024-08-06,2024-08-07,0.0,Tidak lebat <50 mm,0,0.0,4.9,4.9,4.899999999999958,4.900000000000043,0.012329421,0,0.09,weight_1_3
2024-08-07,2024-08-08,0.0,Tidak lebat <50 mm,0,0.0,3.9,4.9,4.899999999999958,4.900000000000043,0.0122682415,0,0.09,weight_1_3
2024-08-08,2024-08-09,0.0,Tidak lebat <50 mm,0,0.0,0.0,4.9,4.899999999999958,4.900000000000043,0.011711601,0,0.09,weight_1_3
2024-08-09,2024-08-10,0.0,Tidak lebat <50 mm,0,0.0,0.0,3.9,4.899999999999958,4.900000000000043,0.011569133,0,0.09,weight_1_3
2024-08-10,2024-08-11,0.0,Tidak lebat <50 mm,0,0.0,0.0,0.0,4.899999999999958,4.900000000000043,0.010909244,0,0.09,weight_1_3
2024-08-11,2024-08-12,2.0,Tidak lebat <50 mm,0,0.0,0.0,0.0,3.899999999999957,4.900000000000043,0.010799584,0,0.09,weight_1_3
2024-08-12,2024-08-13,0.0,Tidak lebat <50 mm,0,2.0,2.0,2.0,1.9999999999999571,6.900000000000043,0.012481409,0,0.09,weight_1_3
2024-08-13,2024-08-14,0.0,Tidak lebat <50 mm,0,0.0,2.0,2.0,1.9999999999999571,6.900000000000043,0.012159724,0,0.09,weight_1_3
2024-08-14,2024-08-15,0.0,Tidak lebat <50 mm,0,0.0,2.0,2.0,1.9999999999999571,5.900000000000043,0.011668261,0,0.09,weight_1_3
2024-08-15,2024-08-16,0.0,Tidak lebat <50 mm,0,0.0,0.0,2.0,1.9999999999999571,2.000000000000042,0.009647848,0,0.09,weight_1_3
2024-08-16,2024-08-17,0.0,Tidak lebat <50 mm,0,0.0,0.0,2.0,1.9999999999999571,2.000000000000042,0.009647848,0,0.09,weight_1_3
2024-08-17,2024-08-18,0.0,Tidak lebat <50 mm,0,0.0,0.0,0.0,1.9999999999999571,2.000000000000042,0.009362071,0,0.09,weight_1_3
2024-08-18,2024-08-19,0.0,Tidak lebat <50 mm,0,0.0,0.0,0.0,1.9999999999999571,2.000000000000042,0.009362071,0,0.09,weight_1_3
2024-08-19,2024-08-20,0.0,Tidak lebat <50 mm,0,0.0,0.0,0.0,0.0,2.000000000000042,0.009158417,0,0.09,weight_1_3
2024-08-20,2024-08-21,0.0,Tidak lebat <50 mm,0,0.0,0.0,0.0,0.0,2.000000000000042,0.009158417,0,0.09,weight_1_3
2024-08-21,2024-08-22,0.0,Tidak lebat <50 mm,0,0.0,0.0,0.0,0.0,2.000000000000042,0.009158417,0,0.09,weight_1_3
2024-08-22,2024-08-23,0.0,Tidak lebat <50 mm,0,0.0,0.0,0.0,0.0,0.0,0.008412858,0,0.09,weight_1_3
2024-08-23,2024-08-24,0.0,Tidak lebat <50 mm,0,0.0,0.0,0.0,0.0,0.0,0.008412858,0,0.09,weight_1_3
2024-08-24,2024-08-25,0.0,Tidak lebat <50 mm,0,0.0,0.0,0.0,0.0,0.0,0.008412858,0,0.09,weight_1_3
2024-08-25,2024-08-26,0.0,Tidak lebat <50 mm,0,0.0,0.0,0.0,0.0,0.0,0.008412858,0,0.09,weight_1_3
2024-08-26,2024-08-27,0.0,Tidak lebat <50 mm,0,0.0,0.0,0.0,0.0,0.0,0.008412858,0,0.09,weight_1_3
2024-08-27,2024-08-28,0.0,Tidak lebat <50 mm,0,0.0,0.0,0.0,0.0,0.0,0.008412858,0,0.09,weight_1_3
2024-08-28,2024-08-29,0.0,Tidak lebat <50 mm,0,0.0,0.0,0.0,0.0,0.0,0.008412858,0,0.09,weight_1_3
2024-08-29,2024-08-30,0.0,Tidak lebat <50 mm,0,0.0,0.0,0.0,0.0,0.0,0.008412858,0,0.09,weight_1_3
2024-08-30,2024-08-31,0.0,Tidak lebat <50 mm,0,0.0,0.0,0.0,0.0,0.0,0.008412858,0,0.09,weight_1_3
2024-08-31,2024-09-01,0.0,Tidak lebat <50 mm,0,0.0,0.0,0.0,0.0,0.0,0.008412858,0,0.09,weight_1_3
2024-09-01,2024-09-02,0.0,Tidak lebat <50 mm,0,0.0,0.0,0.0,0.0,0.0,0.008412858,0,0.09,weight_1_3
2024-09-02,2024-09-03,0.0,Tidak lebat <50 mm,0,0.0,0.0,0.0,0.0,0.0,0.008412858,0,0.09,weight_1_3
2024-09-03,2024-09-04,0.0,Tidak lebat <50 mm,0,0.0,0.0,0.0,0.0,0.0,0.008412858,0,0.09,weight_1_3
2024-09-04,2024-09-05,0.0,Tidak lebat <50 mm,0,0.0,0.0,0.0,0.0,0.0,0.008412858,0,0.09,weight_1_3
2024-09-05,2024-09-06,0.0,Tidak lebat <50 mm,0,0.0,0.0,0.0,0.0,0.0,0.008412858,0,0.09,weight_1_3
2024-09-06,2024-09-07,0.0,Tidak lebat <50 mm,0,0.0,0.0,0.0,0.0,0.0,0.008412858,0,0.09,weight_1_3
2024-09-07,2024-09-08,0.0,Tidak lebat <50 mm,0,0.0,0.0,0.0,0.0,0.0,0.008412858,0,0.09,weight_1_3
2024-09-08,2024-09-09,0.0,Tidak lebat <50 mm,0,0.0,0.0,0.0,0.0,0.0,0.008412858,0,0.09,weight_1_3
2024-09-09,2024-09-10,0.0,Tidak lebat <50 mm,0,0.0,0.0,0.0,0.0,0.0,0.008412858,0,0.09,weight_1_3
2024-09-10,2024-09-11,0.0,Tidak lebat <50 mm,0,0.0,0.0,0.0,0.0,0.0,0.008412858,0,0.09,weight_1_3
2024-09-11,2024-09-12,0.0,Tidak lebat <50 mm,0,0.0,0.0,0.0,0.0,0.0,0.008412858,0,0.09,weight_1_3
2024-09-12,2024-09-13,29.7,Tidak lebat <50 mm,0,0.0,0.0,0.0,0.0,0.0,0.008412858,0,0.09,weight_1_3
2024-09-13,2024-09-14,2.7,Tidak lebat <50 mm,0,29.7,29.7,29.7,29.69999999999996,29.70000000000004,0.04132561,0,0.09,weight_1_3
2024-09-14,2024-09-15,0.0,Tidak lebat <50 mm,0,2.7,32.4,32.4,32.39999999999996,32.40000000000004,0.035510883,0,0.09,weight_1_3
2024-09-15,2024-09-16,0.0,Tidak lebat <50 mm,0,0.0,32.4,32.4,32.39999999999996,32.40000000000004,0.030998569,0,0.09,weight_1_3
2024-09-16,2024-09-17,0.0,Tidak lebat <50 mm,0,0.0,2.7,32.4,32.39999999999996,32.40000000000004,0.03302941,0,0.09,weight_1_3
2024-09-17,2024-09-18,0.0,Tidak lebat <50 mm,0,0.0,0.0,32.4,32.39999999999996,32.40000000000004,0.027934363,0,0.09,weight_1_3
2024-09-18,2024-09-19,0.0,Tidak lebat <50 mm,0,0.0,0.0,2.7,32.39999999999996,32.40000000000004,0.02305412,0,0.09,weight_1_3
2024-09-19,2024-09-20,0.0,Tidak lebat <50 mm,0,0.0,0.0,0.0,32.39999999999996,32.40000000000004,0.019951867,0,0.09,weight_1_3
2024-09-20,2024-09-21,0.0,Tidak lebat <50 mm,0,0.0,0.0,0.0,2.699999999999957,32.40000000000004,0.01711834,0,0.09,weight_1_3
2024-09-21,2024-09-22,0.0,Tidak lebat <50 mm,0,0.0,0.0,0.0,0.0,32.40000000000004,0.015145715,0,0.09,weight_1_3
2024-09-22,2024-09-23,0.0,Tidak lebat <50 mm,0,0.0,0.0,0.0,0.0,32.40000000000004,0.015145715,0,0.09,weight_1_3
2024-09-23,2024-09-24,0.0,Tidak lebat <50 mm,0,0.0,0.0,0.0,0.0,2.700000000000043,0.009427486,0,0.09,weight_1_3
2024-09-24,2024-09-25,2.1,Tidak lebat <50 mm,0,0.0,0.0,0.0,0.0,0.0,0.008412858,0,0.09,weight_1_3
2024-09-25,2024-09-26,5.5,Tidak lebat <50 mm,0,2.1,2.1,2.1,2.099999999999957,2.1000000000000427,0.010265182,0,0.09,weight_1_3
2024-09-26,2024-09-27,30.7,Tidak lebat <50 mm,0,5.5,7.6,7.6,7.599999999999957,7.600000000000042,0.016391143,0,0.09,weight_1_3
2024-09-27,2024-09-28,0.0,Tidak lebat <50 mm,0,30.7,38.3,38.3,38.29999999999996,38.30000000000004,0.046449054,0,0.09,weight_1_3
2024-09-28,2024-09-29,1.5,Tidak lebat <50 mm,0,0.0,36.2,38.3,38.29999999999996,38.30000000000004,0.030200688,0,0.09,weight_1_3
2024-09-29,2024-09-30,0.0,Tidak lebat <50 mm,0,1.5,32.2,39.8,39.79999999999996,39.80000000000004,0.03797784,0,0.09,weight_1_3
2024-09-30,2024-10-01,0.0,Tidak lebat <50 mm,0,0.0,1.5000000000000036,37.7,39.79999999999996,39.80000000000004,0.030924575,0,0.09,weight_1_3
2024-10-01,2024-10-02,0.0,Tidak lebat <50 mm,0,0.0,1.5000000000000036,32.2,39.79999999999996,39.80000000000004,0.033732757,0,0.09,weight_1_3
2024-10-02,2024-10-03,6.0,Tidak lebat <50 mm,0,0.0,0.0,1.5000000000000036,37.69999999999996,39.80000000000004,0.022510955,0,0.09,weight_1_3
2024-10-03,2024-10-04,1.0,Tidak lebat <50 mm,0,6.0,6.000000000000004,7.5000000000000036,38.19999999999996,45.80000000000004,0.03328512,0,0.09,weight_1_3
2024-10-04,2024-10-05,0.0,Tidak lebat <50 mm,0,1.0,7.000000000000004,7.000000000000004,8.499999999999961,46.80000000000004,0.02447593,0,0.09,weight_1_3
2024-10-05,2024-10-06,7.5,Tidak lebat <50 mm,0,0.0,7.000000000000004,7.000000000000004,8.499999999999961,44.700000000000045,0.023676507,0,0.09,weight_1_3
2024-10-06,2024-10-07,0.0,Tidak lebat <50 mm,0,7.5,8.500000000000004,14.500000000000004,14.49999999999996,46.700000000000045,0.03107593,0,0.09,weight_1_3
2024-10-07,2024-10-08,0.0,Tidak lebat <50 mm,0,0.0,7.5000000000000036,14.500000000000004,14.49999999999996,16.000000000000046,0.022516642,0,0.09,weight_1_3
2024-10-08,2024-10-09,0.0,Tidak lebat <50 mm,0,0.0,7.5000000000000036,8.500000000000004,14.49999999999996,16.000000000000046,0.021093948,0,0.09,weight_1_3
2024-10-09,2024-10-10,0.0,Tidak lebat <50 mm,0,0.0,0.0,7.5000000000000036,14.49999999999996,14.500000000000046,0.018865503,0,0.09,weight_1_3
2024-10-10,2024-10-11,0.0,Tidak lebat <50 mm,0,0.0,0.0,7.5000000000000036,8.499999999999961,14.500000000000046,0.017885713,0,0.09,weight_1_3
2024-10-11,2024-10-12,0.0,Tidak lebat <50 mm,0,0.0,0.0,0.0,7.499999999999961,14.500000000000046,0.01599332,0,0.09,weight_1_3
2024-10-12,2024-10-13,0.5,Tidak lebat <50 mm,0,0.0,0.0,0.0,7.499999999999961,14.500000000000046,0.01599332,0,0.09,weight_1_3
2024-10-13,2024-10-14,0.2,Tidak lebat <50 mm,0,0.5,0.5000000000000036,0.5000000000000036,0.4999999999999609,9.000000000000046,0.012561002,0,0.09,weight_1_3
2024-10-14,2024-10-15,0.0,Tidak lebat <50 mm,0,0.2,0.7000000000000035,0.7000000000000035,0.6999999999999609,8.200000000000045,0.012204211,0,0.09,weight_1_3
2024-10-15,2024-10-16,59.7,Lebat 50-100 mm,1,0.0,0.7000000000000035,0.7000000000000035,0.6999999999999609,8.200000000000045,0.012172326,0,0.09,weight_1_3
2024-10-16,2024-10-17,2.6,Tidak lebat <50 mm,0,59.7,59.900000000000006,60.400000000000006,60.39999999999996,60.40000000000005,0.08044328,0,0.09,weight_1_3
2024-10-17,2024-10-18,0.0,Tidak lebat <50 mm,0,2.6,62.3,63.00000000000001,62.999999999999964,63.00000000000005,0.025790684,0,0.09,weight_1_3
2024-10-18,2024-10-19,0.0,Tidak lebat <50 mm,0,0.0,62.3,62.50000000000001,62.999999999999964,63.00000000000005,0.020618415,0,0.09,weight_1_3
2024-10-19,2024-10-20,0.0,Tidak lebat <50 mm,0,0.0,2.6,62.3,62.999999999999964,63.00000000000005,0.01923747,0,0.09,weight_1_3
2024-10-20,2024-10-21,0.0,Tidak lebat <50 mm,0,0.0,0.0,62.3,62.499999999999964,63.00000000000005,0.01575351,0,0.09,weight_1_3
2024-10-21,2024-10-22,0.0,Tidak lebat <50 mm,0,0.0,0.0,2.6,62.29999999999996,63.00000000000005,0.016727582,0,0.09,weight_1_3
2024-10-22,2024-10-23,0.0,Tidak lebat <50 mm,0,0.0,0.0,0.0,62.29999999999996,63.00000000000005,0.014223361,0,0.09,weight_1_3
2024-10-23,2024-10-24,0.0,Tidak lebat <50 mm,0,0.0,0.0,0.0,2.599999999999957,62.50000000000005,0.014179469,0,0.09,weight_1_3
2024-10-24,2024-10-25,0.0,Tidak lebat <50 mm,0,0.0,0.0,0.0,0.0,62.30000000000005,0.012383043,0,0.09,weight_1_3
2024-10-25,2024-10-26,0.0,Tidak lebat <50 mm,0,0.0,0.0,0.0,0.0,62.30000000000005,0.012383043,0,0.09,weight_1_3
2024-10-26,2024-10-27,0.0,Tidak lebat <50 mm,0,0.0,0.0,0.0,0.0,2.6000000000000427,0.009388575,0,0.09,weight_1_3
2024-10-27,2024-10-28,0.0,Tidak lebat <50 mm,0,0.0,0.0,0.0,0.0,0.0,0.008412858,0,0.09,weight_1_3
2024-10-28,2024-10-29,20.6,Tidak lebat <50 mm,0,0.0,0.0,0.0,0.0,0.0,0.008412858,0,0.09,weight_1_3
2024-10-29,2024-10-30,0.0,Tidak lebat <50 mm,0,20.6,20.6,20.6,20.59999999999996,20.600000000000044,0.031850297,0,0.09,weight_1_3
2024-10-30,2024-10-31,0.0,Tidak lebat <50 mm,0,0.0,20.6,20.6,20.59999999999996,20.600000000000044,0.028240753,0,0.09,weight_1_3
2024-10-31,2024-11-01,0.0,Tidak lebat <50 mm,0,0.0,20.6,20.6,20.59999999999996,20.600000000000044,0.028240753,0,0.09,weight_1_3
2024-11-01,2024-11-02,0.4,Tidak lebat <50 mm,0,0.0,0.0,20.6,20.59999999999996,20.600000000000044,0.023989283,0,0.09,weight_1_3
2024-11-02,2024-11-03,9.3,Tidak lebat <50 mm,0,0.4,0.4,21.0,20.99999999999996,21.000000000000043,0.024532463,0,0.09,weight_1_3
2024-11-03,2024-11-04,12.4,Tidak lebat <50 mm,0,9.3,9.7,9.7,30.29999999999996,30.300000000000047,0.030563919,0,0.09,weight_1_3
2024-11-04,2024-11-05,1.7,Tidak lebat <50 mm,0,12.4,22.1,22.1,42.69999999999996,42.700000000000045,0.042311057,0,0.09,weight_1_3
2024-11-05,2024-11-06,2.1,Tidak lebat <50 mm,0,1.7,23.4,23.8,23.79999999999996,44.40000000000005,0.0357683,0,0.09,weight_1_3
2024-11-06,2024-11-07,0.0,Tidak lebat <50 mm,0,2.1,16.2,25.9,25.89999999999996,46.50000000000004,0.037674483,0,0.09,weight_1_3
2024-11-07,2024-11-08,0.0,Tidak lebat <50 mm,0,0.0,3.8,25.500000000000004,25.89999999999996,46.50000000000004,0.03300802,0,0.09,weight_1_3
2024-11-08,2024-11-09,0.0,Tidak lebat <50 mm,0,0.0,2.1,16.200000000000003,25.89999999999996,25.900000000000045,0.02587656,0,0.09,weight_1_3
2024-11-09,2024-11-10,0.0,Tidak lebat <50 mm,0,0.0,0.0,3.8,25.49999999999996,25.900000000000045,0.021683758,0,0.09,weight_1_3
2024-11-10,2024-11-11,0.0,Tidak lebat <50 mm,0,0.0,0.0,2.1,16.19999999999996,25.900000000000045,0.019632524,0,0.09,weight_1_3
2024-11-11,2024-11-12,34.7,Tidak lebat <50 mm,0,0.0,0.0,0.0,3.799999999999957,25.900000000000045,0.016674185,0,0.09,weight_1_3
2024-11-12,2024-11-13,0.0,Tidak lebat <50 mm,0,34.7,34.7,34.7,36.79999999999996,60.200000000000045,0.052983228,0,0.09,weight_1_3
2024-11-13,2024-11-14,6.8,Tidak lebat <50 mm,0,0.0,34.7,34.7,34.69999999999996,50.90000000000004,0.033313613,0,0.09,weight_1_3
2024-11-14,2024-11-15,0.0,Tidak lebat <50 mm,0,6.8,41.5,41.5,41.49999999999996,45.30000000000004,0.03970553,0,0.09,weight_1_3
2024-11-15,2024-11-16,0.0,Tidak lebat <50 mm,0,0.0,6.8,41.5,41.49999999999996,43.60000000000004,0.038262498,0,0.09,weight_1_3
2024-11-16,2024-11-17,0.0,Tidak lebat <50 mm,0,0.0,6.8,41.5,41.49999999999996,41.50000000000004,0.03781371,0,0.09,weight_1_3
2024-11-17,2024-11-18,0.0,Tidak lebat <50 mm,0,0.0,0.0,6.8,41.49999999999996,41.50000000000004,0.028463567,0,0.09,weight_1_3
2024-11-18,2024-11-19,0.0,Tidak lebat <50 mm,0,0.0,0.0,6.8,41.49999999999996,41.50000000000004,0.028463567,0,0.09,weight_1_3
2024-11-19,2024-11-20,36.3,Tidak lebat <50 mm,0,0.0,0.0,0.0,6.799999999999957,41.50000000000004,0.019258913,0,0.09,weight_1_3
2024-11-20,2024-11-21,5.7,Tidak lebat <50 mm,0,36.3,36.3,36.3,43.09999999999995,77.80000000000004,0.053879533,0,0.09,weight_1_3
2024-11-21,2024-11-22,0.0,Tidak lebat <50 mm,0,5.7,42.0,42.0,41.99999999999996,83.50000000000004,0.041062463,0,0.09,weight_1_3
2024-11-22,2024-11-23,0.0,Tidak lebat <50 mm,0,0.0,42.0,42.0,41.99999999999996,48.80000000000004,0.028407142,0,0.09,weight_1_3
2024-11-23,2024-11-24,0.2,Tidak lebat <50 mm,0,0.0,5.7,42.0,41.99999999999996,48.80000000000004,0.039139956,0,0.09,weight_1_3
2024-11-24,2024-11-25,0.0,Tidak lebat <50 mm,0,0.2,0.2,42.2,42.19999999999995,42.20000000000004,0.025395598,0,0.09,weight_1_3
2024-11-25,2024-11-26,0.0,Tidak lebat <50 mm,0,0.0,0.2,5.9,42.19999999999995,42.20000000000004,0.027820269,0,0.09,weight_1_3
2024-11-26,2024-11-27,10.3,Tidak lebat <50 mm,0,0.0,0.2,0.2,42.19999999999995,42.20000000000004,0.02012595,0,0.09,weight_1_3
2024-11-27,2024-11-28,46.7,Tidak lebat <50 mm,0,10.3,10.3,10.5,16.19999999999996,52.50000000000004,0.0318124,0,0.09,weight_1_3
2024-11-28,2024-11-29,1.3,Tidak lebat <50 mm,0,46.7,57.0,57.2,57.19999999999996,99.20000000000005,0.07269795,0,0.09,weight_1_3
2024-11-29,2024-11-30,0.8,Tidak lebat <50 mm,0,1.3,58.3,58.3,58.49999999999996,100.50000000000004,0.02561595,0,0.09,weight_1_3
2024-11-30,2024-12-01,0.0,Tidak lebat <50 mm,0,0.8,48.8,59.1,59.29999999999996,65.00000000000004,0.02642586,0,0.09,weight_1_3
2024-12-01,2024-12-02,0.0,Tidak lebat <50 mm,0,0.0,2.1,59.1,59.09999999999996,59.30000000000005,0.020069653,0,0.09,weight_1_3
2024-12-02,2024-12-03,18.9,Tidak lebat <50 mm,0,0.0,0.8,48.8,59.09999999999996,59.30000000000005,0.023091955,0,0.09,weight_1_3
2024-12-03,2024-12-04,49.0,Tidak lebat <50 mm,0,18.9,18.9,21.0,77.99999999999996,78.20000000000005,0.045782443,0,0.09,weight_1_3
2024-12-04,2024-12-05,24.7,Tidak lebat <50 mm,0,49.0,67.9,68.7,116.69999999999996,127.00000000000004,0.10125283,1,0.09,weight_1_3
2024-12-05,2024-12-06,9.6,Tidak lebat <50 mm,0,24.7,92.6,92.6,94.69999999999996,151.70000000000005,0.10127354,1,0.09,weight_1_3
2024-12-06,2024-12-07,1.5,Tidak lebat <50 mm,0,9.6,83.3,102.2,102.99999999999996,161.30000000000004,0.076473,0,0.09,weight_1_3
2024-12-07,2024-12-08,2.4,Tidak lebat <50 mm,0,1.5,35.8,103.7,103.69999999999996,152.50000000000006,0.05667134,0,0.09,weight_1_3
2024-12-08,2024-12-09,8.7,Tidak lebat <50 mm,0,2.4,13.5,87.2,106.09999999999997,108.20000000000005,0.032661714,0,0.09,weight_1_3
2024-12-09,2024-12-10,61.3,Lebat 50-100 mm,1,8.7,12.6,46.9,114.79999999999995,115.60000000000004,0.04585568,0,0.09,weight_1_3
2024-12-10,2024-12-11,1.2,Tidak lebat <50 mm,0,61.3,72.39999999999999,83.5,157.19999999999996,176.10000000000005,0.15018383,1,0.09,weight_1_3
2024-12-11,2024-12-12,2.5,Tidak lebat <50 mm,0,1.2,71.19999999999999,75.10000000000001,109.39999999999996,177.30000000000004,0.038933713,0,0.09,weight_1_3
2024-12-12,2024-12-13,0.0,Tidak lebat <50 mm,0,2.5,65.0,76.10000000000001,87.19999999999995,179.80000000000004,0.044251807,0,0.09,weight_1_3
2024-12-13,2024-12-14,0.0,Tidak lebat <50 mm,0,0.0,3.7,73.7,77.59999999999995,160.90000000000003,0.02365173,0,0.09,weight_1_3
2024-12-14,2024-12-15,1.1,Tidak lebat <50 mm,0,0.0,2.5,65.0,76.09999999999995,111.90000000000003,0.020814257,0,0.09,weight_1_3
2024-12-15,2024-12-16,0.8,Tidak lebat <50 mm,0,1.1,1.1,4.800000000000001,74.79999999999995,88.30000000000004,0.014730523,0,0.09,weight_1_3
2024-12-16,2024-12-17,22.5,Tidak lebat <50 mm,0,0.8,1.9,4.4,66.89999999999996,79.50000000000004,0.017197601,0,0.09,weight_1_3
2024-12-17,2024-12-18,0.0,Tidak lebat <50 mm,0,22.5,24.4,24.4,28.09999999999996,100.50000000000004,0.04712796,0,0.09,weight_1_3
2024-12-18,2024-12-19,11.5,Tidak lebat <50 mm,0,0.0,23.3,24.4,26.89999999999996,98.10000000000004,0.041287575,0,0.09,weight_1_3
2024-12-19,2024-12-20,23.2,Tidak lebat <50 mm,0,11.5,34.0,35.9,35.89999999999996,100.90000000000003,0.046614237,0,0.09,weight_1_3
2024-12-20,2024-12-21,2.4,Tidak lebat <50 mm,0,23.2,34.7,58.0,59.09999999999996,62.80000000000004,0.050062433,0,0.09,weight_1_3
2024-12-21,2024-12-22,0.0,Tidak lebat <50 mm,0,2.4,37.1,59.6,61.49999999999996,64.00000000000004,0.037958927,0,0.09,weight_1_3
2024-12-22,2024-12-23,1.8,Tidak lebat <50 mm,0,0.0,25.6,37.1,60.39999999999996,61.50000000000004,0.04064505,0,0.09,weight_1_3
2024-12-23,2024-12-24,35.3,Tidak lebat <50 mm,0,1.8,4.2,38.9,61.39999999999996,63.30000000000004,0.038259163,0,0.09,weight_1_3
2024-12-24,2024-12-25,1.9,Tidak lebat <50 mm,0,35.3,37.1,62.7,74.19999999999996,98.60000000000004,0.06492432,0,0.09,weight_1_3
2024-12-25,2024-12-26,3.8,Tidak lebat <50 mm,0,1.9,38.99999999999999,41.4,76.09999999999997,99.40000000000003,0.039077923,0,0.09,weight_1_3
2024-12-26,2024-12-27,0.4,Tidak lebat <50 mm,0,3.8,41.0,42.8,68.39999999999996,102.40000000000003,0.042327836,0,0.09,weight_1_3
2024-12-27,2024-12-28,0.0,Tidak lebat <50 mm,0,0.4,6.1,43.2,45.59999999999996,80.30000000000003,0.039197274,0,0.09,weight_1_3
2024-12-28,2024-12-29,0.0,Tidak lebat <50 mm,0,0.0,4.199999999999999,41.4,43.19999999999996,80.30000000000004,0.03678732,0,0.09,weight_1_3
2024-12-29,2024-12-30,31.5,Tidak lebat <50 mm,0,0.0,0.4,6.1,43.19999999999996,68.80000000000004,0.028085418,0,0.09,weight_1_3
2024-12-30,2024-12-31,16.8,Tidak lebat <50 mm,0,31.5,31.5,35.7,72.89999999999995,77.10000000000005,0.054599583,0,0.09,weight_1_3
